S1,S2
1.0,1.0
0.9791689181013835,1.0021062641475815
0.9963008805716209,1.0109038067997782
0.9913788341330744,0.9980590861079759
0.9934973178736847,1.0076305682505078
0.9768837883302793,0.9982669221531358
0.9638878550393922,0.9995117633925708
0.946327109923565,1.020382970494394
0.9312459508528111,1.0165220305032472
0.9361125761472742,1.015880312352753
0.9340251564307934,1.0275931253126829
0.9317275502744254,1.0224891597381698
0.9396796020461592,1.0236259747893
0.9478842807439872,1.0286850470605202
0.9357564146826242,1.0140951864413994
0.9521706809433481,0.9987820191920693
0.9484969960480982,0.9905279074008505
0.9261180687266103,0.9718183582321059
0.9214587132393959,0.9764807990560141
0.9366255850636803,0.9676657839826387
0.9244375181000625,0.9610434574783813
0.9350972073713829,0.9628288906361702
0.915495424577871,0.9503583929814567
0.9265555403489524,0.9404308001871781
0.9048445437816011,0.947517343266678
0.8977879208508498,0.9531381625962146
0.8857055452641102,0.9466678309301743
0.8882663315749174,0.9311109228252381
0.8931448445649199,0.9244346596608991
0.8768311845009845,0.9099682905566838
0.8615358103904405,0.9046860791756125
0.8926408184744767,0.924152050227172
0.8839107760397932,0.897677717311042
0.8861309669438311,0.9113518333327342
0.8746110583668147,0.9050918707224486
0.8595836201769573,0.908147837115957
0.871634318682955,0.9213254787070775
0.8614859652663545,0.9019141602578239
0.8494015127179924,0.8892617120260621
0.8465775148118607,0.8936394412899336
0.8443296649612756,0.8837750564840607
0.8459119557100448,0.9018872202439837
0.8463823007427732,0.8963721280457145
0.8385044755191217,0.8811924905842381
0.8499475168442191,0.8838122103244789
0.8419220400483032,0.8718495020778038
0.8388480115538329,0.8600997395666813
0.8529392911233057,0.8888337000160111
0.8593291037131132,0.8997915384707813
0.8719738430323251,0.9017893578979916
0.8706099811446785,0.906651540952271
0.8530000766195288,0.8934558240804581
0.8483608440713994,0.8923007193412342
0.8331919062965377,0.889168482169437
0.8267499178475157,0.8905740191412379
0.8370737790420724,0.8889526009680347
0.8361112815170973,0.883089725391038
0.8207568630886503,0.8744116179478487
0.8236440728504003,0.8868120747199846
0.8394706088624496,0.8946725452353321
0.8325831387547858,0.9006789159421464
0.8341312464053812,0.8971576937517368
0.8308919330299522,0.8930960783388088
0.8173094067851251,0.8875545485334821
0.8097289381904028,0.8932100948202133
0.7938661832118405,0.8778102883782309
0.8219316884812399,0.8928585516090936
0.8149472376225363,0.8931624623866201
0.8238626057699495,0.8897948753852153
0.8244357811854236,0.8921946263455065
0.8270033529754547,0.8985374941059885
0.8250454550282778,0.8927390226420571
0.7983384596914199,0.8876500471329751
0.8160306095924166,0.8969060081715143
0.846437942811442,0.8985475760688412
0.8326643334019842,0.8792564431162854
0.84458005037403,0.8612805121726391
0.8285688217889342,0.8567453809733856
0.856826890341508,0.8614418541549007
0.8649261790057698,0.8611092573945686
0.8692624551406136,0.8737519622525223
0.8397535394107322,0.856597258192688
0.8519548301341511,0.8644669391323708
0.8463823085814743,0.8672530542165191
0.8421699604151448,0.8685471610005897
0.8442808546322339,0.8600520903535389
0.8438284704267152,0.8609602134580876
0.8462302487973581,0.8601047656990394
0.8655734786205337,0.8584312099952942
0.8587776730869994,0.8647537167877414
0.8816308547734167,0.8766408253022968
0.889139197624272,0.8902400287040174
0.8792996744099234,0.8860993913641546
0.8736907701141438,0.8837823128639793
0.8784084859385307,0.8903926762400902
0.8857795201279756,0.8872205441815266
0.873874660139435,0.8818703980575335
0.8887514626200397,0.8861227436083715
0.9020222247584468,0.9028318572739044
0.8909780394523686,0.8812618891214343
0.8961353870524325,0.9001985686484343
0.886227847352649,0.8968455398571417
0.8828611832068505,0.8867165414170901
0.8922528459461805,0.8953258177812511
0.8844204165652076,0.8948497929735698
0.8992938403063194,0.9046196752039637
0.903243128527326,0.8936866178844695
0.8955491043239561,0.9039903396203955
0.8900629352040236,0.9046025673549161
0.8866525267478734,0.8906173473793327
0.8872370483767439,0.8898125881198632
0.8729555532830888,0.884024161814439
0.8538517891862143,0.8678387257308504
0.8406572796804921,0.8631661843653194
0.8571005450420632,0.8792614036017953
0.8749377897955226,0.8927905240346806
0.8681454996455692,0.9007394432083408
0.8785083687264271,0.9037750461095839
0.8702949905619745,0.9087147912950393
0.8789917093837892,0.9173585026242264
0.8878029725313451,0.9272930746618543
0.8801504997558081,0.9405724922583353
0.8798165254698235,0.9244093938963786
0.8844975994752633,0.9280484899517959
0.8569242881706318,0.912553381624626
0.8542335882835876,0.8821044740595413
0.8669248392611811,0.8906826314672899
0.8591288070155316,0.8951891414096379
0.8644322972316224,0.8919795616862068
0.8639903262567887,0.884217810459099
0.8654226383957656,0.8743830549519027
0.8691018642797864,0.8755128205044668
0.8818114495691455,0.8621488194469822
0.8969948463303451,0.8548374683917446
0.8895831002267046,0.8467732472795474
0.9147581465674581,0.8489006208836652
0.8830186030840803,0.8441448868981105
0.8974183419571043,0.8363591737922846
0.8949081355815127,0.8501833656691471
0.8813675444494005,0.8437421372587285
0.8810751665731176,0.8449399515189054
0.8663336992246634,0.8521672205427199
0.8535633791991313,0.8367442158287636
0.8761441519873981,0.8408047237994899
0.867454254661554,0.8345995277046462
0.8771085345283536,0.8321515945001671
0.8900545862447696,0.8340377600113182
0.8857173525531203,0.82453845104509
0.8883357226089386,0.8121815928427221
0.8882044089222187,0.8252754951067225
0.891014597780239,0.8261916571420855
0.8930774606272545,0.8247947210652871
0.9031203830037744,0.8132000559042951
0.915584952470701,0.8253233991139021
0.9361974209018687,0.8440037025201712
0.9433002027494307,0.8464353806414052
0.95690444422593,0.8548311111552094
0.953203272867734,0.857184633198863
0.9534765994648404,0.8702123324705128
0.9430824466409724,0.8809481455704085
0.9228533260975161,0.8870288424463818
0.937236994847721,0.8927161617995775
0.9286101905035015,0.8940115431304829
0.9217599051558686,0.8815180678195381
0.9049939330562418,0.8840351111209345
0.9051777914931425,0.8781217228518865
0.9100102330707749,0.8864479323882233
0.9090811389782028,0.8980160818927243
0.9288922719459093,0.8817225126030854
0.9356618514537862,0.8871543571023014
0.9240187396340896,0.8775181541537205
0.9169400224878396,0.8825652104706393
0.8996011142482735,0.8801315730106921
0.9095493372111619,0.8764351401945343
0.9213859301283684,0.8978541292081537
0.9475559267958751,0.9010501914789724
0.958920705611256,0.9021206176976457
0.9485548766867603,0.9053819109807831
0.957440327073209,0.928941555294385
0.9833968030360788,0.9315787474886958
0.9733036302337738,0.926597010933266
0.9662610730723019,0.9215834730793273
0.9558999060277854,0.941324157470243
0.9552349652531137,0.9474938926598171
0.9779159939216426,0.9637380819403176
0.9760454375179394,0.9702078733031084
0.9501916749632519,0.9793387628755178
0.9369538178531533,0.9925507723086556
0.926287767161263,0.9931945490671328
0.9237851677421681,0.9735288439213322
0.9441216986095221,0.9896077873748556
0.9436144001949234,0.9790392876610122
0.9558637991508651,0.9911401017320601
0.9538716750388043,1.0066638039944638
0.957163843494878,1.0047382584150095
0.950814983102736,0.9982894868065054
0.9559495479590592,1.0155360798395854
0.9558254553967991,1.0003031428493432
0.9473033205290593,1.009330851993036
0.953669699907085,0.9981113725323011
0.9565965806549234,0.9878234588153166
0.9453797439786141,0.9796546158057778
0.9490593361885581,0.9810704169737052
0.9554002830911924,0.9853515633966867
0.9738527088766659,0.9692934487337667
0.9721170327563106,0.9780140026911652
0.9478918214677639,0.978346709303702
0.9316765630354344,0.9718775730639787
0.9239219492467174,0.9651994258647462
0.9483318451263195,0.9472372391203547
0.9598855421229622,0.9555038873258613
0.9833882302718437,0.9689747631291864
0.9773768750405396,0.9906746633752421
0.9534075662526577,0.9988310309723882
0.9606412480080054,1.008475462248051
0.9367223407592907,1.0105938712800941
0.9487870285143714,1.0122629744005784
0.958094549649876,0.9994345163181227
0.9529651025699032,1.0043212152410332
0.9835901671435052,1.0270937021214732
0.9956077470255452,1.0331424353251173
1.0143071107035064,1.039165255106977
0.9973599850417711,1.0548396495941557
1.033730644053385,1.0346107249147611
1.038843980711302,1.029381076851285
1.0271653045290776,1.0385111354961643
1.0329465955993165,1.036274616051219
1.0309415620875146,1.033770116751138
1.0236179859282681,1.0486384037200691
1.0538859698415437,1.086002685168961
1.0556163662821887,1.0903512898560275
1.064580061917337,1.1103208530805766
1.0760481039646395,1.1040433018672198
1.091004666036656,1.1092563660594137
1.0861256584239491,1.1094796101032491
1.0917359193495446,1.114472708090739
1.100371009216976,1.1169056804841957
1.0831474968329655,1.0941247113099781
1.0797500476954742,1.1018684591623815
1.058189295577767,1.0957208027098106
1.0260008026848824,1.0957941611109938
1.0281207918191904,1.0904236994182401
1.0451543295433967,1.0848475846084242
1.0507071267133532,1.0941780617111807
1.0667199995416625,1.0985322246371667
1.06966066420426,1.1122007223981247
1.1047068328295178,1.1103496428657278
1.117665029889442,1.1161755929936084
1.1225096298203088,1.1040788729766242
1.1058503042556342,1.109908872004475
1.0935519327251408,1.1196108304175196
1.1060023432357187,1.1032011364883036
1.0902025982357069,1.097753655476363
1.081416717465582,1.0889727453312972
1.0955954698578614,1.0884051267059587
1.088915876810423,1.099163774950524
1.097983046402517,1.0975094946912967
1.1136827588062232,1.1207284788173888
1.1463416361244534,1.1232960411733919
1.14099763575265,1.14147917096254
1.1522671442636692,1.1514295888855668
1.1322576744508563,1.1375593359543745
1.1547587900648122,1.152307849400556
1.1252696941114684,1.1552305479752423
1.1205488849221121,1.1613077949181256
1.1097312979638898,1.1482933702592621
1.1040066938374025,1.1395979616759337
1.0887525032706367,1.1216848408192073
1.0862093730564215,1.1043581151020208
1.086802076527778,1.0968623979254781
1.0914448111774446,1.0943975797513623
1.0713211612900098,1.0857864200938792
1.057758602417183,1.0868142565375538
1.0494319611332323,1.0987655291330836
1.064250372414368,1.114306001759811
1.0935535522663187,1.1135903363715292
1.101191215814983,1.1316166032665878
1.0981678592569817,1.155837642474802
1.0867835837226616,1.1520467985787968
1.0776979905923671,1.155035026344829
1.0906298985606733,1.1514107656931445
1.0964089317213643,1.1520234090094885
1.1079944273725533,1.1464981167005786
1.085518961054256,1.1560791998802777
1.088593576005717,1.1683021068180928
1.0820329070835575,1.184093725264203
1.1048707245391738,1.20932367555649
1.1034206328909346,1.1909329970154017
1.085005705363612,1.184428209792329
1.0798572944643796,1.1862176501640154
1.077864494693056,1.175122291744916
1.0796375726366958,1.1972797951537486
1.1180176030666715,1.2025101200366697
1.146708107506253,1.2138808334086342
1.1629060922359105,1.216227503397141
1.1755906736295632,1.2496171739193895
1.1883162047177864,1.2460720299766312
1.1932623745243396,1.217375623659915
1.1906596522159623,1.214165334243528
1.2164591697095541,1.2022444835068327
1.204744288204383,1.2061300887744761
1.179720449009128,1.2015272685679754
1.2173305782171144,1.2131852285879554
1.2159435857454512,1.1948629180779988
1.2150138999920084,1.1839706331425681
1.214586428667057,1.1656469271792855
1.2247247101920316,1.1733977341808608
1.2137220968971028,1.1899026328256739
1.219983457611771,1.208282519982943
1.2283332472309112,1.2245349341437224
1.2257954390102217,1.2034053451258424
1.2582182569927634,1.2200164999087804
1.25771883130404,1.2351420729908518
1.2317682479360041,1.2278096770695857
1.2537226796104906,1.2433457605670588
1.2587979738078918,1.243201662145803
1.2551441880943413,1.2349596265570952
1.2491468480919719,1.2319831279168876
1.2551190168325432,1.2381118288424344
1.2797621639923384,1.2418336316741148
1.2586771090645956,1.225693604735497
1.2317345719601964,1.228272510635315
1.2179938877626966,1.2040725394498033
1.2048814898221174,1.1996373842988586
1.2169895606609773,1.2182247965756945
1.218949875945449,1.2345412371315705
1.2160119963851264,1.253685972707887
1.2450761841587112,1.2496079246220397
1.2304144111443722,1.252399505035717
1.19804861788042,1.273214371861648
1.2064164167435603,1.2751614318801687
1.205632874610449,1.2926499587994045
1.2103234839550605,1.3264475293330935
1.1855620673500868,1.3257553316712516
1.1922097293484908,1.328067556339193
1.1872464114575194,1.311634557738016
1.1774372529725492,1.3407407786340344
1.1688388405332246,1.3344428951714158
1.1495943609361077,1.3463923612496644
1.1411377918534737,1.3508754748315797
1.1350456554523056,1.335271018080533
1.1553258733711247,1.3504227027301456
1.184480936549266,1.369858881825221
1.1955739250363484,1.3568228838827545
1.2109730468881579,1.3812059144325148
1.2218559927402601,1.3749664179606387
1.2107653390150992,1.3817870615857957
1.20722999541182,1.3779680050090464
1.2118269890759694,1.3804553984642434
1.1897200079009846,1.375552166206981
1.1962203032556364,1.3484203950906342
1.1962584607084066,1.3487843445397136
1.2490926942157345,1.3585068971774008
1.2268407196401534,1.391253397841945
1.2368011868559332,1.3887462503550407
1.2405533363866204,1.391718674918483
1.255183743412978,1.4093999000891113
1.2534016330150184,1.413630358006177
1.2359031602281596,1.4126199625325926
1.250096329078891,1.4286069492110096
1.2508493024838219,1.4506497384406905
1.2636230185571244,1.4132267865686061
1.26954305600975,1.4348327325688106
1.2746686107853722,1.425655283384729
1.2825963193287462,1.4354203793182907
1.2758317955149443,1.3990630563613535
1.293107096455705,1.4120764306491296
1.2781189684818732,1.386630967152537
1.2987345744958405,1.392304183604963
1.3011513254906364,1.3885799356224355
1.2862931013544825,1.3819723951418503
1.2762816217914619,1.3751740668900496
1.2624136717530627,1.3702096187523836
1.293003571979815,1.3743937889186504
1.3076287744070143,1.366918353582382
1.3064862327579203,1.37020357301349
1.3137597058346613,1.3452487516372154
1.311355801552975,1.3628121165138283
1.3172388355703235,1.354283659817098
1.3146319895764411,1.3663733647447878
1.3331945987007212,1.3843114086607515
1.3525861660221663,1.383722908050618
1.3298808543771814,1.4032296863865035
1.3310187411740801,1.38153150029908
1.3364267573666944,1.375537070261905
1.3598631301202941,1.410933477835004
1.3651408053818919,1.3982702515462044
1.3637158762425838,1.4146259518988968
1.3782418602024964,1.3859749506264063
1.357378078767232,1.3846619555387671
1.338957896458039,1.3963484470918919
1.3387991391715681,1.3797013296847611
1.3543705597766842,1.3653476186774347
1.3382611473074002,1.3725259849920715
1.3286161124347822,1.397428226478427
1.320163395135848,1.4035135243742045
1.3187265638595425,1.413792573816751
1.3170924529111905,1.4177580568518011
1.3392040700047918,1.4602805715742613
1.32637158181853,1.45077336507583
1.3249198025179163,1.4324595631073305
1.2898047444173661,1.4106647188575563
1.2756965409747008,1.3733139842723672
1.2806927616711636,1.3948244631465114
1.275154072478799,1.4047302954509
1.2740342335479342,1.420282646816626
1.2614133171874593,1.4118016047812108
1.231912768751302,1.3863353150662259
1.2172124289010513,1.3880337564269276
1.2036262172792398,1.3948223650710947
1.218472887644735,1.4002015585023113
1.2510393706501584,1.4278123935984783
1.2701917372495821,1.4465167639897958
1.2751367729603575,1.4781161776218914
1.274976046366864,1.4740647032064338
1.2658511971872648,1.4847633334701769
1.2655657798300664,1.4710703491002828
1.263333082942841,1.4932043413982754
1.292196926470586,1.5132082404464609
1.3290921403104143,1.5386497219356774
1.3124861705969075,1.5295382763790168
1.3222342018056144,1.5611575055527778
1.3163238110174025,1.605085597836985
1.3301225725737744,1.6113474691522962
1.3239366219197262,1.598949194297805
1.3167671382854294,1.589534637726786
1.3148179592896088,1.5642922579479883
1.3000420549412346,1.539599223235007
1.2947090722055057,1.5690714568873776
1.303203559000126,1.558433588619725
1.3065769383267323,1.566184111482803
1.3104658415802357,1.5815293767829897
1.3024390871365656,1.5931171990427855
1.322989794633345,1.5911753372837745
1.3186872336666302,1.5983311085794427
1.310001399163061,1.6116205354970474
1.2942185550343237,1.5979335585910905
1.2925154895567892,1.612219271851265
1.3044777065330138,1.6449890824206717
1.3003297525365203,1.6399130652091862
1.2920932304068278,1.6621521405392665
1.295320798791971,1.6302131659171932
1.331445939080283,1.6094476996735552
1.3537410021367167,1.6340242054742324
1.338915762634327,1.6153082715341862
1.329878635191098,1.623099849084042
1.3780168906345251,1.6169909361440213
1.3451978981529968,1.6125414672392933
1.3485738732855013,1.6256789870208106
1.396288282197695,1.6471513297649918
1.4162857439553067,1.636944220163073
1.4236679699237593,1.6083660167088645
1.4176473777693162,1.6039175077066683
1.4174571105377451,1.6144523083094586
1.4333948524046645,1.6170735589795873
1.4245425663314806,1.6035943200254446
1.4422778050835812,1.5767962640135982
1.4308153762448308,1.5786335622775127
1.4699109217756174,1.586123984966146
1.4503572050071996,1.5769328988961215
1.4128330588704772,1.569723739507481
1.4121220835729236,1.5598422053486924
1.4372913097898306,1.5631305340831734
1.4725146489876402,1.5887606645592849
1.4801967891814964,1.5729752534486567
1.4581588916206873,1.5656059465952403
1.4240757429798172,1.5217174320319589
1.4095993795466932,1.5331136635558655
1.400257195583515,1.547834864154611
1.4022345433676329,1.5433973278348088
1.3574107436438336,1.5277925547001778
1.3654644166086263,1.5468300378161093
1.369964147080691,1.5568560904966577
1.3691398755017945,1.5830510796301644
1.3562266184661356,1.5571348638870237
1.3627902672034742,1.545476108800406
1.371577539251258,1.5579240572927824
1.361193400789502,1.5755546159632106
1.3391580376238188,1.5848063729247468
1.3172536197370215,1.5895839708350312
1.325015897757529,1.5831934582678124
1.3191235102866925,1.5759142128653487
1.3439838821844443,1.5860028012914205
1.376618391820966,1.5907162400307735
1.3361680647224605,1.5799482847009665
1.3617956481235611,1.5807979823310758
1.3827936714949816,1.599379996149787
1.368845182630631,1.5904407398265332
1.364203328537467,1.5823312542557482
1.3928480598686868,1.6175458001629432
1.4120659279025674,1.6111006753608443
1.3913200173670803,1.6035670774242914
1.398740654586998,1.6098456549758413
1.4001701246977445,1.621806257287883
1.396692875716211,1.6399797235729057
1.4212632344206806,1.6730733191054827
1.4337207156341492,1.7156466170688367
1.4442189960877103,1.7291239805125187
1.46180635062649,1.728952098852482
1.5094368132478153,1.7581176155925553
1.503700171570896,1.7670304565483637
1.4790635886016101,1.7555339126203309
1.4685629086767567,1.7621737127791028
1.4664733377426324,1.7775143533390532
1.482926012411599,1.774685646726125
1.486484609454628,1.7776477172660101
1.5205958443472627,1.801569961245662
1.5016551815724017,1.7872168404395619
1.4981396872241481,1.7931851368552154
1.5125994598767332,1.8120785339588847
1.5265264667258511,1.8028055677463584
1.510457993757919,1.8317039455949273
1.510765965321604,1.844720572868706
1.5000409511492672,1.8504852558268676
1.5142940574991959,1.8286649820021947
1.5283608624883456,1.8519630708418586
1.531924899786866,1.8519735959205939
1.5087710974692885,1.8125905432161327
1.5249522484660794,1.806736642428381
1.5065635155848673,1.8203499112261734
1.4513499365596487,1.8272082431880972
1.4537817136883937,1.806919577779401
1.4373293054630785,1.7566103956007324
1.4464907838381207,1.7788645129758436
1.420936693942467,1.782182984364086
1.4150649037883387,1.7827484384240153
1.4220067343932863,1.7650756235661302
1.433118231977055,1.7697908637725996
1.464975143982401,1.79173840613536
1.4960342349333322,1.8090991048767455
1.5557032403523254,1.8520409359023244
1.5575959181413888,1.8704522765782452
1.5436726970469903,1.911461772494917
1.561930566152885,1.882725967862493
1.5702429413942507,1.8757720892339727
1.5443432480275971,1.8645474745511206
1.5588719933527142,1.8607485435690376
1.5605616124009345,1.8546070840082576
1.546242840660345,1.8605424640886083
1.515466384958877,1.8843948063242524
1.5002079769467598,1.8726847199910412
1.5072575251405138,1.870632489822391
1.4741807469997197,1.8696947988747266
1.4570192406042701,1.8544606328781517
1.488434744519602,1.8500061092908475
1.5019930960191874,1.8683432661797692
1.4710295415338286,1.8456511360020358
1.4704989528871886,1.842104070918968
1.477648424894134,1.849572440332065
1.4877803920845265,1.8405771208082797
1.4781859299306104,1.820370635955875
1.471940017942015,1.8109577261045813
1.4998651350468604,1.8153774986072473
1.528006953179594,1.8209493740965599
1.4981523573452296,1.7980408645819899
1.4785507099477238,1.7834239556745695
1.4824901009795834,1.7483740587117733
1.5011886945346065,1.7731764578527123
1.538227677879605,1.8317596177836182
1.5500077731304904,1.816095147748367
1.540367198686881,1.8225970369303979
1.5487590942830936,1.828766024126345
1.5428638213105363,1.8465564289655998
1.5445638290685462,1.8266659682324606
1.5767930811511572,1.8647129463877774
1.5903348885806812,1.8678078303646066
1.6029536992418518,1.8651433510263369
1.6077917346920951,1.8914176232115771
1.6162062616327104,1.9055962829736979
1.6224018026890414,1.8831275157549547
1.6660822821222574,1.85040324648979
1.6893876316175858,1.8679863275843083
1.6965637171721317,1.8680670386261982
1.6593335191555718,1.8677948975384802
1.6954973210817155,1.9008561460251912
1.7054231232005665,1.9511755266553743
1.7022037926607148,1.9359343158499258
1.6914753925243295,1.9176807379217307
1.7036707963464137,1.915481690650156
1.7182551811751274,1.9351272037936105
1.7034782997216569,1.9040471096541316
1.715637747099457,1.9115713020923244
1.7225253279703345,1.9442501773483687
1.737402510490469,1.9084194692631666
1.7295247321739677,1.925944679169599
1.7177467283749508,1.9148053939676104
1.7519602718183536,1.924670788078022
1.7286533416515926,1.9397168015849964
1.7261407647470148,1.937210354079021
1.7242798300586566,1.8876938494699795
1.7312853910279857,1.883761271455641
1.710654342807866,1.8722801700395857
1.6900803519677117,1.8428813452078632
1.6693037175665277,1.805873376673756
1.673480283274449,1.7948596159919472
1.6608219707095973,1.7478279947964326
1.693569756650349,1.7620577060294187
1.7269423489958524,1.7572711633478633
1.7496853632039446,1.7483476621173617
1.7842010107759958,1.7752980840390038
1.751375704619333,1.774262450766635
1.751572441737764,1.76406645225179
1.7484954923555993,1.7467767502962717
1.7247029274216155,1.7753032702257645
1.7477913701767471,1.772232140846851
1.7674404426082058,1.7724031988232432
1.7834514595653737,1.7525831807490868
1.7869697551737098,1.7684023168650704
1.7635885497806139,1.7850519870677897
1.7565682253385302,1.8064672235725219
1.7760452653703587,1.835024772429972
1.7572694390604549,1.8598041128674807
1.7985056309677205,1.9186788431039086
1.7671551406793597,1.9312000637596067
1.747774967418635,1.9428657180650009
1.7521215643536003,1.9341663772654276
1.7681466161899642,1.91821287681091
1.7748970449153492,1.9083935925572852
1.7862022465032266,1.9190833119032662
1.7828003323105346,1.9307941581406152
1.7436220754442142,1.9317722156984425
1.7660807704353019,1.9291934024962418
1.7089620040519222,1.9252456815868144
1.7200324761730363,1.8993732134649655
1.7437292883843083,1.9097641860253876
1.7480020288266864,1.9074399635716734
1.7396078395538084,1.9311648769297753
1.7749862121636628,1.96781037181389
1.8055137002138706,1.9467823006101947
1.8384404166220776,1.9441378848801383
1.8396013348500446,1.9216741152952737
1.8491683055940362,1.9253680637220723
1.847260204645186,1.9778869688238787
1.878270037340339,1.9733084333554707
1.8885839206324333,1.9767047694174955
1.939202568473858,2.0247206466623755
1.8785007142611436,2.0188148411054017
1.8667499265010306,2.023526519614906
1.8877576689383726,2.0381717789282474
1.9031238619704518,1.991727440053432
1.9382187392478019,1.998258713380089
1.9323189838086836,1.9958078345904195
1.9449463601773842,1.991509951612459
1.9680497939902575,1.9882037940690735
1.9932482377237186,1.9560618983909868
1.9732238094820167,1.9425581190315444
1.960408327453468,1.9390787671426042
1.9165382387706507,1.9143717278224162
1.9526057106481514,1.9112740741912517
1.9099875980789485,1.93834767969565
1.861516965707172,1.915974249632501
1.8577600156559666,1.9367342988256486
1.9029037007401834,1.97291489834172
1.9298962765948577,1.9981186545486243
1.9711926936609918,2.059054667337075
1.9320943394274428,2.046910045220724
1.9350868527866285,2.0159042012626496
1.9113186330006122,1.9938483105599816
1.9134586888287493,1.976517711687936
1.9273346170797434,1.9734662891458838
1.9080210434412779,1.9581250324133566
1.924834070991018,2.0051216301457333
1.9387268007697918,2.0006477161437024
1.9709439509068851,2.0626194262312407
2.0380638306874292,2.10112331671135
2.0311100432579665,2.0674887539388798
2.004097484766943,2.050344174567522
1.991919481388426,2.0583248111011963
2.0081580801668903,2.081244447019148
1.9962443397538838,2.092304531444827
2.0461600058434737,2.103254239292891
2.0836468184440156,2.105527804299904
2.081619052029011,2.05706538068876
2.1061202175798335,2.0524973478128787
2.1005472578292825,2.068573610618002
2.1124853019106613,2.0227730321950825
2.0993695082511805,2.028668258884943
2.10867879575824,1.9825285161495831
2.1487157344108487,1.9801797240821546
2.1298071051713103,1.988248141789047
2.1720663654364007,2.029980977213507
2.1289956482536048,2.025089032717327
2.1169674056007763,2.0596443286721797
2.1321655461538493,2.087855043446498
2.142537380505851,2.082755106781201
2.1411287764706373,2.0818185813276675
2.171551302279346,2.043913264056805
2.175519358955696,2.04610632184011
2.1562863413043907,2.0554466502301745
2.1659849997157155,2.04031063470903
2.180131442646815,2.0335068602100006
2.1977019877616333,2.005286461319607
2.214477670746595,2.003789404828227
2.261373335992384,2.007154028527413
2.276965011468424,1.9974478902860398
2.262240056186802,1.9986882987768513
2.283944169627136,2.007836625034648
2.2371464833475057,2.004133972892794
2.283290447202786,2.008961821964831
2.269350322195391,1.9934471867801014
2.320258876066038,2.0364457743503763
2.36588586139536,2.029748887383936
2.3986713854987163,2.0641828098377135
2.4082985394923053,2.0827296903443
2.422166129205666,2.072425322817052
2.442738859063009,2.0370313199308283
2.4232903513264508,2.009935579093354
2.4541144798384504,2.0171355591295517
2.4211335574010797,2.040859713562291
2.4322599999540366,2.040741143591259
2.3988272457412467,2.0372805562317886
2.388506321490409,1.997256224418748
2.3511921508535467,1.9927891678354
2.3710689702818786,2.002508541836166
2.4197821917097553,2.0173970297822494
2.389368567901996,1.9892053934680787
2.425053656799998,2.0343986308775386
2.4280026720448276,2.055967842281691
2.446436329568464,2.089514739576407
2.448918264359769,2.0896610837691303
2.460368329414639,2.1200832900646143
2.491217760178316,2.109531093042689
2.473485614455473,2.0810174585501073
2.4909463086790606,2.114253622548558
2.514437974536545,2.1033939496475837
2.478621168296613,2.098432704741625
2.4256087689817103,2.0357040301315257
2.4446193275960253,2.027517057233194
2.463819141992425,2.04668398608706
2.4434822042881352,2.07450458958243
2.437237165716723,2.09768126359421
2.4699886443015155,2.1248500930583134
2.4868251827110393,2.130140471645528
2.5101923573662446,2.1597267137009317
2.529294419879427,2.1264213770186347
2.5424953413611453,2.122519155056603
2.564354762370597,2.112216857198168
2.6055873206390836,2.100111657485854
2.6240221479373655,2.10031998671891
2.6442467071536937,2.1183132264079094
2.6623120152907775,2.107916377390246
2.683898871234758,2.086369090699335
2.6967959290403596,2.124515463684133
2.7272491276689186,2.092673190872314
2.717692359005471,2.089145603098333
2.794933770495282,2.09962726176638
2.7605616163847633,2.130068145091381
2.678520210217831,2.082831692376869
2.6678265535644767,2.1309497007640723
2.7830994759536796,2.1685287995719427
2.729734107540238,2.1332871859171747
2.727943675780059,2.1378671661723416
2.729189547433542,2.132152867105212
2.7477842010942504,2.146097034517415
2.7160750674770275,2.099491680872716
2.7949565932739433,2.1092102893674007
2.8472046778421114,2.1488859508973666
2.861388311260975,2.1667484307551415
2.834684538161909,2.1504586354437074
2.87231740052631,2.1837614183871294
2.841136658075351,2.2035648263549397
2.8798689381625464,2.1573911211557775
2.8441503278384945,2.1492035493116686
2.812986434029315,2.1641648470940704
2.7528105485272945,2.1844789161137914
2.759529537842095,2.205713261877082
2.8034551946770288,2.2051868131712844
2.8283904146455114,2.2115967750105536
2.8429509155007047,2.218953914573963
2.9168146960227426,2.215887166500728
3.0209271304370713,2.2534400433633404
3.1029064498577563,2.2532766849149968
3.16109130106653,2.3010630505172944
3.246172063787427,2.307348826889584
3.2426139429573606,2.359447165189047
3.227630281083233,2.347471023745041
3.2474195818548104,2.326356223328192
3.2470438341931978,2.3244624495773483
3.303788733332287,2.328894166180483
3.2960774420329577,2.3258208285154995
3.293803348797815,2.3078008913847445
3.294690144621184,2.3187224386457066
3.3221951309363456,2.36875521536244
3.335398954622776,2.3810109011335294
3.411887559350527,2.366700106422085
3.482299953960575,2.3635143955919697
3.563611420664953,2.4500370467989194
3.5303145986340922,2.4516003962471515
3.602989431183566,2.499704715013343
3.5654705611327353,2.5662927066534196
3.580154534693306,2.5660516923432364
3.565835884586321,2.5392128686526525
3.598228594918416,2.5337996258335886
3.5568228059157856,2.520292836773801
3.623464872888175,2.522946957406446
3.603941179281145,2.5605724851388243
3.6521773436971086,2.5451876156866735
3.6995530706924273,2.561600761360978
3.6911058495097673,2.6077099737889293
3.5975326593849304,2.6188561032797333
3.6539522662253354,2.6424097006639533
3.6408296067371606,2.651387207361709
3.660189374670705,2.6012793300067125
3.6653083106400506,2.537394873916858
3.594623269941307,2.5557337224794656
3.517481213832149,2.521068891029354
3.48993120219937,2.496386074831161
3.4891797464692926,2.548012419613488
3.5216693440136333,2.5614260569311575
3.546465318671271,2.5725482521603054
3.6075381409000054,2.5682955060504447
3.5621264389838343,2.555100384662686
3.589995911385725,2.5947382794099525
3.5431684051619756,2.5774090310094318
3.5467465114324863,2.5772545633105395
3.5755055394770956,2.6230153640198126
3.5771773033128733,2.578690709436052
3.534890639932288,2.5791980541815684
3.5086668331913504,2.6025689930641134
3.5162938317509576,2.6264988080739866
3.574867146144152,2.637139654635545
3.562049656387675,2.6447853294262083
3.5328060653276205,2.6133427808727285
3.6373505540394517,2.6223433417371815
3.611514618446898,2.5893978158868234
3.6899525288006734,2.6528903985640433
3.681586047983964,2.6354433629124596
3.6747952316530994,2.675429248161033
3.691928449519409,2.7059400119687065
3.7088394050741855,2.6931066878383088
3.5991205614692854,2.648590241149082
3.538686487434498,2.6721529590528106
3.5804357936535145,2.6638949770643654
3.527391075370692,2.6140004053990054
3.4724392564021738,2.6472161411746282
3.433668549558359,2.659771798596734
3.4584793107669642,2.6911060016185724
3.398750183154498,2.691570497387668
3.40296724453524,2.6970848739010815
3.4453396073981484,2.658523353965735
3.4371439503125325,2.6607851349649554
3.4258680560573547,2.608761245260846
3.4140617787336076,2.6032389423857927
3.4475451737084173,2.6448162136268545
3.4919986344516345,2.6948561964836015
3.505269962862942,2.692824916544717
3.577709880798454,2.6795976266793384
3.6702080747452763,2.7147805750608294
3.735537987147782,2.743442749098392
3.74408201456948,2.694532618949165
3.74687475156499,2.689042491813591
3.759275205540028,2.736216816737722
3.7184384334553684,2.7059210398361007
3.641182965146371,2.691478823907068
3.5343143414643654,2.6938790498020637
3.485126985100089,2.6995963295696255
3.4867055770536863,2.7052120849619916
3.48088820000957,2.699476866596518
3.523231316003721,2.722848027641839
3.564919175997324,2.737488679673752
3.4691152045363585,2.740438323229699
3.4293069184169083,2.709718930138611
3.4011014209443515,2.7291286684724247
3.3621199123711,2.725803524234766
3.4461567643634905,2.75412578262965
3.4222258154033316,2.7675484873296328
3.403442622911828,2.784029518853299
3.3780726158698706,2.7589819660701873
3.34174824733134,2.769316926051826
3.362393506355393,2.778085358914406
3.370404268800756,2.7528638813411934
3.4384984001612895,2.725038307211649
3.390094152183167,2.6628053145368757
3.439773981916946,2.6664500908939535
3.4803135879051146,2.738699882327307
3.46147447067162,2.768990546830072
3.585180440481561,2.847104195056853
3.5175555176892406,2.8494042738618903
3.448382041295245,2.7986520075699466
3.427012747112978,2.839569880243708
3.4828493150382327,2.8489783535544793
3.4429992372488187,2.820349759010394
3.4776891615250043,2.846644742898364
3.498377078346746,2.8984372554886124
3.542564947865665,2.8632545075710643
3.498248800212818,2.8342157464413673
3.452764838057662,2.8108640892812935
3.435929687882903,2.827298010546418
3.4550066456965216,2.815754945600369
3.461467917371941,2.825931862924579
3.4785629248621435,2.854768928843726
3.4596025382802065,2.8188075894232463
3.452338423384659,2.851782021100452
3.503156470605222,2.8516958155197187
3.4730335637467102,2.822214507486798
3.4893738449464182,2.8433284506538254
3.5411114473337273,2.834839370918182
3.6488607006752747,2.860085172233338
3.6008664188101416,2.854403921030624
3.5598399719378286,2.7911831389434427
3.488794539814461,2.7856879463642814
3.4305990255029224,2.758736181692618
3.37617381910347,2.707288736249447
3.329182034106829,2.6980429093974503
3.2869632371823077,2.6938913149365047
3.224047150896235,2.722017049815023
3.170381874732439,2.720549987089552
3.2709045993092327,2.7738981715498583
3.3480210116650713,2.8273248087539224
3.279809770595134,2.7984173229314133
3.190636262549591,2.7976905577896876
3.1759379480097363,2.775767689523468
3.2552129301248645,2.7490937679513316
3.2199784132398954,2.7477080016981916
3.2842320131270344,2.7817764085105714
3.244386573099651,2.736754927538559
3.1865704880319146,2.670166771807326
3.1736539301722297,2.6225115419042275
3.2090171067742306,2.613465236623173
3.2418079544541563,2.6256388082496493
3.2394342215901664,2.607541266422936
3.157485300564666,2.5292347864731513
3.1895759653780686,2.5367545341861106
3.1764901151646385,2.5379655651456536
3.1387533580992875,2.540097939319369
3.1421742763721165,2.580506358128838
3.092741185191901,2.602533197982608
3.088852267781195,2.6185350038445496
3.0733511554441937,2.647595123272925
3.0029073739117234,2.6513733451075985
2.9804392733910325,2.666417523349484
2.98725809914912,2.655665883044829
3.028302593731199,2.6703808496630073
3.0191931394665743,2.629671255789342
3.041903297973453,2.640397929289308
3.0743790793325543,2.7022346405654787
3.063013430291813,2.7319348012691997
3.121791682586696,2.8161132045026007
3.096270795908474,2.737201199761226
3.136364867777481,2.6961611899531617
3.0992258608390792,2.6667853890627207
3.0410853352698886,2.626311508602653
3.0247422330659868,2.637498146029234
2.998405388879028,2.6287272210512818
3.0072093428069997,2.6562554431465606
3.009105510394671,2.631401061867428
2.9837097384425024,2.681389485852313
3.0492351369096697,2.7083581372527887
3.0649262218983235,2.73784612316634
3.1023174296732656,2.7183438218804086
3.0548115073618454,2.6762738081008646
3.012690678390599,2.6533031922575856
3.0539822776390277,2.6524772342664735
3.0978065869222933,2.620000116808804
3.117248444912438,2.626228643672658
3.122350025959005,2.6165479054608562
3.053899679911253,2.590666923431451
3.054787693147627,2.5527381040552637
3.020149315641008,2.5677071739062587
2.968797853948166,2.6236764599367803
2.9891612933469784,2.661441623581246
3.0454459637536364,2.653819955036173
3.023754837720048,2.627096812382496
3.0085163562366493,2.596582895025729
3.017437506542502,2.604892643345514
2.974412690442621,2.5884367322428554
3.001224558273363,2.5614175548921425
2.96568083654539,2.51093721773626
2.8990538324752,2.488570751272651
2.8803987715817625,2.465525860612192
2.857006571238437,2.42683917020482
2.9670586659098883,2.441014637712698
3.001310043669358,2.443012382407698
2.939495248490073,2.404653108449517
2.8632551865435736,2.3629118179957636
2.837685202670824,2.35352482956651
2.8347095563561764,2.3660902494132543
2.820004925245567,2.383001972483695
2.769643075274261,2.3957035634356836
2.768702478287239,2.3798161659719583
2.8011530717347144,2.3409085608112634
2.7418089228049185,2.34360217089214
2.679170595691957,2.3200095685222717
2.6755657586635895,2.289516127377574
2.661054003152866,2.3074653810242554
2.6101084154065544,2.3066304993356033
2.5885557917298314,2.345686450032999
2.6475474434813377,2.3383832565030898
2.640727198942187,2.3393301059387195
2.604323189580399,2.327478773473303
2.607582449759701,2.3375137277383033
2.548815314694878,2.3424405838534788
2.52833267278566,2.3772580662850684
2.5014609551432923,2.3860692484526096
2.4550983448974346,2.356286412248461
2.46078814776849,2.3673726396291106
2.4371749944015795,2.3096145277409934
2.4329678476131122,2.2882911871245333
2.4322323976706177,2.3055918132746998
2.46408330764408,2.361262702231502
2.460922762747308,2.3683590039925306
2.4582272758019856,2.3836673372712616
2.4247967029151467,2.403027934595002
2.3883273851143554,2.393665023178233
2.3738181770351177,2.3498929702805427
2.3892849318204563,2.3395859819332196
2.427418656720179,2.3489080521838708
2.4142473099155897,2.3440744444182267
2.413302308989404,2.3953252435777848
2.448403298498587,2.406844110560937
2.4233511688553846,2.3981879591100292
2.4413156208794162,2.402016975422054
2.4747017402089977,2.399374896004139
2.431846364257727,2.380594075782873
2.3994703807527675,2.3694924701199973
2.4749214259160834,2.400882385491773
2.4820155624968754,2.415768305807078
2.430523410655219,2.4054748349292483
2.428856732525003,2.4100891893374596
2.439007087243264,2.402434315460356
2.3896128846410476,2.377935484281676
2.395422278138356,2.357727508650934
2.3751791894206606,2.331157480124901
2.4237236890485496,2.3720913704398416
2.4491412839152154,2.380674784590124
2.446168188319585,2.436468046231414
2.497648997227186,2.491384574685162
2.4832892795179973,2.547863671026454
2.4419558314769483,2.5132829372674284
2.49634051239081,2.563083459191592
2.522721414965031,2.6161744637816455
2.5398758646342827,2.586812988314423
2.498819070388088,2.533362656608717
2.522494336845668,2.5579688708489168
2.5231000762362323,2.5869355712333766
2.525778452441442,2.5795858536769414
2.565082985017638,2.5825325155975714
2.5720737521380226,2.620109320639183
2.5657341996431815,2.6070958635497243
2.5623938227317424,2.6664622224481773
2.5197657775830264,2.6513146501121394
2.4486227387597626,2.667781689620735
2.387753013473015,2.6399808562449105
2.3612017100018536,2.687458640931053
2.327805410922461,2.6526288379566787
2.348962216272064,2.6412159287332666
2.4046535871319032,2.654880388533289
2.405611992243119,2.694696507850935
2.420261555037543,2.708439352328951
2.4043257419340907,2.683556857130226
2.4551774622066094,2.7153278974985007
2.4427224482279413,2.6996413932110865
2.5013957372754585,2.704293188759913
2.5209252391624553,2.706684447348723
2.5231481486378535,2.7142465859402574
2.495564874714987,2.7296494064751005
2.4504599126864597,2.718477590878123
2.4450758463045434,2.71555816023101
2.505745775784495,2.7264547336429525
2.5308227092144513,2.7339661574812237
2.4439967179307454,2.720287604421248
2.460160907708955,2.7158943626476733
2.4726377044815417,2.6938328254135713
2.4818153392756503,2.7136640260466542
2.475350306260201,2.724958694110295
2.4687656894842767,2.730086313990733
2.414229540790051,2.722591621733087
2.3947287949509555,2.7516316236809204
2.4083663744680424,2.7766404681662538
2.4185440599808175,2.734529833127251
2.4459062122789126,2.812680853453686
2.4200610601529946,2.7852700602926457
2.4649565138482394,2.8043578277584644
2.467102888854146,2.7864886103715243
2.4387643065134217,2.7999310595327316
2.463581079073125,2.791683271112843
2.4563817430825514,2.839939186500592
2.467656895096042,2.804044638036406
2.5580080697783183,2.8597893978931577
2.6042225148788614,2.849823096826133
2.6118735496578145,2.8910840269563436
2.611202741982456,2.8180661952189507
2.6654020801609155,2.873183829085318
2.7008248392503797,2.833815623221738
2.6787115047687995,2.812557289097761
2.7204861932908697,2.808915663330433
2.811713022750643,2.8356510123862
2.7590031732047886,2.7790955284841123
2.7482605070490105,2.7970765775645945
2.7194162100196415,2.752589457593197
2.7172164570754838,2.694823331317804
2.721915857689403,2.7175121816706915
2.7527362761433953,2.705848896385881
2.798698557119065,2.745884542529951
2.690416474774343,2.7216439733147313
2.729207979120273,2.729163725320793
2.791745941069751,2.728976015808494
2.7837274640807665,2.745748249530868
2.771904713239352,2.7357623511070908
2.8533122201529295,2.808520850707287
2.883916487726484,2.767436333296391
2.898239178025544,2.7914049360559314
2.929776926961063,2.762511339821601
2.9221266209336303,2.8081331892935157
2.863591269510665,2.8537905954370015
2.8266503186288583,2.7846377544101593
2.8434577558282053,2.7527407691235095
2.8213697200895678,2.747129524594573
2.7664817472865484,2.7601981236609787
2.7818360139849294,2.7634871162096584
2.7760231845920496,2.759841840425328
2.843981360366721,2.7289818795707754
2.8357717320043148,2.759559980489607
2.871083858118708,2.738371615844604
2.8882209623043065,2.7493684444724793
2.956516827614191,2.763170926340389
2.9612820767398533,2.7728502494244753
2.9527412940629825,2.7287886548325977
3.0812823369171882,2.75860162002099
3.030494548040277,2.74319069981358
3.062098223697711,2.849360701762201
3.0191514343086134,2.807033454726716
3.045734835190867,2.7774607164426732
3.0524197089904277,2.7118339349619243
3.027436713233561,2.6979258693232224
3.0008277585732475,2.712488682402687
3.0224441027916296,2.706559470574466
2.9966876695601834,2.70326459455899
3.028582951482771,2.720672462358879
3.017593256172852,2.7281087383181744
3.0106812480920286,2.6618940969183287
3.0095218429523807,2.6260241048789466
3.059836960083929,2.601095851402177
3.0470456174137612,2.606344152529464
3.026185297371766,2.6602635545287
2.9943471547004403,2.6424827770285124
3.0415484177398127,2.6849304162560697
2.9578720496961455,2.659069071334448
2.983522656107323,2.676471499157856
2.9823814271750795,2.6676260292771645
3.045674851566137,2.716188894982683
3.076850616005089,2.7120233538079077
3.0786462582498744,2.7653111094428104
3.0805328432448644,2.7765829758049887
3.1207210525465174,2.776557477136402
3.178616010404069,2.7618561033720654
3.2579092251269004,2.8628757839659302
3.271567030410114,2.8771064380823064
3.1979279411171286,2.903529340847599
3.1021564599754767,2.826624746894633
3.1295411485312226,2.824611932947181
3.142291096660216,2.7948641466298154
3.166866173238528,2.8087228202825694
3.0762107109524037,2.7954992659867672
3.115984267506214,2.786024042785943
3.1470565466857083,2.7709096296324254
3.1215692413197837,2.7537665273041125
3.180257277522383,2.7964271273600456
3.317803009940469,2.8436998800016458
3.3662924773965095,2.8350072742455596
3.390045586031475,2.8376112930122086
3.3364812203789076,2.8369131405884134
3.382790570044137,2.8740336292944995
3.388404412113669,2.8345452718512147
3.2769971682239936,2.806475723822181
3.206852413310412,2.7827227025819625
3.090573479848858,2.786336227971624
3.101394584991155,2.7817687390227817
3.033053329623083,2.7065567570345386
3.070533831599416,2.697704749646025
3.154427288276982,2.703946080940042
3.2173635054304683,2.6791697386896156
3.235949124456301,2.741846860542033
3.241417543388488,2.750694036798272
3.246581523789081,2.786860265196714
3.1936089761051014,2.742302906356719
3.1229493586297594,2.734426416463167
3.1254043191291143,2.728187954517811
3.1531535397580286,2.7432286636302003
3.14611779890471,2.745909382615784
3.1799132521668674,2.721899248387938
3.146706393895464,2.662831421193781
3.142112294714733,2.6507103878141005
3.200359259555614,2.6755957221485644
3.2723110890669287,2.6780077979501185
3.3000441353839025,2.6873733594352625
3.2924621598137644,2.6793336128065777
3.337578603894481,2.6625272591984954
3.3282471972057306,2.640123757527825
3.3249641677867725,2.6574460666612434
3.3699615243704426,2.6297246479144376
3.373179301714594,2.633623307281304
3.3771367433967665,2.678878971930008
3.4146178965269,2.696116665594295
3.40986061530839,2.718326915138376
3.4091382721104515,2.7196861994104973
3.381784875622735,2.771011086243984
3.365080670830579,2.789505093263278
3.437705788772652,2.787281447994663
3.4678161232958358,2.7905678856773144
3.480927952914892,2.8252513483193327
3.5471548773905206,2.834139901642651
3.5628761502500357,2.850220655767164
3.5414395993200243,2.8702522577865164
3.5515040574885304,2.894339099528897
3.580282825875579,2.893769167406057
3.5922014756747784,2.884909212923956
3.605176690261047,2.8927936674204027
3.634648851018933,2.8355905035529503
3.636722320653235,2.8459597914921955
3.5965605654340247,2.8803471469079165
3.6196232551516143,2.8463133238647997
3.6298978622591824,2.8201966120082504
3.5315010283855806,2.7908928126567223
3.607317126192779,2.8238518059416817
3.6733079371857094,2.8106747440650808
3.6753946891977467,2.8394672278219826
3.5962384821458104,2.875876994796614
3.633853684471211,2.8703374364615253
3.6042663026248305,2.8688871762679695
3.5854316367544206,2.8060466416160095
3.6402156751596375,2.8670083290807025
3.5914322759993347,2.837625873198258
3.609246086848842,2.881234588013976
3.534163609838425,2.8304014642171023
3.4735836725279574,2.792917154662312
3.504050363222826,2.846647463161523
3.5887620537030216,2.9145071451355866
3.632397508391232,2.903466045552225
3.6117946246817043,2.8856280063293425
3.656374951309539,2.9342009856378204
3.5388470621629087,2.873903709777399
3.5111334820381566,2.8416078084966694
3.6358634180178324,2.850789319611034
3.6695678174743835,2.8728168916632657
3.6285222709513016,2.920028442761291
3.7218250260977612,2.9605418587523262
3.699499826425292,2.977328749678969
3.788659728118858,2.9764470335527395
3.7606082970422086,2.994161121174818
3.7640099195988364,2.919104538116834
3.7629305042347134,2.9383578725843202
3.873305170974974,2.9565929908496114
3.875921851729775,2.9948979894992434
3.915383436275828,3.0160972043539456
3.941696840148378,3.0001067674696515
3.9219207015949635,2.9963111763012718
3.930516857960676,2.9965994937142777
3.939993936635516,2.935669206701247
3.9297586329536554,2.9504866993440064
3.9865116194560413,2.968242201014259
4.038412843660871,3.0468432094102385
4.015970882801281,3.0671875975688985
3.987422404120895,3.017310499163317
4.030816367298366,3.046449645093746
4.039863360323483,3.0696554881181575
3.9877773778302106,3.080950756942892
4.0176777444951,3.0711416848512454
4.0674577675710735,3.0677319974844406
4.117030616770671,3.0847874282302
4.135922489100158,3.1425085033935796
4.036899886000501,3.089869330759432
4.007585771067859,3.0643419460654746
3.8817360719906917,3.020572677956083
3.849199402869762,3.007664675924532
3.9212873173539107,3.015592481362
3.9533031926677906,2.9403018018426623
4.00333038192461,2.937924326510226
3.960678162473932,2.9170449113274497
4.018598218667349,2.953540385764422
4.057318271830388,2.9746164566974667
4.093409749680961,3.028871216283246
4.0974760887310335,3.016499884780466
4.156219533895823,3.0590686911280933
4.141056080310784,3.0799336593918456
4.226967270316058,3.07582923775796
4.258092386247366,3.04131612191034
4.262090462620829,3.023608425753371
4.36346546563378,3.0354170062431023
4.320352295973413,3.059827903031136
4.419744763324319,3.1031898437059855
4.497569041599904,3.141587432777488
4.453743063260496,3.079749270492387
4.431156052520957,3.062894538909101
4.443752413529497,3.0443697793180187
4.379306447988735,3.0924272449020354
4.348548038949795,3.1068748991964954
4.464338530902509,3.1300777289255914
4.370434861696176,3.1610606933685657
4.439002282766099,3.199659570817863
4.405691602403327,3.1592906356103385
4.440353620516233,3.1807040179097656
4.385810428103874,3.1970318786416057
4.414129460836999,3.2065113873382622
4.354952016873897,3.1809500896339
4.386428867613085,3.2125430227212077
4.288132122182168,3.187154255791073
4.25311860288645,3.1875201743023838
4.311038344198266,3.198824957104219
4.401216179075811,3.244472851949215
4.443392354782319,3.2419476644126277
4.511069386083913,3.2667841981112278
4.562108997831339,3.2107651527617156
4.522698403750812,3.2001194644856445
4.443144661368647,3.120202391242734
4.366645223886198,3.1215573488992123
4.344829468275112,3.1672681566656973
4.354007318161865,3.179298791217213
4.320685429838685,3.0893047744991824
4.288936598981684,3.057038924007464
4.266713035513857,3.0033623457468277
4.219199965497394,3.030429865295419
4.146217382980038,3.05811283705045
4.079474456784451,3.0354516765976878
4.0945540796647295,2.9848218520842824
4.066824044533357,2.9258441654235
4.043809448446996,2.9431993574561814
4.085096918068511,2.9982455604183595
4.132337340032355,2.975658836645947
4.118691662478516,3.010854765524952
4.0918438986520345,3.0137966536042304
4.126191750229273,2.968349211833022
4.1620052007870525,2.9821755611042895
4.164008166262468,2.9750770558370045
4.24326005134234,2.98968556153623
4.238271767200973,2.9850757495272346
4.260556317263733,2.9758317666785334
4.295406127638682,3.0055256725383024
4.323216770931017,3.0145041239227335
4.212200881710512,2.9502149838567706
4.285120909512191,2.9471312910755065
4.336683114675998,2.9756029152786003
4.236991538114799,2.894139984911266
4.2654732687879875,2.9234676531697805
4.351600142820666,2.8827040133196546
4.336756356233075,2.8755114648089464
4.32517636632103,2.863507684059932
4.352480600793396,2.8446726035868957
4.405150523276261,2.885326669879635
4.339493126660303,2.892661827865124
4.286563105843609,2.903810391243398
4.366861441525424,2.9473241728108
4.345699347950344,2.969526998748891
4.338876150497653,2.9819077516049823
4.3295844420907725,3.024597785983622
4.342470906793343,3.0315246094769703
4.372415473673804,3.0116787664505393
4.387080367029585,3.065236057642483
4.410986212792384,3.0951603994069736
4.424149816684456,3.1029708270166134
4.41888989325546,3.076877616706526
4.516492898738013,3.0655809826089055
4.582589163860559,3.086190831569322
4.599228189681941,3.064949685882345
4.589541015321413,3.0338172762230635
4.48868958896974,2.9963011088640377
4.463316910657099,2.9868941486600757
4.382781651579985,2.995353922721896
4.377162221020181,2.964054390804214
4.559625318580157,2.966382381228155
4.473690863966863,2.9448916424742886
4.522038613228314,2.980810983847801
4.540738012960432,3.0180630259377272
4.582245346378127,3.0243212247072813
4.676218492417895,2.9972815708155056
4.686248994320554,3.0042268416481575
4.709894430597333,3.0216271344182126
4.81115285126704,3.0174666590280386
4.669370236229199,2.968604613351113
4.623971643334471,2.9793596519373775
4.680339588628544,3.0025781489684897
4.729686067287993,2.9847199133126203
4.7426038361444895,2.9579212854208885
4.731952630177361,2.9122965349340526
4.583792144355351,2.83518421257464
4.62208658343863,2.8266211743919145
4.545395837632381,2.815326528567222
4.436372342433402,2.793762526791203
4.345582645711545,2.7674268235644446
4.323819639264473,2.7209400824711154
4.34067121109248,2.725994670775009
4.266879104053415,2.7115479898943518
4.302875626715266,2.696750473793479
4.340921847844684,2.685799163761644
4.297547716533722,2.648194704688086
4.262918066183343,2.6369953039843157
4.287500352517224,2.6026428202687364
4.267541096253219,2.5772831394677254
4.167258694144219,2.5505749171061423
4.143242973038683,2.491106579603781
4.129040878682766,2.4903160105819135
4.124482458394357,2.512968424436594
4.120576159462175,2.50187084128952
4.135419694111423,2.4916545304601776
4.147608439040381,2.529852742731969
4.172553117990716,2.498062573762135
4.155459429185751,2.512195087895067
4.20435852134277,2.5598204392402764
4.146375897733765,2.557272385212169
4.15858552885264,2.5998642608402736
4.14363652794894,2.580062014762753
4.136726938363205,2.5808338282436716
4.167559522714244,2.549100663812037
4.1613655823075755,2.5082882972139693
4.145891864855644,2.5387416166992196
4.148113988918292,2.556098127630128
4.033412554171786,2.5057384740887603
3.952121947007772,2.4817860775876643
4.007139506509505,2.4597797013983804
4.008130156617566,2.51959997224253
4.113192575378302,2.539469509977406
4.061302619452201,2.5666747124560576
4.008219083879039,2.6116209042337757
4.061924535086882,2.6174379357086903
3.983733414708306,2.5810141672746583
3.9734515612753865,2.5316472214407386
4.030194639630714,2.5407492878445006
4.053686522595677,2.544544687083145
4.146716935313954,2.619289421905383
4.145360282174126,2.617818405056414
4.174012929076428,2.64404718287134
4.1997568004205945,2.598005828869915
4.085119232606623,2.5711029320491186
4.246488986687919,2.5959544778845505
4.292958612119324,2.558243948342848
4.291208025739137,2.5333658672663053
4.2984375201843745,2.543330206820881
4.301020997330629,2.556605648857651
4.303188814829087,2.534204029154562
4.385469404220646,2.5558424657850605
4.289044708146655,2.5165601968272613
4.294807420361921,2.5147091487861
4.252326525658664,2.483265843576379
4.288698570188077,2.4805301378049953
4.384705173357082,2.49516412408301
4.431507878832091,2.5140994702464643
4.386582549484927,2.4895829597169645
4.337831510980293,2.514837329406301
4.3271060832894355,2.4752007583208187
4.251391965138078,2.4456586567016085
4.194006255430034,2.4357031905967466
4.20365525695146,2.453000185356198
4.22059010805522,2.474673292409362
4.254846012866308,2.4004825231159463
4.218688419242311,2.351542117731566
4.217826906929146,2.3366010394837393
4.275618971195478,2.3177219052441065
4.229749702507935,2.3233938761219908
4.258853417624106,2.334852227722675
4.264096014063116,2.3484666607194122
4.230937505052116,2.3792198466931236
4.196730063051988,2.350975536555032
4.252623735086054,2.364081860519522
4.33875224809803,2.378621301729974
4.398809346070972,2.3748903618366666
4.496900595295638,2.3692138455269807
4.569936265189944,2.389194756565222
4.52036750675319,2.3581022832370806
4.4942631268750235,2.37705755143699
4.536183527384447,2.3945164423386327
4.571560944394813,2.4020064781273525
4.679769776379683,2.420698592744489
4.722079182070705,2.447888825043928
4.687125242487875,2.4515398516606424
4.738213089856188,2.4998012237943903
4.7534677118890425,2.480516569369035
4.768568122623894,2.448297517890838
4.742338657836286,2.47045435399594
4.750463692710873,2.4400171062646665
4.851587259648171,2.4478474135176365
4.845579538851229,2.4207688978193245
4.800918931106004,2.424164073996705
4.867201791854732,2.4210831509060338
4.941070566843992,2.3855177982933244
4.9579009575749,2.3581413780150062
5.012241851399652,2.3380429955911044
4.95451888081395,2.351604071159214
4.968981999260877,2.3298834916879065
4.95022868864313,2.321576213877022
4.912069333454859,2.31840702768675
4.839806764442164,2.3403565250155887
4.867334360289104,2.3519554839877044
4.908380847465595,2.316676747559247
4.988003608736111,2.3503264767631995
5.035786604699971,2.3534070701708028
5.062191563385745,2.357582666039002
5.002529939783427,2.345504299351685
5.069144314864784,2.3330278615445614
5.137205490933997,2.3533825880316632
5.132843333167935,2.3230153792582904
5.167712336789914,2.3576075887939894
5.221654680504954,2.3319356453746214
5.388357888867063,2.344065721483463
5.344219613943033,2.357737614911703
5.438168707099728,2.362479619827764
5.396749380318858,2.378845682066463
5.447853039911384,2.3882753821155394
5.422281738206231,2.432051270025762
5.440257739502683,2.4382871809426154
5.405819229869876,2.4362820163537693
5.522715800895392,2.4731801461832075
5.432378047058807,2.4751505618604437
5.5185215294408705,2.5244077545261723
5.452099193023363,2.4860226570276676
5.478501453707592,2.5049035098503216
5.6131460967716755,2.5256154083147235
5.512841063921327,2.4945584957935596
5.705595705325026,2.569783929111397
5.790641735759324,2.5603355986527907
5.808565712491422,2.5703972191001183
5.685432918492961,2.5722633529762366
5.669687385643378,2.5737737137771233
5.802494536519499,2.5827374297251042
5.6543643948555715,2.5431825764830283
5.713469080617009,2.578737192016252
5.754876358884518,2.567238187483673
5.802589152815262,2.5246533606460817
5.83801278443766,2.518622327100301
5.67736654174598,2.5026797392866293
5.5621120681374165,2.483454124276136
5.683132951368018,2.502104154289526
5.648179999039305,2.498438714018058
5.685975858146497,2.47591009319738
5.627658678124532,2.4872274059863604
5.678877706534372,2.514436617501538
5.761068788175108,2.562660711539358
5.570777531428647,2.4987487947355445
5.6865566763871795,2.4953810844051176
5.494664558295637,2.4127584701612133
5.435834391225806,2.392827608739462
5.427831661663743,2.3812083998914924
5.438979997906656,2.3662221785147546
5.39730235628655,2.3463369922105426
5.466021477134636,2.3648023447185706
5.384833000507361,2.3898474686198545
5.391606686228393,2.4185373250778954
5.345951460929116,2.397246174837398
5.35236669063855,2.397657122249162
5.278013061553689,2.3675650361404585
5.390751571992352,2.3561764800758835
5.307162297695977,2.362102352060229
5.479233120896665,2.3800590451780526
5.513146585897353,2.390672105317711
5.4769546648318554,2.395339630429334
5.409680649356408,2.4356759652755606
5.2598444158550315,2.4009717020325265
5.131054750803967,2.367255019635356
4.9327608213010095,2.3544405532422568
5.050093320415627,2.3670003016324
5.052869376469224,2.3184569928713152
5.0749273314518115,2.330324749706965
5.041512591388964,2.338059661413359
5.01207262068744,2.328579972674017
4.905529533499523,2.2775825656834514
4.877420278159576,2.280491438454315
4.9451406739269,2.3048994961610165
5.017204926709822,2.3257763335317265
5.025016342329686,2.302126267503061
5.061350226383194,2.328497660151913
5.004053023622143,2.3490458537578176
5.090561220470167,2.334794331428182
5.12919501348082,2.3180328365628675
5.228127319483034,2.3933555131568744
5.182541607853868,2.42451591600788
5.231601465430506,2.438847173479342
5.273725153655831,2.4495685212437897
5.230249327179986,2.4544156474536853
5.214539184283933,2.4509724827958483
5.112480279088888,2.45946382171711
5.159449245471845,2.4249302577140126
5.012960334538576,2.405373764639317
5.05877464477776,2.428525739615098
5.200163688757301,2.42404362550451
5.174096124411103,2.4328251522099276
5.181847216362499,2.410920244875287
5.178729768156167,2.432097223439078
5.21887282576736,2.4979420155309997
5.168675972062257,2.4787322954972506
5.256178367680117,2.5252182339115925
5.265819089034353,2.527500616141355
5.51002330188028,2.5632730460955626
5.606642162061014,2.582141312544362
5.74877269199483,2.572645063631408
5.734436701683288,2.589444530858632
5.703006740642792,2.6127406563249744
5.753305838230053,2.6120441872672293
5.8235017563684695,2.588352113260661
5.979506471035918,2.6506438457910093
5.974880880433362,2.6812469487738415
5.803429148945306,2.649791512470489
5.820834076909623,2.663788744762897
5.727659329512391,2.6940721231437803
5.650303683059202,2.6861296595938087
5.557470108852122,2.7000467674830806
5.494485326955765,2.6487079430323397
5.385988446372565,2.627511372417725
5.565560879972801,2.652815186895589
5.581729954946622,2.632258238794283
5.598859060933256,2.6863414160958716
5.585077032820412,2.7224697217723812
5.565535023546251,2.716917200707872
5.709378416865527,2.7264766092173542
5.71383273051796,2.7846159144961433
5.625153847579028,2.757799134575187
5.743407774333982,2.75814742233613
5.6794972385290325,2.751749479895936
5.556955076251417,2.722546096985933
5.564361009140717,2.72536576310145
5.596150901336146,2.7087733678921433
5.687881423111544,2.7065487558213137
5.632648340968566,2.6976528765067678
5.769688028564442,2.71744546873941
5.734047692456675,2.711537739809227
5.607808965940692,2.700194579949906
5.584192315201683,2.714616089681324
5.567919888648412,2.7266670610765047
5.5364929508026615,2.6814070912326478
5.450183765218715,2.6622714881748837
5.51366185943517,2.642614638113652
5.584969775251449,2.678830083961669
5.731560636430575,2.7143141100365424
5.802876472750857,2.7253034158942353
5.945447488743746,2.6716844142677196
5.873622180686371,2.6420423911950306
5.797356882213977,2.6314927421194163
5.742140514325107,2.6160879441362566
5.819932804206665,2.6292208874131044
5.869438124239382,2.630490282579184
5.940715982385284,2.666249563927568
5.998635835735317,2.6078524641920224
5.904462325741404,2.599136932357083
5.89216258193678,2.609232800581336
6.0506879609850195,2.6390461659165187
6.054569608676933,2.665944192388572
6.020730361355183,2.6208653402379145
5.966244310563222,2.6217183065694987
6.039325254956237,2.643270916789794
5.970740222778767,2.6003468379505064
5.984871649319463,2.5752799695335766
6.0172983931064845,2.554861301646936
5.964703181027903,2.564733563660405
5.845497106407261,2.5466198940284377
5.772638439284872,2.523775068947578
5.731997458345279,2.4893257787357763
5.803855713074425,2.524549406397339
5.94331087000844,2.5469616574002183
5.97258033520358,2.5862143487739577
5.958106979355311,2.5976895341770043
6.001968567140305,2.661411995490334
5.891620644604481,2.635011587933399
5.898343681134934,2.6125292470308157
5.789254274197397,2.6358913295147417
5.804101169577487,2.675444235954249
5.905093831549756,2.6809396504468266
5.9767396116129525,2.667182538017952
6.005324252887359,2.683869262762
6.184374582849286,2.682964250694948
6.387408861294532,2.658114005188489
6.383769209483478,2.6945577042409523
6.34344148319648,2.6930060269681726
6.397037106259896,2.6590010499252132
6.4371791137155245,2.6618064276091844
6.395652013983775,2.735226655946486
6.403623302693624,2.697867961344117
6.414176748746343,2.6743907580983377
6.503498363479328,2.654448595600652
6.657854226965832,2.640825271777886
6.618362706383084,2.610746979196358
6.720641152260821,2.6177701636148116
6.814536467488129,2.5997608242955628
6.81913886688184,2.6244689726028843
7.00848433416597,2.7008621431435067
7.093996872602485,2.7110243761602537
7.06905627057995,2.708779917366621
7.109255302358787,2.7571863252436826
7.079457242281192,2.795091776909824
7.044981616040934,2.81011900892392
7.147965702082681,2.903525962304606
7.163188311929674,2.8746399814776615
7.235168890103111,2.8896680209394168
7.134271937586176,2.9151639844927426
7.1119505339523075,2.912363803521035
7.194267606462056,2.95913756953292
7.137320435856783,2.984498848725502
7.124235070910683,2.9672820926673835
7.188721539619769,3.008115972319182
7.406547925083445,2.9455459690992964
7.4961179227793595,2.9246259757668804
7.46964785419739,2.8997498746084722
7.4007986752458494,2.8558112237681774
7.329944769520626,2.830105698955891
7.302209946758587,2.855612600337834
7.307902541466235,2.8956686434797687
7.344782418532987,2.890006045164726
7.344143316789375,2.938036539090419
7.449587972748545,2.9360622069069926
7.426992520656916,2.956105735305971
7.3705417815112275,2.9674503991129564
7.1857098517986,2.9516646129336657
7.317796185739897,2.948278037169296
7.345192670965484,2.956763999511177
7.543021176262726,3.0403808555046385
7.592236832068829,3.036571400984026
7.59716505906009,3.037649302339405
7.683327716514592,3.052457052333792
7.665643725617239,2.9997698892925553
7.705022952310227,2.985548021499554
7.392864763244522,2.931767721816573
7.261598724982353,2.983858995993773
7.253598994330951,2.9725885790215965
7.157891732610437,2.924983882625684
7.070254820133444,2.9314067009743194
7.240040368094503,2.927895301599422
7.275114124775921,2.919314028175642
7.260214422211779,2.955426154551484
7.338076622056177,2.962427002299993
7.3746616340623286,2.9461852919735203
7.2364670136645115,2.9333000861640333
7.342704253781756,2.9868650689819156
7.416408950255479,2.98162338926443
7.500796687211009,2.986759198045392
7.415873483029797,3.0316211336884
7.324358417853444,3.0108659940655387
7.146950801170039,2.9982832799414294
7.1488598849954474,2.9523268502546562
6.96922484843539,3.0159354448770834
7.058203433947503,2.9882516333803677
7.011874975570637,3.007147876261089
7.227819132301538,3.031586307942495
7.103324702977145,3.0431809830791265
7.0945244268952035,3.058600618343336
6.949563025373424,3.045432633078765
6.94512516971976,3.0325514257278736
6.955979389476041,3.049064332673681
7.012510899500815,3.0471566995098436
6.838363943634313,3.109576986523531
6.8691179955228705,3.068944261755376
6.953596627484375,3.051565484711665
6.862389297366792,3.0475209966727075
6.917092769020507,3.0608031083579905
6.869232162475895,3.0063358236201942
6.799572077236023,2.9759408433070913
6.68025700738543,3.0048082950584245
6.723794495255878,2.972974712110982
6.527143628106891,2.9328233523831524
6.607499748074065,2.8819850304520016
6.7049243657261375,2.9324284052230647
6.778082653690603,2.9643151888444472
6.7618643230189255,2.981125870520869
6.5749192288722815,2.9728941564155122
6.509337406352719,2.954278487216188
6.510409983960941,2.947750153536867
6.535621184526312,2.998663350237333
6.524491005336029,2.999691428648362
6.5695485291488325,2.976389397411743
6.572211557625301,3.016646581073463
6.614825395398498,3.0594242539590786
6.648892921733833,3.066970722859243
6.549034347127235,3.053420914606189
6.56819910085562,3.0015190284844833
6.530973129022338,2.9735534444482106
6.565254378943697,2.884745831885095
6.610695888077577,2.949410549877074
6.656411432570899,2.944218500972565
6.704354734140626,2.955580319716166
6.564213623117674,2.9188347027320547
6.611606296432621,2.8912747477872944
6.6418675747461355,2.884920416894818
6.5770735499100415,2.826751255052289
6.628952214691636,2.8244896045045333
6.635746543990242,2.786946061676509
6.528730432895197,2.752436347096405
6.57704430403259,2.711425318164263
6.491421029276629,2.696538230110319
6.484098614426187,2.71483754548237
6.398276948584663,2.7349810899344877
6.35250241658333,2.693347879164977
6.3533918429423535,2.63314011238096
6.327171880598891,2.661750959340602
6.2395764382893475,2.654040175639446
6.313507533078988,2.6555776084768636
6.261094656599853,2.6055912378375465
6.218188226527007,2.642301719874636
6.277874736244413,2.653478997808602
6.359339307629768,2.674488880949972
6.283445822264014,2.5825410508030795
6.339969997085575,2.5803583151796943
6.28851530766377,2.552519136248395
6.220988429336734,2.518316886135447
6.03118730273386,2.5061692071515296
6.0519510563344125,2.577821207777517
6.050592083085885,2.63257405142601
6.076360191601129,2.6078751601907264
5.995575711329155,2.569456814842628
5.975587157928765,2.6303326735495145
5.897158117638741,2.598807266453927
5.858289992378723,2.567759019352124
5.865064169036844,2.5676715469677323
6.047142796251546,2.592014071918638
5.972106342492822,2.5986941011650893
6.07897115498862,2.6434560066154456
6.135519106103358,2.634202253847846
6.192296136128047,2.631632617479235
6.261313876201955,2.5927811317504896
6.274109045818567,2.576324841272695
6.275300652777793,2.625267579910525
6.460616723902492,2.642366503475591
6.568461166007695,2.63685277501941
6.690000612299067,2.577848303500371
6.683628168257363,2.545214203630619
6.691836879949895,2.540654753502118
6.751198502951324,2.5553832215960393
6.857917786960099,2.5274042722807337
6.8827135892827265,2.5011351757408544
6.994854032684987,2.4960622868239857
7.000184828418471,2.473788564517779
7.113391408900139,2.4944095760628335
6.971060559992745,2.484817944555652
7.107226453696215,2.464757823619123
7.126370317356733,2.47313241467725
7.361838767895761,2.5532421862023744
7.5022163075552335,2.5469983447507403
7.471813511872293,2.5687822323948413
7.445046276658021,2.5196919223167598
7.605142012430632,2.5149489843203723
7.588289223160975,2.5505407806758145
7.725996127536376,2.591668197079683
7.813387063736152,2.6015175154299754
7.85935644105746,2.614449707729161
7.875565692669194,2.635669761195598
8.060066869069756,2.6030980260844254
8.121719205181009,2.562288647248042
8.097142813531587,2.522656799842443
8.046876384579043,2.5027190115353917
8.164247852543934,2.484226869443841
8.259442717959297,2.504181706323011
8.261172838962848,2.5022765785695604
8.244242711362494,2.554600943251652
8.105246518071526,2.609508183827286
8.091395992580363,2.628475219718235
8.220200599974328,2.625247213739196
8.02499760366465,2.639741826911974
8.06278971536912,2.681765975327866
8.05601083830537,2.7151152639240457
8.22816869944493,2.7612458059132052
8.102502544123197,2.7269339761514972
7.944546540336645,2.7360027211167948
7.7025074548586625,2.7069171360854187
7.5146707457096165,2.6894295574681917
7.6152278754835505,2.67385658246424
7.594299586091242,2.700983644649267
7.4969453283019485,2.7573814458539974
7.532654522787243,2.804362859185975
7.599712585344654,2.8199445326208834
7.45773884377797,2.780561457802885
7.432669198706448,2.7682757915869436
7.594820998799189,2.8027383637176158
7.6899610759424855,2.871274438879343
7.733416207962241,2.8662112265764197
7.793597891463595,2.857772505809823
7.915401583675048,2.8467278669666496
8.019764165097707,2.880051842862595
8.145509071010745,2.8640421727757297
8.133278056354985,2.8963086568154655
8.122471268706374,2.878441864562379
8.175200697305101,2.8729481304427247
8.070659975643538,2.903329832982161
7.9789922488295355,2.9007629383207054
7.752346434931328,2.9181016662864825
7.774293414575355,2.9113198600593466
7.765340653145776,3.005392704487154
7.925149173667098,3.0431629920736016
7.889650246407093,2.9921119117121595
7.752900595092744,2.933385448638069
7.816330198993999,2.956752964356305
7.915782606032638,2.9440886917375226
7.968309560387103,2.9252348796260668
8.127585122665364,2.9446000285602314
8.153981557172209,2.9853346566606334
8.245510829001587,2.9462287303645867
8.310611417552547,2.9581898250560457
8.330487877621094,2.956485687562061
8.293839262661692,2.9600276788489492
8.230887694353859,2.9163806441206597
8.218148481948269,2.929711493231585
8.044488971043377,2.9416010717641874
8.12053255223354,2.885384559322716
7.843098764061272,2.876516669580927
7.940189970345834,2.892006539346401
7.9785690060730525,2.8829986389585196
7.803219583481382,2.8917324869665006
7.562112815799888,2.8824576818932988
7.6394702910552885,2.8631519916834156
7.682333650484656,2.836839845127322
7.656699697481622,2.8480571883857957
7.716206058389269,2.866111557039864
7.638268093417335,2.814141980741242
7.814565569895812,2.829683299004954
7.981177897040898,2.8366346341433024
7.958580300860239,2.8218655200906437
7.88750051280189,2.837333423382255
7.80183889257095,2.777705612869902
7.727235148299369,2.7631840556042397
7.656573205606237,2.7820210977613145
7.551012246102971,2.757591155763655
7.505909596944487,2.7987947195062404
7.3706295413418745,2.7634604065301964
7.379570494142042,2.79562345516897
7.423164865112865,2.7959379631450503
7.424996261640229,2.827061386963407
7.375891498233563,2.812570937660885
7.290085572782984,2.809581289506061
7.257737173655092,2.8201097964820345
7.175449832216445,2.816861116338601
7.293357778978733,2.8178994006515374
7.192113698492288,2.771773395086375
7.206318026490527,2.7591572945544325
7.2686097882808856,2.7870934601772808
7.208576136721194,2.777344076722929
7.077632814004895,2.7816572394131915
7.06890117411912,2.7497157481434646
7.0344389712877575,2.7482216867901648
6.920682347445044,2.7882003968824205
6.985541675686338,2.8397803095707843
7.174156348814128,2.8228130451974422
7.112000816009038,2.8034433858369034
7.1089875220139005,2.758188353234326
7.1055342320121735,2.78449572363607
6.914367466269018,2.7584066518553834
6.965885425220807,2.7523106477580668
6.954163106890823,2.718805979085447
6.9410702931567245,2.7281167319465847
6.9880282310206265,2.754400488734509
7.04142761716773,2.802410534238502
7.045473554323005,2.8135523196071066
7.138070216096369,2.8261960555011028
7.322858792559676,2.8488951896864507
7.338789281077144,2.909838271273642
7.278791924964905,2.851675744447306
7.288824671977038,2.914596709434152
7.432649142063918,2.9305060224944763
7.493562560551813,2.9599434392514974
7.301607878675306,2.9573003681888705
7.387903433372409,2.9203196424995292
7.294867921556461,2.913235471562208
7.151578651035181,2.8661718461628056
7.220430614193848,2.851689035017666
7.232315347696746,2.870330416988593
7.413663840477018,2.906312988597637
7.386032218272385,2.885464632870565
7.257550881993232,2.8781230967173657
7.318555909521837,2.86253240006765
7.525011427617164,2.915356057489098
7.505600497111905,2.8972313369531695
7.530662974947171,2.8892750598978605
7.631450939403662,2.845570267994927
7.886987938073142,2.8683570054454313
7.757351318064589,2.8611130391967237
7.818490772723622,2.831214490540631
7.856876850249722,2.863023567270228
7.92019367734692,2.857251449160942
7.816771474366078,2.849313022616315
7.818648908654975,2.9082446592813955
7.617154988562635,2.8897797001848033
7.687107902734796,2.918580644371623
7.889900482040684,2.9298309787609536
7.916499988696299,2.9371891834411725
8.15597851279747,2.9197345393933025
8.111230115456298,2.9352029043280643
8.226760928075608,2.9653063460927775
8.037407064139073,3.0155689002400328
8.312512537316664,3.0116515973607885
8.426996291998204,3.0497704909179113
8.458885154526339,3.040661886699048
8.601109376085388,3.093056599807749
8.628537248373897,3.1318024997364695
8.758526605821993,3.0990890886097655
8.758175637625838,3.1566044866758824
8.595603787525269,3.1355951629066907
8.529222765087189,3.148236624925424
8.58121225174711,3.1042771001644107
8.493428517970631,3.0831310428620053
8.527330043351261,3.120040939176378
8.484628653137275,3.108131550031008
8.422456476416247,3.1314268875204228
8.416748925654822,3.1294928045656056
8.409790006452601,3.1039096381499953
8.403053908055712,3.081779815329008
8.312833070326556,3.073885253071028
8.341038548871225,3.097008322385107
8.588404874189484,3.1374498111752684
8.853902245523278,3.1396058091505554
8.93481343348057,3.1665208243580683
8.89191319288904,3.1864999656360427
8.866132305024111,3.1503368627982984
8.706786388900582,3.133742692464697
8.682127258329613,3.136679525867072
8.721008450671158,3.179413601338519
8.746071526869587,3.2020676140648017
8.837555642606876,3.2350398602396524
8.871123005478799,3.2333987123316423
8.78705984268605,3.2142116505088514
8.7183779245859,3.1760167741540077
8.672874073350544,3.203742044265497
8.788772220509387,3.1961340715557394
8.850092135848417,3.192173902100002
8.850327845202962,3.209109535607269
8.928449213403791,3.204536620748486
9.009015991050598,3.257073327346657
8.940861541852403,3.2459945933619014
9.187233236773867,3.319374296342286
9.038609020228899,3.2727633216664684
9.399823852532029,3.261913268499546
9.48849233848862,3.2513813527922024
9.462404267962613,3.3177396758708646
9.434750659874254,3.276636691713129
9.700689989166454,3.323235804096154
9.519670814278543,3.283773163767627
9.504432158035005,3.2723313095756366
9.662473362565477,3.2656372533137907
9.392232340799241,3.262492029628241
9.343266646904347,3.2748918804498737
9.164254741877365,3.33783789993872
8.932975214529623,3.286179448287013
9.042365250244533,3.2795497555997772
9.095599544785717,3.322622939299961
9.114814871335252,3.3553419523825263
9.150298864403005,3.4067198970781454
9.12523446794448,3.4004905418561737
9.043106199115163,3.4364300921189557
8.873432501553543,3.4204723627922244
8.77237606298652,3.4075969697414656
8.816734875446496,3.3970912521622063
8.78712806412447,3.4330887647886392
8.611068915068927,3.4124089501723605
8.583647535230265,3.4434430263586497
8.703436869766975,3.4775128543679186
8.810091065738657,3.4882562136906183
8.83692219138347,3.4959018559226536
9.154729248499855,3.4489282692528613
9.083664260427295,3.4981190074797874
9.169271375037054,3.5062913932160056
9.191876643259299,3.5900065120035287
9.30975539092664,3.62589758792652
9.04358113935056,3.667687049384309
8.96762547838588,3.608091322048362
8.705052236249456,3.60976705445079
8.826678071647171,3.6252888181082326
8.720570308770295,3.7132339316430176
8.781387696915521,3.656878194750654
8.866738555077953,3.674650736716395
8.75033025797244,3.6819878351622464
8.884346709467584,3.696687124513114
8.633232498843888,3.6746265339690973
8.48370284961814,3.6990584232268207
8.478960558883054,3.7089941296976163
8.195435161052227,3.6132353941620634
8.225847769393162,3.699955720320298
8.20609950911037,3.602945999009595
8.049874976354555,3.5914891129818822
8.100729324365945,3.514559137609174
8.078993366479331,3.4185329529813457
8.081459060077185,3.4573124919794562
8.159246213346508,3.4232588741666943
8.397530133566017,3.4713437496552615
8.401421691794356,3.500602000476143
8.242058179542783,3.4667587619313442
8.294877419518889,3.4430633128616184
8.522531007904318,3.4393121446778445
8.557379830872936,3.423139725402417
8.602257641337882,3.4422963387357886
8.487858332674517,3.4391508156700556
8.31545503330724,3.4477474128773475
8.307314528627515,3.369459871828
8.31040479834785,3.3729319535479165
8.207815724896113,3.3255861370721984
8.238259591807687,3.3404229950509072
8.226137170970585,3.350452094762813
8.368212189146728,3.3573644057667758
8.21289457518789,3.319747896165795
8.096924062279655,3.2675899989755632
8.23876934738025,3.306624689222537
8.308589055450698,3.3380885213265534
8.231445006425817,3.3243506882675655
8.028780487370605,3.257780130745397
8.156556020716119,3.28091749908983
7.952021535346809,3.252261718979078
8.01670337655045,3.2147474278645625
7.954963527633914,3.2020795440574252
8.081459206093456,3.258017505958603
8.288980980572553,3.237751398883596
8.165421359941819,3.226701989308044
8.26053840718627,3.204917657628014
8.325860769468367,3.1976158645828043
8.252572950250686,3.1468511222005087
8.282002377193008,3.1435134855873086
8.441788654259094,3.2545276794507174
8.200933196062222,3.2591916164298462
8.434191813417462,3.3655620065003813
8.442561324897337,3.363697704094674
8.508173482095039,3.4050238478441948
8.622016988238599,3.4673367017329255
8.554426960569918,3.467626724760096
8.688773113805244,3.4949638326596713
8.760472387931326,3.4815079110892517
8.827802991128864,3.4588368685992372
8.73348141371886,3.4121686948805205
8.7200506926607,3.438529458319223
8.619729451953692,3.5360261137652276
8.53981843086173,3.5222362721875227
8.570623390586414,3.549487101252397
8.64292868238501,3.538480343496667
8.651747359686915,3.5277522738224736
8.746764361845552,3.53047489806443
8.730026173944044,3.5768024885861256
8.719442996661833,3.5346906203533486
8.680044142494554,3.550275396782031
8.540289875953945,3.559518743032657
8.746850589450107,3.610278856369737
8.708193085223664,3.6391504931951997
8.834771910830383,3.62354260557933
9.075084392156242,3.6415143866980326
9.184175932983281,3.6243192025712396
9.035381531458155,3.6297618919582093
9.11149501558812,3.724728404683099
8.9804845839891,3.644018472819299
8.986146427750787,3.644625941202086
9.163573471295917,3.6019900343346247
9.339508992216457,3.6282589873885955
9.60240641528207,3.5792442436759586
9.908808184553735,3.6349473335498983
9.819112423460433,3.6124627414857295
9.835307000425253,3.602236916829491
9.881487903683507,3.5989617750682172
9.533162990698102,3.5592666198530485
9.855110545736249,3.5546101779309267
9.715719461200093,3.5807017747622405
9.750641753207075,3.629271327642765
9.648077873188356,3.6230921242098684
9.537992747039521,3.622195952901778
9.68271546585048,3.696954373101606
9.439859030844218,3.6796116993664625
9.530086989178512,3.7160669215102553
9.546129497666552,3.8377575541258464
9.853563571363477,3.878689530100915
10.129465696947374,3.854065259858553
9.990898884115591,3.803078145135074
10.020292744075142,3.839625280666047
10.152652533722598,3.8351667721031215
10.33341896676879,3.816558702139641
10.486113979913501,3.746473291064334
10.367104426717548,3.707415443235643
10.586967585624441,3.775992273743245
10.806330838330519,3.7276975235962135
10.971360576533792,3.7220046281697816
11.113654353347076,3.7178922502200167
11.126216661938603,3.708430291775163
11.17328457013968,3.723890380970044
11.270770567860977,3.75678142560531
11.464646621493157,3.8544566652951646
11.520275838692744,3.886195557898037
11.586583048132818,3.903748478068224
11.68267517855644,3.9450575935371077
11.512189926245414,4.0114108023722315
11.528883525462524,4.018701464471089
11.441222141204499,4.003288260695639
11.56082405484295,4.082422416077202
11.484667679918322,4.028998940904604
11.504101598675485,4.030810232063385
11.439536550046476,4.0074815463749145
11.356115242246378,3.9761993299414837
11.05832269526754,3.9819226175987503
10.965644761630337,3.983072068698418
11.09265521761502,4.044325313259502
11.1218461575887,3.955316389397299
11.17454001048416,4.03703980990725
11.45962769367138,4.143643328740305
11.124768522012344,4.151396508336947
11.336491399020877,4.243789229257914
11.314672117881265,4.303971708501626
11.519634107008605,4.359684860863781
11.465377104496591,4.382303014937465
11.724552283203726,4.384134014350573
11.816017469257183,4.382055635885674
11.699351303603331,4.36195949345413
11.683228266567545,4.423000315692963
12.021017296235078,4.466445930443667
12.088031599563646,4.424283500520797
11.970808913955409,4.439994345766376
12.042467178218214,4.439076234350129
12.007667930448282,4.361857363187121
11.812955781118493,4.35463612889982
12.16779648867261,4.380161381842345
12.015108700741276,4.303287573418735
11.982663019492476,4.259458010259989
11.784705600696592,4.267317402030292
11.80649930799862,4.300910216147279
11.868899613233552,4.357473504934805
12.016671153437905,4.393556663303024
11.895231615077135,4.367061318549929
12.140432891280737,4.330950994612682
11.928377136710962,4.319535321183376
12.019193761732677,4.308585611470681
11.81950102868903,4.32660373142285
11.913451909964625,4.282529814562733
11.958606241272392,4.317465459677005
11.965706171588074,4.332700173663924
11.945714854264805,4.296363603374109
11.850337263563059,4.292937688698102
11.65587970466034,4.232252965560809
11.862801425105108,4.309527388027732
11.73121822583132,4.359785235267441
11.780888830853982,4.3621007531518785
11.752968407002799,4.354558097004292
11.853224685640123,4.270330140845513
11.8293509809941,4.246174209592289
11.511733235077156,4.2989517597234315
11.516563663563788,4.310534938240698
11.107132066886953,4.322248748203501
11.14549956999659,4.314772511209563
11.348934739581622,4.310013916652577
11.531065557882991,4.366046205654182
11.590032812677574,4.355674967290873
11.355280215954819,4.335147048901253
11.349432400511079,4.328570139388328
11.6166905543395,4.404000352847027
11.75772906821047,4.365847586905662
12.187943957611786,4.371089442420416
12.293576978156967,4.435135290961292
12.12082311675941,4.399373993695615
11.973352118918532,4.4468939773140885
11.784167199688508,4.444026867841895
11.889792704738662,4.48341172287661
12.034323263473643,4.480567295119577
11.957101199469374,4.481912037463954
11.755160056349792,4.51943536436265
11.57313182064779,4.460777731339788
11.776264158549466,4.523470285898029
11.63457557545649,4.451837271958088
11.91214126908332,4.561865459015118
11.94635595457062,4.647142733185321
12.007828785180427,4.66781494377543
12.026852699981324,4.6662739398953095
12.083055444927561,4.707045742293263
11.71495866098308,4.656061387765373
11.860136551124592,4.707436165987467
11.932318897520162,4.696287593111902
12.016943469550705,4.8259363335617715
11.903117850853409,4.780835984626802
12.012074640693937,4.79052677546773
12.159258657619748,4.851485752951599
12.202338015962802,4.8477624284901015
12.431895339298629,4.9843745818912994
12.295875981269255,4.9573389923194275
12.233665923036275,4.911740285982037
12.268364175065823,4.901411643721422
12.103552012434687,4.946885856325095
12.208348893864061,5.102178576591095
12.305565680584781,5.080921020071623
12.263512579789916,4.986230415608681
12.199124256100442,4.933385012933869
12.027350897416664,4.9355132023304975
11.812132943347176,4.882658106007782
11.66032625587072,4.817449204928036
11.842108911740556,4.809570129711475
12.279164852916097,4.894991116358727
12.383674494573533,4.895006514633182
12.692387262331906,4.957814054004402
12.46963203001204,4.956188138801395
12.77987192323446,5.0563217836087215
12.71183631441085,5.139784340216237
12.700388215585697,5.034619520452041
12.475760806335492,4.973082787032876
12.746829638733363,4.957730390555473
12.651764989530513,4.982967959211904
12.986306001142406,5.032510504520841
13.198574135811409,5.097691155363547
13.361161235901836,5.098885416044836
13.586462713045862,5.196356254340329
13.759223623133147,5.193437367043784
13.512599489355754,5.183229020260218
13.541440930387376,5.093567455944882
13.486059849930518,5.087277250808111
13.548764423008096,5.105302451042252
13.769441480520149,5.165076260552108
13.875552729022363,5.049060018709692
13.911391442465666,5.121538608411119
13.860225373569548,5.086115698984141
13.880057111748169,5.139232208257993
14.126169786318417,5.065547460725111
14.051803623866133,5.215196329691802
14.399014714407963,5.142651630833071
14.244778444204009,5.154165925488934
14.613896150397027,5.151500579084208
14.724656574936354,5.16586777695323
14.484771632750501,5.187355331262725
14.650709401515357,5.220895134350785
15.002192704120393,5.341345261361056
15.10889800744554,5.42294860268195
14.882009591092093,5.311990741737103
14.880518713682713,5.355950105701912
14.99471505735979,5.369014517682245
15.120780757946548,5.349092951588594
15.006507961989696,5.307582319448681
14.957293362455045,5.350618251275222
14.736112644743667,5.240280594238709
14.841176464465622,5.226207787028644
15.018442216715474,5.256422321000041
15.351844701261939,5.2131456764235615
15.321023539342102,5.287362334695879
15.368674823932777,5.3038310488226434
15.277780247281735,5.267847576606285
15.757036522573195,5.320421343487482
15.879966201112339,5.315130111149939
15.734612886273522,5.157622658214867
15.720887387597216,5.201517196136516
16.03180491304862,5.185707575563826
16.100876110930457,5.18762868047279
16.031176217070914,5.2447102874819835
16.62658030390563,5.205828404731943
16.80781633367867,5.26635776932811
16.832319371400043,5.308940059231843
16.61232492214512,5.334709220519108
16.658569895892942,5.300840166761349
16.885056080606265,5.469266545047096
16.95732986207239,5.490881642733928
17.14224443675248,5.5091220254278275
17.227412655151962,5.478078459778119
17.17663792205871,5.4669643614349335
17.408264973360115,5.466144766618203
17.347226287378216,5.499946299153571
16.978972456167046,5.402514227534307
17.214283719163248,5.424671182921865
17.28930078585986,5.354686930745844
17.691924249950475,5.4004699363057185
18.046063805017454,5.474325431119092
18.021480351331622,5.492476862197258
18.134473903883066,5.40407232617057
18.113883066308855,5.363417533372251
18.235060582844593,5.36018759230739
17.948631416373704,5.512397471999652
18.09752829632245,5.503941974693421
18.231726226049602,5.501075104227995
17.83633940510125,5.464357967985987
17.827549319780736,5.51943548682815
17.787475089409693,5.496930052171641
17.905021209795255,5.566160606117793
18.167776933582505,5.615876429155268
18.39998874457198,5.569796854989279
18.357533963002336,5.5640007189062635
18.250146069141902,5.456711457089187
18.72061822036864,5.504663797243352
19.184786282762378,5.463324479168097
19.442472599469827,5.5132994703165386
19.52213076092001,5.516206431878988
19.715796515115244,5.5345579904080955
19.539884297405425,5.493654521688952
19.564186573442395,5.5259040523304055
19.8040810687458,5.5077450935740595
19.928713166970866,5.469250675495822
20.295749999857012,5.498034035358841
19.935281393452527,5.572031164103147
20.12336977660894,5.480947053009345
20.1020584254783,5.53304515715077
20.109044600121408,5.509072317120022
20.452302233552736,5.463599200966629
21.351579615632733,5.554251213540499
21.339159276828,5.5271087466634174
21.57994613934783,5.518816323493163
20.96965708224539,5.556159742551358
21.055095760261832,5.5311704552854
20.99804164718025,5.551637338355923
21.26331428974375,5.508034191964241
20.993559553618,5.585528103107672
21.100401440268072,5.657619763324969
21.192295858552693,5.529535350177916
21.706560573989346,5.50491682244223
21.559961749628886,5.545046895513219
22.26715750055448,5.6173295609188605
22.24792590945549,5.519808119460349
22.515204791249808,5.5718401668409125
22.14698553095386,5.611329725511343
21.792877160993104,5.549251548099687
22.297450770711542,5.551725910965625
22.511859550138286,5.527428779292127
22.246766857329522,5.484657031900072
22.121797136506387,5.457954062369029
21.711741420246344,5.433053602850693
20.919830712415695,5.312152934124747
20.852784468837378,5.28496628496697
21.248054707186895,5.301104344144176
21.394525034287117,5.385460849793668
21.544746023451367,5.345657431083891
21.608796367213873,5.4599709929797635
22.060413037575998,5.482563771214509
21.908706249457868,5.5365135385515565
22.034981499347843,5.590802982091491
21.69008015899603,5.50665849495991
21.601651413095766,5.474399737178303
21.81880950577391,5.571585252091478
21.868941077153274,5.5997140019669605
21.73208227816584,5.63306581822529
21.42707974730574,5.533365249151507
20.86277477105577,5.446073285121503
20.743506219837453,5.337463536166296
20.7870537187732,5.3855447815227295
21.201016191675613,5.437467144960191
21.208946988785566,5.432029598905266
21.02473615199199,5.468368424581989
21.092581857359924,5.5495575859378095
21.47768528512594,5.528577461401174
21.647814099549684,5.534358932706678
22.021837750292796,5.478098045746103
21.84754733988477,5.493534205388906
21.47471012553686,5.426917224730576
21.52067473557232,5.4041182504477625
21.553464174218817,5.439219815211154
21.360719367203618,5.36200701128143
21.412059551123324,5.373512233395254
21.376195994920018,5.420055072395867
21.17901586240823,5.4300053400950095
21.088331690350316,5.433309225719003
20.549032868235024,5.449937752836855
20.781469338399017,5.510590651327125
21.03145873699754,5.527970625640455
21.127317483491595,5.629245815719873
21.461387440385128,5.676232322870809
21.46253800633897,5.806342642428869
21.296688005696822,5.809394270169143
21.266077430297564,5.7528391221539135
21.407232829963757,5.7374046849728035
21.816728694599803,5.719870361379258
21.725126693052673,5.718799895660842
21.421437746403914,5.742373523540752
21.037772607432505,5.705011957728908
20.77258615161563,5.660696428250235
20.117794980996162,5.655544525827661
20.338369747373225,5.6122170424109035
20.147764023084846,5.701798338988792
20.19736109077351,5.711390224388737
20.307417583709597,5.659152017943558
20.537326605128467,5.649149995473689
20.45820043879472,5.534298709728718
20.559205806270523,5.4641440662450735
20.706386234539142,5.456836784197555
20.5246972623472,5.4247455553016275
20.355934308782516,5.486504671579804
20.401955265007487,5.468505020367379
20.599367458229747,5.41166355704502
20.392623399102238,5.43720931380907
20.7152342826196,5.527554881990359
20.9045098449693,5.621730865720663
20.540543029404017,5.491719384708511
20.310151440751444,5.5499825162254375
20.249508126602034,5.425482855038564
20.016178517334417,5.433096815914782
20.133603529122237,5.472325785344752
19.96297519730808,5.406628714937842
19.95573304094694,5.436918733314712
20.035413455739587,5.483937342194911
20.07691342755459,5.51075030651271
20.123050343335432,5.381857573771578
20.492096200408415,5.492673412488725
20.505763870900402,5.530613024218949
20.473940731751625,5.598853442933048
20.345396679140975,5.614740946854075
20.287943097579713,5.632151192701183
20.102017396348014,5.617091354573991
20.375492231725353,5.5821130631779825
20.359056767339364,5.591591653354691
20.652746467757442,5.591100670889381
20.904439929048287,5.572351383141045
21.60500325187176,5.579014445539399
22.123257301923456,5.552257502620099
22.34142431377774,5.559127605088227
22.02817678598387,5.567606501528858
22.167102149026096,5.588977817354025
22.31854106157109,5.597945983918683
22.2096059351786,5.646376019383912
21.973992941244795,5.688817971232269
21.809640242444107,5.819715773381639
21.90463333160808,5.907219173196034
22.070750116189632,6.047583188095859
22.679162280473356,5.983173447740599
22.69251793565848,6.005827120640528
22.099237136316642,5.975395359238038
22.479521791456417,6.048067576737978
22.353225034373718,6.171309414573502
21.96832979589724,6.181307220116675
21.628911332866906,6.024705848501904
22.04910275194373,6.130807000116458
21.320651795074255,6.082771663918708
21.098779237053076,6.052167949962201
21.444726538474416,6.120555221092693
21.63041508285173,6.09712555840526
21.98111682216701,6.130323411703323
21.733572705849397,6.146229541782388
21.993115607174293,6.16727538219232
22.149245380336215,6.277533597687746
22.868014155219907,6.311487104137331
22.90216559438711,6.2647344017743825
22.524889055702943,6.261717073398023
22.861710696781238,6.202992444331318
23.157678041167983,6.290937732831918
23.31201597538206,6.292025618912999
23.47157441111406,6.368577001929326
23.56565079278569,6.34601044801455
23.31007350483161,6.303786539871281
23.411196573699122,6.314949697886984
23.58773043194368,6.333504369613778
24.03796027940092,6.302998879940961
24.34067999255857,6.249838190118379
24.70396169061188,6.2843662852065805
24.384139788265447,6.372866509192372
24.97068402436012,6.5680302635078505
24.940705764573703,6.564094481664042
24.8719717086029,6.575633313165724
24.780702716881436,6.587624994879429
24.561952853862415,6.555499051620386
24.476856743227636,6.577764422670314
24.23423821572875,6.562935866441637
24.242804698808484,6.618333778519365
25.03340516468882,6.719265069958052
25.128053988803007,6.72316608888474
24.434424705521028,6.659309121321914
24.774473287924206,6.646781042375947
24.64158506516529,6.5677651631627905
24.36033115774864,6.5752074034140175
24.05392034042278,6.45070720062337
24.85446059207715,6.417425927054284
24.901730553309505,6.414710158183424
24.516732154269736,6.420121502582295
24.413515106659187,6.403761158692869
24.189687466935116,6.4009272523564755
24.07370851839179,6.352560416895628
24.78743568700075,6.45111729174285
25.247800534876838,6.616063484528037
25.727184408396248,6.71766510606226
25.736823173411555,6.671159121842823
25.787900330861344,6.620398821938994
25.464146951960192,6.504448782956691
25.935918503028105,6.6269554967640225
26.13820303727863,6.641031050913067
26.316116921591476,6.747426224923218
26.688201766572053,6.678163552974977
26.981743725877806,6.857038691027224
26.70345071688407,6.833355664149266
27.81749927700267,6.834694753157376
27.881114189604112,6.834489586478261
27.624536776694143,6.8107039287972375
27.36312081000763,6.772596528677159
27.179991701682653,6.771245949733265
27.21908789121644,6.704583199972351
27.341060731057873,6.675432632662751
27.27133765116802,6.771688852153762
27.630025725233626,6.735095072676577
28.07079475298537,6.746330779181496
28.264982841813836,6.7845524190908275
28.082904131234862,6.75055281369088
28.057532567170824,6.987157590946916
28.23029699128468,7.02571769598325
28.296093148817455,7.088298424221339
28.681879645894195,7.183884786570569
29.76520301419047,7.264763973343693
29.66510856660253,7.278434515603555
29.258593222784565,7.187536426312182
29.70047891161775,7.18589274703029
30.002427247143835,7.196772247005256
29.757912279146872,7.135630822068529
30.318511569271788,7.117014868567086
30.58288998906828,7.061623421373982
30.01812874507237,6.968708771303527
29.64058421480883,7.009661074359254
29.851518617637062,7.098986714431139
28.965470803204937,7.081208876880589
28.41153574167398,6.926257330653633
28.25047279512917,7.08710510414983
27.98489852153827,7.041127877824178
28.236270630369518,7.075670891918769
28.8444434093352,7.126992669213892
28.777076365759193,7.155873552195242
29.095908872466794,7.175441152446717
28.72627106247243,7.180569800218943
29.46968188146075,7.178773413329498
29.39864115911859,7.043369218593039
29.51736126033751,7.1446097963867805
29.3417195399416,7.271368522563905
30.1044422869817,7.348227984425005
30.40289743867863,7.42156482371491
30.678017300635407,7.507919306606196
30.452371162295524,7.611609685141997
30.855946454053402,7.621766053800486
31.07290822050903,7.589027064204408
31.01356585188932,7.579845915131476
30.805320052273732,7.638425958099334
30.622359641428652,7.6435363596626456
30.749992245644286,7.612004328615482
30.620062777755997,7.555386401793097
30.72300329129665,7.445933430789105
30.468518129951466,7.575517569574252
30.135410625860786,7.591217230724432
29.824609445731237,7.473204772257497
29.189633785480275,7.523087697239349
28.753236959063642,7.537712809781544
29.67873384710183,7.639611498243327
29.958622677852716,7.750710052086803
30.081417523812235,7.730054644560001
28.518619667817728,7.588074521909681
28.761440000690246,7.492228137394295
28.679361552597804,7.432243953741493
28.412357777404488,7.477942314731978
29.254592004278656,7.6646418959859455
28.518884426340787,7.565154196109783
28.175863873299352,7.651002400981954
28.11367960009696,7.535000355297921
28.663771473692783,7.616899607880566
29.433617511373715,7.657743968033086
29.331773048551188,7.58032523991392
29.07673545885569,7.422757298071272
28.983785636325006,7.579096118521142
28.730362520118582,7.6984848699639175
29.289865555280436,7.7395165745863785
29.71395760282878,7.888872917921633
30.453072974764755,7.999550451636101
31.00738918970303,7.906434430871854
31.171880647792587,7.888965422145198
30.39218043458388,7.701427480029271
30.39614007950101,7.5571991351734775
29.81261618732915,7.441031650955333
29.48712832717515,7.555923535328374
29.847517315284353,7.607256110835682
30.252772405241966,7.575621113554832
30.759005968833524,7.507859001918501
30.35300535551579,7.503974291242633
29.63373438252339,7.362272877972257
29.473402565727763,7.317283682631216
28.91558143072845,7.36247897945402
28.41523889032143,7.354351515379217
28.604177337964007,7.311479908218848
29.237861588928308,7.396850636357257
28.91750077165161,7.416479757700355
28.523670778947608,7.305291630210641
28.681930041470213,7.287951483394901
28.43890238663002,7.218575863840955
28.479043174938194,7.319986473911532
27.835502575863927,7.317358736298385
27.874985522509416,7.260154466966252
28.310283756717087,7.269531396466759
27.883294104007486,7.298303892604182
28.80248690190269,7.361156512130645
28.246515672610172,7.128980269213392
27.775826408846424,7.091401046088267
27.187619646698963,6.985963020323101
27.039916263871874,6.997866801023053
27.168261822446993,7.00238105042885
27.309112963900628,7.193561132599535
27.3536130802595,7.327599053202659
27.348400790245652,7.2541026594995195
26.594220035188197,7.116836827802683
26.412004947767947,7.063838320931332
26.638499497233052,6.956997449614669
26.51229757967527,6.935586794061078
26.838281815033216,7.020644283116661
26.86100994284347,6.973243941242287
26.96767785054693,7.009380270613578
26.339838232144206,7.079122662448557
26.762654542291575,7.086074786737104
25.85265231148259,7.0785766546246505
26.295328224465106,7.110089604787846
26.544394867097232,7.047276933372098
26.185998897457377,7.00281201358352
26.438553983939197,7.064298654465654
25.813550384715242,7.155622146448901
25.435409185803866,7.1399829867644335
25.544281526073306,7.250801125978536
25.49134812836037,7.30216189751841
25.394984116485535,7.4087497475571364
25.761963879802554,7.373320213557027
26.829224608222376,7.491738582801735
25.895876127647387,7.401893672750927
25.96466257141353,7.477160586137223
25.564044623881486,7.377653170440772
25.507352470158374,7.497899449735954
26.104903619822107,7.590490298758116
26.231110930188905,7.635122569822947
26.05705704208109,7.656640793126276
25.72478762457945,7.684995924883375
25.982562328015987,7.741619597087584
25.894655996798644,7.549831775665081
25.720024273293323,7.600022413335577
25.913035432212194,7.655694838313662
25.972769646656516,7.670837251304358
25.694895551121675,7.611963553236626
25.669203859194436,7.671317103011417
26.21578877914024,7.7252802535220075
26.265905733283894,7.789236368627916
26.553566143278672,7.673689395048668
26.87660268236257,7.633012204977433
28.365551069112744,7.686277612464219
28.3065417381458,7.648959867863239
27.86971797618203,7.610397230108369
28.488032018691122,7.61288880834381
27.89769040620938,7.569294347048939
28.270928301365647,7.532927524998933
28.01447338687744,7.488521295001602
28.404767972966678,7.4510182463675445
28.350404532385124,7.395667974729939
27.817140776808756,7.449583162697184
27.42474767216364,7.397244150905674
27.84982873331852,7.425401294207744
27.769679233485032,7.350357733403965
28.199770959990524,7.271941807774101
28.51493929527792,7.484863574823094
28.767181194821852,7.564066348988258
27.936044991692885,7.528412864851972
28.222829383454314,7.535933353940237
28.382560379726844,7.498398629628445
28.7410258994808,7.469226539750085
29.41150297849671,7.494692874278659
29.661779530484324,7.556297830352674
30.10443248779214,7.551665457597343
29.849476442557364,7.51833542563737
29.608316334121305,7.389198006435905
29.33880352035449,7.339144425316413
29.064961184337342,7.354842329379846
28.905968658115896,7.356624544890683
28.353225706910116,7.374118925180264
28.054139038890437,7.35972696070657
27.816738361156872,7.345211042440979
27.77849260553569,7.270043388448702
27.42374295949896,7.350988562692891
27.84071301487291,7.397340042575594
27.61779545571705,7.443903824656045
27.530323230084118,7.474011211308676
28.07575442640031,7.51352916274626
27.26254185646544,7.473729693031963
27.49944759718428,7.457121262658756
27.985068862454916,7.513643398916408
28.698334123746296,7.513691634236832
28.526423119027406,7.427000346598342
28.267023870897745,7.489817836671455
27.874116358177975,7.556525640881737
27.52566300632586,7.529776477167037
26.884882087174947,7.490933508466654
26.810620117613464,7.394619782736575
25.83265204519778,7.485630835854206
25.768529602684854,7.439825993245502
25.890810440459134,7.445591430690487
26.230710832673203,7.519825208819483
26.219045167519692,7.435676310937087
26.486499007012565,7.552660585098341
26.155204274596198,7.375433934482228
26.835394989764264,7.3307542365614555
26.48123320112089,7.335173910684312
26.933205291641055,7.269433400091433
26.876258949980283,7.32553242590671
26.38205052403699,7.169554494122473
27.025636458010034,7.176873320343696
27.198215643876235,7.242365675356632
26.906334631177685,7.108332371979645
26.92007652999189,7.1087579329827
26.383099318332665,7.007343895584435
26.596881524344493,7.1531262507003115
26.363922875702166,7.034142066584639
26.438075362847066,6.920939464703626
26.039994588002266,6.8301093607459045
26.486623431635735,6.756281350408227
27.01480384317697,6.76048025994635
27.393193456811122,6.965606615164081
26.841768029293874,6.939352909285117
27.020199459269502,7.033212442807261
26.926108552603072,6.993868014952389
27.019015904647432,7.045657060488309
26.811467727055824,6.8533054873163755
27.587851629367083,6.9401366732026215
27.671146258686438,7.0202930136657
27.30194033873299,7.1467281705061385
27.742531058475702,7.029117268062145
27.911095816107846,7.040300081951183
28.18205114967145,7.173860698412705
28.0201087254384,7.145611984027886
27.832279100131426,7.019241788909899
27.878201662824566,7.07821569086428
27.568744115808897,6.989380187869709
27.326323615926093,6.986966368913667
27.161719267276517,6.969107084805788
27.033047775792387,7.004433079578074
27.403939613063994,7.0852346160376305
28.057906706589655,7.167250837693827
28.15057982486957,7.118098272199232
27.303806150223753,7.12057221492211
27.312150097867388,7.090795806616598
27.473271426263224,7.151148296532827
26.588850346312277,6.990783862018399
26.82538810968568,6.922691073879348
27.40962676026359,7.157621174253163
27.606992262590126,7.111385417714506
27.569798277027015,7.227959005802695
27.607846251999923,7.156033125682828
27.312297320672336,7.146140424482784
27.174366980631973,7.009136739808124
27.15927035901018,7.075729371088977
26.81489801990018,6.921170110139727
27.134269418707568,7.08233741173802
27.308976824836588,7.307801505332174
27.12180483515379,7.324329669845177
27.215128301531415,7.230453045643963
27.328803596807113,7.257145772485656
27.54971326438189,7.397226295844639
28.116628860922575,7.3328049641718165
28.384811268315627,7.344818357204565
28.134681704253765,7.350400084992169
28.154630305443757,7.4210194766773245
27.890466323510328,7.436695068462948
28.325636496786696,7.576216458887959
28.319684027201173,7.568882998783452
27.982998745473832,7.429190029407855
28.168058987687115,7.506844818442005
28.024753050633713,7.556226725125077
27.85145707113607,7.532841046026855
27.13955904423738,7.492761249046827
26.728268273934777,7.4226460640201655
26.783647507476985,7.413465777014511
27.071235896299235,7.546134317517519
26.727172935299002,7.653304352127684
26.16808250143503,7.721317661405587
26.477124184084417,7.714174017589597
26.34627560940684,7.665885578104161
26.720708711475258,7.686719088628517
26.36096351920445,7.521784879118041
26.429353371046513,7.544268616495964
27.94394477883124,7.7330450380569635
28.945566462201175,7.680525777707789
28.731379186093186,7.787860451776509
28.74605628682519,7.7991646774137555
29.202113752893926,7.898544514913766
28.878135390392675,7.851800088732966
28.415282356672467,7.774381051187042
28.45317879135906,7.734550490963991
28.799035566915652,7.6587865608847014
28.492478541056244,7.5914514949638425
28.41727642573434,7.684854079778818
28.25117347122013,7.897772763426493
28.20618505274807,7.826027830780054
28.742090658931577,7.95352144034852
29.278501537444956,7.843326679734186
29.860431332489558,7.715843592325459
29.73738613645354,7.8103549656875115
28.59934856155086,7.75158748895804
29.198910120153457,7.74706600567896
29.314491415299816,7.649798589387373
29.238865753203815,7.686852293375244
29.169453502138733,7.609195194475452
29.338520805567857,7.654251198276123
29.390746166847634,7.7825778389704725
28.82556130481718,7.7082580251885044
28.70432611884264,7.690686874675078
28.5313527670079,7.6698638720854015
29.18504229675206,7.539030377045427
29.604250275350388,7.4378268290223595
29.401160586804252,7.4678961949760545
29.01832643690259,7.46048294298061
29.131256004565408,7.6830371273384115
28.90736434715631,7.689986644231866
28.24280359375155,7.763666135662111
28.137395317957353,7.727844150024951
28.238980061688995,7.688362407843297
28.56605368460828,7.618887787806256
28.528581073122112,7.763144649933772
28.794005644681075,7.69905506993797
28.845661080537308,7.548698311412906
28.588580135836576,7.271556100180552
28.6869998321916,7.428357893975331
29.02901805206161,7.301527391959568
29.768286672736632,7.46038663175809
29.947388019409917,7.4593018088927865
29.38135287032614,7.3803489195194985
28.908173959845882,7.256059969685582
28.668948476389385,7.204198780702594
28.344043223597897,7.270206010323687
28.51249928475793,7.179766073945576
28.26996299496003,7.277876507946003
28.6534601830178,7.279839942986296
28.753860370125516,7.207966549390646
28.064994652293066,7.233930812068101
28.157933658474786,7.139862521753703
28.177414491736492,7.130229600865356
28.24722539524393,7.230203823291036
28.308710150272137,7.354937078764483
28.1049344354782,7.191042397902012
27.967232616510312,7.244051651393715
27.649791124743132,7.190507653085203
27.578362145351253,7.003068819061827
27.73164791336913,7.051295323088247
27.720419801498657,7.126612025544106
28.233549165970015,7.110482893062035
27.959456577931647,6.998503721240706
28.15457662451303,7.0392646362666
28.072291213285332,7.000640986963918
27.522198055843514,7.01420261057919
27.56734149869594,7.036298497136165
28.177117140807493,7.1292708606960735
28.0902764803131,7.064575513866804
28.652456506297618,7.221652517162183
29.063201736617835,7.203666772756387
28.859179315922702,7.137236270936286
29.106217156930047,7.190868418683874
28.798790827780294,7.222339668525272
28.77486766517306,7.302008073036299
28.329153521938863,7.2629925181556825
27.71361716601238,7.265691969908915
27.821408298936905,7.291871951621033
28.163361504097278,7.316059516126665
28.93135467786769,7.363693769971279
28.477599267811897,7.434106748481217
28.52467701931465,7.489048651795467
28.601623591175105,7.539749032979753
28.253386599884134,7.398193037240244
27.96321670088501,7.316320483866891
27.588372059969128,7.2503585267181325
27.571654900182697,7.137740940802523
27.096069938719822,7.133153478418684
27.094685348863003,7.091100056373565
27.89429663927776,7.104190050263521
27.892177476015537,7.195639959411854
27.646962490835847,7.228119389714261
27.85264429624034,7.179956007208274
27.819015028805982,7.149450710404228
28.19951665387521,7.188442719404849
28.344649581047506,7.059578940598966
28.156756285427186,7.103658238853568
27.78919717788246,6.979663179641021
27.792055068950518,6.975337852201055
27.20186680457136,6.931600234093863
26.75803289345753,6.820295101501628
26.786015889326897,6.801838947458818
27.171585847521627,6.8279432598718275
27.101984125799042,6.812356258685768
27.002636104470003,6.825341985186456
27.325587357438575,6.873218045632083
27.545898585148063,6.924207859307298
27.912953814138707,6.965879242588231
28.162015556599542,6.926122935337184
27.700553987582808,6.847046281408408
27.53613274965102,6.876477913828946
27.06536658475317,6.756524779404182
26.833033165368704,6.6717680407581295
27.149604413279594,6.781300998837092
27.470189027227274,6.610589147117022
27.667824792960207,6.738638411876486
27.819598505501276,6.7454782830888265
27.738812754653658,6.746289540677483
27.724012086489736,6.655745526768979
27.49149598537279,6.745999811203301
27.175117471192195,6.630867940477539
27.12703398230084,6.666981197133283
26.89878070635174,6.686516870145483
26.534691315566977,6.635507545226739
26.990163689397207,6.693614480155173
26.467474768869405,6.707494421559261
26.056866378169197,6.615056757376371
26.832030635335144,6.771179365590701
28.075237325694566,6.865412835511213
27.914799612920053,6.899375577441071
27.792302021579886,6.845706068800953
27.589606664966873,6.875326508911508
27.764353685933933,6.82348605700361
27.91194641263955,6.709453604979534
27.851110122542348,6.75998554062157
28.04538419337715,6.813668181631597
28.420570798569752,6.82241830273365
28.306919993350444,6.867304948632836
28.80794809485347,6.838895544109475
28.58742296095208,6.871312385469653
29.106728567206133,7.093456381476336
28.52782569396212,6.979434856804371
28.660058197040783,7.056161284863977
28.889883294130517,6.97683066121973
28.91896098695853,6.982543823198165
28.79831887520732,7.039664271826494
28.649319191567653,6.936434563472916
28.352460177910864,6.982054309861972
28.247207072268584,6.819547666057636
28.26438035477696,6.801334503124197
27.58663219131587,6.819385468709909
28.02159201235841,7.042515289824688
27.993157930854952,7.096531159535308
28.341925878491118,7.058871430960453
28.325454784836307,7.108093607883294
27.92359310869669,6.986542667084117
27.3376457198991,6.936537354421177
27.114073281722874,7.087436414429862
27.336699870558228,7.226028637268271
26.941767672395773,7.203845717069887
27.804059176396272,7.126226032674643
27.872710012771186,7.121120428670688
27.465353255835687,7.009170520227155
27.627355390488688,7.007309709392578
27.734934359459732,7.067402325283485
27.76547010599713,7.232168538130673
27.652092485193577,7.276641232627547
27.071100520020053,7.284668779188341
26.672701541549884,7.222079343977399
27.105690450365255,7.199386300585982
27.09655983987992,7.265213442505404
26.82100779301404,7.244418625018574
27.245585725464775,7.434828656325552
26.6541954530382,7.3089322970702755
26.2405381732195,7.298520845881541
26.062991680784844,7.337517911971561
25.503653939313473,7.401334587808082
25.288653355313723,7.324698814825078
25.38167828723644,7.439940028369658
24.582982722926246,7.432460628773744
24.41937133609764,7.3719097606796575
24.155443146547743,7.203850874660512
24.427872641730005,7.062680761658012
24.40544868230009,7.1214162765764595
24.56875195145658,7.24852475960044
24.58475970506747,7.2503302142056745
24.230927999296597,7.098698084967282
24.518951470074825,7.019077336653013
24.678616493438106,7.065832262793775
24.703182497331326,7.051812320961876
24.20896849748249,6.984755592289062
24.021722035459604,7.014286047149894
24.492346935726996,6.9904243035080045
24.145581434567838,6.872386073117976
24.393085088836408,6.924525335151033
24.664473079885816,7.045207861464792
24.403766881533837,6.859156150032095
24.987387723474257,6.995382176675851
24.26998273208897,6.892138550111483
23.93414252399928,6.880708341700835
23.792085547944822,6.7740279605820115
23.73226910252289,6.819500297730451
24.112840059987285,6.806543730731685
23.858155344769578,6.712260141134005
23.878966820360553,6.748043735262147
23.969330740765265,6.767980726744934
24.67392321176559,6.89205476312137
24.500266237337343,6.903622068732152
24.61032515744804,7.041648146435296
24.597693151828356,7.023583814426297
24.2272318814291,7.041298424889855
23.831565506145314,6.948765499415305
24.724006193007682,7.055875884993393
24.801362514644204,7.118976096577944
25.275855946774755,7.164543364893587
24.788706416238377,7.109543146360647
24.46520496814528,7.070462017503935
24.332167352345312,6.989182159600697
24.09065395807604,6.999266527890369
23.724500582791293,6.961114344160773
23.76632224649229,6.8876015762848475
23.894786443214407,6.792684989250107
24.169716704607964,6.851209470967104
24.182187887428974,6.813136058195119
24.06825419784517,6.838096099487862
24.539063525516223,6.992746020586896
25.179258118032685,6.926981635394826
24.792517872765615,6.912793460839032
25.404162526732673,6.994718669884218
25.533343118828377,7.152095690284897
25.22333003611218,7.001648061972925
25.679998287203748,7.021946735551956
25.846514784639464,7.076924652488246
25.860285823389983,7.238914968155369
25.765518072624044,7.300445999533816
25.868802744757293,7.309054904337886
26.403565271572607,7.399845366391706
26.06073306284298,7.326185552880046
26.28995579523403,7.215276477444521
26.21049630706748,7.249805236756479
26.137345836415644,7.284431224313435
25.81759427156938,7.140685896810818
25.965727209427925,7.275893586806431
25.839666467551403,7.401804502064533
25.47792491212778,7.426057980628219
26.03930849702722,7.406275251596333
26.305256986388784,7.356180953775958
26.25091354596886,7.516842963998314
25.75052545531357,7.499523266855265
25.872755431910004,7.45159483050137
25.730111539797864,7.486399625554291
25.283659796891165,7.478475127116611
25.19926517850461,7.511032718368522
25.583013462368356,7.579610577234928
25.798894516159447,7.479403605615425
26.453472818362133,7.707966451438455
26.56583227358396,7.787407747936948
27.0861672425028,8.006665443667549
25.923983085838458,7.8963507373693576
26.012317468839555,7.795832051115479
25.9288863222651,7.622478949879156
25.78411063441611,7.596006777088009
26.313901768271712,7.647219421496482
25.635851412178088,7.568156351393436
25.809908628530245,7.493912220566218
25.685543265106162,7.397336162058881
25.859631972536196,7.2896374774353365
25.713929041805166,7.279470770717325
25.276046774328005,7.31671221707089
25.63129291515431,7.427760879086102
25.772597426145612,7.392701772623532
25.137672016350702,7.30631848739387
24.59992453587504,7.459980606587275
24.93398600921393,7.518888440530108
24.704985957562922,7.599892435205883
24.4157954014722,7.570606539072789
24.737387953384417,7.6034895078721565
24.67977398999708,7.617508850750441
24.82890426602727,7.639261477203141
24.52717384259806,7.614568656134862
24.125197078909657,7.55780723842145
23.623504369861866,7.485121213705627
23.45555879728808,7.433202821898135
24.4613093557763,7.682558216083835
24.414183932385903,7.6098375552117465
24.65879974497418,7.548042722251642
23.91562109949922,7.289008114690706
24.003353439417438,7.279058541874018
24.142441774332553,7.3520417794310085
24.114117203236678,7.484227995873824
23.92261225042462,7.450550009095145
23.961526690222836,7.6047209787974515
23.687354089950382,7.500315507634044
23.81237315505594,7.479628728825259
23.75509619467172,7.430990896791354
24.051719491873932,7.486442611966406
24.056894742831552,7.594167313043029
24.240868155168073,7.516578961003471
23.771894243391525,7.399464318655313
23.916094963623614,7.372937640013084
23.60979498622222,7.3422853578388665
23.100855004234067,7.361068220365425
23.019722644861684,7.444961571606705
23.097180700393405,7.552553387980744
23.21623564135341,7.536136128042261
22.787937522875097,7.586247812402747
22.680533518384717,7.560726752229133
22.52242521144592,7.537018849733642
22.0683600208709,7.6088494074723485
22.137495435374774,7.626722165032828
22.40955480926282,7.61871079167342
22.21083282356537,7.579572244964885
22.49304706402589,7.627530144275846
22.963968545929458,7.7297353334328855
22.98353967023911,7.698803509811065
22.83062643978146,7.42786527709466
22.52306627441994,7.265685320352876
22.30183446461391,7.280234384176809
22.118306289542463,7.459445508427108
22.032656686339045,7.342784514357261
21.7044861750927,7.231953030244932
21.673729543783363,7.142782335556751
21.840795908489213,7.200781663073991
21.9973646250445,7.284830522341553
22.504204769346625,7.393090013973954
22.87261172260477,7.381896171153858
22.69083169295827,7.359966465014622
22.44107377581662,7.314445231386788
22.342714490101116,7.252762567745135
22.241296235544414,7.171861201785834
22.253481089761948,7.15774643343713
22.36498708815243,7.0794111749705575
22.15335325906201,6.972016669195756
22.231537840269546,6.929062986579222
22.594529407896832,6.8133668966965
22.50975391143017,6.826405047252862
22.828496272803886,6.873768084794685
22.644563848719535,6.851253205940752
23.022626049190396,6.824034332382564
23.340381517109332,6.809499468092091
23.465399689016877,6.7574203251870815
23.450864345631285,6.799966265937117
23.59727641442227,6.773634877389962
22.897831719168217,6.8626954234042055
23.57765999248783,6.9241711592629445
23.700422032441303,6.892956161831545
24.189005761248747,6.944697011669037
23.532439404969615,7.05594365872357
24.08890439571309,7.115211665693152
24.198713074011376,7.110293603607803
24.4996571332301,7.0757258934705565
24.443150101929174,7.155636925388105
23.696443261091147,7.223390788906874
23.496858062679024,7.222055143924572
23.48040593406344,7.195324871410653
23.327585754968357,7.213393505857468
23.88859885662599,7.101762382300092
24.048074502769158,7.234263834007799
24.183360390225427,7.272063651338833
24.212529070602514,7.203496941909212
23.762096378725477,7.164236969558801
24.243121389163587,7.112994686269465
24.309336878588844,7.192787976500538
24.3782352335641,7.202461088072345
23.965785088668984,7.303333261580735
23.67155091632574,7.2936068517606705
23.759466241485384,7.337708593067484
23.325319713387422,7.361859504020149
23.60144245299409,7.374155355648286
23.697058229127528,7.332577600072802
24.42415975671865,7.420051629780116
24.14837615418843,7.447429749360594
24.227383642730427,7.476915146309915
24.16804788054062,7.566710485301634
24.305669883684505,7.612515195717536
23.920715223596996,7.613587038900294
24.17494677282546,7.747222117161953
23.91171083390036,7.829136966853105
24.251594828875813,7.842256377616688
24.026117602824048,7.766784920539946
23.860378161487304,7.790445012705172
23.572820252959318,7.825924359074994
23.492977182637667,7.837847181982493
23.464383148469853,7.884062959305008
22.992187524162944,7.914055028053104
23.042740930738937,8.116499913056952
23.66908023292264,8.149918118200091
23.822680581713843,8.114498539696585
23.945935943744736,8.035402482093133
24.24060539665246,8.047894125680244
24.477590071885103,8.127856565555362
24.317064178005555,8.038409448507052
24.386156167990684,8.121405288614225
24.474555467525672,8.052607573961343
24.27235508929321,8.08225263006555
23.996435727875742,7.905330723533944
23.903483539845936,7.944348736999599
24.256775192986595,8.01953177460846
23.48588036190224,7.918968549208941
23.557701350495396,7.849641319537451
24.00388686620455,7.934848038744149
24.43542225744935,7.9564548786077856
24.34343011020835,8.02784409582174
24.347402147166125,8.069910085865626
24.226854203920166,8.013657720155928
24.074303575140032,8.145131426946637
24.363601597135293,8.245039915811276
23.87927399726862,8.330895711835812
24.775517992645927,8.429234632959682
25.003249284847243,8.34981655724622
25.338607454143762,8.446306055308565
25.203497845069755,8.441492977112391
25.100133192696312,8.446158522011117
25.401823867849068,8.523240102904335
25.021486899382595,8.393227292328984
25.148632846601107,8.551954883159807
25.183246556861917,8.478221405393684
25.63108449040625,8.384649194972713
25.8460617110094,8.38447708008818
26.06502734010629,8.3680765188444
25.620511866171427,8.387095213872053
25.719231661666306,8.365066288486476
25.79501748674552,8.433531388359098
25.388581284429943,8.35301023429934
25.133721614347433,8.471267592623326
24.98824568762318,8.44697158528546
24.656851803326497,8.419393617639356
25.40170679612093,8.52414769373825
25.26575929674444,8.614729410185637
25.595808304137996,8.512229879835646
25.500068371186078,8.58620616063938
25.747360544127222,8.62561054084899
25.688126285251613,8.519443699820883
26.31564205292476,8.667253816616242
26.953663019961766,8.713746530361526
26.855983414085557,8.753140118395738
26.235831655203253,8.598214061557059
26.20601090753122,8.62070708126381
25.86924612185071,8.59370259081532
26.199678052318895,8.786116478636433
25.06121962567908,8.760948074742167
25.631348194550554,8.840853032126128
26.02615532336265,9.0061906792612
26.31297386271099,9.1156130622518
26.15067674247341,9.07668430194914
25.93514458435885,9.053053956992589
26.28899047724334,9.081384367694076
25.844384971337146,9.171285082498787
26.886916718731577,9.242269343581988
27.199636239231417,9.411048481657136
27.69889188097949,9.407000628467939
27.966578480784765,9.48362995109337
27.969448531439276,9.526270762473604
27.519733135126376,9.559884907399676
27.937301518555604,9.407772073621551
28.040254373014697,9.385394503259379
27.649980458736835,9.376211438754288
27.725299845526028,9.405051069722923
27.662116953522418,9.392644188538247
27.78167186879462,9.383327460545862
28.435276942584952,9.266454360387243
28.52716830329595,9.256142714082086
27.60177108241838,9.181156670588566
27.81162747767915,9.150643484936747
27.858423667705953,9.055881702247817
28.048253504588978,9.058484098867794
27.94521935853629,8.988451125954148
27.78634318581103,8.9431389006843
27.94577498663798,8.839730247320732
27.464766432535725,8.688577898986688
27.56696759519785,8.726876979479243
27.49997188642143,8.724620538056541
27.886665434392672,8.815705084956392
28.43169444105801,8.899825185167652
28.37799211592808,9.027874215744404
28.915150909691132,9.103746102619677
28.270086486468074,8.924928703678379
28.002098489565345,8.905223495480815
27.458050782304483,8.979715060283782
28.215767848055606,9.028986468451333
28.499854579724555,9.104352045661011
28.640966449350188,9.101117203669538
28.298388490502425,9.081674481325486
28.426871721465847,9.17110855769237
28.940922114044383,9.133764094385759
28.990045037794616,9.320814456323122
29.119400134135656,9.404518401462166
29.09752344965631,9.557539200110988
29.229909191703612,9.652094688221666
29.99276524347411,9.579037950537199
29.6196120174844,9.632980534510788
30.07282349967528,9.547872869898205
30.261755529085903,9.468269302514262
30.370705465408772,9.389837384365583
30.560542644020554,9.338912717266803
30.39294231469473,9.279746009154358
30.968255733348094,9.357532601949089
31.11128438436749,9.544516974367864
31.1212577136587,9.71594454997626
31.157963944240116,9.818943408929822
30.653844696157293,9.880856576453459
29.632631496097833,9.61408604937729
29.48497401875131,9.532386349884941
30.055699473119635,9.664255617534263
30.189279298498313,9.668817624812887
30.32594107743824,9.7527714151298
30.902028092037284,9.688222929646173
31.255288385706667,9.604975729538175
31.79182635668026,9.69694127677691
32.269159384312864,9.640881897384746
32.43040225939156,9.519485255323463
32.59632238897052,9.573652140696502
32.33297318130253,9.480417274711861
32.4913517519184,9.439542488311803
33.10101199024365,9.561103161677257
32.86452943243822,9.595775703892462
33.27798062440343,9.58748175188578
33.466026178638046,9.540127059358246
32.76558987535282,9.540265834742238
33.1548193103758,9.527448905725649
33.77419925707672,9.645966231134228
33.545407405074315,9.59485604325324
33.04125110592403,9.537514550878766
33.364015504974084,9.665666417629335
33.801234472677685,9.760934643357007
33.74674910118339,9.739220837685146
33.42564726411597,9.826856628080142
34.16908258377757,9.757555090125715
33.939458476174835,9.72234952728713
34.025215735164984,9.820364018276269
33.663785581278304,9.759345951007244
34.02322330374849,9.897986778636763
33.01392294358419,9.926426413214891
32.87193962118691,9.912372560077394
32.56093038910494,9.849022039412386
32.5745683846952,10.023366674219178
32.55935935081692,9.915682587664422
33.308613141614444,9.835799874960964
33.05908701560312,9.778197628779665
33.00787122910909,9.720669550568683
34.04529563478449,9.879120816170815
33.97767708505525,9.795370292791599
34.52144433495238,9.823375266086732
33.746520056636214,9.62993272770955
33.5332092667181,9.778291717379087
33.34186737022388,9.879091349939353
32.75666886101147,9.913545735599042
32.491922110521294,9.922761402807067
32.89563006011541,9.839734916165844
33.93419470590941,9.899553253565703
33.70021298905895,9.793981874740387
34.20857193624748,9.946349446948293
33.176540841369274,9.889960903612067
33.02861196946361,9.98832306485198
32.75805373970456,10.050112400300025
32.63459447712586,10.228158985193254
33.131926762681,10.121528163075771
33.65473002848328,10.059147060930512
32.95462608187509,10.176594930435833
32.992324082667594,10.284530237328873
33.41064855214755,10.527856807790846
32.79821443351411,10.360992147465538
32.39172971404287,10.343969748423028
32.14216277424178,10.545455759962227
32.758730471340066,10.588648156285013
32.173351015109404,10.529618686457404
32.56893264683427,10.577856435582344
32.914720455462714,10.603329674959406
34.05256932821625,10.430123375993702
34.35041817170328,10.602857730320657
34.65785455492521,10.694918393196863
34.46772925230697,10.690181158102375
33.89905061896262,10.57267471656397
32.916059439514726,10.364311754450194
32.964616111519135,10.356021446268999
33.5272600533278,10.348850335724215
33.865906107528005,10.409882525728817
33.8099203364424,10.285966635146426
34.14078187270623,10.434362138378992
34.9881629658703,10.468040479762545
34.705986977906,10.636355074280347
34.44893215858093,10.548213307692247
34.719756618609814,10.45013477719968
34.72502560930205,10.435339618388108
33.80901437325228,10.298966309802916
33.84190841075763,10.280309700509832
33.80720091911029,10.323181131454973
34.33224072863881,10.367478332874308
34.70324183701563,10.146302320718874
34.360810636125606,10.10833891962107
34.49030704363253,10.250898976147615
34.84222052923357,10.371707205695717
34.45785978198263,10.338163708256538
33.90964387301885,10.36983281339135
33.7656238312949,10.230273102191966
33.70496435164435,10.320576358263926
33.986690467966405,10.004707224227317
33.80244417906361,10.11540048539923
34.051782882067315,10.079817505434557
34.16408278434142,10.074779447765868
34.159230696321146,10.17656637399434
34.56813281637707,10.076730869295677
34.91804461979849,10.163737423003735
35.55294068122434,10.181689301483216
36.14844612700483,10.379102222767166
36.65234485576887,10.383388509306489
36.24025065196838,10.45485171743818
36.07697705002806,10.501798973492322
35.739265532884986,10.548175570598165
35.619944271693704,10.442670161282495
34.719237506177805,10.213925944298337
35.19490764420716,10.06912813897945
35.28696601424003,10.100333899628014
35.82777726789259,10.139499576747408
36.49715103103835,10.16008357210338
36.48299545180341,10.255519522622876
36.73455324982229,9.964233732994133
36.421255031231844,10.248277792732825
36.12824948280831,10.285712334600975
36.0338384653795,10.173868747808521
36.171783613059866,10.11532285875886
35.740949830195184,10.151723071717836
34.840438524793825,10.065861835862039
35.742968820219936,9.806348699338061
35.60023510545325,10.017005827557682
35.2276156994473,9.980329692299632
35.11654623934759,10.030290431756445
34.848405578699094,10.022663577656436
35.58289287314371,10.026791269610976
34.94669970179644,9.957041649208316
35.148992355603085,9.955987681161945
35.76646278576192,9.896723785091313
36.12012106490171,10.021979191536415
36.80891586184057,9.980306010957435
35.994198500639385,9.900771339281063
35.110382724628096,9.998245309772251
35.88286187259592,9.972131853570849
35.435099330085045,9.927734094260428
35.663682641792654,9.930907793413773
36.15431793440425,10.01643269647836
35.909889456778075,9.964162539238721
35.24548848283988,9.800781969736727
35.463183010026526,10.030042081686378
35.431957601330666,9.984187345844123
36.08816783052624,10.132230942534301
36.742321632840365,10.178760358523071
37.1072924359004,10.050355992844464
37.7301131486259,10.073021053108587
37.625220098078806,9.930647255787694
37.80908698772195,10.081103591733669
38.945755843117375,10.432786147367187
38.86511032684304,10.512970635838004
38.639197832197475,10.496035907082202
38.994191573208454,10.391678323336686
39.07620873701094,10.391100209894853
40.05459304821285,10.648253568344193
38.88646046547752,10.55788451074099
38.83975233711157,10.603500340904
38.67612177472913,10.342032689260481
39.299859821285864,10.593490611035495
40.35482070242805,10.570754599002099
40.89611688971843,10.734207715138936
39.8696127320096,10.484668095115971
40.52571956329778,10.36192112163044
39.984871370731916,10.477425112204699
39.52411841591797,10.390333404119122
39.16046447564737,10.441066865833765
39.50179242453797,10.40172596005388
38.90453547042873,10.189674516673014
38.728319833869534,10.42686375520535
38.749302005665285,10.385678734311627
37.98101318199789,10.217963825542698
38.4727666973317,10.238391328812163
38.24506310656774,10.355379942358137
38.79947181021212,10.387620240316984
39.20264663451395,10.392694846225831
39.653443504083484,10.212072683004667
39.21362980980102,10.16584579081564
39.25001123654541,10.28832247110259
38.18351158479836,10.273233020253954
37.45611637629754,10.30641975728658
37.720532024983925,10.578532414153903
38.110394717481405,10.636411856070623
38.175762688704474,10.688278559911462
38.00235993688328,10.62503795892403
37.827129028331285,10.722020830979732
38.25586621095043,10.609165587563027
38.79094701979199,10.715311866267657
39.19492303253075,10.810510205926
38.678924931306874,10.80846708843674
38.63042660918575,10.828599327151345
38.264900571416256,10.830991943584426
38.21329230343165,10.752393296948881
38.56564035804043,10.951236929540967
37.87009249115998,10.870373441984425
38.20647810562003,10.82364561296974
37.17632575057569,10.73655175623313
38.18339021396558,10.891328011841443
38.50326839269247,10.81168601803133
38.113297411069524,10.809335466347136
38.30159409430217,11.052890828737977
38.18220960855947,10.953617828641981
37.53989143598264,10.929116775051904
37.71746667574521,10.87249683006818
36.897763094289495,10.766723658117987
36.57611699069691,10.79402255103191
36.337835310916745,10.920543555268768
36.33468873635214,10.983294003231455
37.04912003087231,10.925347010865387
37.313589050104795,10.853860692602074
36.789193790739546,11.005091424588437
36.53340134311518,10.864954596315467
36.511766363322856,10.83251809807756
37.34870210759755,11.000557968011298
38.43668648395096,11.074410231836207
38.528389095878715,11.084403744389265
38.72614443242929,11.207645726095723
38.27138689714474,10.979267141352542
38.95267872297188,11.002339186488024
38.11254489660263,10.803184002193207
37.9131186701536,10.706694014448273
38.238855812053274,10.605020285100236
38.26168614605954,10.686226775635676
38.60419001019889,10.861171671280832
39.54799473345418,10.894684776298922
40.074323929428495,11.075499971604458
38.97592355230085,11.12178925948843
40.130805290608414,11.20027301696913
40.5804056838619,11.119745024511545
40.36368769591034,11.249828978795218
41.070005936616106,11.202768497887151
43.18727024369661,11.304554224261445
43.7135652384953,11.4258420904395
44.17753661545953,11.543581714951621
43.88941348037158,11.371699833795747
44.13234604736048,11.546163704536076
43.29682439902741,11.471530720430119
43.15608693770649,11.723375611656365
43.73304192152515,11.785412063678404
43.821812912510566,12.039764318258602
44.79702679794696,12.09283314842278
44.24248230820938,12.032731634060816
45.823661802169106,11.939992770887923
44.34336827849129,12.032128995978914
44.74412337466127,11.961263854989143
46.23969863414139,12.257397182187105
46.26711844304741,12.337553542333048
46.65590893725861,12.022722239909346
45.830412802789276,11.881392458813867
45.72532888364392,11.64622943609682
45.71242720376387,11.646975593452131
45.33525623317982,11.724281576480456
45.50035028837741,11.552568088843515
44.870538781789385,11.477430268419555
44.991103262228464,11.471796699073844
44.66725176757217,11.393604849356286
44.82128771852245,11.592855318481282
43.58626319478383,11.654677514631002
44.59127094771545,11.7420570001218
44.26133581084268,11.600876161588806
44.29192763389807,11.850054270223996
43.09293307234479,11.811297699454851
43.705152473207896,11.813431275515342
44.84159534125305,11.913037185119595
45.623429292965476,11.955477579883214
46.061888331677004,12.067140188976483
45.35412056190021,12.005465473564422
45.79275419046914,11.828183044233588
45.74950923644414,11.838715662788116
46.014428693213716,11.709846133940687
46.30311896217021,11.662335522692189
45.57547564868553,11.85114134506379
46.694732296534916,11.934720019817325
47.40371652220107,11.819269868619863
47.76480583544584,11.808351381305329
47.9501385995315,11.89572748235186
49.20181382868873,11.929363291266538
50.080254791194804,12.08027612252955
50.14414509338008,12.305231632966475
51.0290590458054,12.349295780874947
51.15768041936557,12.249846247949295
49.98937101681442,12.442000006590124
49.995924214713334,12.535453636903066
50.014164901145854,12.312872009945636
51.01731505461371,12.375092640979956
50.31574025513473,12.39350279855585
50.00691854319346,12.341910346746353
49.73765441312745,12.310602281869546
50.04797618300879,12.499441850135558
49.931585737023134,12.445131051163399
50.30795334076571,12.679305107199687
50.37826903931808,12.43145209972212
49.06018934662552,12.222897240457973
49.338839565416535,12.313155275040325
49.783131369006746,12.260478122346594
49.92879639981618,12.33190159651565
50.047119016530786,12.428835978319412
50.8465633340711,12.388699611846306
51.44198187645058,12.618843583465598
50.75794535496424,12.55693838059981
50.81028553629259,12.694488925302593
50.78624255890029,12.917924389958717
51.296675257178215,12.558491995529383
51.33545741123568,12.608418174179059
51.403180792703594,12.754099613385554
52.14299860458309,12.702908689310975
50.57395585787007,12.704111383822337
51.35027393453535,12.702045950430039
51.36675746990778,12.516035321506875
50.46296825467586,12.519000222557306
50.416751815719216,12.639870598835687
50.818192012441884,12.540680331957004
50.38458233869002,12.437888044016773
51.11072473457949,12.592918492837654
51.576571718438636,12.582989974786456
51.63709674909713,12.765196268619048
51.29131443365705,12.723001138221733
52.393036087000006,12.97046240352969
52.647969487096425,13.179188757735647
52.57741837795392,13.297738241025739
53.13726911001826,13.229113668645676
52.316845207272046,13.294384802268706
52.72817808093894,13.258002533411005
54.09519171596183,13.336992841789817
53.63701447975072,13.41354129557777
53.987141799164874,13.456734126621718
53.9383864429661,13.567246282352674
54.04495275085772,13.565755148300012
55.56936981353436,13.613933636475487
55.61662363222323,13.657879328572557
54.402202585226476,13.682697673897204
54.13779991191072,13.682464098517427
55.46603813675743,13.591632475445712
55.33002423003675,13.641521125830437
54.34308139640876,13.83297246290674
54.49411591680013,13.906060330055025
55.395579378763,14.039270446881178
57.03522571056866,14.18327259295128
56.174772807718526,14.23225457142423
56.25941971691831,14.33645282131519
54.953571959081984,14.269392711228612
55.51232731279366,14.517881991267458
55.38855301876647,14.62200846382501
56.01259032830426,14.72324709244282
56.313808153694836,14.572311712371198
55.85186622610369,14.709902689297929
55.13956757187149,14.634922532463552
55.228443119642726,14.790750129380589
54.227759369571054,14.817827641996574
53.980794941980406,14.848592325927617
54.22698197912093,14.86294198010572
54.84539603668649,15.027708091232773
54.93510010183126,14.991715317278707
54.72596765536099,15.108254010885915
54.34193406275059,15.136772014199751
54.29484663151667,15.248346554058198
54.097309038416725,15.273709097301559
54.490606805668634,15.050592383662755
54.35433445060699,15.143422993533559
54.015082931527004,15.166238087339885
54.0431055438512,15.207327189998075
52.72840912610533,15.16362906675307
53.739672656762615,15.350324478037681
54.19029088043117,15.579369070932238
54.66776086560744,15.588155054549999
54.73727169955305,15.544173343788875
55.261547864486865,15.781163689032237
56.47127057130637,15.855413491775247
56.68158962861725,15.933293618752886
56.278146412318435,16.13170695834569
55.951978301735494,16.1355472995377
55.96421209975057,16.438742464653416
55.34265046331869,16.58952695250313
56.45260333243112,16.215772515398452
55.53455192593603,16.197542488947924
56.30593921348607,16.046112458442305
55.83579937143769,15.953705744474952
56.79804297458876,15.901850004012074
56.37187887495398,15.909886241395462
56.21716870504474,15.74774361901423
55.815492878388426,15.834384334504827
56.59236847861982,15.888653307749152
56.299921187172714,15.929572135776768
56.91255103633916,15.809356425753796
57.27995658198991,15.95209874059118
57.992174801813135,16.129468565035012
58.524077029577995,16.585480848133955
58.900095989833986,16.666668556588473
57.76451811755526,16.284772022816668
59.02419547134811,16.445036836533685
59.708903532935956,16.304843601920684
60.15575825940718,16.389472863412358
59.71729335792746,16.41962037029149
59.79341553432751,16.502473463825538
60.94733357008561,16.496506402689004
59.412526795959806,16.37501199019953
58.26256335381328,16.2058152038351
57.07208610781047,16.16022137829999
58.75857298638091,16.268686681289935
58.24102809038261,16.25896990796791
57.977367617751945,16.131545593691257
57.8210558762906,16.350673499995505
58.14674927345382,16.260790938605567
58.697804263201334,16.15874498210683
59.78419392209048,16.080739738485047
59.521727443726384,16.102638142876025
59.53004280145357,16.283934160662575
59.71508949926918,16.47944422032068
59.52234250248671,16.55602080571618
60.295211175174806,16.6460884193959
60.020083855965574,16.76784801021029
59.62647689970832,16.970390793313634
58.5254774754393,16.8219370985741
58.261384836501584,16.63066245112655
57.781647578864124,16.33656748280837
58.703607396876286,16.055017742400796
58.484373002593045,16.096733836018917
57.22330956151023,16.159851508418562
57.89287076318362,16.125504216860232
57.18752460164393,16.20663433640583
56.87564430588397,16.30740214928331
56.349928950975794,16.42365276821169
57.251943091818646,16.588128265653218
57.622242191620835,16.908260158683518
57.447987388486084,16.86362628176094
58.09825877957762,17.020192232614928
57.83360175872362,16.938483782002756
56.92105061457094,16.871763630905573
56.41077560080854,17.00879609260819
55.54087555490738,17.23486285163758
55.7570345123175,17.21981360894354
54.18928147795126,17.042107219604507
54.38372956751109,16.860528810745784
53.9585150727887,16.553022961112475
53.38544695289062,16.58823474202038
54.006453057792335,16.75857389949077
55.35282996517921,16.864286655746042
54.832600579039166,16.611190697306085
55.51147006910722,16.49253154192787
54.76910550540995,16.841250968091927
54.49504057056042,16.809020438748853
53.4399200674816,16.682148901502686
54.06356602131194,16.5248796022618
54.45317487215348,16.515383096169685
54.2100654438534,16.688904020994073
52.97718677447262,16.769929715247805
53.61300011404475,16.824181869317947
54.645456139368996,16.960746072342523
55.191296970989995,17.22658562627779
55.823132589539384,17.291872342524716
56.94671146000043,17.562199041740914
57.057341254878146,17.83704391918609
56.6645662224702,17.79887129938472
56.38116843780517,17.711334493457066
56.77799962211486,17.910538267009276
56.459234158975,17.876337021420742
55.90009422309378,17.7642151636921
55.40692752884039,17.663221320167438
55.71750868266361,17.86285610998869
56.11352223980422,18.00010614668327
55.5837693998366,17.681629133989418
55.389134670636686,17.839437661913625
55.30170830259967,17.906485967964603
56.52989058631226,17.945297288079637
56.51154345127614,18.168284697919475
56.29074092076202,18.08170914152885
55.11253803839239,18.118786220577412
54.39908079686419,18.23106947241077
55.77143137604712,18.408968351996236
54.99778189312109,18.41352965306376
54.96944955697502,18.48874496026411
55.67329517545976,18.517710464544074
57.34202119961661,18.48595747267099
57.26600548769544,18.659844779643866
56.40835077132679,18.411351354538372
57.17702974326572,18.51778609188782
57.27346241405003,18.29165397477498
56.28426650649266,18.11702568357991
57.048452280156944,18.38400537887772
57.52372650621857,18.62269175914366
58.96389764384495,18.6155763338334
58.71035573781777,18.551354620766748
59.556707060666774,18.819812011347334
59.88781151015635,18.83142101702978
59.111077797620666,18.749442779867863
57.40797477330438,18.667776138649568
57.229138036615524,18.67321179210414
57.759853512237605,18.909070449728222
57.16770797090605,19.092211860637242
57.13794811603673,18.839973670854523
58.9694380190674,18.965333792788652
58.919732439864205,19.122382280093298
57.893232458200806,18.859960500925947
58.2167684908761,18.880136560200135
57.83218438623417,18.86062723816726
57.71059284078044,18.55900848039748
58.58024676982251,18.530233646320873
58.64218429409634,18.526026524884823
58.25408520281519,18.441416006319248
57.890236169961845,18.288448829863324
58.0564646662022,18.098004472942915
57.63785279718159,17.766098279375598
57.37718010753558,17.760348848373532
57.11089557063478,17.67358080839001
56.127409911694265,17.947571430113715
55.71386026430121,17.90138965220678
54.937442666153686,17.609656025615
54.67751488527035,17.305074838266695
55.7210318391383,17.881082934626484
54.97034242703,17.64746486836697
55.999079415839766,17.518919252458666
57.68693830343302,17.525645492188985
57.6811823003613,17.49924789958863
58.324358003168236,17.478850913481114
57.430324966777064,17.611977619421573
58.066876453094096,17.82909916075905
57.41997209277427,17.520720258936198
56.6792832837751,17.426591893042623
56.24535640090811,17.334344263289193
57.15615748840407,17.315039181519374
57.5266900811808,17.657571493592382
57.70278453795124,17.274164505313625
57.94653619002298,17.389490271522167
57.46061999046675,17.71578354808361
57.36846136390712,17.69668187928974
56.270729488402374,17.79467400921181
56.25793973256476,17.91865720514235
57.5052478091063,17.73156925641579
56.41946308968085,17.513632248726967
56.14178173056296,17.54416770544934
55.60233998805528,17.580363787147217
55.02623158509338,17.50345881210121
55.33703707974769,17.310609751247213
56.75793793771733,17.548892336099097
56.27531858263854,17.3228861346234
56.5215390353078,17.259778606391038
56.70522425735563,17.240322997986866
57.367001020665434,17.207586064536176
57.53356694027642,17.286161545147376
57.95519632793547,17.099409237634543
57.392753142648004,17.366977174285225
57.8994426126062,17.508158243951023
57.32980601007379,17.39879947440709
57.41520225550359,17.515351656896996
57.10981790092199,17.325687378972177
58.40748029758136,17.896761490759395
59.541914520254274,17.75162319525383
59.96795666952405,17.960995439088766
60.53570044873303,17.990924796063624
60.43842067645184,17.92820349616812
60.40906007907027,17.959347799021536
60.29106763182935,18.138801739242737
60.90894679112401,18.449593141257985
59.80128837642259,18.310140430721482
59.53500610793469,18.086192290187284
59.65095941124255,18.113379737575766
58.932653537858066,17.918795409203014
58.97429847172771,18.17302870456625
58.3540027054726,18.359323091905228
57.840234596746264,18.127422306682057
57.40248808597674,18.33952176207099
57.28448386732203,18.115465444333527
58.455944455841674,18.086450275058425
59.04343900512516,18.149440628041333
58.11140702763036,18.308468766695785
57.86791307153026,17.985122768857366
57.43657727009098,18.15719662090508
59.22374681329074,18.67051133238831
59.57898306822839,19.193058022513313
58.43634851795245,19.174596220856024
59.32485735830994,19.136487441166945
60.545439103268706,19.06933477211816
61.2874797017548,19.159308964965206
62.66837841886319,19.068316114100885
62.58056252049377,18.696807716369353
61.91414977786931,18.537425759412695
60.372423572669305,18.53535046898811
59.201762707407774,18.25672404578649
59.95276995602639,18.31023360678373
60.17060790079107,18.200662839399946
59.66881272328118,18.137158994335962
60.5465528665648,18.114552780535472
60.74775840334366,18.102570036611606
60.896641322764026,17.985402978011464
62.840777395123915,17.94084413457788
62.54893844488366,17.962077563907517
61.18802510542654,17.98155262967372
60.42199230967675,18.06321966374534
59.89324672556263,17.989589223750738
60.67377741407899,17.799397709124122
59.96570198725032,17.725067137383643
58.83427139340557,17.38220353979649
58.80639432850188,17.53509470473571
58.37836545531713,17.460463687257622
58.331121564829544,17.62908798443153
56.36159014603932,17.484255043227545
56.29920894113827,17.403947022026856
55.79661887103711,17.112076373057878
55.60174062866042,17.20917044553719
55.76021736704843,17.456120604980278
54.795482138938965,17.153430473840544
55.05746563933116,16.937549187726983
54.97126377276652,16.80390130264976
54.37382576058805,16.812201512879362
54.44041074318959,16.757997873432846
55.12197821669522,16.384464818008922
56.20798864997369,16.291472235096514
56.446993744842466,16.468604536522253
57.10847200193117,16.601609549486035
57.36335688586851,16.703951993476345
56.947194794692834,16.20688493937687
56.6943201108526,16.222826433568187
55.917790342891095,15.997991768102986
57.0785901721007,15.938564929500219
58.224997171430445,15.94326655555082
58.333253727734316,15.936175591869015
58.02064910779771,15.725233835046069
58.12506914410262,15.887898245333208
58.03580931763378,15.569164230935012
56.80311544613932,15.294684983589708
57.49696158089408,15.422221659200687
55.95896765520017,15.218251504496331
56.42761192352839,14.890308921997027
57.010331668733684,14.514963078063696
57.18873724824893,14.665248411878668
57.67288107900265,14.554199798704401
57.61168613968931,14.673869967337499
57.46588796957533,14.229178363980187
57.36561514026406,14.237068575109113
55.858658385568866,14.24986510853637
55.26602061791797,14.15873430815844
55.75630492279578,14.435359518878608
54.787380105726704,14.393306805535378
54.909194791183864,14.443390514430401
54.697547325321004,14.63778254728616
55.80043715659441,14.65357582596149
55.53180435230889,14.886993780559612
55.90958699772941,14.872132862430911
55.275531077850474,14.897607936534937
53.884703955448245,14.866481270588688
53.83484811252122,15.144003710382641
52.83131268005069,15.074593446948652
53.17733694287216,15.508737697470055
52.96736753344577,15.701408592889395
52.51035725771583,16.16461148078964
52.199052502731774,15.719814675862073
52.471494880907485,15.639647459011641
53.13125290070492,15.839630190606037
52.7193142146469,15.943646251654046
53.17818854574231,16.080438729974006
51.521634804379076,16.019744525486193
52.64237116771563,16.245710856364177
51.58427609268697,15.974876478424022
52.921682964417876,15.92433615969433
52.51241228112731,15.998747713294318
51.78066295061403,16.022268083620222
51.85687672798108,15.946666758795748
50.9393163014424,15.655781630329937
50.88322742573377,15.385096136093589
50.63170484218068,14.995154151869468
50.51941426058456,14.582080196417856
50.689381415530086,14.624524322330585
51.07572784909881,14.455702469225349
50.76327947712123,14.378569554071776
49.6538153816569,14.596640051925155
51.30249001302023,15.003128084505754
51.032621960636135,14.630482938200286
49.98728161368511,14.889761953235972
50.04340647845979,14.877698038309054
50.64493964301458,15.034920815758715
49.95911216375548,14.923631937957781
49.909203629001716,14.868560675824533
49.0022122520427,14.635789791600322
49.1637939251594,14.571873399884204
47.16100545289948,14.489003918512118
46.59837922399982,14.628824590711154
46.86809331546733,14.756476696673637
47.26847102310878,14.511961428225243
47.68072978096908,14.47717625350529
47.92686132517944,14.441794756353316
48.87232491387199,14.522073548754593
48.515958490890284,14.502093394668886
47.83338687131584,14.645299128696625
46.759360523715685,14.696458806842664
47.08130646741755,14.962160252676757
48.60518528713148,15.138143812320031
48.54493563536044,14.958353875578062
48.21879640273232,15.05191456537016
48.11769378378459,14.955237487812406
48.59051921286054,15.357047241002943
47.71254324044925,15.141602240448249
46.840166646997694,14.876271233446065
47.0760201962812,14.830236735439469
47.46315180827199,15.101715311494115
46.56086175595043,14.783170020365326
46.612880097717074,14.772591956913363
47.61078558559128,14.525558386924407
46.295741922987375,14.354361832358803
46.21202446089003,14.628188151021893
45.64808612023875,14.588741148349204
46.97846159161545,14.671858729324715
47.80772542888285,14.803428153089856
47.37091283848215,14.973163470628345
47.36481475739869,15.03659021239621
49.1439231123876,15.174939684279359
47.87964091484954,14.884449309625891
46.496006269151906,14.473076312714186
47.67157054986162,15.074859909454606
47.37564768947724,15.060367735066992
46.813531580783,14.783526368645921
47.18423358534972,14.985337905782028
47.56370079877605,15.234202510254166
46.91937463004857,15.127539202677205
45.99318168319698,14.79680184851098
45.62812209091302,15.001395555144912
44.44669029201898,14.904148323442358
43.52689851141311,14.887913223710411
43.00939551694797,14.4696123440832
43.68846458348778,14.275813135194973
42.972012826369784,14.027447803265128
41.57340872395552,13.939523011178307
41.0470822144808,13.776926260904949
40.638531410400624,13.866473787297359
40.12228210549044,13.64878533604734
41.52040105899835,13.946864762332776
42.50862523860885,14.010086686048831
42.274139675845554,14.117895515037565
42.79997746111417,14.089304833719241
42.36063482664822,14.329348854170021
41.91344783830767,14.667539664804872
41.890249830090475,14.400579388278906
40.38956675403226,14.390128981520828
41.71660462560465,14.576728935835575
41.485956449670724,14.113639677721153
42.07818546829111,14.400971582232192
42.18146909062501,14.3647619627336
42.31912435354258,14.210156557962241
42.78909195123677,14.271769271697762
42.60531134179862,14.223351513312338
43.20851922322183,14.445188924482641
43.497874480890445,14.376239009483468
43.71856932796385,14.523554106302859
43.524277986779765,14.491045586471797
42.31000292231679,13.980241359473084
41.64394891730676,13.786896139275157
41.81048130956159,13.725880618047555
41.294218159578634,13.757605390177646
42.81754334965316,14.053426149149994
42.86582818919116,13.937931643839681
44.05154661314602,13.920993876515166
44.13791546030445,14.06786249887516
44.10097726893751,14.159967418027573
44.89329045230794,14.343087455329918
44.55287512885357,14.245983088170409
44.66913678899225,14.41667683034073
45.200776304810184,14.566034655823673
45.10844762528439,14.567142202736784
44.401827076422265,14.725799625580988
43.83318815410037,14.701814395754662
43.53853598854564,14.590699682974662
44.15099701364021,14.65082190202339
44.32720643530405,14.464060274590171
43.926309592659415,14.603848217037045
45.35860373752698,14.627928950666268
45.12613629689751,14.460856407219588
45.98522631776114,14.515593132831969
46.480737101066374,14.566136092383053
46.667353887014016,14.849054763184544
46.69937339800668,14.91982526188095
46.845526962517646,14.926933336716568
47.638415393910904,15.13388442178573
47.16393986888735,15.263341865254548
46.87914118401578,15.203138699849372
46.45628060320069,15.349619950852542
46.43463899517899,15.229168921457791
47.100358300318206,15.263404313440006
46.70703993052896,15.20700990547036
46.01880927006712,15.228331718600026
45.37632902903293,15.17660037310422
46.1176827883555,15.055632845889688
45.118288915894254,14.920042189587043
44.62724650397683,15.107305760414715
44.8609917636564,14.73214232807991
45.32665958193973,14.555027571966058
45.720892433515765,14.562525124586799
44.692229783449804,14.394476411408633
42.95623703918915,14.243205292724124
42.47203290657547,14.146604913874317
42.856472859315524,14.00510308193945
42.64609023370788,13.826275610938643
43.02684180474716,13.850623080001297
42.97966636251313,14.037740938258006
42.63349022053811,14.418781029774065
42.98172963300657,14.436794538919738
42.85732359274659,14.498189070185772
43.20737933660225,14.452935569067439
43.48120787655856,14.58248222409395
44.79776854192431,14.723098754963868
45.1225422818636,14.966274446639755
44.67632309640987,15.130094149906242
45.07279752131766,15.03197213148982
44.60933141506023,14.944127797999549
44.973795024437955,15.082189764918478
44.32338242583101,15.181415328406565
44.56124224306987,15.232352743756515
43.49857401530531,15.282978001749218
42.44054207285973,14.963877655806526
41.63681933024103,14.951610388164704
41.563832280453454,14.958803120626058
41.10757220328029,15.048755133805688
40.63171502034692,15.142922554898814
40.61580419322264,15.30363178851543
40.817230030928215,15.086999776801903
40.34094337836805,14.832515460611809
41.15305109928224,15.132526083099492
40.658353863239206,14.792782472591368
40.16906083421058,14.401208870086524
39.540476526854775,14.157794425953991
39.57917097889032,14.651905308637561
39.90369051988141,15.018362681388096
40.24810489482814,15.55690873259024
41.29470666769988,15.520465643960797
41.30759983265939,15.2136418616045
41.022140257363716,15.185207312644383
41.11019548714791,15.580143122252432
41.317915201992754,15.700031235716573
41.0400451046132,15.615708074917015
40.69774411426382,15.627076840273967
41.56801453817258,15.88618124666837
41.92521719775659,16.158938825857707
41.69256415231156,16.337684615708323
41.613472202225296,16.423180586403245
41.441019914239696,16.222611963205566
42.78379987296252,16.26258356382324
42.893452210749196,16.331232017961646
44.237497764113755,16.41561900065054
43.76283898032971,16.47294721365786
43.891175518777445,16.431754481242233
43.599359413563896,16.314599575295045
43.75642631232423,16.376140782121155
44.22649362895965,16.2810796955583
44.88163838923832,16.522920415054266
44.62288932721636,16.862014807366634
44.35474646280414,17.051731365155995
44.07911265358588,17.34930782559644
43.91863170181781,17.38251374432366
44.45677741715178,17.410046482884677
44.33483987901917,17.084666463475862
44.34940512178732,17.102545755571043
43.4493657238241,16.840651097972085
43.262910714806196,16.851858449949074
42.99102648661038,16.91033962609579
43.280498546447376,17.016893365683462
43.448604182445365,16.943371744509133
43.53260102378692,16.76069908456625
42.84910259892101,16.85023019428801
43.059061289877015,16.99766791136153
43.43245546330551,17.04006098186193
43.56900553992615,17.155719610421087
44.485064147384634,17.251976494142287
45.15909565783496,17.0848664819381
44.76636179269848,17.001571859223343
45.96409387916296,17.025689101231915
45.59728608758341,16.872523591979352
45.917311876919385,16.741116398331705
45.606661188848456,16.75198578366251
44.70281576002542,16.644959203423365
44.5571994015469,16.630720529026902
43.80513586730689,16.804413910825417
43.26668030594115,16.974492415481325
43.079976180994684,16.689778943580812
43.02457555134677,16.95043281624311
42.63687644323363,17.115510267160015
43.20735197705402,17.219637700003418
43.47759815867319,17.33081436649506
42.98170191401813,17.192963851066274
42.879924398979334,17.131957260900897
43.43900151999973,17.330960418588315
43.639457497712804,17.14819073539986
43.33069539591498,17.10974027401244
43.10289534842874,17.431953307419338
42.82205473769717,17.193097817112147
42.78633692119847,17.30651680413758
42.402711477992106,17.13205703999706
42.56636482641797,17.165177172390642
42.138125947679946,17.084756895080908
41.00752479060573,16.836577023532353
38.93802720478222,16.539803529671293
39.14854212027595,16.271803463714512
38.88028525557468,16.092660211203007
38.85567369068495,16.020725381027056
38.82594268817924,15.95498524667389
38.9457974194974,15.960196005380105
38.82192769504257,15.630444509159807
38.560010861543745,15.815724008505935
38.97240288627778,15.858282823045327
39.24503233112589,15.7136275106474
39.624465601126346,15.827068060439185
40.825240227049754,15.963911940636496
41.85276275707795,16.03617255236694
41.6385066803733,16.24202357474953
40.8399430444774,16.027867094837287
40.81434781437728,16.13967703806636
41.154090928872876,16.571064334242855
40.85141191589131,16.35539430326702
41.31130376276711,16.34654298693889
41.38911303426642,16.638028937372273
41.82250702719532,16.575876646741676
42.55067773431209,16.41693480127109
41.888246033297115,16.190362687636924
41.38673941499139,15.838645755578295
41.31700192157313,16.268183094028903
40.55237689583416,15.90717583084135
39.984589201835604,15.651799211619785
39.60159243142196,15.43576417293045
39.211107139693496,15.436321201344912
38.159942135458095,15.400075311881324
37.461721986351975,15.100701288647787
37.456685555195236,15.196821845077077
37.61167541631706,15.202914247571403
37.66997214767234,14.938726904476644
37.67251487708155,14.902509771105619
37.48120172114841,14.913367446148932
38.01662799292632,14.821608083072025
38.942595526711195,14.971116387794199
38.70877839558465,14.977387657272896
38.53551318830164,14.883995326035924
38.92330313000599,14.669611889885987
39.099838918469636,14.548530879101241
39.934201952939816,14.829894419242878
39.43567165134352,14.62078853618409
39.51174706506612,15.02459099981321
40.12507084147267,15.295297172595424
39.03273876917609,15.26323312427175
39.383767660503636,15.540212033166789
40.46184757911463,15.661706033992482
40.08575777875557,15.552811409226498
39.922355531088584,15.481048640451927
40.135901020706775,15.62578430044114
39.88915441995997,15.663228811495214
39.779187691005326,15.826889318323948
40.60324055867224,15.898369143783668
41.16519865708863,16.09930501204502
40.790644258889124,16.271698345690076
41.18323094305425,16.58292603512888
40.69989245527004,16.279643289543834
40.8210535092007,16.30998766897784
40.7089265316965,16.29327958410001
41.16989531515368,16.064654047736322
43.127626691217564,16.3679712680371
43.85852196997057,16.60464100480173
42.610172346957704,16.68498281997092
41.99869320793302,16.521767166669413
41.86285655003634,16.351339883644116
41.116120590380696,16.37564082052327
40.427218247718216,16.350030623369236
40.47989939755812,16.45045791655593
40.90958093045496,16.608995143396957
40.585029472402795,16.484578471275146
40.47847159277792,16.503131816817827
40.51128025814685,16.31189142611733
40.78482007031966,16.477859593465777
40.55910661945285,16.294908712210837
40.07852803046476,16.27618755123826
40.83976934512542,16.19728042942096
42.130094115260526,16.165588979514943
41.46689210197076,16.29015362659092
40.53017260619194,16.260747679304025
39.990428909711675,16.028879654823058
40.487603094474466,16.106300158074394
40.460872136881584,16.06204054190069
41.38855298821369,16.311212700295574
42.13767459720421,16.567360740855296
41.42634651798127,16.399025263828296
41.28776043482371,16.158220680437125
41.4527136265596,16.30034535163864
41.15544755784367,16.290526258036817
40.775486641518704,16.21994209601936
40.825431541690314,16.561185470522364
41.11171240635857,16.49747125548056
42.27572846321691,16.72922902935564
42.5742281311812,16.53719696017507
41.714883914241,16.60187748605882
41.34221966202648,16.577443950165666
41.64665029369679,16.53727962032671
40.80093358680042,16.64300531208784
41.331128320108306,16.870614732220073
42.040960510732354,16.90706026999933
42.14388112394121,16.77800390910999
42.54577972124753,16.889363791630057
42.99894608314944,16.736985255260816
43.44906905149907,16.691119476587254
43.570976807923536,16.56788009446003
43.776224346575354,16.870867594985146
42.911401944873994,16.800192644913757
42.68443378815631,16.298602688180317
42.75458735916422,16.282813669054825
43.35743301849006,16.383456763657918
43.554033822399056,16.72695538596187
43.75270272970376,16.846614182253724
44.52516224421275,16.701154414454837
44.791124383272326,16.88952707777816
45.61872807513715,17.315172613285792
46.028006285467946,17.72847192578299
46.36852826271834,17.60720966083594
45.826325717873324,17.349454482233412
46.44791432027608,17.14265134830797
46.47847941289806,16.92487883908912
45.44294340749425,16.708796345348414
45.060380916262574,16.443762590821937
44.80396845486509,16.342011030434403
45.25312737105891,16.037176889138895
45.696355277231376,16.195631997618722
45.986987567780204,16.159263928890557
47.232993487934706,15.764798044353332
47.15179067347732,15.464959611405792
47.887099706714686,15.620365430401922
47.42641588991894,15.733493742080144
48.281657246207445,15.588170455584901
48.47755682489833,15.370914123182931
47.904131030621784,15.204566983954543
47.40204023604363,15.341180283469953
46.49639415938489,15.333542024566622
47.36812074512087,15.324301695563305
47.4502289211017,15.387719703969111
47.62392734338729,15.618767731154486
48.94996661973508,16.04685476092482
47.9402947232441,15.69886052447342
47.9322033531981,15.605710085003295
48.21019641589767,15.806590711466326
48.125957689861785,15.927111766821463
48.71164911386726,16.24781817415164
48.68376401781577,16.317477189352683
48.180049408304775,16.115431216405465
47.777568559101255,16.23926220315464
46.67361095700895,16.382708326924643
47.12194121310682,16.09705552123466
46.75436851322148,16.031422513980132
47.28775835711921,16.03679567515798
47.1471583582998,15.752646848419454
47.14602370177599,15.37600919831826
47.427257497404845,15.578260626279134
47.036078230561245,15.635160241079461
47.71365309249956,15.58699815145004
48.28569780280511,15.829328615096204
48.87528543076097,16.154938457952525
48.343700867018306,16.562362510046004
47.52540829326855,16.312523188394064
48.27798369186062,16.16752712194074
48.66593449848696,16.41683521227386
47.865979933525814,16.65225814275026
46.97700602987895,16.678597811854026
47.0252769853956,16.812317081295664
46.06675009565891,16.421855241560035
46.51849545018223,16.6181563691274
47.1547980495651,16.617251103073325
46.32362932759434,16.605738536428728
44.90020095658364,16.38377990094351
45.920658152778394,16.290786380438345
45.491254335610655,15.882777430124497
45.63484856310449,15.641846228637043
46.19199336598302,15.81411549070483
45.57112031360116,15.844815546075434
44.93234475086899,15.764300435729762
45.731785348298786,15.92495268874872
44.53949566749472,15.804701442693508
44.98081786182152,15.952815236570848
43.95855578610635,15.976260662934827
44.420580596189936,15.95190500819534
44.03029214103289,16.22909829676749
44.52816380127447,16.567534563707817
44.698707402737284,16.61172516043458
43.15380702538731,16.42232341939546
42.84852760587977,16.28667706192118
42.43988263708957,16.041640131461488
42.48338125811905,16.06038984326067
42.12592243103486,15.983028297879947
42.38036917521448,15.850665154394115
43.2389259187132,16.07824253478115
42.205212285056945,15.952107065207569
42.190159941674686,16.00129476286626
41.268354453795105,16.466572058519358
41.276181258903016,16.378820322152
40.952685813448056,16.310421274741834
40.05400809122402,15.478417394543074
39.38635196045008,15.259107673781475
39.48690739951735,15.101178738981872
38.35137987727244,14.862008509274794
37.68761872391499,14.862750754499107
36.95411672561942,14.413889706325694
37.61521062859707,14.618280894583007
37.9574347358361,14.713514225520557
38.34048688456902,14.749913785144036
38.13105510506542,14.761485603035627
37.48363986269921,14.593107055091613
36.86749009741079,14.547642884406931
36.64841009603622,14.361086487373957
36.912723301411326,14.280138911299066
36.744068968276196,14.156125683436894
35.611311890484004,14.099876659397061
35.85771982936402,14.168646323671458
35.42132079976813,14.24629116698775
34.63275931823744,13.84859647934114
33.695609606638556,13.986783332661904
33.3404215248957,13.863650763544985
32.47003515883713,13.711050578955126
31.83144106541495,13.70503961908249
32.27200223272277,13.657392075556464
31.96351193300724,13.327658590583974
32.38945275751242,13.252728480519302
32.006521939272204,13.214403026024204
31.131321320605768,13.26297586958675
30.369805654408164,12.8433829984469
30.68792037280368,13.069387942638093
31.281298859579373,12.913583987675256
31.07796933658267,12.916866768578862
31.421842790812782,12.946477468873193
31.452882747198416,12.895874778291935
30.93886199920759,12.739131541174526
31.182158759602128,12.739281019499856
30.498422068186617,12.48538067772425
29.94487439818864,12.61387008086783
29.771734420769405,12.856741968546793
29.142073990844292,12.792877183159284
29.248362487236832,13.093325383739684
29.58628139330242,13.146334505934064
28.96861206174365,13.116136689826902
28.217005616600677,13.052447546919808
27.32832851594387,13.037514064645196
26.56947568370002,12.987467390132151
26.614409464369633,12.65524249133768
25.908581613160617,12.499119682445937
25.63393019230342,12.459957897391474
25.525629361143086,12.707903591803364
25.572875140200292,12.806063596763343
25.3702472220746,12.407503588283035
25.220378954039386,12.350835950228314
24.56040883887305,12.019901398244139
24.226192721814144,11.892737191497865
23.744914487109625,11.886132628202047
23.591211231075746,11.74059096770608
23.548281719334916,11.892787921262046
23.633300257073415,12.00524565776025
23.492450699345117,11.892102079526916
23.641477399624407,12.158845936632863
23.027596071590292,12.00201690893689
22.97975667136114,11.890333721460905
22.97640426159452,11.977334834983445
22.835187065928917,12.072878496825622
23.27028872472283,12.173389166260218
23.18815725943441,12.040910880643661
23.614735465523772,12.177237601215298
23.469363422773416,12.005257690680057
23.29260796590062,12.155422261802215
22.618007701381753,11.98816227384512
22.788951398530582,11.943257177886167
23.035949454897246,11.823362017205783
22.552946619151818,11.595011415999345
22.865523302999886,11.728575660559564
23.043990243342446,11.754877483846506
22.775090816164003,11.66655822300688
22.204583560640465,11.598098995556782
21.530007433377893,11.37843881498577
21.134983540239105,11.084860012358554
20.59187026322296,11.024795412138644
20.54672789817706,11.091921368902558
21.2270936713054,11.109272979768338
21.017616265524968,11.102685759093216
21.210484680472526,11.027002781571063
21.02380678484988,10.980663753988782
21.076627641392292,11.24188414501756
20.316626719617542,11.312524462443182
20.0595232408458,11.278631838279894
20.110516888121158,11.163377484688532
19.753725301848235,10.967818445866147
20.443788156720245,10.889963002853323
20.419348880068238,10.673610138830087
20.648525254956233,10.665098911790766
20.245229351365154,10.75011747408333
20.761921364453972,10.845832998295183
20.48036487396443,10.946543281387688
20.727626603901047,11.180761288081932
20.66065177545506,11.279144776850794
20.46919123720783,11.319276720518337
20.63905828996728,11.398101100857307
20.96842566218379,11.538728096927672
20.767467934761438,11.478848807001604
20.36517319960963,11.434017998332852
20.627177832945844,11.535612792811952
20.439846831416197,11.415328170186529
21.139386892239866,11.620900977519197
21.587973630754018,12.126556838105019
21.525302644086402,12.339873959020665
21.770659150116167,12.193700396095258
21.55205662464929,12.11580457591566
21.751661630273045,12.221887810022917
22.04468359547287,12.423377423923919
22.35663340131819,12.190847634251933
22.498564046103613,12.400187130566946
22.32377225933982,12.32102589104449
22.895885557424176,12.458355442735513
22.929507539793363,12.197656870571722
23.077159238223157,12.241515534298985
23.028337028593302,12.438097299904953
22.698722267517258,12.76535500878355
22.716010095903165,12.75125349176295
22.27359697302003,12.631910936951387
22.10491206128339,12.490530343925018
22.363002538889546,12.768583810641445
21.995341495993102,12.908795059346971
21.749369450082046,12.87252590335594
21.26058729348884,12.665364803930881
20.780616305969897,12.574502419964054
20.81194008445118,12.702933848534945
21.33015357134326,12.872387990564633
21.85721605973802,13.13900436680867
21.142991616053006,13.128472765533655
20.72346301959874,13.078878688851324
20.651579721565454,13.10146996260123
20.456342939464644,12.984990075208474
20.675327317934908,12.864798326642143
20.468374287453315,12.915411715005213
20.419240578886726,12.722953712311266
20.8960571471819,12.8417369197356
21.182660998405257,12.733445922887862
21.945889980251618,12.875443140847553
21.91627777198589,12.607076229628229
21.937794839110822,12.644013558159505
22.03274272008379,12.808761052189382
21.964937235016066,12.635976043984996
21.76679005209236,12.46104688401901
21.382994146032996,12.481366653329806
21.755078666354905,12.56026337239658
21.306155301318398,12.723791058375104
20.97775524724969,12.756133629398201
20.34542714755365,12.608541694973361
20.42212785593526,12.423303710056874
20.639501289900714,12.3287320966806
20.96987077363966,12.34688235326882
21.367364556706928,12.247243184951373
21.638588263552837,12.196276202692335
21.69809468497137,12.316944469453077
21.370094546283905,12.265734812908894
21.46345400242403,12.343610544746289
21.331389065596063,12.442000976456244
21.603236845654376,12.48765387377267
21.637673231200214,12.36943443206338
21.186142739371494,12.274004012762866
21.423702449355,12.535188669452063
21.37855302323004,12.52722704712357
21.634894775070446,12.278128076241194
21.595480002807236,12.257527727212864
21.687726849462038,12.348078290604752
20.9073077082105,12.141258244380296
21.253959693681722,12.133306910280908
20.77491984867501,12.319722423415172
20.772859823358687,12.267754060636536
20.700793108781973,12.124582418505065
21.05335125502155,12.036858931705346
20.829880964546913,12.31506515766304
21.001668752813465,12.629958030641554
20.79900176931529,12.618927067253681
21.28743267583698,12.852348958569642
21.425310701165333,12.803134031884408
21.403155087300604,12.927970502885177
21.543351934974236,13.146429687642579
21.130121376701474,13.112007912535223
21.69194569064447,13.300966458875102
21.690225326621427,13.34405740941271
21.504175981040618,13.247764057165586
21.313834863108116,13.443801524761337
20.99249965778126,13.24836547917276
21.596587329853705,13.208998031219611
22.209081219403355,13.236120051634074
22.150019319572646,13.200084357659906
22.80349259329844,13.420330760876418
23.078540854300233,13.365204657907217
22.792727294857514,13.161393186347295
22.708776725734413,13.038701171625373
23.41103751316591,13.167349643689956
22.942548905534682,13.281432007465243
22.98020092039766,13.354216899337972
23.242275734860957,13.594327469071985
23.537820147761465,13.373106309786428
22.61751927850555,13.421009308705262
22.938836806953933,13.526414549748619
22.61130833209587,13.39405868776087
23.02896343731674,13.220333996197967
22.734645011372525,13.59090336311127
22.55444902945572,13.469174799499342
22.931918874965696,13.649135037324395
22.41959391052008,13.680614342654556
22.628754896431282,13.564547658286934
23.132561805082574,13.34739960359956
22.68476282900414,13.574953956047825
22.78808506388056,13.550669442916794
22.384589363492186,13.419869374312688
22.274262057795735,13.392388213220546
22.64847630387805,13.703560444770627
22.51076833616628,13.800326019424116
22.526414697024304,13.936109572491125
22.023735065470262,13.700246473241442
21.737031420942706,13.65307545402562
21.768810065735515,13.940967728286871
21.551748853303454,13.782905826028472
21.859045571888494,13.592430629996082
21.861081135928917,13.582061527266966
21.554804269477255,13.322858894751759
21.437519219968607,13.357254701107363
21.481071382120444,13.335659765948774
21.75483221244182,13.321916746734198
21.529822957984944,13.091130716432575
20.977122527472062,13.284040037408142
21.138890492007675,13.295616209846955
20.901524879958586,13.342482737595578
20.810491381003974,13.3130948174163
21.129167329657808,13.460068473652374
20.933212884730324,13.213117274833179
20.815706871238756,13.309662111265716
20.779664852271654,13.147337164728894
20.113317553259023,13.045498596776996
20.83746886342004,13.06819967004404
20.591563640219626,13.167060069815554
20.042579700233336,12.995881269037268
19.720760672730623,13.059810761330292
19.63300043416346,13.159996144054706
19.68478885442604,13.108006597441152
20.25840695203901,13.397229351270148
20.626065991709186,13.481003894759647
20.70677103247472,13.357780261659972
20.574488405168445,13.214818119217187
20.486369741244406,13.35924775400611
19.9713492914942,13.448585213720493
19.599021152657105,13.23086169147748
19.100511470222173,13.023620010807837
18.653198146816973,12.765193582367122
18.55967053286335,12.75224925115846
18.422813161221278,12.735698477255118
18.340727845181696,12.6184709304336
18.20907983052271,12.568283748417505
18.307870608059755,12.87645756864684
18.002965914883827,12.8128857917012
17.88009171203371,13.006170546076183
18.089559244182105,13.059352394017198
18.064626980821075,13.10706286810898
18.232969052902867,13.301537949171708
18.95461727893958,13.437639705907598
19.20621536057306,13.349883589596725
19.091577634434124,13.488722472738377
18.822368676094754,13.474499464536239
18.364542299608722,13.348787014875446
18.449749330832475,13.266063072157738
18.95108096401379,13.394564138644869
19.33553378932002,14.020689673827958
19.525900914390192,14.390101891842559
18.603768200247927,14.011601279303463
18.512752428194755,13.890479158781702
18.545342271714077,13.800268133455907
18.515003584255165,14.136650014506108
18.43936027836924,13.813454620659055
18.6154224621809,13.592725143127199
18.498449924561044,13.36884602568111
18.61011999417158,13.048200650086562
18.53890638064763,12.913867165045216
18.442570556435122,13.029740638816282
18.451516093847363,12.866479829009958
18.637220405952046,13.162541114991873
18.740121341618433,13.216780667246907
19.124919827822747,13.317471407764058
18.691370477633654,13.10773050338573
18.556563462691596,13.224905092128658
18.598168257203596,13.077251883176979
18.931843494419056,12.99603269012558
19.28755016239934,13.229854120034457
18.864402990115703,13.216152427313105
19.251099395930215,13.294130378415943
19.449562119143433,13.176048428929677
19.38034630906175,13.113706941570362
19.504428343074036,13.169482987158126
19.540018188643746,13.091128601417395
19.457277442124838,12.987600399086848
19.620262433130808,13.11706750492643
19.99073310551049,13.207112629171434
19.874734525172563,13.022581912555038
19.66006418526739,13.011058785888606
19.451118079055178,13.01158984253658
19.332862288577996,13.193936081136327
19.341798896586084,13.44145464396719
19.274842901225142,13.609448992592643
19.234177823433882,13.788575392428633
19.693607948679464,13.671376330757964
18.99085485018035,13.467247650766524
18.69243014114558,13.253394050615002
18.734250459059062,13.344557177174272
19.218788212359577,13.579950229795813
18.827841328823872,13.338742368181311
18.79333596481354,13.469956242167791
18.635120184988,13.279662356170663
18.659082381171178,13.4431352663034
18.769947044426218,13.309759577644396
18.804009346883902,13.319265295223165
18.63234545949705,13.166654082771968
18.747212218883806,13.398468499058824
18.648231709391148,13.46382505986668
18.895183366069123,13.409622272644896
18.617264272096648,13.397269300500469
18.336729340184764,13.62488773757514
18.71719861578582,13.792408008881967
18.62909467701794,13.486408331950999
19.11533372701242,13.779793482827401
19.40438428410211,13.963737309485955
19.230030395447805,13.90353495653034
19.026261624738634,13.850874619962921
19.404515091800633,13.90787531428445
19.702263555154648,14.020767558011087
19.971652188503054,14.073108863723265
19.260499983297407,13.745213860523801
19.156183492402825,13.67180935337253
18.811821269098647,13.494011157890606
18.429337990680377,13.481694243141979
18.88237064217937,13.46526476049314
19.073452817165375,13.578075604381008
19.05254905918835,13.422999103798622
18.614747776900472,13.360093998134463
18.826962205800527,13.505395510885283
18.38792519450004,13.346060095906592
19.286789047493464,13.681717050522321
19.43909471359428,13.755243061630662
19.61098261042811,14.014224427857167
20.012432326171407,14.015847386177011
19.920837926783456,13.931388573547311
19.838331307913005,13.706390127345887
19.179064028611386,13.554317572255934
18.895917593752007,13.284499012231008
19.283623426734664,13.273348275647404
18.602661258703126,13.132722088068332
18.544995751439643,13.155552529406414
18.324839887609624,13.128106034735227
18.31914731616759,13.282319679809367
18.289235419790312,13.539335697728625
18.023788499270673,13.424195414092397
17.984740301029507,13.326526716227633
18.019753615664794,13.324747604799972
18.170741227942198,13.514186812055
17.771826612717412,13.40206224971391
18.083852944374506,13.471983249893444
17.846178538193467,13.163512242517733
17.693756791905717,13.158270490328807
17.683292901173374,12.799653146526577
17.631852591439888,12.863479385349777
17.640578589269722,13.134575992841901
17.74137203942685,13.022883242315988
17.973757951673594,12.790001474048717
17.745642640750486,12.80878517688161
17.623856698493842,12.701165356368737
17.581512416123363,12.63558093517072
17.519226115767943,12.754944559195998
17.37346488584739,12.669184661293473
17.42852682199401,12.667506100281415
17.578590374113926,12.814217705247009
17.387877878471468,12.853817994207716
17.630624123744845,12.888503870191363
17.166423489884284,12.680004192159483
17.685639874989967,12.663649394040652
17.585090872681953,12.83351310998396
17.686200898316766,12.929391337434303
17.384456399002076,12.900199733750043
17.56402091901575,12.908946104541105
17.056688798973656,12.576967380893018
16.553358126640354,12.600598156506589
16.198283188259637,12.704979240581883
16.16027769025328,12.712256713805347
15.795449999072193,12.51535710727809
15.619919949027713,12.748436047360553
15.588409567700266,12.974741081653656
15.60946875857731,12.79401948038733
15.662593372031175,12.847183202239014
15.625269457303666,12.77732065522976
15.331434371805251,12.72010137817926
15.705959087319206,12.801192231465228
15.766500886844751,12.73408737191557
15.656189858037688,12.723781811829475
15.951276393399034,12.890905418924811
16.013532342835727,12.808175507209919
15.96878697853469,12.806817186171626
16.071019779197165,12.972521080756714
15.697731257621463,12.812560111142465
15.917482451174704,12.858412600534837
15.778520700608768,12.813464229323406
15.6157061330403,12.781879697953375
15.499048031344419,12.879555526553455
15.495262017124212,13.086184853882243
16.015803526738765,13.136887192617978
16.492079478405927,13.394686259607225
16.60338058035778,13.272529826762863
16.669675215416827,13.092650499779422
16.73870669663551,13.01604529255314
16.273747505117342,12.668564829789764
16.135792327482005,12.550452322631733
16.408192817287535,12.73893739533405
16.060362642461474,12.693861261305841
16.336609164012593,13.000446274341432
15.911730894580732,12.829165301529402
15.785126562957057,12.867627183132118
15.12088494397012,12.64902396122963
15.344763590377367,12.639913644486366
15.617944401933546,12.821836668475328
15.762333884152806,12.87297529752695
15.518878889261014,12.58789299626599
15.217162241090703,12.338260674502168
15.178679153283703,12.112766284122133
14.433850123946703,11.876634853021773
14.312979387840322,11.786764544417025
14.281743363429488,11.462368181369843
14.447326291240449,11.503258598582333
14.581900429390647,11.439184340632982
14.911667768862385,11.477846505251065
14.722633082103389,11.144207548299304
14.643701745109196,11.147541003268456
14.698161804914628,11.232378692139102
14.590279638081977,11.14285729368451
14.682495886612536,11.248715259332998
14.723688861448114,11.2273206360704
15.202239100937835,11.595883219996704
14.975679310658867,11.446029630410267
14.7888802887849,11.538753559990855
14.408480394848922,11.327248072838284
14.399803089237022,11.550553918073772
14.372946560114157,11.514380608955697
14.382396608611083,11.543930752382186
14.454838902554037,11.595871127054512
14.503139819229325,11.655138473631135
14.654486015392422,11.70021429788269
14.541085324652627,11.681558195654386
14.881771364319814,11.85807478325967
14.397783409500452,11.635480538779937
14.276794927162738,11.322451735809203
14.184575416125595,11.204450725189286
14.09857777995444,11.357966361758844
14.012902072423044,11.17939921388685
14.238495675586385,11.423408367420206
14.093460685851198,11.411232215173147
14.121015886319634,11.3410753808075
13.898000676435583,11.110746409333455
13.970623270872002,11.235837754975643
13.757748440136552,11.141774992620396
14.123560449172809,11.01162145697831
14.159398163903566,10.9238634615281
14.228792108511001,11.080912705888267
14.117435748142276,11.109267794099235
14.20982963155892,11.010381064758107
14.414486907136022,11.145535107309414
14.619963538177677,11.187859395318698
14.21222746646474,11.037326145977481
13.929875173919148,11.127660246191741
13.486915442944865,11.187838971884158
13.259747909476674,11.033631422782161
13.05275732765311,11.104653978164803
12.956325727993063,11.109590344031187
13.117389450491618,11.06492180305133
13.224072636279693,10.936239785772907
13.089589612020342,10.913509713560025
12.768946280181568,10.848549076358614
12.855949331933985,10.566040648512187
13.129965771962162,10.444955118082978
13.097684443049966,10.64618587378992
12.971888226379553,10.589924655275988
12.821331583869052,10.60578474989655
12.620553022831672,10.450092276886146
12.483137887780728,10.59856543324916
12.519770509941104,10.431966881692151
12.458890128794398,10.309797773244759
12.534946954826923,10.333454428647963
12.283041055463107,10.238399158654685
11.948634194589708,10.237717912988213
11.906613185901415,10.349229852695487
11.912667974635156,10.09368067309676
11.585198608988886,10.108275189119718
11.57587217230943,9.920757263205308
11.583613836608736,10.133570663319018
11.586742445279397,10.153683165855137
11.305590834046265,10.031938532513268
11.513019834581309,10.422489366027914
11.43454993069728,10.20144528290353
11.029414339495576,10.200452857508173
11.06137731525755,10.203638499594673
11.033628809919094,10.058751125269467
10.749260658903214,9.94245595996667
10.800827020785345,10.00462915557586
10.721789318334212,9.925295501704621
10.909081294685922,9.875540771253283
11.066851292603703,10.049393957845377
10.93483922623204,9.954828605490325
11.21804712613561,10.0688721479736
11.230053734877677,9.993053032430526
10.96875397427615,9.972637707126124
10.909804393134738,9.870632305908513
11.155724625674257,9.973599640629116
11.2180797473088,9.995323310758653
11.271255317321696,10.033904491757665
11.339095726720952,10.00912904691204
11.212388263186083,10.01444606794485
11.042617618013212,10.061005726774649
10.995472359586252,9.975663659515806
11.204057945857388,10.086863026644737
11.291269826015471,10.128894355451866
11.188481606432997,10.031795971028494
11.219003638699112,10.187694358655346
11.440983531225879,10.251990882542813
11.516939748016755,10.086253986358175
11.227562661259924,9.915139328505346
11.001252817821003,9.920512558078753
11.097142336910112,9.946103812491383
11.009940048674283,9.795116194167786
11.0001358459663,10.078041780705556
11.369091585660195,9.990510942655348
11.48829172718931,10.069332463185539
11.507063572165155,10.047913254577852
11.478380269147017,10.132693867430458
11.674676655257917,10.13681385025632
11.56864169221284,10.12275587123535
11.66018417045442,10.24871732729255
11.552348693227048,10.146621237956685
11.700257249254427,10.270194260164242
11.55565439119423,10.078242960231202
11.503847898014287,10.064230819060029
11.529450159324886,10.01421390201842
11.347592502301119,9.893183866136802
11.489641826224894,9.916248578556981
11.529251665590106,10.235803193850257
11.722785769161097,10.060767192054485
11.553159752036013,9.893322678536304
11.393045430124294,9.728075728021604
11.367522772644966,9.826292236586925
11.358548046039182,9.795884268623839
11.185838707625255,9.87813875662986
10.925399931520682,9.996952114313942
10.759213347841047,9.993652746584997
10.819110851111155,9.958804334193822
10.803617483977684,10.078145709931006
10.804488815267725,10.040587704775197
10.624396643577608,10.023056693816546
10.461234589097927,9.932130935671411
10.43465957937983,9.902904633863045
10.253089797403126,9.774515667593246
10.281820818431752,9.789930236275511
10.3623541805904,9.763515192994936
10.532011733786474,9.949172327262621
10.625222371041637,10.113624699382594
10.647571127189428,10.123675357626995
10.790804509175679,10.193077156589304
10.465042509888344,10.051222479248503
10.244292965099618,9.972579094407001
10.19466127698245,9.82943754479737
10.361116347989318,9.995645813531418
10.650115581881296,9.940167228057165
10.484908702121544,9.9689566109098
10.4973582033386,10.045004950761925
10.421754731219314,10.042478592001983
10.264823935798962,9.999916525288548
10.18388345853542,9.869024680482802
10.435223003208707,9.89889262000679
10.435068003434056,9.882551773630984
10.492491406319278,9.944137831780838
10.338131656969248,9.856691704461799
10.158865948969227,9.633881833533804
10.183909580880867,9.822495653294785
9.905053999255747,9.856826173977677
9.794803845157801,10.03259369582839
9.67702504951236,9.946546804587893
9.628872602778758,9.98347413873887
9.659281585449097,10.141192968732136
9.919945019679863,10.082943303042356
9.793208523390932,10.279753528664893
10.069745495742366,10.150262185757825
10.284453661778405,10.117628536390418
10.211314276237852,10.202321676114313
10.350269166178226,10.334930701249503
10.403660741419044,10.371206118863324
10.283568763898938,10.178039270608076
10.119578089103388,10.23738168288806
9.951513417823756,10.166471103884058
9.923264743654569,9.864987501390866
9.806295105390593,9.668825090373433
9.821178940307657,9.68771678905661
9.998953971679303,10.002342240116732
10.00467505861312,10.139723638982169
10.074565884752916,9.97381823541388
10.188148875384375,10.016929574256968
10.436760373285463,10.111724443128939
10.484794693831656,10.07904442138794
10.645744234298501,9.963714739986292
10.459238453397312,9.93336336790345
10.747522782163426,10.020218948557602
10.748395446015964,10.108778089948958
10.821287192345883,10.201374848467104
10.868102027372466,10.23566482523305
10.714922735996028,10.227427968355219
10.541385041327892,10.363777867870585
10.594337508869026,10.297246524042142
10.607899710437328,10.263903616287628
10.81713004235003,10.196281140384807
10.680743684856445,10.164403828412405
10.65093975358334,10.03333854670309
10.639512613927177,9.996603863736421
10.663601994390834,9.969689833607152
10.525485434322208,9.985085951010745
