ret1,ret2
-0.020831081898616488,0.002106264147581527
0.01749643207982584,0.008779051650455555
-0.0049403212769646,-0.012706175014282409
0.0021369063648235325,0.009590095692487284
-0.01672226914407998,-0.009292737231691491
-0.013303458861877693,0.0012470023916548766
-0.018218660006987648,0.020881402166775604
-0.015936518052380336,-0.003783814609603097
0.005225929079215101,-0.000631287991049838
-0.0022298810737826674,0.011529717445555579
-0.002459897509771433,-0.004966912923789777
0.008534739333823068,0.0011118113481235095
0.008731357666977437,0.004942305486397618
-0.012794669463074119,-0.014183020022320263
0.01754117418077342,-0.015100325348221108
-0.0038582209773674603,-0.008264177400686192
-0.02359409404007549,-0.018888462433974733
-0.005031059909694788,0.004797646375388442
0.016459632543888134,-0.009027330677569008
-0.013012741866099242,-0.006843609243887701
0.011531000270552216,0.0018578068909324628
-0.020962294228868167,-0.012951935464331345
0.012081016981795506,-0.010446156805259454
-0.02343194295635498,0.007535422147051646
-0.007798713026725723,0.005932154561053395
-0.013457939571395603,-0.006788450950716431
0.0028912388823800856,-0.016433333421344093
0.005492173705776741,-0.007170212485620344
-0.01826541368201295,-0.01564888221469523
-0.017443921225553622,-0.005804830163741054
0.03610413834097012,0.021516823901278164
-0.009780017061737332,-0.028647161373090244
0.0025117816913434246,0.015232767571253178
-0.013000232478893332,-0.006868875862567227
-0.017181852488714882,0.0033764156903422216
0.014019227708779409,0.014510458597764472
-0.011642902532721305,-0.021068904418549295
-0.014027451445045686,-0.014028439500434219
-0.0033246914019438825,0.004922880637576777
-0.0026552203563836416,-0.011038439386285327
0.001874020082951634,0.020494087977521044
0.0005560212614958949,-0.006115057486652493
-0.009307644095036106,-0.01693452639426812
0.013646965113707952,0.0029729256300219734
-0.009442320421987718,-0.013535350730539441
-0.0036512032566505615,-0.01347682424904789
0.01679837035480468,0.03340770741752118
0.007491520974948009,0.012328333696812771
0.01471466434055896,0.0022203136413192766
-0.0015641087155822278,0.005391705958487617
-0.020227087796531054,-0.014554342297762148
-0.0054387246558227995,-0.001292850422025842
-0.017880289832878097,-0.0035102932272762107
-0.007731698304243076,0.001580731886010629
0.012487284209758764,-0.0018206439199367837
-0.0011498359512305764,-0.006595262301513348
-0.01836408474310619,-0.009826982687797194
0.0035177406264810056,0.01418148674789845
0.019215261219907916,0.0088637387101766
-0.008204539902828583,0.006713484993813478
0.0018594030776442046,-0.003909519949988263
-0.003883457656560022,-0.0045272034573355414
-0.01634692275239302,-0.006204852915303441
-0.009274906824503517,0.006372054873783118
-0.019590203869967453,-0.01724096775359671
0.03535294217452532,0.017142956092101095
-0.008497605040157787,0.0003403795337781768
0.010939810254983168,-0.0037704081208320087
0.0006957172366603698,0.0026969709836239496
0.0031143381311510726,0.007109287114250877
-0.0023674607123812283,-0.006453232616297982
-0.032370332051514024,-0.005700406703429564
0.02216121456535511,0.0104274889281368
0.037262490967358466,0.0018302563282784022
-0.016272438548428966,-0.02146923932170046
0.014310348713222966,-0.020444468828610965
-0.018957621101759414,-0.005265568110688293
0.034104672791769826,0.005481760725898806
0.009452654620857705,-0.0003860931050981217
0.00501346385402314,0.014681882408518462
-0.03394707266530686,-0.01963337972438963
0.014529609166018809,0.009187142340715531
-0.006540865026610942,0.0032229284406695576
-0.0049768858866974415,0.001492190517841077
0.0025064943138657435,-0.009780782240154058
-0.0005358219401004873,0.0010558931426762612
0.0028462874325967838,-0.0009935973180598854
0.022858116748563088,-0.0019457579709897376
-0.007851217373670928,0.007365187470853754
0.026611289979475518,0.013746235816958264
0.00851642477143668,0.015512856587566657
-0.011066347362301861,-0.004651147113538146
-0.006378831312025275,-0.002614919412830324
0.005399754679531078,0.007479628501151342
0.008391351298899744,-0.0035626214626548005
-0.013439981076578207,-0.006030232459200636
0.017023954531684097,0.0048219620028118375
0.014931915947890487,0.01885643245933609
-0.012243806197830361,-0.023891456619176497
0.005788411578846238,0.021488140768096416
-0.011055851429292718,-0.0037247657439923375
-0.0037988697329422684,-0.011294027778367495
0.01063775700865714,0.009709164047399204
-0.008778262144590885,-0.0005316777403570624
0.016817142009085646,0.01091790187259108
0.004391543724642195,-0.01208580536016881
-0.008518220576905483,0.011529457339662314
-0.006126039424799565,0.0006772503064331506
-0.003831648663550294,-0.015460071063557243
0.0006592454329481356,-0.0009035971080482236
-0.016096594613338067,-0.006505219618947965
-0.021884005462852487,-0.01830881641330747
-0.015452927162332913,-0.005384112539568902
0.019560010671436433,0.018646721254853775
0.020811146202904345,0.015386914946413918
-0.007763169255200201,0.008903453788619472
0.011936788343761148,0.0033701232072514313
-0.009349231557531541,0.0054656799905232365
0.009992840262356393,0.009512017865218885
0.010024284704269784,0.010829541568763753
-0.008619562011284958,0.014320626303958379
-0.00037945133937575785,-0.017184319651055043
0.005320511572501007,0.003936671435237783
-0.031173980936736977,-0.016696442583484808
-0.0031399505466093215,-0.033366713858290944
0.014856885928700176,0.009724650152006336
-0.008992742960616421,0.005059613585283576
0.006173102534548,-0.0035853648966038495
-0.0005112846619094416,-0.008701714210172014
0.001657787240723313,-0.0111225485291796
0.004251363115299355,0.001292071645448573
0.01462381547172417,-0.015264198015723296
0.017218416441086414,-0.00848038168158418
-0.008262863642932109,-0.009433630848410127
0.028299825316305822,0.0025123297304827812
-0.03469719685195196,-0.005602227008155843
0.01630740147798778,-0.009223195243692356
-0.002797141821413333,0.01652901326373899
-0.015130705145856741,-0.007576281388837762
-0.00033173206583814185,0.0014196449451589406
-0.016731225561367375,0.008553588939453434
-0.014740647901566218,-0.01809856603511908
0.026454711317926524,0.004852746985175803
-0.009918341983031487,-0.007380068069555102
0.011129439754222288,-0.0029330632515591416
0.014759919903615481,0.002266612866714628
-0.004872997407887663,-0.011389543041911296
0.002956214020500614,-0.014986394129595595
-0.00014781988765931973,0.01612188995587843
0.0031638987937812565,0.0011101287276736216
0.002315184119491047,-0.0016908135838973155
0.011245298217991384,-0.014057637451918372
0.013801669967263437,0.014908192789196929
0.022512895581720815,0.022633919535451203
0.007586841929899392,0.0028811225756155967
0.014421963905919993,0.009918926720007977
-0.003867858886568371,0.0027532012030692865
0.00028674534056532207,0.015198241740560286
-0.010901319266463346,0.012337004084298553
-0.021450002187515436,0.006902445855125936
0.01558608323061407,0.006411650987030272
-0.00920450685540986,0.0014510562106259688
-0.007376922434933206,-0.013974624161112595
-0.01818908807580616,0.0028553507787110167
0.00020315985575705838,-0.0066890875652551186
0.0053386656445260534,0.009481839840262294
-0.0010209710383552101,0.013050004497539635
0.021792480470966574,-0.018143961581731764
0.007287798286549998,0.006160492015996822
-0.01244371756912614,-0.010861923713090358
-0.007660793923999034,0.005751512140265868
-0.01890953368195467,-0.002757459087526701
0.011058482259886256,-0.00419986389479625
0.013013689783447685,0.024438761103149294
0.028402861180939244,0.0035596676195468525
0.01199378157425543,0.0011879762401652526
-0.01080989164572065,0.003615141056703411
0.009367355126026041,0.026021774930405
0.027110280639855527,0.00283892154385866
-0.010263581060202757,-0.005347627958301328
-0.007235724744785261,-0.005410699359896524
-0.01072294779667815,0.02142039757392272
-0.000695617575102461,0.006554315153405723
0.023743926356924166,0.017144373601078983
-0.001912798660958543,0.006713225806917383
-0.026488277656860966,0.009411271361180489
-0.013931775513198926,0.013490744912766396
-0.011383752847423661,0.0006486083900572072
-0.0027017515590910604,-0.019800456178773605
0.022014350930810774,0.016516144903070414
-0.000537323117714453,-0.010679483173711186
0.012981360769199061,0.012359886087878585
-0.002084108754647287,0.01566247015459801
0.003451374584468912,-0.0019127990614280844
-0.006632992287883021,-0.0064183597613543045
0.005400172428465338,0.01727614410550514
-0.00012981078606609316,-0.014999897386854437
-0.008915994881305943,0.009024973287575132
0.006720528937310265,-0.011115759949852679
0.003069071763655263,-0.010307380518952572
-0.011725775424191622,-0.008269537371926334
0.003892184313637249,0.0014452044068233934
0.006681296585838024,0.004363750398455079
0.019313816535380057,-0.016296837859134064
-0.0017822778583810627,0.008996815122180632
-0.024920056404998166,0.00034018593969137296
-0.01710665506874073,-0.0066123146101523455
-0.008323289536716693,-0.006871387286136008
0.02641986793311242,-0.01860981913483699
0.012183179396557843,0.008727114881149906
0.02448488608016856,0.014098190475211547
-0.006112901340747575,0.022394701154009967
-0.024524121042753085,0.008233144440534345
0.007587187275825347,0.009655718511542054
-0.024898896750803874,0.0021006054300229788
0.012879684011060526,0.001651606216817922
0.009809916088417107,-0.012673048809329606
-0.005353800501054154,0.00488946383492227
0.032136606567243715,0.02267450546185532
0.012218076474819659,0.005889173686052548
0.018781858351169925,0.005829612235378167
-0.01670808129303268,0.015083639883210938
0.03646693225825647,-0.019177250956747313
0.004946488417782391,-0.005054701191027187
-0.011241992444551529,0.00886946423457353
0.00562839403234066,-0.0021535825360954395
-0.00194108148508732,-0.002416829729579454
-0.007103774286116926,0.014382585381417488
0.029569609296994755,0.03563123505332369
0.0016419199896030123,0.004004230142755014
0.008491432987836056,0.01831479763479342
0.01077236222764525,-0.005653817269071194
0.013899529228209997,0.0047217932334513435
-0.004472031847884726,0.00020125558947974454
0.00516538844477386,0.004500396349803367
0.007909504225688776,0.00218307041149952
-0.01565245925214514,-0.020396502204502776
-0.0031366449605664563,0.007077573308011595
-0.019968280773614844,-0.005579301595804092
-0.030418463905656716,6.694990275054015e-05
0.002066264596246241,-0.004900976737555096
0.01656764249856931,-0.005113713882769474
0.005312896873691733,0.008600726254208612
0.01524009157375578,0.003979391543618181
0.0027567352856054865,0.01244250960910371
0.03276381921675053,-0.0016643394444175903
0.011729987246239778,0.005246950962981562
0.004334572346193971,-0.010837649643046272
-0.014841142670055627,0.005280418972362843
-0.01112119016757122,0.008741220705374763
0.011385294230655598,-0.014656605209058727
-0.014285453459156418,-0.004937885605594151
-0.008058943158219596,-0.00799898055566515
0.013111275388370956,-0.0005212422696270595
-0.006096769502255205,0.009884782771215244
0.008326786104591484,-0.0015050352794804289
0.014298683804950748,0.02115606674785359
0.029325117103579643,0.0022909762752816075
-0.004661786856028771,0.016187299805805522
0.009876890326407579,0.008717126143121975
-0.017365304489003225,-0.012046114729965253
0.019872787018086552,0.012965049804464081
-0.02553701795306421,0.002536386935319941
-0.004195269111094185,0.005260635596535146
-0.009653828676090504,-0.011206697066716089
-0.005158549765146498,-0.007572462585380205
-0.013817117823574022,-0.015718807385705386
-0.0023358203141444272,-0.01544705347406869
0.0005456622692259156,-0.006787397198462359
0.0042719228734819465,-0.0022471534978111946
-0.018437624771632372,-0.00786840159079988
-0.01265965740515727,0.0009466285676936243
-0.007871967445996353,0.010996610068039519
0.01412041164167888,0.014143574961792547
0.027534103451120517,-0.0006422521167000673
0.006984261111708513,0.016187520945803592
-0.0027455327599610227,0.021403927035266602
-0.010366607835365594,-0.0032797373581713064
-0.008360075792802015,0.002593842341924499
0.011999565816391635,-0.003137792853913443
0.0052988031671585105,0.0005320805872222513
0.010566765114727482,-0.004796163225242639
-0.02028481891519492,0.008356824176276778
0.002832391751568339,0.010572724549564438
-0.006026738598102022,0.013516725129529361
0.02110639824917331,0.02130739294869378
-0.0013124536799035782,-0.015207408002349383
-0.016688946153812625,-0.005461925431047948
-0.004745054218407993,0.001510805261890899
-0.0018454288187329927,-0.009353560383767041
0.0016449915108714193,0.018855487266717885
0.035548994776315394,0.004368506763491675
0.02566194339059134,0.009455815117479218
0.014125638969173382,0.0019331963434312544
0.0109076575299938,0.02745347431215392
0.010824797587866182,-0.002836984011382497
0.0041623347278410845,-0.023029492377944234
-0.002181181912665961,-0.002637057415964686
0.021668255446109935,-0.009818144531463168
-0.009630312136138665,0.0032319593235391993
-0.020771079340456543,-0.0038161888583490553
0.03188054359791423,0.009702617930489727
-0.001139372078942233,-0.015102648860374107
-0.0007645796765093507,-0.00911592850580009
-0.0003518242260062036,-0.015476486874211291
0.008347105883688213,0.00664936081488347
-0.008983744022935274,0.014065902944950729
0.00515880919584101,0.015446547179765643
0.0068441826543170605,0.013450839428686606
-0.0020660583977602136,-0.017255194955017938
0.026450431247094307,0.013803457704603176
-0.0003969308869488784,0.012397843048190197
-0.020633056230166695,-0.005936479763425902
0.017823508367969424,0.012653494908553853
0.00404817929829432,-0.00011589569516850585
-0.002902598979006766,-0.006629685142539017
-0.004778208001325357,-0.0024101991483768135
0.004780998126596293,0.004974663034476479
0.01963411184860015,0.0030060312364190967
-0.016475760513161294,-0.012996931736225785
-0.021405439814840155,0.0021040379829464335
-0.011155556164696077,-0.01970244467410118
-0.01076556957495494,-0.003683461756358428
0.01004917989125011,0.015494192261855472
0.0016107905505836117,0.013393620456372131
-0.002410172574195348,0.015507570748141996
0.023901234412147927,-0.0032528465458052376
-0.011775803923392744,0.002233965037090878
-0.026304790459866126,0.01661998966163541
0.006984523614696519,0.0015292475969100319
-0.0006494790042946029,0.01371475523177461
0.0038905785031177896,0.026145957228111277
-0.020458511243671,-0.0005218432290268886
0.005607181759165496,0.0017440809874222083
-0.004163124799932382,-0.012373616479627366
-0.008262108346091384,0.02219080057345674
-0.007302650241120781,-0.004697316262010757
-0.01646461336649081,0.008954647757117911
-0.007356133058749342,0.0033297229774492962
-0.0053386509890914,-0.011551365793351307
0.017867314694700608,0.011347272908980988
0.025235359001412876,0.014392663168192729
0.009365273973424664,-0.009516307201729572
0.012880108481239503,0.017970680506201795
0.008986943086857468,-0.00451742669697424
-0.009076891050219343,0.004960589244989292
-0.002919924686772967,-0.002763853189048098
0.003807885557533126,0.0018051169883154623
-0.018242687590116782,-0.0035518947317800045
0.005463718615710453,-0.019724276390884796
3.189834904681721e-05,0.00026990799783550254
0.044166236012274734,0.007208381886286718
-0.01781451022700317,0.024104773212842955
0.008118794115915333,-0.0018020782488605354
0.0030337531776028336,0.00214036550066813
0.01179345264506875,0.01270459719286591
-0.0014198004135345678,0.003001602254121276
-0.013960786651256198,-0.0007147522461314368
0.011484046086678103,0.011317259491190411
0.0006023323062517762,0.015429568813069696
0.010212034373715284,-0.025797372639594186
0.0046849712023966,0.015288378486417554
0.004037322524319955,-0.006396180527364414
0.006219427132899605,0.006849549149341289
-0.00527408640728217,-0.02532869358745204
0.013540422022315349,0.009301492329888897
-0.01159078626581891,-0.018019891093922838
0.01612964561386185,0.0040913671963320125
0.0018608505866058468,-0.002674880982462191
-0.01141928985896485,-0.00475848765424034
-0.0077832024073505555,-0.004919293812017792
-0.010865901225572211,-0.003610050725355179
0.024231280848117934,0.0030536715762341762
0.011311030181305368,-0.005439078229646274
-0.0008737507704448606,0.0024033764873361623
0.005567202236327494,-0.018212491828051163
-0.0018297899311496225,0.013055849228804473
0.004486222587631507,-0.0062579842029484665
-0.00197902303172963,0.008927010851864344
0.014120004131544637,0.013128215448867627
0.014545188932165902,-0.00042512154884495645
-0.01678659165335039,0.014097315454122674
0.0008556306327393884,-0.015463032387305802
0.0040630653989468645,-0.0043389745625614295
0.017536593475409746,0.025732790731957143
0.003881034160497358,-0.008975069688069602
-0.001043796459449772,0.011697095275113164
0.010651767140773986,-0.020253411323347632
-0.015137968188108121,-0.0009473440245408006
-0.013570413871662143,0.008439960025172758
-0.00011856779581414018,-0.01192189345130932
0.011630886329036234,-0.0104034914647839
-0.011894390610454643,0.005257537506521738
-0.007207139572141037,0.018143366142899953
-0.006362046357727784,0.004354640746818663
-0.0010883738191799417,0.007323797928580437
-0.001239158285830984,0.0028048549048073895
0.016788204233292553,0.02999278651033267
-0.009582175318669617,-0.006510534128507848
-0.001094549461488926,-0.01262347545754839
-0.02650353480551538,-0.015214980451173232
-0.010938247439179939,-0.02647740039563622
0.003916464877019657,0.015663190734594688
-0.004324760284533171,0.007101848702913143
-0.0008781989212393688,0.011071414502905684
-0.009906261565145031,-0.005971376228826322
-0.023386901053124957,-0.018038150423360252
-0.011932938941083793,0.0012251302713302127
-0.011161742436427213,0.004890809472560882
0.01233495096098496,0.0038565437190580484
0.026727293923111548,0.01971918609039417
0.015309163763143908,0.013100019635056755
0.003893141142205184,0.02184517623213562
-0.00012604655194782687,-0.0027409715669142734
-0.0071568789120400565,0.007257910891205155
-0.00022547465123282106,-0.009222334671944617
-0.0017641887310867925,0.01504618206160564
0.022847374075337802,0.013396625293396398
0.028552315118564285,0.016812941410965503
-0.012494220084416738,-0.005921715272010069
0.007427149654669122,0.02067240137894119
-0.004470002954197351,0.028138155264899416
0.010482801755068697,0.003901269392579319
-0.0046506621131002235,-0.007694352144304313
-0.005415277072629779,-0.005887964798752322
-0.0014802761544904792,-0.01588035842672619
-0.01123798488146415,-0.01578543560994998
-0.0041021617073533625,0.019142795870241754
0.006560923204276494,-0.0067797219947875334
0.002588528325685665,0.004973277603662651
0.0029764058582602594,0.009797868071626867
-0.006125115351340211,0.007326972505162546
0.015778632336626606,-0.0012189070334422134
-0.0032521497778501777,0.004497160764120155
-0.006586728286902492,0.008314564389237236
-0.012047959749371813,-0.00849267963797422
-0.0013159025350933473,0.008940117180322676
0.009254989261541835,0.0203259017812001
-0.0031797814372142392,-0.003085745228178568
-0.006334179552244904,0.01356113064886369
0.002497937694578768,-0.01921543392033358
0.027888952545193982,-0.012737884025096168
0.016745000605758162,0.015270148763244767
-0.0109513115721469,-0.011453890265116617
-0.006749586266314786,0.004823585495823372
0.036197480108032434,-0.0037637320608883765
-0.023816103202056103,-0.00275169687428092
0.0025096494256642518,0.008147089577801098
0.03538138314658886,0.013208230478226833
0.014321871788637114,-0.006196825645264199
0.005212384577024716,-0.01745826345344963
-0.004228929976394418,-0.002765856127263236
-0.00013421336966770533,0.006568168594813406
0.011243897080507055,0.0016236160440523814
-0.006175748474562531,-0.008335575632470574
0.012449778034904806,-0.016711244032980337
-0.007947448680378267,0.0011652096760033288
0.027323962392263878,0.0047448773848610465
-0.013302654248461164,-0.005794683238599764
-0.025872347865184095,-0.004571633576601172
-0.0005032266856227172,-0.006295078496990183
0.01782368996965496,0.0021081162717647094
0.024506750272469256,0.01639666676407445
0.005217021235841539,-0.009935675940848489
-0.014888491666702896,-0.004684947736628174
-0.02337409786870897,-0.02803292530839375
-0.01016544485396037,0.007489058930401563
-0.006627545456342723,0.009602158632257827
0.0014121318500304827,-0.002866931364946235
-0.031965978827015316,-0.010110664864583157
0.005933114204749379,0.012460777516792828
0.0032953846452041025,0.006481677000986956
-0.000601673832598386,0.016825568717241012
-0.009431656521526829,-0.016371054653015575
0.004839640107316257,-0.007487312343334386
0.0064480002970785325,0.00805444252518297
-0.007570945254341723,0.011316699673451955
-0.016188267701637726,0.005872063632576904
-0.01635685801928514,0.003014625629923111
0.005892774105306482,-0.004020242204544727
-0.004447031526798187,-0.004597824330595714
0.018846129042419058,0.006401737063928457
0.02428192039288388,0.0029718981174024833
-0.029383834575243854,-0.006769249636628276
0.019179910130859016,0.0005378009130660606
0.015419364425458344,0.011754831437290779
-0.01008718014255191,-0.005589201030882829
-0.003391073111893636,-0.005098892003778491
0.020997406128549105,0.02225485075421726
0.013797533692003986,-0.003984508383904593
-0.014691885219766092,-0.0046760565939590465
0.005333522933106677,0.003915381925672113
0.0010219693737067584,0.007429657790529775
-0.002483447489842851,0.011205695010336032
0.017591812152596694,0.020179271156157003
0.008765076666847256,0.025446163941049513
0.007322402710012922,0.007855559128317419
0.01217776153507371,-9.940389583037907e-05
0.03258329162471637,0.016868898079611717
-0.003800517932629429,0.0050695362339591675
-0.01638397297218389,-0.0065061379589855
-0.007099545959874123,0.003782211275463955
-0.0014228678402391408,0.008705521168941277
0.011219211591185482,-0.0015913832749730032
0.002399713143639459,0.0016690677277688556
0.02294758699530004,0.013457246757779314
-0.012456079533080335,-0.007967007174218133
-0.0023410796242666594,0.0033394360888999134
0.009651818702818721,0.010536222231243494
0.009207332951350466,-0.005117309232877199
-0.010526167294299432,0.016029669735652136
0.00020389283578729772,0.007106294281388844
-0.007099057311668819,0.003124962687003096
0.00950181149321863,-0.011791649652956978
0.009289348339899408,0.01274049050480255
0.002331934418104463,5.683201193876702e-06
-0.015114188901034779,-0.021265450431481096
0.010724722274924292,-0.0032295770325298403
-0.012058563079407168,0.007534727794912685
-0.03664868985213942,0.0037675899120428115
0.0016755277741696032,-0.011103641571415385
-0.011316972878668138,-0.02784251319059567
0.0063739592174324846,0.012668783829837596
-0.01766626526845087,0.0018654997972222948
-0.004132337618670896,0.0003172817072603372
0.004905662338429329,-0.009913240969381072
0.007813955669140737,0.002671409736509086
0.022229088497044577,0.012401206725621597
0.02120110438631735,0.009689304354886902
0.0398847860735301,0.023736582982005594
0.0012166059309837798,0.009941108924220758
-0.00893891729699218,0.02192490898067363
0.011827552006861072,-0.015033418426630028
0.00532185964055972,-0.003693516075743773
-0.016494067690988427,-0.005983997068341058
0.009407717710212975,-0.002037454682132736
0.0010838728615467498,-0.0033005317037627917
-0.009175396617990597,0.003200343690871152
-0.01990402470566946,0.012820100963042605
-0.010068456920957203,-0.006214242521742628
0.004699047266833862,-0.0010958759617903657
-0.021945007796667363,-0.0005012694651494118
-0.01164138551556651,-0.008147942651251724
0.021561488716032955,-0.00240205885653698
0.009109133974134289,0.009911943964309803
-0.020614977903309392,-0.012145589404527557
-0.0003606920402745808,-0.0019218502423764
0.004861936142768448,0.004054260305375307
0.006856818590740527,-0.004863458887920232
-0.006448842991184568,-0.01097834186025917
-0.004225389960847864,-0.005170875460947493
0.018971640667728232,0.0024405718802575573
0.01876289906015736,0.0030692654798174608
-0.019538259150091306,-0.012580530705822492
-0.013083881156280064,-0.008129353006011102
0.0026643597716029493,-0.019653149129949154
0.012612963515012723,0.014185979835009514
0.02467310304150748,0.03303853921106597
0.007658226035253761,-0.008551596990769395
-0.006219694256202823,0.0035801478739107715
0.005447983833573198,0.003384723595478305
-0.003806449301455806,0.00972809238828338
0.001101852110684537,-0.010771650636358487
0.020866248112288772,0.020828645640194533
0.008588195617675827,0.001659710671728035
0.007934687688599038,-0.0014265275554335916
0.0030182003713092576,0.014086998820107981
0.005233592609696264,0.007496313658136349
0.003833385133697115,-0.01179093778650767
0.02692334251651963,-0.017377617283684314
0.01398811435989943,0.009502296933316235
0.004247743632214754,4.3207512120427325e-05
-0.021944473785291126,-0.0001456805789572409
0.021794173087365386,0.017700684657764927
0.005854212799651306,0.026471956194793655
-0.00188770194097643,-0.00781129662464266
-0.006302653173869179,-0.009428820894773671
0.007209920922280729,-0.0011467223026695853
0.008560565139691587,0.01025617380701061
-0.008599934174715853,-0.01606100832986569
0.007138011314724107,0.00395168396834444
0.00401458925843872,0.017095294965076842
0.008636843986302526,-0.018429062526340686
-0.0045342275430909,0.009183101612979711
-0.006809965524003985,-0.00578380330570636
0.019917688025969927,0.00515216540620343
-0.013303343997961103,0.00781744784623623
-0.0014534880094450658,-0.0012921718798987547
-0.0010780897632244847,-0.02556072679705578
0.004062890980456938,-0.0020832710852147
-0.011916607352569202,-0.0060947751660610375
-0.012026971390599108,-0.015702150405780848
-0.012293282018807153,-0.020081579658039746
0.002501980714456117,-0.006098855448046472
-0.007564064358191119,-0.026203509609592574
0.019717818356388892,0.008141368186886964
0.019705472546646056,-0.002716450582280484
0.013169527182720584,-0.005078044536678656
0.019726773909137397,0.01541479564139057
-0.018397762336423186,-0.0005833573987826893
0.00011233290373512778,-0.005746612351763084
-0.0017566783473209062,-0.009801049123432035
-0.013607449969419224,0.016330947801231295
0.013386909935642231,-0.0017299181668959875
0.011242229917562532,9.652120196303047e-05
0.009058872124449346,-0.011182567311611435
0.001972745369360134,0.009026182773945273
-0.013084275951174727,0.009415091828331737
-0.003980704253810778,0.01199698197020574
0.011088120433281105,0.01580850650640307
-0.010571704829825099,0.013503545461511944
0.023466061032344082,0.03165641468856293
-0.0174314106937169,0.006525959620966154
-0.010966877109201842,0.00604062444088975
0.0024869316794170005,-0.004477582119384637
0.009146084474039248,-0.008248256531619149
0.0038177991935595007,-0.005118975256776262
0.006369497104220253,0.00560142278179446
-0.0019045515138903025,0.0061023125805490155
-0.02197568407200418,0.0005065571354168593
0.012880483280968993,-0.0013349468334020295
-0.03234210311304226,-0.002046306453422106
0.00647789248378033,-0.013438528063870013
0.013776956272358221,0.005470737655326927
0.002450346203874992,-0.0012170206514089544
-0.0048021622025876546,0.012438091793818292
0.020336981591741174,0.018975849924515373
0.017198718413139417,-0.01068602519068539
0.0182367579954152,-0.0013583520505747414
0.0006314690525027177,-0.011554617478301742
0.0052005674070526005,0.0019222553904416867
-0.001031869810377926,0.02727733262609449
0.01678693267855523,-0.002314862042460691
0.00549116106153671,0.0017211379653659117
0.026802435035279782,0.024290869323409146
-0.031302482370620256,-0.002916849574635983
-0.006255407661495043,0.002333883431788431
0.011253645782495467,0.007237493144457715
0.00813991821350712,-0.022787254418387526
0.01844066903822729,0.0032792003540815483
-0.003043905891348398,-0.0012265072451623834
0.006534830157188381,-0.002153455309409853
0.011878699734817458,-0.0016601260469266519
0.012803763304367837,-0.016166298331171034
-0.010046128657095784,-0.006903554212957304
-0.006494692577175417,-0.001791118553855592
-0.022378036283800005,-0.01274163780184955
0.01881907240245617,-0.0016181045646176517
-0.021826276721815058,0.014165213597560252
-0.025377459215194863,-0.011542526811630633
-0.0020182196135817253,0.010835244365695211
0.02430006281961926,0.018681240652375326
0.014184940543325884,0.01277488260040442
0.021398257288209387,0.03049669380230891
-0.01983487172983262,-0.0058981542884713085
0.00154884432820838,-0.015147633883799246
-0.012282766404923262,-0.010940941880498798
0.0011196750720612828,-0.008692034785323361
0.007251752197215071,-0.001543837691920429
-0.010020872072400717,-0.007773761739384453
0.008811762117369792,0.02400081555285273
0.007217624619259183,-0.002231243199798175
0.016617684412420154,0.030975823273369844
0.03405468722216095,0.01866747204570955
-0.0034119576260363015,-0.01600789563608979
-0.01329940668684532,-0.008292465600451068
-0.006076552398813577,0.003892339945978797
0.008152236538770917,0.01113509189333904
-0.005932670605302357,0.005314168857733247
0.0250047877885249,0.00523332415692976
0.018320567547741192,0.001080974883843472
-0.0009731814418139278,-0.023016757846737467
0.011770244669379015,-0.0022206551715687225
-0.0026460786540261666,0.007832537675263809
0.00568330183331158,-0.022141140246508487
-0.006208702918604007,0.002914428161751302
0.0044343253869655085,-0.02274385796360836
0.018986741239654853,-0.0011847456661003373
-0.0087999677838832,0.004074588588483914
0.019841825188056786,0.020989752006964537
-0.019829374400419125,-0.002409847457238322
-0.005649726274778945,0.017063593450252098
0.007179203852106503,0.01369688658454223
0.004864460159161322,-0.00244266798181479
-0.0006574466555544308,-0.0004496570194374674
0.014208638986607888,-0.018207790828098206
0.0018272912420649599,0.0010729700823762396
-0.008840655713832616,0.0045649281713104764
0.00449785273205312,-0.007363857154574864
0.00653118231795524,-0.0033346758004816064
0.008059397140516686,-0.013877700362161263
0.007633283802071815,-0.0007465549288127627
0.021176851708772603,0.0016791303971758584
0.006894781692116244,-0.004835771497065696
-0.006466922068392172,0.0006209966712242486
0.009594080602090419,0.004577165065405891
-0.02048985561992531,-0.0018441003096008846
0.020626259477758372,0.0024089452787772856
-0.0061052789076714775,-0.0077227128037485075
0.022433096103644957,0.021569965763541532
0.019664609755391565,-0.0032885172052157423
0.013857610224704575,0.016964621913481047
0.004013536014891605,0.008985095902452866
0.005758251930129931,-0.004947529953128196
0.00849352553042666,-0.01707854198486279
-0.007961762946702523,-0.013301582833981276
0.01271994851757128,0.0035821944300549503
-0.013439031760059453,0.011761308914199466
0.0045955509223953705,-5.8098050661603613e-05
-0.013745551139031887,-0.0016957502769707159
-0.0043024875047425705,-0.01964595975287311
-0.015622387222144138,-0.0022365966513124935
0.008453932368358764,0.004877271593825095
0.020544835278277697,0.0074349185708999805
-0.01256874437375291,-0.013974262823819894
0.014934945314584027,0.02271924134021565
0.0012160618535430221,0.010602254187935856
0.007592107593568585,0.016316839497589698
0.0010145102741108349,7.00374062701556e-05
0.004675560316368229,0.014558440376662094
0.012538541646330104,-0.004977255880170403
-0.007117862599684573,-0.01351657464856566
0.007059145248933115,0.015971112525700416
0.009430819835671901,-0.0051364097406081345
-0.01424445804694524,-0.002358685545705824
-0.021387858698606436,-0.02989310758851467
0.007837438113441427,-0.00402169115802287
0.007853907632842048,0.009453399558581932
-0.008254233177133181,0.013593013716083718
-0.0025557945789220515,0.011172148824430985
0.013437953041866218,0.01295183874482038
0.006816443649798594,0.002489765562520225
0.009396388140854897,0.013889338496323926
0.007609800283682129,-0.015421088451151616
0.005219211088263761,-0.0018351122708814345
0.00859762480341427,-0.0048538067766744466
0.0160791162258569,-0.00573104019649369
0.007075113987644196,9.919912225311778e-05
0.007707465134097986,0.008566903996903942
0.006831929898299698,-0.004908079167920611
0.008108311805677866,-0.010222078504645475
0.004805344174413084,0.018283616812982777
0.01129236302258718,-0.014988016494170964
-0.003504178832249177,-0.0016856849838605967
0.02842169064274707,0.00501719873066876
-0.012298020966853849,0.014498232081151289
-0.029719099794763473,-0.022176028885914308
-0.003992374824188665,0.02310220675214163
0.04320855200844559,0.017634906536928587
-0.019174797334599335,-0.016251392954395854
-0.0006558996919273952,0.0021469121857579775
0.0004567072496930685,-0.0026728971554207644
0.0068132510906742895,0.006539947312096099
-0.011539892253764068,-0.021716331039606903
0.029042468944052092,0.004629029294674284
0.018693701610215697,0.01881067133513057
0.0049815995067883125,0.008312437358676756
-0.009332453408708457,-0.007518083354862209
0.013275855516819991,0.01548636295278036
-0.010855604761940831,0.009068485138104742
0.0136326705641232,-0.020954094314321187
-0.012402859675566194,-0.0037951263281933677
-0.010957189394719305,0.006961321921878245
-0.021392170532377894,0.009386562695072737
0.002440774327312524,0.009720554227672172
0.015917806362487023,-0.00023867504217191067
0.008894459956352307,0.002906765903452437
0.005147981261638565,0.0033266188694702024
0.0259813773496082,-0.0013820692953977743
0.03569388023047623,0.0169471069783373
0.027137138991109717,-7.249291980263581e-05
0.01875172588959,0.021207500136229546
0.026914996948108238,0.002731683675889098
-0.0010960974218707797,0.022579307338498153
-0.004620859016125098,-0.005075825227494119
0.0061312167281240525,-0.00899470119258962
-0.00011570653318473301,-0.0008140514904181114
0.01747586482865842,0.0019065554721870057
-0.0023340751851137036,-0.0013196553581582794
-0.0006899392611782772,-0.007747775284245167
0.00026923156286564297,0.004732447804198927
0.008348277108870272,0.021577734308706666
0.003974427499298945,0.005173892891762625
0.02293237054048352,-0.006010386052676744
0.020637372535058367,-0.001346055979577194
0.023349931878182698,0.03660762607087023
-0.009343561376466707,0.0006380921669224121
0.020585936612445933,0.01962159854429314
-0.010413261200854007,0.02663834301713553
0.004118383060188714,-9.391536263900762e-05
-0.003999450294178872,-0.010459190580870772
0.009084184292416772,-0.002131858610946711
-0.011507270288804229,-0.005330646086643171
0.018736403416427926,0.0010531000977023087
-0.005388128294857218,0.014913324920257934
0.013384281822708616,-0.006008370995721559
0.012971913063608299,0.00644869775931095
-0.0022833085568033313,0.018000155654019
-0.025350990716580174,0.004274297986677155
0.015682861611616635,0.008993849396582957
-0.0035913604043139283,0.003397469626114294
0.005317405653294024,-0.01889873995615175
0.001398544022003253,-0.024558860462590055
-0.019284882664181748,0.007227431863728359
-0.021460400803118822,-0.013563553646144838
-0.007832312372967684,-0.009790615514721176
-0.0002153210726915845,0.020680432927754785
0.009311528756068515,0.0052643531932644125
0.007040971833368647,0.004342188680032913
0.017220758344146433,-0.0016531258864783
-0.012588003270518932,-0.005137695937509229
0.007823830197852598,0.015513243622519848
-0.013043888455481358,-0.0066786113027405
0.0010098606279334108,-5.993138730943773e-05
0.008108565963738375,0.017755638639937992
0.0004675601302584492,-0.016898358733146084
-0.011821237751179717,0.0001967450938027948
-0.007418562386258099,0.009061319988457033
0.0021737596991133826,0.009194689967354012
0.016657684822666732,0.004051342619630241
-0.0035854450620080133,0.002899230147794395
-0.008209765129919807,-0.011888506868079629
0.029592478833716022,0.0034440797167248197
-0.007102954529324066,-0.012563391423997613
0.021718840608627287,0.02452021172168743
-0.002267368144009301,-0.00657661381752801
-0.0018445355459186963,0.015172356124695618
0.004662359883002891,0.011404063040966337
0.004580520935333336,-0.004742649162078372
-0.029583066728311333,-0.01652977466145576
-0.016791344719532326,0.008896324368206514
0.011797966948262866,-0.0030903852118451948
-0.014815156964089847,-0.018729931958633098
-0.015578601236536678,0.012706859458406534
-0.011165265676665932,0.004742966479697701
0.007225729813611804,0.011780786245786115
-0.017270344057435046,0.00017260404042657631
0.001240768268772246,0.002048757971885044
0.012451592924073374,-0.014297481072433126
-0.002378766107125523,0.0008507658944753451
-0.0032805999452401573,-0.019552082210799935
-0.0034462148368125606,-0.0021168295431732167
0.009807495336897452,0.015971361892334574
0.012894235899279023,0.018920022721778038
0.00380049644933254,-0.0007537619044515847
0.020666002534180456,-0.0049120497155644965
0.025854023112175568,0.013129937133543075
0.017800056855642944,0.010557823457581115
0.002287228091668151,-0.017828011962451578
0.0007459070032767396,-0.0020375062810392497
0.0033095459008493856,0.017543168271883677
-0.010862937628104065,-0.01107214045184542
-0.020776320407490945,-0.005337264360791361
-0.029349973540181488,0.0008917870256588181
-0.013917085921649211,0.0021223223692919103
0.00045295105755012167,0.002080220413272459
-0.0016684451599243138,-0.002120062377865035
0.012164457334204114,0.008657663021497683
0.011832280158342858,0.005376962608005941
-0.026874093557580685,0.0010774998186654865
-0.011475054523238444,-0.011209664100334221
-0.0082248390545275,0.0071630079850461765
-0.011461436678482831,-0.0012183904247798376
0.024995197727235293,0.010390425481174564
-0.006944242701791014,0.004873671632806322
-0.005488589445781473,0.005955101274329758
-0.007454219110722645,-0.00899687040438719
-0.010752986293983831,0.003745932415919241
0.006177981552183135,0.003166280023818333
0.0023824583381515155,-0.009078726646134625
0.020203550058035744,-0.010107864147640942
-0.014077147156983437,-0.022837474434791425
0.014654410026277957,0.0013687731270401301
0.011785543527361692,0.027095872403571333
-0.005413051656886604,0.011060235076588303
0.03573794082783995,0.028210153449676957
-0.01886234846892026,0.0008078660447448786
-0.019665212402798716,-0.01781153582083933
-0.006196904497925193,0.014620564672951362
0.016293072727054506,0.003313344523137291
-0.011441803588041968,-0.010048723082914062
0.010075495777311027,0.009323306020454942
0.005948753859493838,0.018194231197783677
0.012630962451823876,-0.012138523216579732
-0.01250962178676408,-0.010141872143364195
-0.013001923177216237,-0.008239195336273918
-0.004875846159343353,0.005846572706162502
0.005552196798699124,-0.004082719579963114
0.0018701184507032241,0.0036142766401285635
0.004938658366413989,0.010204444876212656
-0.0054506378040260406,-0.012596935274563585
-0.002099696371236478,0.011698007271206718
0.014719891559976682,-3.022867108899542e-05
-0.008598790008745354,-0.01033816716091357
0.00470490160828739,0.007481338895755809
0.014827188110623193,-0.002985613474831344
0.03042808873543841,0.008905549137685024
-0.01315322392445704,-0.0019863923137218836
-0.011393493148759898,-0.022148505900438327
-0.019957479179799585,-0.001968768190983494
-0.01668069404701419,-0.009675083925620295
-0.0158646364657769,-0.018648918220083573
-0.013918650968367422,-0.003415160979395696
-0.012681432403514643,-0.0015387429334371725
-0.019141098255788892,0.01044056036061022
-0.016645313685588695,-0.0005389616224375304
0.03170681909896971,0.019609338079973407
0.023576478620661822,0.019260489715169724
-0.02037360005575761,-0.010224324327012653
-0.027188621988086296,-0.0002597057757505787
-0.004606703281216235,-0.007836058997010557
0.024961124371087728,-0.009609565552914054
-0.010824028302080227,-0.0005040811154916387
0.019954667901791283,0.012398845434567339
-0.012132346273990943,-0.016184435540639933
-0.017820344082024552,-0.024331062698084764
-0.004053435474971189,-0.01784728594717801
0.011142732440295317,-0.0034494815891203765
0.01021834617543928,0.004658019343775725
-0.0007322250106544567,-0.006892624290078121
-0.025297294348293184,-0.03003077303440217
0.010163361586406695,0.0029731315389051583
-0.004102692757743745,0.0004773938286983483
-0.011880017156418936,0.0008401903489154586
0.0010898971287443462,0.015908212901545336
-0.015732129039414632,0.008535859554999097
-0.001257433835500418,0.006148550141203122
-0.005018405217591169,0.011097854099986919
-0.02292083721304832,0.0014270391274942237
-0.007482115737530342,0.005674107824024603
0.0022878593162307483,-0.004032241841536001
0.013739855486129462,0.005540970613858529
-0.0030081056904557135,-0.015244864371613086
0.007521929687112078,0.004079092957475491
0.010676138646727175,0.023419466660775212
-0.0036968925260865023,0.010990962908204708
0.019189681544844933,0.030812742381074926
-0.008175076774205422,-0.028021602475072606
0.012949148996266355,-0.0149934209482461
-0.011841417852865901,-0.010895417158256525
-0.018759692961986908,-0.015177029477536104
-0.0053741018097577895,0.004259448047171181
-0.008707136726908041,-0.0033254715235181667
0.0029362120147679665,0.010472072520430527
0.000630540601440559,-0.00935692436631415
-0.00843964156937707,0.018996885237026386
0.02196104990473088,0.01005771505511202
0.0051459084931562045,0.01088777200767927
0.012199708922123123,-0.007123227679200934
-0.01531304368051839,-0.0154763402042506
-0.013788356129253384,-0.00858305894327732
0.013705887413070604,-0.00031129423637759853
0.014349889848458853,-0.012244070199023143
0.006276007699196114,0.002377300223726872
0.0016365654315725886,-0.0036861749395375415
-0.02192270100362247,-0.009891270087350761
0.00029078009412535863,-0.014640561869662864
-0.01133904578191093,0.005863926983819934
-0.017002954597939497,0.021797378844167596
0.006859153233262919,0.01439398653802603
0.01882958625616209,-0.0028637368851311532
-0.007122479364845924,-0.01006968939357196
-0.00503958895519737,-0.011615071516566666
0.002965298921296898,0.0032002630594633995
-0.014258726487820613,-0.006317308755390438
0.009014172080725098,-0.010438415207970354
-0.011843073064956435,-0.01970796876107468
-0.022466006203081933,-0.008907616767803333
-0.006434879092089884,-0.009260291534276719
-0.008121167309927572,-0.015691050345651616
0.038520070544936294,0.005841123582442274
0.011543882887454162,0.0008184075032305572
-0.020595937867089284,-0.015701628953831197
-0.02593644673712655,-0.017358549683146464
-0.008930389436792283,-0.003972635947631671
-0.0010486174829565584,0.005338979087405172
-0.005187350174072645,0.007147539310740384
-0.017858780855469734,0.005330079915439699
-0.00033960945921843676,-0.006631620750666288
0.011720505797195623,-0.016348996076679886
-0.021185614427363265,0.001150668644632265
-0.02284562085708046,-0.010066811962751972
-0.0013455048492112304,-0.013143670422066541
-0.0054238082034552245,0.00783975855511461
-0.019144890590702165,-0.00036181764438064754
-0.008257367222566455,0.016932036019052618
0.022789407104910998,-0.003113456843222387
-0.0025760613113630904,0.00040491627409515506
-0.013785600184816863,-0.005066122320800432
0.001251480688856872,0.004311512688910697
-0.022537018942675627,0.0021077335532666405
-0.008036142042590526,0.014863763320866166
-0.010628236517926642,0.0037064474793476565
-0.01853421303679786,-0.01248196640707852
0.002317545805397441,0.004704957480135302
-0.009595768489182395,-0.024397558255622145
-0.0017262391080375612,-0.009232424008570918
-0.00030228510550028294,0.007560500275275912
0.013095339904182818,0.02414602994175758
-0.0012826453095020505,0.0030052995604099835
-0.0010953155402216815,0.006463687833189336
-0.01359946381521308,0.008122189292530998
-0.015040154812544518,-0.0038962973679900355
-0.006075049915547072,-0.01828662426606845
0.006515560010015815,-0.004386152253603498
0.01596030862282617,0.003984495685406792
-0.0054260713404855575,-0.0020578105478203496
-0.0003914267284483737,0.02186398101886136
0.014544795891684973,0.004808894747815911
-0.010232027402742419,-0.0035964736614745667
0.007413061819066336,0.0015966289453999492
0.013675462133632292,-0.001099942025784781
-0.017317390316156474,-0.00782738047836656
-0.01331333425532473,-0.0046633761613579785
0.03144487457254848,0.013247526956768904
0.0028664088106013603,0.006200187233351627
-0.020746103537665088,-0.004260951206738588
-0.0006857280711263941,0.0019182717446084036
0.0041790668763359755,-0.0031761786704698532
-0.020251766737605117,-0.010197503016429205
0.0024311023491074353,-0.00849811770097138
-0.008450739104517083,-0.01126933813536245
0.020438247288504435,0.017559470204796108
0.010487001872991383,0.003618500643459923
-0.0012139338857893908,0.023435902292255246
0.021045490311508895,0.02253940023497946
-0.005749293725872001,0.02266976239444249
-0.016644636765424183,-0.013572442730067307
0.022270951920112518,0.019814928588306673
0.010567830167109509,0.02071372447887381
0.006799977820574974,-0.011223057129294448
-0.016164882236127148,-0.02066261919480087
0.009474582108861094,0.009712866879130045
0.00024013508443471277,0.01132410199145488
0.0010615418034487978,-0.002841090299334774
0.015561353981068251,0.0011423003876493611
0.0027253570980809924,0.01455037054312432
-0.0024647631078118827,-0.004966761114488154
-0.001301918535405428,0.02277106865476821
-0.016636024006360838,-0.005680775151627827
-0.02823398883189242,0.006210895982451207
-0.02485876011981256,-0.01042095516435481
-0.011119786393879297,0.017984139761405147
-0.014143772189359607,-0.012960126136976665
0.009088734500887234,-0.004302490065743032
0.023708925786053967,0.005173548914107869
0.00039856265216106954,0.014997330760969917
0.006089744664418572,0.005099960028142928
-0.006584335098115122,-0.009187023212215867
0.02115009600638078,0.011839153056831517
-0.005072958745505129,-0.005777020264059214
0.024019629856057295,0.001723116099984397
0.0078074418997245345,0.0008842453173158772
0.0008817831805820645,0.002793875214726879
-0.010932086543454702,0.00567480516126626
-0.018074049080242266,-0.004092765748772162
-0.0021971656643073358,-0.0010739211744504175
0.02481310736092187,0.004012645934644851
0.01000777240544495,0.0027550150551132763
-0.0343074174921783,-0.005003190336700287
0.006613834486608945,-0.0016149916525129654
0.005071536879352364,-0.008123120522476658
0.0037116779289883685,0.007361704277264637
-0.002604961341457552,0.004162146807869644
-0.0026600747212512325,0.001881723892373404
-0.022090451486150586,-0.002745221724030518
-0.008077419942725948,0.010666308423202868
0.005694832561349054,0.009088732761356499
0.004225970608405928,-0.015166038067151515
0.011313481011510767,0.02857932628113262
-0.010566697936401004,-0.009745433125618376
0.01855137229157622,0.006853111925460189
0.0008707557288934297,-0.006371946265225035
-0.011486583096615897,0.004824153635932142
0.01017596185634788,-0.0029457112494994135
-0.002922305278169352,0.0172855982220765
0.004590146480791396,-0.01263919616124444
0.03661415606919688,0.019880125694357
0.018066575178767162,-0.00348497727642702
0.00293793434901972,0.014478418038004905
-0.00025683007335727484,-0.025256212222328274
0.020756464945081512,0.019558672525109046
0.013289836964232315,-0.013701944673729056
-0.008187622595961412,-0.007501664522481874
0.015595068169043389,-0.0012947738989864041
0.03353328154531799,0.00951803195973059
-0.018746525381274234,-0.019944444381572966
-0.0038936766220894607,0.006470108312645915
-0.010495474120952603,-0.015904863073192017
-0.0008089063145438348,-0.020986103145909252
0.0017294907079200101,0.008419420334242304
0.011323060691580386,-0.004291898068931556
0.01669694310130689,0.014795965213558016
-0.038690155490052475,-0.008827963754399284
0.014418401280858854,0.0027629447788879154
0.0229143262176877,-6.877913206801419e-05
-0.0028722087031716305,0.006145980626145195
-0.004247093508242714,-0.0036368587052666716
0.029368797031425177,0.02659532892933948
0.010725874076239008,-0.014628524976251988
0.004966402584823557,0.008660940983957758
0.010881692986085609,-0.010350915362052461
-0.002611224751287809,0.01651462885030579
-0.020031764196536815,0.016258988824875687
-0.012900217735375039,-0.02423192547393369
0.005946061700161008,-0.011454626454063198
-0.0077680196561260234,-0.002038420977331383
-0.01945437083704042,0.004757183434346651
0.0055501059110333794,0.0011915784307241339
-0.0020895657988671615,-0.0013190854999642425
0.024480406414421937,-0.011181786000387925
-0.0028866674292645214,0.011204948317077565
0.012452386669866013,-0.0076781678219742045
0.005968862294683201,0.004015827714633767
0.02364634361471991,0.005020237245997033
0.001611778117125626,0.0035029765954094987
-0.0028841503293308736,-0.015890362128651893
0.04353278193137362,0.010925347822593252
-0.01648267939241298,-0.00558649719320208
0.010428553873449691,0.03870310655246678
-0.014025281441571759,-0.014854997827866331
0.00880492464875027,-0.010535228297420427
0.0021948311856707313,-0.02362833832076757
-0.008184652878266795,-0.005128656832335538
-0.008789268672074997,0.0053977810306246425
0.007203460497399443,-0.002185893665358558
-0.008521723597024232,-0.0012173669380989923
0.010643512250734058,0.0064395722989628945
-0.0036286591736040845,0.0027332492470805493
-0.002290569832989925,-0.024271261797528535
-0.00038509727337715234,-0.01347536405783715
0.016718641617230648,-0.009492774049733465
-0.004180400079165309,0.0020177269224653195
-0.006846080650312367,0.020687752209126643
-0.010520883403596203,-0.006683840580350907
0.015763457141326164,0.016063544329053246
-0.02751110834061535,-0.009632035439370348
0.008671979713866415,0.006544556518298724
-0.0003825105634466451,-0.0033048997097390657
0.02122244452514895,0.018204525361704187
0.010236077703081393,-0.0015335977488420394
0.0005835974731580452,0.019648708245849824
0.0006127969362945033,0.004076165724604292
0.013045862955098688,-9.18347076568714e-06
0.018551788795832667,-0.005294820613437718
0.024945830028947572,0.03657673564908963
0.0041921994565952666,0.004970754999597807
-0.022508812629693935,0.00918384610855908
-0.02994797972470767,-0.026486590946766798
0.008827629717929285,-0.0007120909663242473
0.004074063105058494,-0.010531636565850933
0.007820751108779122,0.0049586215735979225
-0.028626237209581087,-0.004708031066757875
0.01292939928081078,-0.003389456515374746
0.009971898607935514,-0.005425083531728505
-0.00809877578868619,-0.0061868139418848386
0.018800811920412892,0.015491727288041749
0.04324987584817119,0.016904696775069467
0.014614932625825363,-0.0030567943604797956
0.007056163062021354,0.0009185227813363981
-0.01580048536021963,-0.000246035257018631
0.013879697383691695,0.013084816794350921
0.0016595298920495992,-0.013739699160367195
-0.03287896907800923,-0.009902663509304846
-0.02140519241022023,-0.00846364749874587
-0.036259521323440076,0.0012985574833988367
0.0035013259554748585,-0.0016392454374278868
-0.02203565315384309,-0.027037467541124426
0.012357350136336391,-0.003270578887919651
0.027322107906515507,0.0023135709327849066
0.019951709582078706,-0.009163031180641264
0.005776661230371604,0.023394233275818053
0.0016898964482656958,0.0032267215151798156
0.0015931240981667718,0.013148037518755838
-0.016316407672447828,-0.015988372074639937
-0.02212531903687153,-0.0028722173160718543
0.000786103204834563,-0.002281451754487161
0.008878601868908443,0.005513076577983623
-0.002231334682756455,0.0009772130997042997
0.010741954186814846,-0.0087439645240492
-0.010442693129686995,-0.02170096017666349
-0.0014599707140275846,-0.004551934186748626
0.01853751851544476,0.009388175505278623
0.022482422651919864,0.0009015098139030704
0.008475064125055928,0.003497212178513025
-0.0022975376264948153,-0.002991674603179923
0.013702949917355567,-0.006272587156654129
-0.0027958612503872662,-0.008414374573357296
-0.0009864139363549647,0.006561173158654823
0.013533185415836261,-0.010431601639853546
0.00095484097396413,0.0014825352038124284
0.0011732082193676465,0.017183803212700778
0.011098500291236222,0.006434666830755743
-0.0013932104155339588,0.008237866642608758
-0.00021183950883379288,0.000500044444452735
-0.008023551497306474,0.01887162086736759
-0.004939464042366082,0.006674100695988941
0.02158198422153945,-0.0007971468752595039
0.00875884568758691,0.001179083542143201
0.0037810048609482976,0.012428818814991863
0.019025652174205637,0.0031461106384768453
0.004432079625201057,0.005673945070669375
-0.006016642180645832,0.007028088151287643
0.0028419115690801354,0.008391890182138921
0.00810326214505291,-0.0001969126986305975
0.003328968793487609,-0.0030617350484947654
0.0036120509036401917,0.0027329991741595607
0.008174955984127309,-0.01977436708040857
0.0005704731651643898,0.003656835472629998
-0.011043393385062251,0.012082867621151816
0.006412429124436688,-0.011815875416146426
0.0028385846767187218,-0.009175627868363883
-0.02710732852751991,-0.010390693764666658
0.021468519249407566,0.011809480154698212
0.018293598451261793,-0.004666343272290359
0.0005680852375355434,0.010243975692206636
-0.02153679094236658,0.012822745977793672
0.010459596189782247,-0.001926215323225371
-0.008142150019088076,-0.0005052577356004544
-0.005225658785726645,-0.021904149864027417
0.01527962152272639,0.021725115527511333
-0.01340123869395829,-0.010248472452769488
0.0049600854145441485,0.015368028332278587
-0.02080281455010733,-0.017642827143732377
-0.017141237361457982,-0.01324346034606034
0.00877096784390856,0.01923806025163226
0.024175363279391533,0.023838456588754393
0.012158915535563456,-0.0037883247607711696
-0.005671979364024083,-0.006143705124503983
0.012342984931421332,0.016832723830631616
-0.032143281449988494,-0.02054981105778422
-0.007831245498304705,-0.011237642086216965
0.03552412251421217,0.0032310972284461384
0.009269985030110341,0.007726832670762672
-0.011185389823734584,0.01643388801946629
0.025713706070763096,0.013874322385957361
-0.005998454928945587,0.005670208944019945
0.024100528686797743,-0.0002961433554573476
-0.007404051324128178,0.005951420409095747
0.0009045405125822954,-0.025067650009607288
-0.0002867727203646608,0.006595630343511707
0.02933210342738126,0.006205887456878462
0.000675567929531999,0.012955790251881984
0.010181212639372973,0.007078443048488205
0.006720517747701875,-0.005301698122066729
-0.005017163763581036,-0.0012651520304329277
0.002191823093775652,9.622412227619563e-05
0.00241115329543633,-0.020333143331579377
-0.002597796810469462,0.005047398599588628
0.014441850455260573,0.0060178212883319525
0.013019208059378916,0.02648065860970548
-0.0055571239812237504,0.006677202192691096
-0.007108736470836329,-0.016261508896656594
0.010882710377667583,0.00965732427554572
0.0022444567553397657,0.007617340093503314
-0.012893005987485018,0.003679653586031264
0.007498002980587318,-0.003183780873336571
0.012390247860018232,-0.0011102344719631377
0.01218767398025136,0.005559622144224172
0.004588713101265524,0.01871152437770893
-0.023942083866566915,-0.016750685822266746
-0.00726154122233754,-0.008261638911339748
-0.03140287102168085,-0.014283415127867896
-0.008381989016642164,-0.004273362506968462
0.01872802807524174,0.0026358674558795044
0.008164633887497002,-0.024967126687267877
0.012654528837961442,-0.000808582075127869
-0.0106541842370185,-0.007106859422610726
0.014623772449422905,0.012511111603134163
0.00963521383729656,0.0071358668513990305
0.008895402192416905,0.018239245420572682
0.0009933867603626279,-0.004084469302052801
0.01433649492826736,0.014111986730848345
-0.003648376478040777,0.00682069295281431
0.020746202982797193,-0.0013326331303823978
0.007363462724181709,-0.011220751602184954
0.0009389360330405514,-0.005822379340772499
0.02378527717842329,0.0039054595790752743
-0.009880488341187188,0.008042024123152263
0.023005639480729513,0.01417136585750271
0.01760831958473767,0.012373586859141736
-0.009744370332960701,-0.019683731109921672
-0.005071466947849306,-0.005472760962969937
0.0028426805238270735,-0.006048121917276372
-0.014502600402432234,0.015785686059064163
-0.00702357996734081,0.00467194638718743
0.02662739169846652,0.007468221438557694
-0.02103417304855453,0.009898464870905685
0.01568892415509233,0.012210735950205519
-0.007504091739735391,-0.01261663446189858
0.007867554345836986,0.006777908324756045
-0.012283524483353549,0.005133410917803675
0.006456966892973447,0.0029650967073510575
-0.013406368002600621,-0.007971684680521516
0.007227829518494439,0.009931917256502375
-0.022409287463130697,-0.007903012271141254
-0.008165214666450328,0.00011481041767780244
0.013618181555649126,0.003546576079101831
0.02091789208947878,0.014270207172048417
0.009582845738644178,-0.0007783044124010463
0.01523093751303658,0.007660991561102179
0.011314304298860106,-0.01714807038123332
-0.008638678755650409,-0.0033156234634333912
-0.017589884462821587,-0.02497315307438233
-0.017217408685245218,0.0004342531305921261
-0.004995999100579644,0.014643590572700654
0.0021123613605016295,0.003798426264033369
-0.007653153954102174,-0.028306246951887052
-0.007348100520751352,-0.010444372713905936
-0.0051816022351796704,-0.01755835617240739
-0.011135754765082537,0.009012405575012535
-0.017297730165475103,0.009134998328803757
-0.01609730509296547,-0.007410177995465563
0.003696462139920896,-0.016679502725655063
-0.006772418825554528,-0.01975919823141162
-0.0056591079019749834,0.005931687079502908
0.010210043313828961,0.018702845535327497
0.011564088419762565,-0.007533313505269072
-0.003302169312666115,0.01182794493964123
-0.006518517535815001,0.0009770939843939943
0.008394223344774597,-0.015079797011804773
0.0086795410212794,0.004657925427422765
0.00048125011353576907,-0.0023803109917031164
0.01903259597855391,0.004910294901627555
-0.0011755782301839572,-0.0015419052987722028
0.0052579332536471235,-0.003096733089659528
0.008179638474378977,0.00997835502405155
0.006474508455298006,0.002987314820321727
-0.025679001332287513,-0.02132660544590806
0.017311621608147833,-0.0010452434138317663
0.012032847206096016,0.009660792611890578
-0.022987978121765024,-0.027376949373538035
0.006722158969866964,0.010133465696689102
0.020191633754429995,-0.0139435918868224
-0.0034111099596501426,-0.0024950700722220537
-0.0026701961006874355,-0.004174485442300911
0.006312860369111557,-0.0065776252593573205
0.012101127452070452,0.01429129884454115
-0.014904688561499357,0.00254222790856295
-0.012197281864905107,0.0038540845911816048
0.01873256819020111,0.014985062970578262
-0.004846064813013204,0.007533214752185371
-0.001570103430166796,0.0041692676514838
-0.0021415011824698306,0.014316349778313009
0.00297637449388738,0.002290163513789491
0.006895743811113635,-0.006546489170627253
0.0033539569704839757,0.01778320177721487
0.005449146986788766,0.009762491763034398
0.002984276816349125,0.0025234322625529372
-0.0011889116885598484,-0.008409105906798067
0.02208767537555634,-0.0036714603259756047
0.014634422461068082,0.006722983042149773
0.003630922438476811,-0.006882641692048547
-0.0021062608683475982,-0.01015755978073065
-0.021974185657127363,-0.012365994370541469
-0.005652580293141701,-0.0031395243208811895
-0.018043813757615795,0.0028322979124035096
-0.0012821607386665677,-0.010449360150816508
0.04168524910585787,0.0007854074578265878
-0.018846823721045142,-0.007244763483583273
0.010807127879770487,0.01219716910987362
0.004135170291871677,0.012497284226267582
0.009141098495271656,0.0020735812061477977
0.020508100054931727,-0.008940734757562921
0.0021450028305824813,0.0023171899831760413
0.005045706343268594,0.0057919370564271854
0.021499084992625744,-0.0013768990034487226
-0.029469571934406958,-0.016193068954294454
-0.009722637228995943,0.0036229272628272437
0.012190374345251094,0.0077931165564432674
0.010543354328250485,-0.005947633923201786
0.0027312106285108263,-0.008978607263014204
-0.002245856144667524,-0.015424599265610227
-0.03131064433678761,-0.02647818360335986
0.008354314043326929,-0.0030202757707053544
-0.016592234788729194,-0.003995811652094519
-0.023985478733523836,-0.007659502923447175
-0.020464850493603495,-0.009426607656953101
-0.00500807560720289,-0.016797821245894507
0.0038973808423872526,0.0018576624808669046
-0.0170001604476494,-0.005299599825171306
0.008436264957133404,-0.005457220803770256
0.008842045280881642,-0.004060928194231392
-0.009991917116060928,-0.014001217805463402
-0.008058002524823613,-0.004229069971306823
0.005766539715807771,-0.013027131168445808
-0.004655219737133435,-0.009743819091700225
-0.02349887203126068,-0.010362936827770902
-0.005762954226787558,-0.023315659972785143
-0.003427772507751577,-0.00031735656287857093
-0.001103990108682069,0.009096200545804402
-0.0009471003869180153,-0.0044161251845264106
0.003602295910770346,-0.004083468523129985
0.002947402157588436,0.015330460866393253
0.006014231892175933,-0.012566015575872492
-0.004096697710392632,0.005657389963473954
0.01176743341869183,0.018957664384701114
-0.013791074979611174,-0.0009954034232430567
0.002944651285849171,0.01665519710547799
-0.003594732103014924,-0.007616646136410364
-0.0016675182630353333,0.0002991453215086588
0.007453376742154151,-0.012295702297590323
-0.001486227220729572,-0.016010496241853057
-0.0037184229902125472,0.012141076254701556
0.0005359821565739876,0.00683665908209851
-0.027651466438224966,-0.019701768487291285
-0.02015430012978325,-0.009559016932046943
0.013921017680992276,-0.008867152728439215
0.00024722126755311177,0.024319361124145313
0.02621232710900713,0.007885989027532625
-0.012615493919909293,0.010712947082752569
-0.013070568865986612,0.01751144839647754
0.013398831272433328,0.0022273644178159527
-0.019249771802297515,-0.013915809783726564
-0.0025809592064965723,-0.01912695655059001
0.014280551173276134,0.003595313883654801
0.005828969830379174,0.0014938110016610455
0.02294958236156538,0.029374502716208457
-0.00032716318981758477,-0.0005616091282874752
0.006911979888820209,0.010019326689836116
0.006167654911855572,-0.017413211950108087
-0.027296239582847104,-0.010355210339346606
0.039501846798809394,0.009665714089332754
0.010943069810631693,-0.014526652860428054
-0.0004077808659148306,-0.009724671133359978
0.0016847224375686398,0.003933241417406454
0.000601027032293282,0.005219708396954116
0.0005040239282262788,-0.008762250726113465
0.01912084106279835,0.008538553479341229
-0.021987314740171373,-0.01536959710297838
0.001343588749336277,-0.000735546895915621
-0.009891222247091309,-0.01250375425122213
0.008553445816059308,-0.001101656424929338
0.022385952660877787,0.005899539801989355
0.010674082663390516,0.00758881789806638
-0.010137707203852398,-0.009751607213495155
-0.011113671737548363,0.010144016125579315
-0.0024725321081993587,-0.015761087455640553
-0.01749763391374965,-0.011935234554166644
-0.013498099017595447,-0.0040706686837028334
0.0023006645516879093,0.007101437821417591
0.004028601316855407,0.008835346683847582
0.008116378026311558,-0.029980025856739697
-0.00849797936627055,-0.02038773659591288
-0.00020421330696908849,-0.006353736186634746
0.013701857743709349,-0.0080797422925927
-0.010728100187729739,0.002447218048485808
0.006880718047905868,0.004931730137728351
0.0012309877624139612,0.00583096130671025
-0.007776210690763751,0.013095006409114039
-0.008085073806758138,-0.011871248542814712
0.01331838626604885,0.005574844893407579
0.02025302927728514,0.00615014287502596
0.013842020594577472,-0.0015685304300411846
0.022299500048184928,-0.0023902224712789967
0.01624133519222358,0.008433561654202157
-0.010846706728566127,-0.013013787696755505
-0.005774835749342907,0.008038357086821797
0.009327535866501762,0.007344748927550502
0.007798938644522782,0.0031279951376757013
0.023669996594389606,0.007781875189491199
0.009040916052018582,0.011232390674715152
-0.007402234955217788,0.0014915001773614935
0.010899612177035898,0.01968614628110421
0.003219488390151152,-0.007714475151781615
0.003176714695480881,-0.012988847515093506
-0.005500490737075919,0.009049895261172988
0.0017132970588596603,-0.012320506016248112
0.02128709395094667,0.003209119818408606
-0.001238300060458406,-0.011062174688167871
-0.00921677322333525,0.0014025197450442046
0.013806286192268149,-0.0012709218504305718
0.015176846604732898,-0.014689851771261891
0.0034062235103146524,-0.011476091395295469
0.010960463770807565,-0.008522976023099973
-0.01151639771125224,0.005800182286502901
0.0029191771784208005,-0.009236495096132611
-0.0037740749756260705,-0.003565533573039772
-0.00770860450867991,-0.001365101077159884
-0.014711227408891192,0.009467490853294836
0.005687746884686355,0.004956064961956365
0.008433052701572121,-0.01499974666554602
0.016221797726154254,0.01452499976071513
0.009579583278602945,0.0013107087198565503
0.005243462592543065,0.001774276928596214
-0.011785730124052053,-0.005123199649075379
0.013316137211212874,-0.005319298630393454
0.013426561139644546,0.008724596402216182
-0.0008491304803283008,-0.012903643006372185
0.006793311495922472,0.014891080724030259
0.010438341029746185,-0.010888980651992296
0.031925360553714005,0.005201719924347548
-0.008191414867825328,0.005832555505136557
0.017579571938170828,0.002011252179237394
-0.007616410783063017,0.006927493512046425
0.009469340892295883,0.0039639814050001655
-0.004693831040928483,0.01832949761071775
0.0033152097519739995,0.002564054053345354
-0.006330308467325481,-0.0008223660463452739
0.021624210143691626,0.015145262158385632
-0.016357487347427636,0.0007967133652908803
0.01585741670329878,0.019900685406670567
-0.012036255736821818,-0.015205585321817214
0.004842586268058709,0.007594803196696662
0.0245769110772002,0.00826854143600906
-0.01786966366473836,-0.012296770291676116
0.034964665073545766,0.030155810515041393
0.01490572322797505,-0.0036767022906370526
0.003095335120011199,0.0039298053163897275
-0.021198485149898805,0.0007260099187205235
-0.002769451873817323,0.0005871719157912274
0.02342406941384662,0.0034827133014838033
-0.025528699894783607,-0.01531508886146666
0.010452931865376738,0.01398036297590256
0.007247309416267525,-0.004459161084029704
0.008290846050425365,-0.016587797363411684
0.006104797477383195,-0.002388856086063672
-0.02751728175722966,-0.006329884255424122
-0.020300692717493386,-0.007682011688788182
0.021758080698134417,0.0075097139226705314
-0.0061502964346978216,-0.001464943122045526
0.006691688139120974,-0.009017079624277497
-0.010256318612118622,0.004570970820012849
0.00910130328424779,0.01093957530770575
0.014473120550943207,0.019178886316783654
-0.03303054758468488,-0.024939671692013526
0.020783300770016593,-0.0013477586612636037
-0.03374487040432649,-0.033110219020354985
-0.01070678044959283,-0.008260611937845377
-0.0014722173241666474,-0.004855848706163421
0.0020539207804937355,-0.006293536247151098
-0.007662767952106142,-0.008403769724064394
0.012732123626174995,0.007869863778873207
-0.014853303626211798,0.010590789525060472
0.001257919367303249,0.012004890201050944
-0.008467833051675058,-0.008803316789750933
0.001200016452884001,0.00017142478568853996
-0.013891729282096407,-0.012550621116531928
0.021360028693350047,-0.004810240010614588
-0.01550605201891753,0.0025150374067712984
0.032422378203016265,0.007601996205694299
0.0061894546649874874,0.004459158339437072
-0.006564657859465653,0.0019523903346012205
-0.012283106140611665,0.016839505485490132
-0.027697796452957384,-0.014248308780723971
-0.024485451444694193,-0.014042932021492704
-0.03864584167064048,-0.0054132175396435535
0.023786375087951478,0.005334493739010475
0.0005497039118811249,-0.020508366106927342
0.004365431468565057,0.005118816899403444
-0.006584279513868195,0.003319241967183638
-0.005839511489430344,-0.004054511052815376
-0.021257291194895656,-0.02190064656959268
-0.005730116422292631,0.0012771755521367128
0.013884470048760604,0.010702981513162286
0.014572740703389563,0.009057591190193734
0.0015569257652361143,-0.010168676019139214
0.0072306001768469175,0.011455232938832353
-0.011320537050050171,0.008824657184565883
0.017287625938344917,-0.006066940884460524
0.007589299359626456,-0.007179002724004982
0.019288076538754164,0.032494223293960706
-0.008719319336254005,0.013019546272883074
0.00946637022697324,0.005910976858035697
0.008051776975687219,0.004396071997062541
-0.008243855189477761,0.0019787673493756857
-0.0030037082198762326,-0.0014028449750999145
-0.01957198931453814,0.003464477459810309
0.009187119327397745,-0.014041094525630045
-0.028392354292821848,-0.008064765166950153
0.009139172700715322,0.009625104969602314
0.027949267146244378,-0.0018456111201433443
-0.0050128353464248465,0.0036226768417130916
0.0014980571997544544,-0.00900389710076061
-0.0006016094408357412,0.008783774000324271
0.007751525839025438,0.027073256552965667
-0.009618332421756613,-0.007690218553638282
0.01692936374631109,0.018753916467214343
0.0018341693679035196,0.0009038356365054391
0.046375351814585346,0.014153282387254162
0.01753510917962237,0.007361005288742039
0.025350383674489458,-0.0036776642962256948
-0.002493747984070577,0.006530036912091783
-0.00548091515793875,0.008996572503763062
0.008819750681478512,-0.00026656647151683164
0.012200971078570705,-0.009070318994624503
0.02678881559481705,0.024066174077018002
-0.0007735739772105015,0.011545535637097096
-0.02869542253964076,-0.011731644605782098
0.0029990764972947117,0.0052823900395686995
-0.016007112754998925,0.01136853605242591
-0.013505629787477963,-0.002948125806187911
-0.01642983800771884,0.005181100562128648
-0.011333355045137057,-0.019014050078324282
-0.019746504745570565,-0.008002607713083029
0.03334066446451015,0.009630334903015412
0.0029052013485297624,-0.007749106761320521
0.0030687808483915134,0.020546303741977034
-0.002461577968448859,0.0134488883133164
-0.0034989686192909773,-0.0020395161863891354
0.025845384623529328,0.0035184762005229615
0.0007801748854612286,0.02132396994796819
-0.015520034820986578,-0.009630333498186856
0.021022345336536588,0.00012629192480944102
-0.011127633334786308,-0.0023196520926989043
-0.02157623415085125,-0.010612660463229204
0.001332732186544185,0.001035672497387163
0.005713125396286551,-0.006088135190494478
0.01639171698416788,-0.0008212617922187715
-0.009710659916106852,-0.003286798102348039
0.024329530142886777,0.007336967778549783
-0.006177168666888039,-0.002174000913042612
-0.022015639437748917,-0.004183294111229687
-0.004211386458141832,0.005340914998683365
-0.0029140161432072652,0.004439291228320734
-0.005644287000217397,-0.016599008544148412
-0.01558914394922757,-0.0071364035398919605
0.011646964020103576,-0.007383488178625708
0.012932950484486862,0.013704399168040756
0.026247386660660333,0.013246090630129326
0.01244265582169516,0.00404864927646304
0.02456902480388371,-0.019674507181036954
-0.012080723645000388,-0.011094881908353537
-0.012984372526235867,-0.003992990086295527
-0.009524403794817506,-0.00585401499939257
0.013547611676775831,0.0050200694920384025
0.00850616694353139,0.000482802784717172
0.012143898042223423,0.01359415071220943
0.009749641881848861,-0.021902338222804053
-0.015699154369881604,-0.0033420340892020193
-0.002083126815967835,0.003884315635150867
0.0269044475341227,0.011426103998286568
0.0006415217107446614,0.010192328887399975
-0.00558904257591727,-0.016909150716417885
-0.009049741064919011,0.0003254521773738783
0.01224907003282211,0.008220795562318391
-0.011356406433183093,-0.016239000916114292
0.0023667796644013532,-0.009639817293252494
0.005418118497279487,-0.007928717703783726
-0.008740668759062284,0.003864108790212941
-0.019985248385838265,-0.007062593124143197
-0.012464066921276551,-0.00897064580954091
-0.007040278265656984,-0.01364990511066706
0.012536337507359977,0.014149866587350051
0.024028019273439633,0.008877723266609742
0.004924774395167863,0.015411575301768055
-0.002423300321798932,0.004437058903677731
0.007361665028334167,0.02453043771203322
-0.018385288310231857,-0.009919699618724798
0.001141118367254246,-0.008532160164128817
-0.0184949221060897,0.008942323807657818
0.002564560939439606,0.015005514831595517
0.01740022425894767,0.0020540194479580897
0.012132877496443345,-0.00513145173804334
0.004782647920425669,0.006256311484570763
0.029815264325792217,-0.0003372042295833821
0.032830203883236236,-0.009262235044698119
-0.0005698166330183829,0.013710359669046249
-0.006317228108292012,-0.0005758560190926841
0.008448982024251208,-0.012627144797459912
0.006275093733057609,0.0010550494833576915
-0.006451133174664772,0.027582857857641842
0.001246360604426194,-0.013658354243203035
0.0016480429209944018,-0.00870213204729368
0.013925655346252095,-0.007456712313748058
0.023734281898692592,-0.005132261308561213
-0.005931568826304234,-0.011389732180682404
0.01545373839652139,0.0026901053508507754
0.013971184162350471,-0.006879648782603675
0.0006753796704543392,0.00950400824430319
0.02776677099270031,0.029108048652165076
0.012201288375526012,0.00376258856548646
-0.0035157334391924043,-0.000827900631720428
0.00568661929402619,0.01787018855489758
-0.004191446053106035,0.013747874533938548
-0.004869812057675395,0.005376292878193064
0.014618077328585164,0.03323950091937714
0.002129642262071516,-0.009948587063439518
0.010048678750153698,0.00522779880561959
-0.01394534862274615,0.008823146246757172
-0.0031287570517560944,-0.0009605569314807458
0.011574472026593568,0.016060413178922123
-0.007915631405498589,0.008570496841275695
-0.0018333722107195035,-0.0057687259840863755
0.009051704227502719,0.013761374340749574
0.030301129938495024,-0.020800395927436866
0.012093352882058777,-0.0071022464262586365
-0.0035311702476733204,-0.008505737610391473
-0.00921719206787676,-0.015152565821294312
-0.00957381883150194,-0.009001128855558083
-0.003783769678233657,0.009012702738047253
0.0007795714926239805,0.014027127887443817
0.005046574835596122,-0.0019555408481538375
-8.701438751944804e-05,0.016619513307265545
0.014357652269409552,-0.0006719903436046004
-0.0030331143379050923,0.006826670208766982
-0.0076007534663163345,0.0038377056921514176
-0.02507711579307139,-0.005319646179767479
0.01838180731834524,-0.0011473443661351224
0.0037438163799880693,0.002878277501272811
0.026933058690104896,0.028279854600260765
0.006524660962238931,-0.0012529530679406826
0.0006491139700021761,0.00035497316316353224
0.011341422331182332,0.004874739813770747
-0.002301605703911657,-0.017260574723223076
0.005137106302160749,-0.004740986248233688
-0.04051359626023034,-0.018013543676302528
-0.017755774312928258,0.01776787219177217
-0.0011016486801838409,-0.003777127869416245
-0.013194451719114013,-0.01601455940854787
-0.012243397322947873,0.002195847432454782
0.024014063464526485,-0.001197854727469425
0.004844414519562779,-0.0029308675822842154
-0.0020480369529049377,0.012370072567496216
0.010724504169765035,0.002368811596841029
0.004985640500970936,-0.005482568959121299
-0.018739113366167095,-0.004373521870668158
0.014680815917026675,0.018260996571929648
0.01003781358016194,-0.001754910113590209
0.011378517220604852,0.001722487420595691
-0.011321891223369353,0.015020272030087576
-0.012340429672347046,-0.006846218147849346
-0.02422159137528913,-0.004179101344566643
0.00026711864661161397,-0.015327580950813595
-0.02512778812983713,0.02154524138035074
0.012767357553701042,-0.00917917906490336
-0.0065637748770517885,0.006323511269814089
0.030796920578768126,0.008126780819236415
-0.017224342093456725,0.0038246231374823615
-0.0012388953694110107,0.005066946510886625
-0.020432856777860102,-0.004305232002373456
-0.0006385805319644919,-0.004229680607930267
0.0015628544469730333,0.005445219100231415
0.008127038172410731,-0.0006256454294503806
-0.02483375189889523,0.02048476437845423
0.0044972821192393085,-0.013066962144449659
0.01229832301855427,-0.005662786796189881
-0.013116569022293034,-0.0013253813687500733
0.007971490581961845,0.004358333117240041
-0.0069191795083282034,-0.01779509586522081
-0.010140883812371267,-0.01011030772886233
-0.01754743805864528,0.009700277415210144
0.006517337255484993,-0.010594214279757763
-0.029247007368791336,-0.013505449462541782
0.012311069672367584,-0.017334259797761296
0.014744551095967855,0.017502996801878497
0.010911127996973745,0.010873848979428693
-0.0023927608293249645,0.005671016948428863
-0.027646975037674194,-0.0027612769345826656
-0.009974544209086968,-0.006261800191961692
0.00016477523613625468,-0.0022097895332381374
0.0038724443817641954,0.01727188331730821
-0.001703002496019095,0.00034284555848780536
0.006905906342112141,-0.007768142754309547
0.00040535943446533995,0.01352550969867301
0.00648394188159613,0.014180538467450654
0.00515017771429525,0.002466630409430449
-0.015018827311864415,-0.004417977697687966
0.0029263480251544662,-0.016997946753240126
-0.005667607096202728,-0.009317143676544667
0.005249026331010329,-0.029865820212151954
0.006921515376406566,0.022416088543136002
0.006915390643785481,-0.0017603683233334089
0.007202574849134513,0.003859027018493266
-0.02090299761576012,-0.012432623379912059
0.0072198554215298655,-0.00944210883849089
0.0045769933896158705,-0.002197761003979127
-0.009755392456551746,-0.020163177293167557
0.007887803654302163,-0.0008000882793324083
0.001024947695888981,-0.013292151179508415
-0.016127214984117438,-0.012382627369309306
0.007400193902012232,-0.01489990094608545
-0.013018503570587599,-0.005490502708746235
-0.0011280141616785938,0.006786225082112903
-0.013235712617106491,0.007419797359749032
-0.007154196726582617,-0.01522248578709845
0.00014001196704808722,-0.022354248127309555
-0.004126923538108117,0.010865675861726652
-0.01384432791815541,-0.002896883975601721
0.011848736131504013,0.0005792801674704825
-0.00830170490880433,-0.018823163171641347
-0.006852863984034698,0.01408911785701147
0.009598697810847953,0.00423012930351359
0.01297645697118348,0.00791786298618562
-0.011934177702186681,-0.03437958961124291
0.008995728843762799,-0.0008451891297938785
-0.008115920019409853,-0.010788881050948376
-0.01073812736763818,-0.013399409872091102
-0.03050980222175243,-0.004823729313334661
0.0034427306860691136,0.028590248583983686
-0.00022455126220912496,0.021239969429725673
0.004258774705251994,-0.009382030952521473
-0.013294880113202588,-0.014731665815356326
-0.0033338839108678063,0.023692112027426777
-0.01312490943855788,-0.011985330757818404
-0.006590992556865749,-0.011947114163709456
0.0011563402745398176,-3.406565169571241e-05
0.03104460956726447,0.009480388946028862
-0.012408579768487823,0.002577157785839738
0.017893990221746783,0.017224768944635656
0.009302223957475445,-0.003500626734260505
0.009253826618877331,-0.000975489397162814
0.011145742799869287,-0.014763263485448107
0.0020435279031840183,-0.006346964761612645
0.00018992448976010916,0.018997114748019236
0.029531026699520332,0.006513211718269422
0.016692592474369917,-0.0020866630154932797
0.01850348859796087,-0.02237685474063104
-0.0009525326544796438,-0.012659433770962836
0.0012281819822827786,-0.0017913816927460544
0.008870751643586623,0.005797115123028453
0.015807457588770748,-0.010949022862344093
0.003615645899076654,-0.010393705838035172
0.01629305679330867,-0.0020282346056590557
0.0007621024982900392,-0.008923544265615228
0.016171941635324562,0.00833580195204523
-0.020008859449138695,-0.003845251236695843
0.019533024068809877,-0.008073074721824747
0.002693577274516524,0.0033977338373268454
0.03304184880282307,0.03239202682787972
0.01906827140410151,-0.002445456010939986
-0.004052508543684993,0.008552768669440521
-0.003582428171118024,-0.019110343204264253
0.021503658919427928,-0.0018823483753627015
-0.002215972988027281,0.014152094765079436
0.018147292535330994,0.01612497895170731
0.01131128397648347,0.003800377826679609
0.005883412270033706,0.0049710187313684925
0.0020624146179522443,0.008116451199540659
0.02342703795516566,-0.01235804864126736
0.007649109754640116,-0.015677234751612045
-0.0030260085369294915,-0.015467362526920818
-0.006207921745994201,-0.007903488222534486
0.014585966324749296,-0.007388820721110824
0.011659967597100989,0.008032614542824595
0.00020947188117045166,-0.0007607785603737705
-0.002049361262665366,0.020910703928661303
-0.016859789086437076,0.021493470720223264
-0.0017088345752694775,0.0072684331892496545
0.015918712606832752,-0.001228090702481526
-0.023746743639113627,0.0055212374274394155
0.004709298814894739,0.015919794878218384
-0.0008407607420082519,0.012435570032207039
0.02137011290016765,0.016990270211397568
-0.015272676085288636,-0.01242621344620216
-0.01949471819680198,0.0033256195583056185
-0.030466066785446246,-0.010630685710540428
-0.02438643652731041,-0.006460330234754263
0.013381441872399475,-0.00579043796135407
-0.002748215776928401,0.010145294389733718
-0.012819385999413945,0.02088046749800057
0.004763165919122743,0.017038416430421338
0.008902314895041567,0.005556225858529326
-0.01868146195955713,-0.013965904067409227
-0.0033615611375876343,-0.0044184120374196525
0.02181609267918993,0.012449110827543713
0.012526967674200536,0.024453254734351882
0.0056508910241044276,-0.0017634024231064699
0.007782030849366536,-0.002944207561658429
0.015628685737670168,-0.0038647718881471096
0.01318474878620169,0.011706063049663469
0.015679377014636443,-0.0055588131604439655
-0.0015015654085130685,0.011266064566522847
-0.001328712429813931,-0.00616881498836219
0.006491796259332954,-0.0019085791473817395
-0.012787541924936929,0.010575096089449522
-0.011358145070000117,-0.0008841209263567692
-0.028405318219409895,0.005977299191437793
0.002831011207798461,-0.002324047275489979
-0.0011515852248120749,0.03231278215712434
0.020579717962093888,0.012567504915432614
-0.004479275592433967,-0.01677566416731957
-0.0173327900532249,-0.01962709444262931
0.008181402963092646,0.007966057010709333
0.012723670124816322,-0.004283168993639372
0.0066357247247332525,-0.006403955208404015
0.0199886263292366,0.006620032144782877
0.0032477586033806257,0.013833671026729985
0.011225101649741814,-0.013099344225544955
0.007895276581529016,0.004059798401999447
0.002391696479342838,-0.0005760744221180957
-0.004399335969007818,0.0011980410734912504
-0.007590160155530927,-0.014745481956189804
-0.0015477325020882688,0.004571025095026613
-0.021131220893166814,0.004058276236438436
0.009452879041028763,-0.01911085530294439
-0.03416448199520603,-0.003073382268279068
0.012379189553171766,0.005384940031559293
0.0048335160582495314,-0.0031147579596819915
-0.02197755292436525,0.00302943188732692
-0.03089837023065353,-0.0032073523795872927
0.01022961137180786,-0.006697649138495765
0.005610776375366559,-0.009189923075171207
-0.0033367403928644345,0.00395416867742509
0.0077718028992594616,0.006339187544299678
-0.01010055516690065,-0.0181324331814552
0.023080818102000154,0.005522577883443559
0.02132074082108025,0.0024565770808319663
-0.002831361043717257,-0.005206561985420844
-0.008931214534665985,0.005481445937620212
-0.01086042658151418,-0.021015440068116325
-0.009562328227851517,-0.0052278964330776355
-0.009144531172793848,0.0068171507138186345
-0.013786971882665838,-0.008781364748570088
-0.005973059993613633,0.014941868252103148
-0.01802313948168015,-0.012624831942757694
0.001213051442894773,0.01163868625103899
0.0059074401424077695,0.00011250012067924466
0.0002467137077840081,0.011131657507646288
-0.006613439478798895,-0.005125622446453707
-0.011633295510261838,-0.0010629592003500992
-0.004437314048639262,0.003747358019252927
-0.01133787838685348,-0.0011519693834212772
0.016432133109328402,0.00036859620338194
-0.013881682971628782,-0.01636893267179703
0.0019749865747000616,-0.004551634904320734
0.008644048397721763,0.010124890551902953
-0.008259303127880525,-0.003498046833969994
-0.0181649357976898,0.0015529810391197957
-0.0012336949535580407,-0.011482899768220601
-0.0048751852632396234,-0.0005433512006863368
-0.016171385423490153,0.01454711979183513
0.009371811186398316,0.01849935633967954
0.02700072261887375,-0.005974851053145925
-0.008663810737183577,-0.006861828626409791
-0.000423691458014857,-0.016142659713125517
-0.0004857639700496654,0.009537916571540624
-0.026903925799400406,-0.009369406301913338
0.007450856380299915,-0.002209972954211171
-0.001682818136448577,-0.012173287452094624
-0.0018827303203637325,0.0034245742185213
0.006765230127434143,0.00963439594799523
0.007641552721561373,0.017430306776503306
0.0005745904630774559,0.003975786285585104
0.01314271653415666,0.004493869122633467
0.025887749891645478,0.008031691269671406
0.0021754466348107497,0.021391830000561933
-0.008175375230753767,-0.019988233504426987
0.0013783533195561323,0.022064558044287946
0.01973218955860381,0.005458495512888019
0.008195384623117112,0.01004516507765564
-0.025615944395661654,-0.0008929464757932057
0.01181870570578481,-0.012504893343650878
-0.012592951796810208,-0.0024258203911054223
-0.019642476335706913,-0.016155105160162327
0.009627519533564916,-0.005053015632865493
0.001645986802994114,0.006536961689026355
0.02507474910341485,0.012536038149501598
-0.0037271210024077926,-0.007173472302833973
-0.017395176798890945,-0.0025443168041521993
0.00840573197770683,-0.005416966587529771
0.02820987099746234,0.018453470577380934
-0.002579521731225569,-0.0062169835102538875
0.0033391702429286566,-0.0027461656077750743
0.01338367747856851,-0.015126559776028536
0.03348472010087362,0.008007792921789417
-0.016436771683490718,-0.0025254758159306166
0.007881485851576314,-0.010449971128888699
0.004909653108502448,0.011235134899130606
0.008058778100255671,-0.0020160917204009293
-0.013058039638177896,-0.0027783436935374184
0.00024018027072347111,0.020682752718747588
-0.025770938489039125,-0.006349176654606057
0.009183601262833428,0.009966484360374577
0.026380868054908017,0.0038547279517618578
0.0033713361424725407,0.00251147753353704
0.03025055573082976,-0.005942635273979993
-0.005486576168752463,0.005297866886890335
0.014243315868842294,0.010256000265032655
-0.023016818598717768,0.016950206245463794
0.03422813738090286,-0.0012990261568662852
0.013772460993905028,0.012657139222388042
0.003784131548558347,-0.00298665235498485
0.01681358937506617,0.017231351285025936
0.0031888761192562006,0.012526734858692446
0.01506505143413427,-0.010445553680175147
-4.007160244532735e-05,0.018558807579138692
-0.018562296170694197,-0.0066556718961379826
-0.007722671272309909,0.0040315989029064535
0.006095454192230697,-0.013963221319825256
-0.01022975905981177,-0.00681191034823709
0.003991500641807965,0.01197156260997259
-0.005007592059519349,-0.003817061819872688
-0.007327624963060548,0.007494965098624059
-0.000677658682761588,-0.0006176363122271696
-0.0008267942009069282,-0.00817486027713089
-0.0008009829486491947,-0.007129660782965743
-0.010736672490303108,-0.0025616892610925237
0.0033930043230809863,0.007522424362125213
0.02965653783625476,0.013058243498363067
0.030913467078349594,0.0006871816618731376
0.009138477669346667,0.008572737102558391
-0.004801470216577128,0.0063094930954779565
-0.0028993634222100285,-0.011348847709943695
-0.017972427056297553,-0.005267427280415216
-0.00283217360223795,0.0009371648187443665
0.004478302515577939,0.01362398521080464
0.0028738736282842917,0.007125217278036941
0.010460023732510409,0.010297173623074985
0.003798263256198386,-0.0005073037671592983
-0.009476045224582194,-0.005934022844016949
-0.00781625701084966,-0.011883124233214979
-0.005219302446964912,0.008729572947194068
0.01336329181983253,-0.0023747145071731286
0.006977074135103304,-0.0012390498543165135
2.6633548094950984e-05,0.005305360555740876
0.008826946251846757,-0.0014249793620452493
0.009023602612406213,0.016394478458448686
-0.0075651379979676334,-0.0034014383071260925
0.027555699612189722,0.02260623080840832
-0.016177255188217957,-0.014042096646702248
0.039963542121880864,-0.0033152575058185614
0.009432994420709927,-0.0032287540594812237
-0.0027494431776251497,0.020409270976988095
-0.0029224716367263555,-0.01238885149931081
0.02818721330106084,0.014221629300824828
-0.018660443235488412,-0.011874763831048678
-0.001600754536667526,-0.00348436192799101
0.016628158516220688,-0.0020456535810592868
-0.027968100053264614,-0.0009631270841113752
-0.0052134244680245604,0.003800729843635966
-0.01915945587256608,0.01922079317018531
-0.025237134263725407,-0.015476620854672215
0.012245644154143065,-0.0020174469445640433
0.00588720905072315,0.013133871082954877
0.0021125959267358713,0.009847344607046789
0.003893002059684771,0.015312282749344566
-0.0027391888319661323,-0.001828549282057034
-0.009000126968553056,0.010568931105793983
-0.01876276733078977,-0.004643693862223005
-0.011388652423887797,-0.003764214905174169
0.0050566473828156724,-0.0030830282080149874
-0.003358024454662584,0.010596569227724143
-0.020036028583030052,-0.006023676063485629
-0.0031844339081616474,0.009094477432056247
0.01395552811844304,0.009894116948784478
0.012254262030918573,0.0030893801899842302
0.0030454992399745065,0.0021918235828055897
0.03596354593076146,-0.013436757839814916
-0.0077626531755928836,0.01426261562626881
0.009424293121742096,0.0023362229011487877
0.00246532873743782,0.023875687842001857
0.012824230811864184,0.009997496049933646
-0.02859089636613824,0.01152527352039371
-0.008398847734574928,-0.016248858349556063
-0.02928013026071268,0.0004644373583860266
0.013971867381937437,0.004299934988410021
-0.012021256696526941,0.024258788181372278
0.006974015000379291,-0.015176996098230588
0.009719518270718359,0.00486003115751929
-0.013128648869301183,0.001996679132669757
0.015315587817161722,0.003992215620728629
-0.02826479186771227,-0.005967665047369168
-0.01732023888453974,0.006648808805975055
-0.0005589883119609128,0.002686009609474726
-0.03343869756933699,-0.025817979804502914
0.003710920499434509,0.024000740803754323
-0.002400756838252235,-0.026219157374755046
-0.019037611301492847,-0.0031798661514389173
0.0063174084269342805,-0.021420077564661202
-0.0026832099945908747,-0.02732239830602236
0.0003051981213506379,0.011343912588085588
0.009625384808740261,-0.009849736722313124
0.029204158569174573,0.01404652036439174
0.00046341700076601777,0.0084285086499391
-0.01896863627345636,-0.009667833858346473
0.006408501229366003,-0.006835044113806479
0.027445081689782647,-0.0010894856826365368
0.004089022725326194,-0.00470222492030952
0.005244340131197419,0.005596211335229491
-0.013298754051915784,-0.0009137862508630276
-0.020311755051754345,0.0024996278639839178
-0.0009789608201978403,-0.022706866737668578
0.00037199382660737786,0.0010304564683932137
-0.012344654194478276,-0.014036991296523502
0.003709131385495252,0.004461426457523962
-0.0014714783750146222,0.0030023442320821544
0.017271170565635038,0.002063097996466705
-0.018560429688945876,-0.01120417835382089
-0.014120540796736414,-0.01571140304071656
0.017518416130564478,0.011946018398639902
0.008474531222633221,0.009515392601575912
-0.00928485552842113,-0.004115478954862617
-0.024620770581228822,-0.020025130849495507
0.01591468760996843,0.0071021884276576295
-0.02507608417692844,-0.008734075184365832
0.00813401232832795,-0.011534831559094695
-0.007701401189063562,-0.003940553368932016
0.015901478117419654,0.01746926056380777
0.025678750481426083,-0.006220380043367539
-0.014906491029516127,-0.0034126800406485604
0.011648761656205549,-0.006751268556010013
0.007907760857968854,-0.0022783090940981057
-0.00880243151392028,-0.015875810144855843
0.003566091099070854,-0.0010606274283691435
0.019293193818213067,0.03531532292525471
-0.028531330036953087,0.0014330610885804384
0.028442935917005394,0.03263704703163613
0.0009923311758882278,-0.0005539349452206388
0.007771593793960342,0.012285926793960724
0.013380487173085645,0.01830026944691814
-0.007839236197386426,8.36443218870457e-05
0.015704868818749624,0.007883520940814789
0.008251944571111237,-0.003850088932159151
0.00768572746034732,-0.006511845748735198
-0.010684603802870271,-0.013492447169853487
-0.00153784274814636,0.0077255158803411555
-0.011504662557918988,0.028354171929549688
-0.009270711051592115,-0.0038998132745748375
0.003607214834141984,0.007736797579439527
0.008436409873990367,-0.003100943162139291
0.0010203343827050405,-0.0030318296649323975
0.010982406005215889,0.0007717730811654067
-0.001913643401041171,0.01312219796466892
-0.00121227325913382,-0.011773607395756263
-0.004518505847490823,0.004409092082611839
-0.016100640071220224,0.0026035575321858772
0.0241866162034797,0.014260386586371286
-0.00441959123813876,0.007997065593568617
0.014535601630320097,-0.004288882156716197
0.027200756708983507,0.0049597267301427165
0.012020994639050321,-0.00472198714622815
-0.01620117064512656,0.0015017135861290622
0.008423936926732342,0.02616328992138279
-0.014378587857962508,-0.02166867569789075
0.0006304608296730708,0.00016670288235867833
0.019744508390961035,-0.011698294298316652
0.019199444569483946,0.0072928999812803
0.02814895550555302,-0.013509163453603076
0.03190885242932761,0.015562807699519116
-0.009052124072108151,-0.006185672033440508
0.0016492913276078222,-0.0028307073008129882
0.004695420616383087,-0.000909196656658653
-0.035250249393672786,-0.011029612898407721
0.033771325986168936,-0.0013082588126859768
-0.014144040687241437,0.007340213279449177
0.00359441131935158,0.013564255259361719
-0.010518679961243062,-0.0017026016726366163
-0.011410057795528117,-0.00024734985403823445
0.015173288830176474,0.020638977341890682
-0.02508143876196517,-0.004691070536689791
0.009558189167812712,0.009907355754431779
0.0016833538357263872,0.03274715853775166
0.03220510194965129,0.010665597135250036
0.028000238044409317,-0.006348605644061785
-0.013679577677383498,-0.013229437304689163
0.0029420636021333666,0.009609882872831469
0.013209173926152852,-0.0011611832501926386
0.017804847791822422,-0.004851958485569597
0.014776814298903682,-0.01836350926189501
-0.011349252299175838,-0.010425230555319133
0.0212077692919031,0.01849720689725337
0.020720121312541008,-0.012789949408226815
0.01527157928738455,-0.0015271881343365613
0.01296956524404374,-0.0011048825459916503
0.0011303490456083109,-0.002544979200054469
0.004230360564709353,0.004168903816034886
0.008724918542021688,0.008832441686078331
0.01720166801948978,0.02599971321837467
0.004852240024153563,0.008234336343340844
0.0057556963364861985,0.00451673620348662
0.00829339676973255,0.010581910105367676
-0.014592997725722302,0.016819325766960977
0.0014500802474646307,0.0018174807961693362
-0.00760363170157956,-0.0038353691887085674
0.010453595967489892,0.019767288845648236
-0.00658745211961986,-0.013086219339333629
0.0016921620458503657,0.0004495635728250798
-0.005612350349586795,-0.00578759215775054
-0.007292367783881848,-0.007805953956725768
-0.02622310012062994,0.0014393865051405316
-0.00838083099861656,0.00028866736249155163
0.011582579843284991,0.015378392232079256
0.002631555691672994,-0.02200834922215153
0.004737869248398525,0.020661664571011328
0.025512252219755355,0.026406358087289857
-0.029220772315662787,0.001871102066837084
0.01903166583552743,0.022255816984819727
-0.0019246943672092723,0.014181307315829209
0.018114708671356474,0.012944590749075958
-0.00470995884140133,0.005188025005367645
0.022605028717763646,0.00041781670661903184
0.007801166632561917,-0.0004740681872623889
-0.009873560694827421,-0.004586008052242071
-0.0013781137618134884,0.013993899377203278
0.028912302486988332,0.009822656940936056
0.005574761409715008,-0.009439816484844779
-0.009697417205003691,0.00355104849038932
0.005986083712293369,-0.0002067821138382195
-0.0028897108254424156,-0.01739525682516521
-0.01621565073731343,-0.001655541134436507
0.03003826596229925,0.005861627053779479
-0.012548515918512984,-0.017550451164261856
-0.0027004068008805275,-0.010185134600225125
-0.01652031927075492,0.0018451624012660302
0.001849321318704739,0.007872115184355419
0.005285250403788866,0.013151469327391582
0.012450315110896297,0.008280752212803043
-0.010105921749054989,-0.0060305002947603345
0.020613409148991336,-0.008268792513597654
-0.01746690224877183,-0.0026358352804050867
0.007613493770432185,-0.0025349276944204176
-0.01661448654563153,0.004181910626122728
0.007948802664981441,-0.010186723720506424
0.0037901971358946978,0.00815771205969742
0.0005937088463686238,0.0035286244045733763
-0.0016707177191712592,-0.008386587770528102
-0.00798425141277292,-0.0007973986822987786
-0.016409453552063014,-0.01413594315544256
0.017752561427176985,0.018258460232819126
-0.011092084791651297,0.01166203221711267
0.004234053451779704,0.0005311082448986287
-0.00236997600538087,-0.001729133867927477
0.008530294234228413,-0.019342480748327284
-0.002014110529343607,-0.005656689402576596
-0.02684997227888938,0.012429435893589936
0.0004196091403433723,0.0026944192828094998
-0.035551541990967245,0.002717484054910314
0.0034543123174000483,-0.0017297100258390422
0.018252673943182897,-0.0011028610534214683
0.016048274351790223,0.013000489113298265
0.0051137732674038025,-0.0023754302805770924
-0.02025469647212514,-0.004712913278372503
-0.0005149864496979766,-0.0015171133617237406
0.02354815151957617,0.017426127111193946
0.012141023573902716,-0.008663206831193907
0.0365899645165744,0.0012006501396145154
0.008667009047018906,0.01465214779622803
-0.014052367484622453,-0.008063180696777757
-0.012166747787695298,0.010801533055968923
-0.01580049741718548,-0.0006447442837224982
0.00896334066381428,0.008862425049612979
0.012155851857482676,-0.000634433760013447
-0.0064168181553384334,0.00030012769718722854
-0.01688880438082629,0.008372169418998252
-0.015484964460664774,-0.012978973764156049
0.017552062920363976,0.014054175826288408
-0.012031708968596134,-0.015835853761051063
0.023856967693120113,0.0247152311137005
0.0028722531671196384,0.018693509253254803
0.005145739072531795,0.00444837005811949
0.0015842926428444404,-0.00033013388462960067
0.0046731049550747614,0.00873755011452853
-0.030463882717595935,-0.01083149757177648
0.01239252261512718,0.011033956372888521
0.006086131140600176,-0.002368289761657668
0.007092047468504279,0.027606644158681238
-0.009472094046686242,-0.009345409018623189
0.009153634468360435,0.0020270075928330153
0.01225300552389078,0.012724900692767223
0.0035429263868860406,-0.0007674606607331278
0.018812568790958415,0.028180455502178466
-0.010941160162393071,-0.00542406858226401
-0.0050594246662658635,-0.009198222354379637
0.002836292264954727,-0.0021028478012350225
-0.01343391509082361,0.00927777871134822
0.008658357589715011,0.031392016063488196
0.00796313961583957,-0.004166368581649163
-0.0034174049276917582,-0.01863650391117614
-0.005250398144132492,-0.010598267282110817
-0.014080794250282243,0.00043138522354298035
-0.017894044657474302,-0.010709138878963511
-0.012851759136520492,-0.013355205231247079
0.015589843018184262,-0.0016355284469841437
0.03690693477259208,0.017760628152515646
0.008511135969692385,3.1457206128864073e-06
0.024929011812580244,0.012830940915698983
-0.017550302217846148,-0.00032795001694209056
0.024879634978460564,0.02020376184337961
-0.005323653416269223,0.01650657536830022
-0.0009005857644795174,-0.020460940149051452
-0.017686656930261887,-0.01222271775835001
0.021727639428628345,-0.003087098513106142
-0.007457905369189265,0.005090548833496238
0.02644224042169058,0.00994237685541387
0.016345536186374302,0.012951915507012293
0.012318535200653439,0.0002342748206768809
0.016862417357754345,0.019116106823812547
0.012715665124624305,-0.0005617180873822575
-0.017924276872915156,-0.001965624318172276
0.0021344110031782547,-0.017298399118554648
-0.004089747962684018,-0.0012349311540831894
0.00464958436899577,0.0035431920348508055
0.016287614916184183,0.01170818185270347
0.007706285592798513,-0.0224616706491792
0.0025828674463066093,0.014354867922514579
-0.003677997927650062,-0.006916458536269283
0.001430838073992511,0.010443433145742389
0.01773138774493495,-0.014337695699852073
-0.0052644250760959755,0.029542486794757822
0.024709361149348318,-0.013910252706251947
-0.010711585012106574,0.002238980098676849
0.02591249190984831,-0.0005171246799691957
0.007579116711891928,0.002788934534406401
-0.016291377728576313,0.004159524640827702
0.011456015529417498,0.006465684524429114
0.023990872590011335,0.023070780758987334
0.00711264715962749,0.015277675815343169
-0.015016873913745255,-0.020460798925878095
-0.00010017984468117519,0.00827549709742794
0.007674217940539381,0.0024392333241536708
0.008407342193867342,-0.0037104697757923398
-0.007557334358994486,-0.0077603123586748425
-0.0032795504230102813,0.008108387065207362
-0.014787482758516596,-0.020621478089978797
0.00712968353695583,-0.002685506426037095
0.011944184659099038,0.005781349537304979
0.022199538389899645,-0.00823309885196713
-0.0020076520131358253,0.014236444342609116
0.003110189372682139,0.003114731520988488
-0.005914275478683238,-0.006784430326894751
0.03136949658486748,0.0099801230230481
0.007801573497848889,-0.0009945137792553751
-0.009153250894742768,-0.029633790639415687
-0.000872312447437473,0.008510614449805642
0.019777352116694073,-0.0030394248402048647
0.004308385628221926,0.00037046148109413793
-0.004328950386260371,0.011003410329667425
0.03714038687945401,-0.00741354252547428
0.010900379179623994,0.011627230075648868
0.0014578358803383502,0.008085719157125566
-0.013069764445458274,0.004853918296262207
0.0027837749360521253,-0.006348809720966115
0.013595775995703083,0.03177352513698791
0.004280340030918508,0.003952101713968748
0.010904698804832597,0.0033219406063936434
0.004968323647099726,-0.005634938835339738
-0.0029473220447916726,-0.0020288315373335085
0.01348500517694115,-0.00014991771713612602
-0.0035063049692376767,0.006183797535292972
-0.021228398425811194,-0.017715095079066205
0.01385898137261734,0.004101230363195289
0.00435783840445845,-0.012901104936341216
0.02328743475964631,0.008550080733384247
0.020017017372656362,0.013675753348216113
-0.0013622612638107114,0.00331573840586527
0.006269937338587996,-0.01609556821898425
-0.0011354527119643745,-0.007522991985402847
0.0066897592356176625,-0.0006022169716909797
-0.015707607066595602,0.028396371781969798
0.008295723305840223,-0.0015339055917466783
0.007415262876224966,-0.0005208758519998181
-0.021686746282061978,-0.00667453825776498
-0.0004928189086825035,0.010079412652839598
-0.0022478821767487117,-0.0040774884877659776
0.006608364582084306,0.01259440329221611
0.014674974171128364,0.008931798155955413
0.012781520371941626,-0.008205232922641142
-0.002307326496717009,-0.0010406368910606113
-0.005849799546979606,-0.019282754844461354
0.025779089627245812,0.008787772732946446
0.024794483650583135,-0.0075098715558172486
0.01343180543736271,0.009147359147163633
0.0040971209316429955,0.0005272634976751259
0.009920318461492918,0.0033268440468527415
-0.008922399740479885,-0.007390557437474348
0.0012437267113294377,0.0058703237551856365
0.01226192023894571,-0.0032861516567027475
0.006293253284130304,-0.006989143002124346
0.018417487863414087,0.005262761129596565
-0.017760792599781947,0.013458834243007122
0.009434949998658512,-0.01634666217960083
-0.001059034911509212,0.00950531060372504
0.00034753528694613536,-0.00433266661483249
0.017069813124252348,-0.008254223857632165
0.04396949408486154,0.016591995356802735
-0.0005817058516663793,-0.004886791366388299
0.011283802674517642,-0.0015003184395929057
-0.02828037906867926,0.006766563130435632
0.004074395574583832,-0.004497582579309237
-0.002709753198523139,0.0037002806613861956
0.012633208706828205,-0.007854105687061089
-0.012686391803739932,0.014069250197554622
0.005089269705654112,0.012906865543687245
0.004355102842226,-0.02263927561504734
0.024266588144535937,-0.004452187422021707
-0.006753664352339961,0.007289860022478267
0.032801345342728425,0.013035537258328475
-0.0008636751726622881,-0.01736081894446636
0.012013653896641377,0.009426423211546362
-0.016354248771436937,0.00708734591947565
-0.015989009857157937,-0.011063006532912067
0.02315314338675622,0.00044589127821840043
0.009615842709175409,-0.0043765005807485215
-0.011775690596254445,-0.007738091090796942
-0.005617432934168658,-0.004868667151971836
-0.018536275047172847,-0.004562233253302229
-0.03647384576403378,-0.022252802487078446
-0.0032049132949496894,-0.005117821247790599
0.018955273764048822,0.0030535784538702824
0.006893352314773533,0.015913006078191138
0.007021468760045113,-0.007390902992322598
0.002972898529079334,0.02138437851089418
0.02089966801886956,0.004137893454707813
-0.00687687886259084,0.009840244379883687
0.005763701811150978,0.00980570952494002
-0.01565244519774261,-0.015050519111675547
-0.004076921120256291,-0.0058581366197181925
0.010052846818298997,0.017752725335922884
0.0022976309209765747,0.0050486079998368965
-0.0062581356136356655,0.0059559856533056435
-0.014034666671887944,-0.017699166367133624
-0.026336065525724647,-0.01577556515781968
-0.005716811523258358,-0.019942763027432087
0.0020993316401883236,0.009008257392418393
0.019914437057934494,0.009641060569322938
0.00037407627248863207,-0.0010000145122651995
-0.008685524882068795,0.0066897326340133855
0.0032269468152876226,0.014847054011732332
0.018257766183879462,-0.0037805039792357608
0.007921189465494438,0.0010457430226616365
0.01727766364876962,-0.010165745959859489
-0.007914435315722432,0.002817795430804641
-0.01706540366054092,-0.012126434125591156
0.0021404065417769042,-0.004201091216007129
0.0015236250279967902,0.00649533617449679
-0.00894263703770416,-0.0141955660099989
0.0024034857177390517,0.0021456932244992197
-0.0016749232420953648,0.008661530295094262
-0.009224285394774875,0.0018358240951866134
-0.004281793481201178,0.0006084497927833938
-0.02557332794428999,0.0030604786930108602
0.011311309473999451,0.011129099311033093
0.012029438079077682,0.0031539222223200256
0.004557874358254834,0.01832050076562857
0.015812227801970953,0.00834685652200946
5.361097725106997e-05,0.022921951068460785
-0.00772741791269814,0.0005255679742312943
-0.0014373397117462582,-0.009735119598550356
0.006637585146054735,-0.0026829252223780488
0.019128855554972693,-0.003056142028724325
-0.004198704710931489,-0.0001871485979199805
-0.013978696232223734,0.004122128472758114
-0.017910335595276106,-0.0065062932006566985
-0.012605253453646768,-0.0077678241179908085
-0.031521889756059115,-0.0009101181255477035
0.01096416215521748,-0.00766106308930829
-0.009371730706832868,0.015961837523554852
0.0024616661001109074,0.0016822561637011408
0.005449053093691739,-0.00914632066674609
0.011321430727031494,-0.0017674065722489913
-0.0038527977791417267,-0.02033071981395321
0.004937157976234689,-0.012676338441999908
0.007158857674537678,-0.001337315041281506
-0.008774537967850582,-0.0058809215237773564
-0.008222433266983275,0.01138470286736662
0.0022608127697246487,-0.0032807137312146108
0.009676140872676646,-0.010394333206361553
-0.010036427552774755,0.004720499804684602
0.015819979470202247,0.016616165199275282
0.009137022529767122,0.017037548380956554
-0.017410923205782476,-0.023126592879946607
-0.011216431246377702,0.010609269599455125
-0.00298586223378577,-0.022432442052366327
-0.011522729727992212,0.0014033701846733928
0.005866505021731649,0.007220370031886613
-0.008474803408508171,-0.012005328809708447
-0.0003627794098605726,0.005602385511175027
0.00399285832443001,0.008648024954298434
0.002071330941419377,0.00488936372622152
0.00229800840389745,-0.023389325513225364
0.018339459017216425,0.020590630130608936
0.0006669727859131726,0.006907312501770248
-0.0015519119087261661,0.012338671755783437
-0.006278422619994191,0.002837635255675644
-0.0028239106107066487,0.003100810173061118
-0.009164344573397381,-0.0026739051584248686
0.013604347761982435,-0.0062271181271648015
-0.000806629071782529,0.001698029056278668
0.014425506239032845,-8.780728203132118e-05
0.012186924469526735,-0.003353416232684912
0.03351265689017519,0.001195736223403381
0.023987686741347554,-0.004795998142771038
0.009861432648768044,0.00123735299828682
-0.014020929167022392,0.0015252206898202154
0.006306711826038263,0.003838510465726811
0.006831696426844251,0.0016046165967613846
-0.004880925061004856,0.008651393851308217
-0.010608607582749143,0.007516671171500846
-0.007479418931285833,0.023009666122436323
0.004355555071426778,0.015035682707155568
0.007583636852841079,0.023761436774976295
0.02756644704329434,-0.010650492659951351
0.0005888954371397562,0.0037862303504644867
-0.026144335371861487,-0.005067039192304293
0.017208044458459453,0.01216190948563554
-0.005618302660277193,0.020377060320809808
-0.01721877885113242,0.0016200460666522425
-0.01545035358553855,-0.02533466887151667
0.01942730323362648,0.017611009447197585
-0.03303766892760569,-0.007835075577625862
-0.010406462248609045,-0.005031212027576039
0.01639655534258576,0.011299632081578127
0.008658937386968595,-0.0038280289681383206
0.01621336150841188,0.0054448367480800074
-0.011261671475581044,0.002594664100216778
0.011942026506071948,0.003424187181240325
0.007099029348574492,0.01787794587765475
0.032451163122776405,0.005408733529055297
0.0014934151665026867,-0.007407557298548752
-0.016473400173852164,-0.00048163707874113523
0.014953309658722472,-0.009378358743832112
0.012945984152813898,0.014177880964689967
0.006664654977053671,0.00017292908104986885
0.006844471790877948,0.01216641311602801
0.004008098477922484,-0.003543421694978354
-0.010845331206907324,-0.006653614659030281
0.0043381703127856565,0.0017708654861798968
0.007540573916793342,0.002938213701528397
0.0190874594211708,-0.004816526190330532
0.012593402669737437,-0.008434189952303994
0.014924878769384111,0.005524638244681852
-0.01294617868792978,0.014082601167618336
0.024054333726258464,0.03062417109066536
-0.001200538189389315,-0.0005992332078120763
-0.0027558985948358907,0.001757871026066839
-0.003669551927396843,0.0018236542615135485
-0.008827427757728634,-0.0048767109973646946
-0.003464549872767877,0.003396441807801666
-0.009912160292641034,-0.0022543458956313833
0.00035348679019639364,0.008441025968422937
0.03261175741432228,0.015250257061115869
0.0037809008998782125,0.0005805722628997202
-0.027603780364012995,-0.00949804998398001
0.013916782838203783,-0.0018812880912607113
-0.005363917174525294,-0.011887841454291637
-0.0114137912262084,0.0011331465218898263
-0.012578269783840508,-0.018934794775599617
0.03328107187205799,-0.005159321688925828
0.001901870332580228,-0.0004231866330409297
-0.015460708572665939,0.0008435836172531362
-0.004210065475327767,-0.0025482919416471377
-0.009168185685109244,-0.00044253779398790224
-0.004794561678477964,-0.00755622327109587
0.029647578729454577,0.015514512004497449
0.018572508011287132,0.025568624057775307
0.0189871538654307,0.015356808738583416
0.00037465292984650264,-0.006922938771905697
0.001984594489601061,-0.007608917577401055
-0.012554468364906174,-0.017514056494310072
0.018526893987768054,0.01883429601726293
0.007799397358027097,0.0021239850118077923
0.00680666088862743,0.016020881877298717
0.014139048176795956,-0.010265050648853666
0.010998941100386331,0.026785078956708334
-0.010314122460766994,-0.0034538272197513157
0.041719273360210696,0.00019596360469504196
0.0022868666938020824,-3.0018411432406393e-05
-0.009202552350136641,-0.0034802390698030284
-0.00946318009962292,-0.005595221950399514
-0.0066925519788663896,-0.00019941819037578475
0.00143841800847078,-0.009844975393862306
0.004481150886793445,-0.0043478567481599695
-0.0025501234416501453,0.014419472832372084
0.013152566209022817,-0.00540393693155971
0.01595253772598572,0.0016682327990439963
0.006917798036616432,0.005665544895497857
-0.006441847553843752,-0.005011326215754079
-0.0009034522905990604,0.03504968908267411
0.006157505963870822,0.005518711226192341
0.0023306930689779683,0.008907378711482776
0.013633913878067047,0.013485092842959697
0.03777030590989705,0.011258419250308498
-0.003362800769079885,0.0018817600007409693
-0.013703484108452806,-0.012488686831832537
0.015102766064947896,-0.00022868465415695055
0.010166446690123012,0.0015140081209064197
-0.00814983954407357,-0.008495673176564682
0.018838663306288493,-0.002608872847494962
0.008720032947278467,-0.007782960723848591
-0.018466575402055915,-0.01315768974443221
-0.012577217369870788,0.005876598434471061
0.007116405037753855,0.012743218127710988
-0.029681833804884705,-0.002504278183027278
-0.019123979212851812,-0.021882075351972237
-0.005668927861177286,0.023222898864056214
-0.009400701910967287,-0.006487448069414174
0.008982419880414509,0.0049058921658535395
0.021538707675919526,0.007253273658295567
-0.002335529329513886,0.004052323935466576
0.01107939189705067,0.0027344809978471166
-0.012704116293962802,0.0007147501684237646
0.025879127067052584,-0.0002501733064957935
-0.0024106375707724417,-0.018861745167362668
0.004038285326738502,0.01437388480593738
-0.005950454678071739,0.0177418683160597
0.025994480180407963,0.010570150807595075
0.009913990395563345,0.009980207397667331
0.00904913298187067,0.01163561660410868
-0.007355303836249199,0.01381080087589172
0.013252672168187788,0.0013343259939240344
0.00703144098265467,-0.004295459787794627
-0.001909778389540705,-0.0012097926381415746
-0.006714668045915893,0.0077283949599708576
-0.005939247199334841,0.000669038567807664
0.004167954583191604,-0.004125319690185277
-0.004225349614736672,-0.007437978800083423
0.003361864875581946,-0.014486746962142909
-0.008283212384294312,0.017403343716358505
-0.01093284230857377,0.0020724209278102103
-0.010313487477845528,-0.015545920355077614
-0.021290326078078636,0.006674904074224054
-0.014950404298450256,0.0019440305803641734
0.03218757211077944,0.013518515633754447
0.009430618981012096,0.014542435026836432
0.0040988147979945655,-0.002664969710902926
-0.05195226770006458,-0.01836728576689149
0.00851444900562748,-0.012631186507017078
-0.0028537669911684726,-0.00800618755232727
-0.009309962312223476,0.006148662675083495
0.0296432359986672,0.024966705197251738
-0.02514844773190712,-0.012980084552712764
-0.012027839094737217,0.011347846011693552
-0.002207005026785326,-0.015161679425057467
0.019566697828978755,0.01086917700343058
0.026857806844695426,0.005362334053905741
-0.0034601408672641797,-0.010109861134342788
-0.008694925781450324,-0.0207864355229746
-0.003196707644921512,0.02106209514495277
-0.00874361684102479,0.015752373314150674
0.01947427690026739,0.005329841561753098
0.014479139439815198,0.01929789049430862
0.024874349684930876,0.01402957492990351
0.018202308036289635,-0.011640156697205771
0.005304911583597043,-0.0022094673495862646
-0.025012934638703608,-0.023772184574353275
0.00013028498977394812,-0.018727482045347462
-0.019197302376079754,-0.015371764345531957
-0.01091778923757586,0.015440316580065885
0.012221908627740854,0.006793686472249085
0.013577514192448086,-0.004158529280457612
0.016733460220123203,-0.008944759858051331
-0.013199406174865085,-0.0005174192369455845
-0.023696861795653928,-0.01888351529079015
-0.005410449278042471,-0.006110775311744691
-0.01892625507880644,0.00617651286775757
-0.017303561458920223,-0.0011039031958507783
0.0066491944119087525,-0.005829420455456481
0.022153556226323028,0.011676258323905656
-0.010957053623853602,0.0026537133583062673
-0.013619088171343009,-0.014992035456480455
0.005548348378758164,-0.0023736419698881786
-0.00847319739253282,-0.009519220827967021
0.001411474597804683,0.014048561930139184
-0.022596988077204384,-0.0003589812115790392
0.001418438432641206,-0.007817611708493447
0.015616088261504653,0.001291560605655359
-0.01508249286297918,0.003957957475967161
0.03296571755354735,0.008611948810483883
-0.019302889753446587,-0.03154072903281476
-0.01666362213376153,-0.005271332183006868
-0.021176931101503465,-0.01486843362544371
-0.005432744195574428,0.0017039570157074014
0.004746522042547995,0.00064508935853664
0.005184400178934524,0.02730215348091862
0.0016294969528192255,0.01863304115060566
-0.0001905521584499349,-0.010030078497678847
-0.027576777188611633,-0.018922510218005003
-0.006851680071051216,-0.007446918926721271
0.008575439460692892,-0.015125044835762321
-0.004737576062453941,-0.003077571281095873
0.012295586015444055,0.012263921075635172
0.0008468548011714685,-0.006751565805486369
0.0039711056259774035,0.005182140432169274
-0.0232811894995991,0.009949865628972975
0.01605235029998697,0.0009820601535024123
-0.034002689433178516,-0.0010581502930913972
0.017123036648193306,0.004451876655543041
0.009471897080196749,-0.008834300959224299
-0.013501757016284428,-0.006309517876048889
0.00964466115922516,0.008780278659896527
-0.02363985562915545,0.012927467601545622
-0.014648941864861844,-0.0021855765109437485
0.00428034554011435,0.015520784772110652
-0.0020722210432461913,0.007083461626861569
-0.003780263459962986,0.014596752514477923
0.014450875875082304,-0.004782120493648971
0.04142777054572911,0.016060386069626644
-0.03478850001087785,-0.011992531380774303
0.002656270188622977,0.010168602348799
-0.015429353122929281,-0.01330818223711003
-0.0022176519622466783,0.016298716748702553
0.023426623769080765,0.01234890513574745
0.004834620813193335,0.005880024782079405
-0.006635399033271531,0.00281832061064451
-0.012751609553029748,0.003703338386013177
0.010020479360157706,0.007368080966818227
-0.0033832818375483164,-0.02477360441407559
-0.006743929076598311,0.006647914703513402
0.0075043148042160494,0.007325297472859705
0.002305180132238293,0.001977927975252498
-0.010698670157828622,-0.007675002889381042
-0.0009998753206108151,0.007797403305951775
0.02129341147251917,0.007034404885884155
0.0019117088013591145,0.00827880840656234
0.010951855721855346,-0.014834185035727879
0.012165467242360051,-0.005300864809237805
0.05539942694198018,0.006978294552189005
-0.002080316748409638,-0.004855112771423388
-0.015431901431290234,-0.0050415531550752676
0.022185873679723404,0.00032739135160836965
-0.02072244274698985,-0.005726401947062633
0.013378809848473729,-0.004804519468077548
-0.009071329804045293,-0.00589494985182898
0.013931890872953502,-0.005008071307627858
-0.0019138843391818057,-0.00742855134794354
-0.018809740614713688,0.0072901039029154135
-0.014106162376409848,-0.007025763810999611
0.015499907829100712,0.0038064369280852496
-0.00287791715349405,-0.010106330665565218
0.015487817590160755,-0.01066831417925416
0.011176272875923453,0.029279905240903875
0.008845956041916025,0.010581725822175241
-0.028891819379181057,-0.004713534029359146
0.010265747776634387,0.000998947483788575
0.005659637951330693,-0.004980766488887065
0.012629780927375447,-0.0038904426557281276
0.023328223611809983,0.003409500889154392
0.008509478491139878,0.008219810618983475
0.014923344597477238,-0.0006130479315841437
-0.008469053364090592,-0.004413600171660295
-0.008079207315416403,-0.017176331181116188
-0.00910260518448405,-0.006773885484716371
-0.009333793582521595,0.002138928348280273
-0.005470247326775205,0.00024231865633853787
-0.019122104425674948,0.002378044466294187
-0.010548594051039051,-0.0019516859735677083
-0.008462233590717736,-0.0019723446729873464
-0.0013749187674206049,-0.01023355946588253
-0.01277065861975662,0.011134070310061923
0.015204709874569575,0.006305475717639244
-0.008006891168224546,0.006294665624731572
-0.003167241417700684,0.004044569537949673
0.019812015709287555,0.005287381878393568
-0.028964940980185584,-0.005297040691827182
0.0086897891607512,-0.002222241244380525
0.01765930982993132,0.007579618765311602
0.025487350586737494,6.419697856588708e-06
-0.0059902781805248745,-0.011537775551431085
-0.009093297363195847,0.008457989382198525
-0.013899854279469688,0.008906465506232808
-0.012500964958836519,-0.0035398759940658275
-0.023279399991333573,-0.00515858190720117
-0.0027622203928842626,-0.012857372932388212
-0.036476891176910914,0.012307739382368905
-0.0024822245273436955,-0.006119035738352329
0.004745355659002737,0.0007749425121259172
0.013128225282701567,0.009970165408621029
-0.0004447330927448899,-0.011190273117479308
0.010200746739022997,0.015732835759564027
-0.012508060515232827,-0.023465459438993905
0.026005941610202463,-0.006057907686201628
-0.013197561980304775,0.0006028948700549644
0.0170676375638365,-0.008962365636228787
-0.002114354420283065,0.00771711118703847
-0.018388289339787534,-0.021292367942106333
0.024394841234447042,0.0010208202235191329
0.006385758431048947,0.00912547178829121
-0.010731623593265677,-0.01850684008307645
0.0005107309859396329,5.986791005047758e-05
-0.019947090828697042,-0.014266069875263517
0.008102998189575045,0.02080422443769874
-0.00875887078825753,-0.01663387167310564
0.0028126499798420174,-0.016093306164340418
-0.015057101146031817,-0.013123955847461172
0.01715164886552051,-0.010809198863195733
0.019941402229110665,0.0006214823392263017
0.014006750366603912,0.030341979760378526
-0.020130016180356668,-0.003769048028323859
0.006647528947455933,0.013525689606671585
-0.0034822432309674057,-0.005594090634232026
0.003450455971491595,0.0074049217722151695
-0.007681559473670861,-0.027300728877457204
0.02895715781824953,0.012669971599390574
0.003019250300399898,0.01154967751176714
-0.013342631942381054,0.018009954370041197
0.016137707220671427,-0.01645660778443515
0.006076041053242145,0.0015909272050202588
0.009707799914012483,0.018970869836063338
-0.00574629658334639,-0.0039377283128830196
-0.0067033867408391404,-0.017685006602717043
0.0016499749275984503,0.0084017481841923
-0.011100341075024521,-0.012550550431689896
-0.008793309512557449,-0.00034535522337598464
-0.006023655101326632,-0.0025560855977979796
-0.004737236631377358,0.00506894130659921
0.01371994161915158,0.011535771066917545
0.023863980973520417,0.01157565360934566
0.0033029234592953463,-0.006857938504969507
-0.030080150388154234,0.0003475566967851585
0.00030559650173777274,-0.004181743742884984
0.00589925464741852,0.008511384555723919
-0.03219205555205485,-0.022424990765773773
0.00889612601870951,-0.009740365241300853
0.021779317719058888,0.03393623922642614
0.007200590655713083,-0.0064596540405033615
-0.0013472668521558422,0.016392528493506073
0.0013800599696303345,-0.009951063649105373
-0.010705251276389514,-0.0013824280891795951
-0.005050118575560655,-0.019171703400241533
-0.0005555463953421124,0.009500832092865738
-0.012679734564214902,-0.021843580052788733
0.011910222390939985,0.02328613500803539
0.006438625762614743,0.03183470095910398
-0.00685386314116948,0.0022617150316608164
0.003440901774230946,-0.012817094318912396
0.004176915648393297,0.003691708759214533
0.008083400606698567,0.019302426566939944
0.02057791277536204,-0.00870884965477009
0.009538213443709852,0.0016383079996598541
-0.00881209185072395,0.0007599545034533826
0.0007090395192555292,0.009607557530010344
-0.009382612347154566,0.0021123232239031423
0.015602828874522655,0.01876120899681431
-0.00021014424816891044,-0.0009679581020819758
-0.011888737226162323,-0.01845621994659578
0.00661330988492487,0.010452658866815848
-0.005087533262978609,0.006578250633575899
-0.006183675523725015,-0.0030948884871946736
-0.025560530821795616,-0.0053206747275209125
-0.015154659279179914,-0.009357723100490016
0.002071934963187029,-0.0012367943892885045
0.010737461682243484,0.017895616502924698
-0.012709540204156999,0.014201978138844027
-0.020918427669750737,0.00888679009073971
0.011809871152478939,-0.0009251845512971095
-0.004941948142397925,-0.006259703161392298
0.014211993665424413,0.002717691297644973
-0.013463160582874594,-0.02145703616962854
0.0025943608545355365,0.002989149216476891
0.057307168530425355,0.02502249471184378
0.03584396159158979,-0.006791536851357926
-0.007399657435887019,0.013974912287938863
0.0005108387118119595,0.0014515187717145097
0.015865044634931505,0.01274236942166548
-0.011094346294337835,-0.005918106315985062
-0.016027801915292364,-0.009860036764947311
0.001333663843663879,-0.005123309490595362
0.01215529477717351,-0.009795518196927123
-0.010644697637429965,-0.008791871321333798
-0.0026393672706830863,0.012303652980848057
-0.0058451398376724,0.02770627541359948
-0.001592444240162013,-0.009084198139845194
0.018999577758612777,0.016290973189109843
0.018662903992569875,-0.013854839198057835
0.0198756686471935,-0.01625370109065083
-0.004120677115006644,0.012249000673893602
-0.03826958999290191,-0.0075243029270307205
0.020964168373004577,-0.0005832977161802092
0.003958411278734128,-0.012555387577733943
-0.0025798046783281764,0.004843748963440134
-0.0023739720839709953,-0.010102587630923903
0.005796039456712053,0.0059212574587891925
0.0017800952415387725,0.016765407532385534
-0.019230027670000892,-0.009549511141388025
-0.00420582221079875,-0.0022795228774139453
-0.0060260377170532195,-0.002707560836762817
0.022911270106338966,-0.017058124788387058
0.014363795479062313,-0.013423947505399198
-0.0068601530745480855,0.0040427623074477245
-0.013021055708715262,-0.0009926827853380996
0.00389166370115697,0.029831069390380084
-0.007685616348777063,0.0009045273084424464
-0.022989323600168865,0.00958122488879875
-0.003732217144955027,-0.0046140553974381784
0.003610310854424068,-0.0051090241230507686
0.011582345474403928,-0.009036335223501717
-0.0013117881769703493,0.01893411035117148
0.009303812582849765,-0.00825562099971296
0.0017939649138665455,-0.01952924835050894
-0.008912291660883073,-0.03671390745783832
0.0034426227496220222,0.021563719186720655
0.011922411610509656,-0.017073827597701954
0.025466539011040415,0.021756987445319672
0.006016515113626455,-0.00014541107838641476
-0.018900985579006456,-0.01058448785101609
-0.01610473529141495,-0.016840524911389727
-0.00827535782055231,-0.007147293324428701
-0.011333002082691227,0.009162327641194727
0.005943261511109469,-0.012439803803315387
-0.008506314629793064,0.01366485105363762
0.013565535551855528,0.0002697813075214757
0.0035039463459711996,-0.009872935965425478
-0.023957329866850233,0.003602161927298343
0.0033115632955991255,-0.013003758642184797
0.0006918417202763476,-0.0013491745616947273
0.0024775482338136937,0.014021178562545419
0.0021766652889936415,0.017251692832176865
-0.007198339794085572,-0.02228362786891483
-0.004899560227902882,0.007371567369310472
-0.011350479188269076,-0.0073914434746210275
-0.0025833460755498687,-0.026067538352866123
0.005558189685449315,0.00688648152295053
-0.00040488440880067386,0.010681257698744688
0.018510879999141132,-0.002263225839186818
-0.009708045787198884,-0.015748462306349364
0.006978678074000598,0.005824232814534775
-0.002922630033656955,-0.005486886954596155
-0.019595591726459586,0.0019371974138546802
0.0016402557223382666,0.0031501637154946905
0.02211949389970735,0.01321324892594444
-0.0030819568964571315,-0.009074609184220712
0.020013331886516595,0.022234457397625428
0.014335428106484955,-0.0024905302994090474
-0.007019956801183285,-0.009221762182467225
0.008560113172415968,0.00751441394282891
-0.010562222067272512,0.004376557601808843
-0.0008307002453783213,0.01103083047426012
-0.015489702625936099,-0.005343126779698672
-0.02172801793918041,0.0003716721098754911
0.003889464600698858,0.0036032330878521916
0.012291009911724667,0.0033170583172754307
0.0272692296925807,0.0065109166675879
-0.015683863237932475,0.009562181794832125
0.001653150290515069,0.007390518480982819
0.002697544018056769,0.006769936148315806
-0.012175427390717006,-0.018774629648855193
-0.010270269653278116,-0.011066560842793864
-0.013404918501526263,-0.009015728233093386
-0.0006059494829956913,-0.015532692004209864
-0.017249053899181212,-0.0006427050830066809
-5.109928709036372e-05,-0.00589548818378174
0.02951173929939403,0.0018459750653483696
-7.597120263064698e-05,0.012872672113401623
-0.008791532514467536,0.00451376534757336
0.007439580585848055,-0.006663335220296006
-0.0012073994510781946,-0.004248674612131384
0.013677753316399876,0.005453846817053789
0.00514664591431394,-0.017926522313104255
-0.006628880525866649,0.006243899051982617
-0.013054028802847544,-0.01745509919584176
0.00010284180035009559,-0.0006197043222059835
-0.021235862656249577,-0.006270322532605487
-0.01631630337368035,-0.016057638760638242
0.0010457792611582783,-0.0027060638532703063
0.014394449692996808,0.003837831594463435
-0.00256156273370157,-0.0022828252363584906
-0.003665710261945994,0.0019062019083530468
0.011959989821701551,0.007014455912910402
0.00806245168045818,0.007418623028789191
0.013325222550138528,0.006018216686681335
0.008922801367395176,-0.005707292054100496
-0.016385956754029072,-0.011417160028350845
-0.005935666052220161,0.004298442161907508
-0.017096306484933533,-0.01744397872398202
-0.008584159340939741,-0.012544428003049014
0.011797818232471143,0.016417381031507815
0.011808076798013085,-0.025173908627466213
0.007194554268885626,0.019370325686524963
0.005485567213064237,0.001015022738167083
-0.0029039150522478705,0.00012026687428385888
-0.000533572517859064,-0.013421305646987007
-0.008386812860691775,0.013560356848278715
-0.011508232012871492,-0.01706668751080592
-0.0017693939664594467,0.005446233732886447
-0.008414236370184274,0.0029302127056545684
-0.01353553511437745,-0.007628684098068259
0.017165165722618357,0.008756969159086116
-0.01936590405834162,0.002073609325012463
-0.01551369725619456,-0.01378125099676205
0.029748943941140624,0.023601098817517926
0.04633293347251329,0.013916847395799506
-0.005714563011999187,0.004946933672245637
-0.0043882669064000904,-0.007778893616924012
-0.007293219412182062,0.004326864141238649
0.006333798922510691,-0.007540071273808552
0.00531590716553909,-0.01671175863355553
-0.0021795789228677494,0.0075314531729577874
0.006975451606058536,0.007941236070320143
0.013377837957420542,0.0012842012362212754
-0.003998892422844207,0.006579286685074865
0.0176998451834647,-0.004136907380094896
-0.007655010109546351,0.004740069672229446
0.01816552709082523,0.03232919470761318
-0.01988897075490125,-0.016074184225579716
0.004635211407178794,0.01099321501436529
0.0080190031544829,-0.011242745232371244
0.0010065008754785165,0.0008188764004537814
-0.004171730506003253,0.00818046403640988
-0.005173902139403719,-0.014664010152687939
-0.01036181738462265,0.006576829345336729
-0.003712309442701617,-0.023274904002794722
0.0006079639117750846,-0.002670728884862761
-0.023978879244969657,0.00265403290742718
0.01576705043319724,0.03271993087039713
-0.0010147204159891632,0.007669968397323167
0.012459042616686788,-0.0053067798517665125
-0.0005811564720558093,0.0069730944109494585
-0.0141872982867251,-0.017100357353815675
-0.020983953838487134,-0.007157375979185094
-0.008178189170601773,0.0217542344686583
0.008210739364838352,0.019554633683377877
-0.014446959582996277,-0.0030698633110828794
0.03200575086556006,-0.010774756629132137
0.0024690940247024764,-0.0007164527171248593
-0.014614895959124522,-0.015720827861976042
0.0058984180230261425,-0.00026548231765899507
0.003893929312107825,0.008575704283536836
0.0011009849939300257,0.02331354651450086
-0.004083403607816656,0.0061492890081857945
-0.02101077759249571,0.001103193946789581
-0.014716763294330748,-0.008591939744708019
0.016233410333065627,-0.0031421758624600336
-0.0003368521640153566,0.009143437950268585
-0.010169263127650988,-0.002862244537121085
0.015830051418176862,0.026283686954450294
-0.021705911496475553,-0.016933323560612737
-0.015519405961718713,-0.001424483189276238
-0.006766114752015942,0.005343146496872086
-0.02146099528105007,0.008697311080140694
-0.008430187474757482,-0.010354318140034149
0.0036785245388786148,0.015733235790027715
-0.03146740555417999,-0.001005303748066998
-0.006655473368413547,-0.008146813164360694
-0.010808148412885177,-0.022797197941236212
0.011278182458896321,-0.019596479085799128
-0.0009179661184088621,0.008316320233148879
0.0066912627291677166,0.01784876463998627
0.0006515493193352998,0.00024907890434438195
-0.01439231906333987,-0.02091382388919303
0.011886605035786865,-0.011216246607653205
0.006511902581076981,0.006661121383662666
0.000995436834951911,-0.001984188317874892
-0.020006086256385176,-0.009509148233211492
-0.007734590676276002,0.004227843690541239
0.019591638749823198,-0.0034018777508489613
-0.014158116495293116,-0.01688570325134529
0.01025047398172128,0.0075867772093021505
0.011125611625632807,0.01742827420980574
-0.010570110194836812,-0.026408264325364417
0.02391519492763395,0.019860464416328945
-0.02871068393881466,-0.014758825744875729
-0.01383767808147848,-0.0016584414732148402
-0.005935327572818419,-0.015504273080764427
-0.002514132075617921,0.006712747188680371
0.016036012225393956,-0.0018999290905636038
-0.010562203149198047,-0.013851903892424645
0.0008723002801445518,0.0053310797519383855
0.0037842474963222885,0.002954484627686312
0.029395583824207743,0.01833250438881049
-0.007038077120441088,0.0016783536997814989
0.004492152005392258,0.019993284152719094
-0.0005132807282663264,-0.0025653556714763646
-0.015060813553230329,0.0025221611831800547
-0.016331472667625514,-0.013141457710052559
0.0374478414618729,0.01541430425117957
0.003128793975888882,0.00894293105675997
0.019131748582376533,0.0064008177155625914
-0.019273314880501175,-0.007676723516315378
-0.013050356184830221,-0.005496995805801805
-0.005437829602212115,-0.011495692601419638
-0.00992568359291651,0.001442853836027169
-0.015198980315019574,-0.0054508831143333415
0.0017628048082635943,-0.010560488485236653
0.005405304000751618,-0.013780789434968755
0.01150586811256608,0.008615809773251113
0.0005159838227906051,-0.005557181244176863
-0.00471147152251806,0.003663517223132465
0.019561424098354572,0.022615932687845217
0.02608879478431499,-0.00940465805542733
-0.01535947737038756,-0.0020482477509825062
0.02467053395326762,0.011851245015389618
0.00508501675502067,0.022499406742156197
-0.01214149989186459,-0.021035460769398495
0.018104994480814263,0.0028991279480721833
0.006484287715809154,0.007829440895348533
0.0005328006063975612,0.022889930813403136
-0.0036646056974445414,0.008500035108732101
0.004008639447579722,0.0011792299819244254
0.020672101917190256,0.01242164181855257
-0.012984315004562486,-0.009954236860976158
0.008795713145838935,-0.015138720502639404
-0.0030224276063999206,0.004785507446581916
-0.0027908846057261134,0.004776126589084455
-0.012233513182534886,-0.019733225982398534
0.005737673940506169,0.018934832304554883
-0.004854889711340351,0.017305216707184937
-0.013999466900158596,0.003276698075032997
0.022034117253882674,-0.0026639610252830485
0.01021334684797504,-0.006763763986435407
-0.0020658775714695737,0.021840410293317656
-0.019061740071599498,-0.0023041185276852076
0.004746698346352038,-0.006390864412104499
-0.005513285683372219,0.004670784690339756
-0.017351333367372053,-0.0010585192928560623
-0.003337911483721635,0.0043535066572407
0.015228550560715922,0.00913028360250596
0.008438452886273273,-0.013220596308795985
0.025372339182699623,0.03055896671379371
0.0042474368485878305,0.010306388461728091
0.019586624034972907,0.02815541484760279
-0.04290692537852596,-0.013777858844525459
0.003407438691369606,-0.012729764621292161
-0.003207370764807785,-0.022236638770523343
-0.0055835675335069255,-0.0034729086121735313
0.020547194408499354,0.006742048277648539
-0.025767761925416608,-0.010338799731677357
0.00678960154486902,-0.009810068315191307
-0.004818512347874396,-0.012887268447353061
0.006777692246304699,-0.014559117263851519
-0.005634377584560038,-0.0013946793306912162
-0.017028991048597075,0.005115955201492598
0.014054655935639326,0.01517739918157777
0.005512968520903425,-0.004720010112506938
-0.024635677937171946,-0.011684941160423132
-0.021392095502156545,0.021031401718735597
0.0135797763465377,0.007896513013829567
-0.009184253635434911,0.01077340025942244
-0.011705756748353608,-0.0038534619249912133
0.013171496018222161,0.004343505190720827
-0.002329023722953484,0.0018438038039994007
0.006042611090791683,0.0028556089502354345
-0.01215238579183129,-0.0032323570991733518
-0.016389037166208747,-0.007454318199321892
-0.020795382827623537,-0.009617343023292646
-0.007109257371147908,-0.006936212564257045
0.04287898519836178,0.033546157714289905
-0.0019265290628961978,-0.009465683022075067
0.010019413848348525,-0.008120387920473144
-0.03013847604753876,-0.03431811624453343
0.0036684115186979564,-0.0013650105282000029
0.005794537636841587,0.010026466628499046
-0.0011732272717331221,0.017979524655672697
-0.007941611596146364,-0.004499861147635586
0.0016266802049397853,0.020692562228842803
-0.011442200817042527,-0.013729033774480117
0.0052778822248703144,-0.0027581211467343453
-0.0024053444825200268,-0.006502706724795436
0.012486722628753073,0.007462223537239945
0.00021517176596745578,0.014389304327857308
0.007647429741169758,-0.010216834689209487
-0.019346415680106904,-0.015580843752956836
0.006066017236812159,-0.0035849458149762063
-0.012807273840787007,-0.0041574042357101545
-0.02155630670597313,0.0025581765909581913
-0.003512093355744291,0.011396899027396266
0.003364856159507689,0.014451628170166538
0.005154522645180562,-0.002173736363732239
-0.01844821551153696,0.006649519529513047
-0.004713195495755837,-0.00336412160592614
-0.006971101751668883,-0.0031356645032173517
-0.020160581567577475,0.00953036726732409
0.0031327844225165916,0.0023489435265899293
0.012289528175500166,-0.0010504346672203133
-0.008867734651083278,-0.0051371613621704415
0.012706153015617548,0.006327256705392514
0.020936313366663947,0.013399512977833433
0.0008522535758795218,-0.0040016665885095806
-0.006653162770034648,-0.03519225193513926
-0.013471385297847584,-0.021833992768002766
-0.009822455215935095,0.0020024351705925374
-0.008229286042036146,0.024616120140280782
-0.0038723400463946513,-0.01563936541101516
-0.014894731757419937,-0.01509393117769172
-0.001417063323278885,-0.012330098704355235
0.007708242569344464,0.00811999089325739
0.0071686360337460025,0.011672185493217833
0.02304094844730061,0.014860948556096825
0.016370583054770203,-0.0015140952969513487
-0.007947497725712226,-0.0029707416131007766
-0.011006997033923561,-0.006184978402309051
-0.004383002644975881,-0.008432992754798193
-0.004539209172709736,-0.011154558722091602
0.0005478482049108552,-0.0019680760616490036
0.005010721600845664,-0.010944123153152305
-0.009462729768466115,-0.015169977152125006
0.0035292436451152347,-0.00616086917954667
0.016327775893657453,-0.01669722011573732
-0.0037520363861631412,0.001913613453384339
0.014160188628799798,0.0069382108465542965
-0.008057141472935002,-0.0032754783949923427
0.0166954949097966,-0.003972831355084989
0.013801877650273943,-0.0021299518118629525
0.005356303701201378,-0.007648013359725146
-0.0006194372811981432,0.006296180894868014
0.0062433548986974684,-0.003872282231612871
-0.02964090783064124,0.013148117314607988
0.0296896353181999,0.008957957779837513
0.005206710080329649,-0.004508120425307603
0.020614980110424532,0.0075063367041265806
-0.027143172512322275,0.01601893457232295
0.023646719371811484,0.00839972792247371
0.004558475408197804,-0.0006912039045951961
0.012436366276929388,-0.0048616431422335285
-0.002306441718495915,0.011293686770892321
-0.030548715600248785,0.009468599961853752
-0.008422580393735123,-0.00018490554108653516
-0.000700184193635436,-0.003701200279037617
-0.006508412994401638,0.0025111631190701516
0.02404934259166304,-0.015475534984571196
0.006675805772465139,0.01865754506767842
0.005625643227306686,0.005225109036435635
0.0012061467019643846,-0.009428782903598065
-0.01860328966724615,-0.005450126885179989
0.02024337427015816,-0.007152510938299114
0.0027313103936712933,0.011217960050652363
0.002834234241738668,0.0013448347988860596
-0.01691878599675066,0.014005236859306238
-0.012277259904260708,-0.0013317768026868718
0.0037139655728688392,0.0060466299052254965
-0.01827257075918302,0.003291342337508777
0.011837897315001759,0.0016702100361223073
0.004051268320733888,-0.005638307517299236
0.030683197912616773,0.011929506167987328
-0.011291426410456502,0.0036897478543945067
0.003271751609198509,0.003959137305303634
-0.002449119684766755,0.012009677418371598
0.005694378123716586,0.006053450902459854
-0.015838060087614143,0.0001408001370377219
0.010628091461816883,0.017552183691980312
-0.010888790837835357,0.010573447934284904
0.014214122834472716,0.001675716087115041
-0.009297418484960624,-0.009623691631932892
-0.006898303091518303,0.003046317415415346
-0.01205169115853033,0.00455421305354959
-0.0033870817944080156,0.0015235034687848743
-0.0012171311428738675,0.005896488697656028
-0.020123930866586707,0.003804138665927139
0.0021987210448273175,0.025580424230844685
0.027181631910297935,0.0041173172551113415
0.006489493773296417,-0.004346004216215125
0.005173866207378142,-0.00974749791579974
0.012305614347252006,0.001554575967407855
0.009776351347453199,0.009935821548641331
-0.006558075913850996,-0.011005006833827987
0.0028412965265610275,0.010324908259380603
0.0036249788169166615,-0.008471158895287908
-0.008261656825626658,0.0036814231703115874
-0.011367638632609629,-0.02189017278097275
-0.0038735831055870694,0.0049356585866166605
0.014779923292424661,0.00946371314979003
-0.03178059840812003,-0.012539787636720052
0.003058049665860569,-0.008754578230824718
0.018940112580201743,0.010854855112248492
0.017977729758940242,0.0027230313369752163
-0.0037647046272325587,0.00897249067620502
0.00016316669178477109,0.005240010835011125
-0.004951162449172867,-0.006970631036921134
-0.006296757618471537,0.01640620443022254
0.012016880201427736,0.012266037664427389
-0.01987914627218424,0.010413023696815881
0.037532296646867185,0.011804123413063396
0.009191787322828649,-0.009421742206928844
0.013412583519685056,0.011555882383860126
-0.005332163944625612,-0.0005698441620107334
-0.004101202658807266,0.0005526919126007778
0.012019485029686706,0.009126229479631385
-0.014972821260597086,-0.015253918580921946
0.005081470486937747,0.018911389540932938
0.0013763654856287152,-0.008621827263298094
0.017783169161019265,-0.011036773628186029
0.008387363425204233,-2.052738051775093e-05
0.008471914659385743,-0.0019560625054039667
-0.017054095824825293,0.0022727678200388526
0.003853154691465258,-0.002626526207684093
0.0029466597632530267,0.008184645227122235
-0.015756384058449327,-0.009547738705390033
-0.010038358080244834,0.014157454020395437
-0.005788077426671591,-0.002868048621084965
-0.013261990795169163,-0.003264834901794281
0.030208844127211077,0.012441997708650331
-0.00535190412469641,0.010626483691023723
0.013063094740876541,-0.01189817177876776
-0.0037404535857709334,0.008690587759968064
0.009697706270488783,0.004589265558314569
-0.002300595386237361,-0.012308327685944644
0.02442824208760693,0.017349738081896892
0.024244932567248433,0.005364180480805979
-0.003623982603175975,0.004520855397497728
-0.02309175386804284,-0.01769948324180075
-0.0011366419812393995,0.002616010667531286
-0.012850669522682929,-0.0031325145598764315
0.012773156547035236,0.022390103193326554
-0.04345314565951514,-0.0028645652439805076
0.022749434280815696,0.009120583377765654
0.01540329154031923,0.018701549107791232
0.011020396051001548,0.01214968535393876
-0.0061679504978939485,-0.004270558659830148
-0.008241934242737963,-0.002603411573042893
0.013643490273730324,0.003129376101818659
-0.01691223199654846,0.009899450476352748
0.040338810482457084,0.0077398380319304546
0.01163091788364021,0.018261655422577783
0.018355232303731074,-0.00043011713276018136
0.009664162774291003,0.00814598889188243
0.00010262430409509524,0.004496254240215108
-0.01607880812549429,0.0035285733278216085
0.015173416885218267,-0.015911575845477394
0.003685139539719463,-0.0023786259049490273
-0.013918344287684264,-0.0009784420358571072
0.0027240303804769465,0.0030758298441771036
-0.0022788894026625154,-0.0013191721227986191
0.004321972735242157,-0.0009919174840833226
0.023526484542655757,-0.01245540035238419
0.003231597177567201,-0.0011127930818110416
-0.03243915452942635,-0.008101219461475968
0.007603004699739776,-0.003323457680399468
0.0016826124276388007,-0.010355750701567813
0.00681409110390834,0.0002873708718314354
-0.003673460311382015,-0.007731202279462993
-0.005685271984695526,-0.005041160555349642
0.005737775559770695,-0.011562903641768903
-0.01721221022971247,-0.017099203720595132
0.0037211735593371655,0.004407980332088846
-0.0024302893869287273,-0.0002585623044770628
0.014061597937930161,0.01043994366317046
0.019544430937703753,0.009542072857542315
-0.0018888190164416797,0.014387814132591908
0.018928710374175962,0.008404180769704811
-0.022308872785680663,-0.019642177728335597
-0.009479560560630252,-0.0022078841021377265
-0.019428819145950627,0.008364929284567627
0.027595442653906038,0.00548696788670635
0.010068367913954416,0.008347069460455808
0.004951318935010376,-0.00035530721738892134
-0.011961117284697455,-0.0021363006221053298
0.004540302038985142,0.009847751816120147
0.0180832557875288,-0.0040719682982368255
0.0016973517138347903,0.02047900077169028
0.004462052272509367,0.008980325220642122
-0.0007512752453200337,0.016270987212384055
0.00454972541825943,0.009893288024346338
0.026098474913737377,-0.007569003417840251
-0.012441441226260464,0.005631315404754568
0.015301060727039595,-0.00883502923188506
0.006282483898216699,-0.008337309102104931
0.0036002516846107098,-0.008283659414699126
0.006250667401453691,-0.005423381152859086
-0.00548420658880604,-0.0063355028474621706
0.018929178119592802,0.008382405371655084
0.004618556894225586,0.01998223039905076
0.00032056951323492037,0.017960843494623232
0.0011794584563112305,0.010601013460272748
-0.016179466956986924,0.0063054816536909225
-0.03331435942805169,-0.026998724757517
-0.004982935024382429,-0.00849791639816253
0.019356484899914313,0.013833814829684604
0.004444409137712657,0.0004720495255058072
0.004526831448630365,0.008682942793487441
0.018996509065555025,-0.0066184761988259755
0.011431621659822692,-0.008592618141894687
0.017166310044957313,0.009574781845196424
0.015014331742923095,-0.005781140443370455
0.004996810519863885,-0.012591860719112636
0.005116190920231591,0.0056901065467534805
-0.008079107959648271,-0.009738693720477932
0.004898360869190358,-0.004311496552908932
0.018763769601837232,0.012877814101263176
-0.007144269724295222,0.0036264164949269657
0.01258046894647235,-0.0008643336675030042
0.005650750156898492,-0.004939221137836329
-0.020929772167940376,1.4546492214199598e-05
0.011879213421876015,-0.0013434561718305852
0.01868144540021915,0.012439565573251658
-0.006774160662135116,-0.005298607382225794
-0.015029070688049513,-0.005976274382437799
0.009768528377310202,0.013436610352406892
0.013104506789310704,0.009856353572673587
-0.0016119343670224925,-0.0022245621413559524
-0.00951504502269692,0.008998234238194546
0.02224146368168354,-0.007052258985482563
-0.006720230402432783,-0.003608031162868949
0.0025267715762274214,0.0100813584940602
-0.010622420639441897,-0.006213422145601389
0.010677281721699173,0.014205954817618733
-0.029665042349267867,0.0028732746581870494
-0.0043007104196586465,-0.0014158018759689306
-0.009461237628993372,-0.006391055247474795
0.0004188453900820261,0.017701720445859964
-0.00046689901455223057,-0.010743305124387646
0.023011932843166518,-0.008056199056113026
-0.007491339400726276,-0.005856386558650597
-0.0015492196281722392,-0.005883300828535387
0.03142960654671083,0.016300447698364764
-0.0019861348967154433,-0.00847752800452923
0.016003661714011057,0.002859000982917558
-0.022447620406529912,-0.01969206440122514
-0.0063209714530599115,0.015406025552249538
-0.005706041881417246,0.0103085114939978
-0.017551461731715286,0.0034876067483575594
-0.008082224465909888,0.0009296035398245079
0.012424871271724135,-0.008367276332749075
0.03157150794485681,0.006079263101039711
-0.006895160438556653,-0.010664256873136154
0.015084739890325802,0.015557265079372502
-0.030168786256308585,-0.0056692702822266966
-0.004458839534024104,0.0099456572375314
-0.008191631849658008,0.006186157080308767
-0.003768821663207035,0.017715879962488173
0.015239419809666315,-0.01042522141783738
0.015779440463787157,-0.0061632098572655634
-0.0208025423474104,0.011675728448337943
0.0011439365356124154,0.010606230043629894
0.012679448359920811,0.023659473485603745
-0.018330506744804628,-0.015849822368577824
-0.012393501490614288,-0.0016429313718449216
-0.007704649983322419,0.019478596364796617
0.01918252052386439,0.0040958302140694115
-0.01786941825303023,-0.005574788108581262
0.012295319549993135,0.004581148715953106
0.010617105951184886,0.0024081664874344316
0.034569604633075145,-0.016335085701875744
0.008746736277553992,0.016561103651422406
0.00895000409267745,0.00868262738383658
-0.005485778189672248,-0.00044294261258708733
-0.016498871427867143,-0.010991997216936155
-0.028997602041929242,-0.019707686815270957
0.0014751666156647611,-0.0007998898892283177
0.01706811752047239,-0.000692458062392981
0.010100618233090337,0.0058974850369531715
-0.0016531602877490176,-0.011903678093976827
0.00978593066684047,0.014426986640760494
0.024820201726004146,0.003227637773820323
-0.008064898641279156,0.016078901762292444
-0.007406641957444186,-0.008286839426904292
0.007861621335087554,-0.009298117854807032
0.00015175770815779735,-0.0014157864110856731
-0.026378993822956043,-0.013068411146378847
0.0009729368961247928,-0.0018115030899096675
-0.0010255772584123301,0.004170247025049708
0.015530413499324382,0.004291041768545569
0.01080620141601614,-0.021333636305185734
-0.009867412459569623,-0.003741599638745403
0.0037687238778579,0.014103212967050863
0.010203257545833134,0.011785135121242072
-0.011031465314573035,-0.003234134629326866
-0.015909749254085365,0.0030633201435492355
-0.0042471705767025665,-0.013458241199333516
-0.0017964862711741885,0.00882706210967251
0.00835859410450053,-0.030605764937118543
-0.005421130635724879,0.01106411798876614
0.0073763512982335,-0.0035177035270164466
0.0032979154913278614,-0.0004998163573866379
-0.00014202307291256988,0.01010314188575553
0.011970472159958945,-0.00981033297771123
0.010122380785798347,0.0086344028471745
0.018182463203161824,0.0017662674400511825
0.01674982250047682,0.01938901447868698
0.013939706481258564,0.0004129727646308641
-0.011243324415453445,0.006882455382232838
-0.004505311056159875,0.004490475553645291
-0.009360859605137417,0.004416062164482683
-0.003338660137866837,-0.010002242436099991
-0.02528658547710499,-0.021904763192871435
0.013700477665868061,-0.014176508240665022
0.002615673010524819,0.00309915220243958
0.015326091039799782,0.003877661620754581
0.018683094910987467,0.0020300800054449167
-0.00038785436219116316,0.009393224951567858
0.006895206791646396,-0.028402831176537604
-0.008528706377883126,0.028506362591450382
-0.008044905321694147,0.0036527641644037915
-0.0026132187078073033,-0.010873684111912515
0.003828211302353951,-0.005754535516518435
-0.011910769661607958,0.003598522110192101
-0.025195505706470514,-0.008457799257251363
0.02590467668148995,-0.025781511882012966
-0.003993336856952401,0.021481708909029576
-0.010466768123923843,-0.0036613870341525292
-0.003152908815837032,0.005005920745820663
-0.007635735553858386,-0.0007603821795490182
0.02107663987053603,0.000411835828126787
-0.017879186316170526,-0.006956325161974457
0.00578860537712651,-0.00010585152533278931
0.017567229919761878,-0.005952588328606273
0.009887985883820172,0.012656249599871692
0.01906955947631545,-0.00415817871725114
-0.022133696201734426,-0.007969161625810923
-0.024554395231097856,0.009845088544208987
0.0220014448155237,-0.0026118039108201595
-0.012478451247859724,-0.004452183340769076
0.006450759727757785,0.0003196801126230947
0.013757280691945133,0.008611992462693762
-0.006760699456967925,-0.00521844041921389
-0.018501894157537866,-0.01639681898590111
0.00617652177789036,0.0233920224587763
-0.000880502144633547,-0.004571739128191702
0.018520292798355802,0.014827806366414004
0.018126545115454487,0.004592218263940604
0.00993325372052213,-0.012614931598334484
0.016784321135835154,0.0022551499947125577
-0.0027800884172781964,-0.014134170530394717
0.004886799044998277,0.015150707911640656
0.030063377509341797,0.03488532306342847
-0.0020707138564519485,0.0076858173203379655
-0.0058127326217708285,-0.0016108414398183655
0.009187399349040525,-0.009942571144892986
0.0021033174555882897,-5.563234579100752e-05
0.02503785149134081,0.024747462083415158
-0.029163511443725715,-0.008486749214148872
-0.0012011411634498335,0.004320546423538079
-0.004212966163177287,-0.02465861679985836
0.016127212810780833,0.024314168145700834
0.02684388407336738,-0.0021462247778566905
0.01341342069840517,0.015462767071734678
-0.02510028422690905,-0.02324713911312038
0.01645631312494333,-0.011707282707662463
-0.013345801096044723,0.011146966785256222
-0.011523182119105418,-0.008312319787819577
-0.009200810918634854,0.004882755898336235
0.008716136375319426,-0.00376790095163734
-0.015119743116725669,-0.02038617862028048
-0.004529436849159665,0.023277410691011906
0.0005417785198468958,-0.003949895372245772
-0.019827165494621577,-0.016148670978512122
0.012947351166684828,0.0019991755322523873
-0.005918565528580796,0.011426464352534853
0.014496216207031688,0.0031133862917930716
0.010391245176582839,0.000488524396487974
0.011499143763744155,-0.017379723535975677
-0.011091437600801854,-0.004526690479393085
0.0009277750343656846,0.012047859352500006
-0.027171957870779945,-0.0014666580378889706
-0.01904998200297571,0.0032304082821052746
0.007059345022051236,0.026402248625177625
0.010335556567422162,0.00547140564028316
0.0017152268221741558,0.0048763346646111755
-0.004542221022148692,-0.005916818188536691
-0.004611053335714676,0.009127767112986606
0.011334119020717497,-0.01052555718700212
0.013986895653885384,0.01000514864515487
0.010414182786840498,0.00888432747888871
-0.013164921915922988,-0.0001889936229040971
-0.0012538694445944092,0.0018626358899812947
-0.009462127909366003,0.00022095345490176098
-0.0013487103641700363,-0.007256828095242129
0.009220562620225758,0.018492964970739094
-0.018035428957565342,-0.007383959280290286
0.00888261930013959,-0.004298640636779701
-0.026962766685705186,-0.008046628636126749
0.02708886483689941,0.014415825408605467
0.008377416906524267,-0.007312422665401702
-0.01012825658449705,-0.00021740843012580356
0.004940445881703081,0.022531945941460144
-0.003116958668841918,-0.008981632193261362
-0.016822446347705283,-0.0022368001123802914
0.0047303077598237035,-0.005180651478898274
-0.021732731641354783,-0.009728507959429655
-0.008717225019051748,0.0025354874686822062
-0.0065146795063229885,0.011721395210978402
-8.659224022785403e-05,0.0057460920003759314
0.01966251313460113,-0.0052759210805992185
0.007138334703013432,-0.00654316226223467
-0.014053734114429195,0.013933358485929435
-0.006952923433966439,-0.012733817727298981
-0.000592197249556165,-0.0029854241865775043
0.022922357027224626,0.015512539966451537
0.0291304467078679,0.006713501627796086
0.0023858095043142683,0.0009023968178755541
0.0051327174893934175,0.011118503489088575
-0.011742907587354237,-0.020377034599820345
0.017801597513519257,0.0021014194151978472
-0.021568062939758614,-0.018101167480766223
-0.005232561273199166,-0.008931624947362358
0.008591673629742919,-0.009496276741525563
0.0005970454272606364,0.007657363055640036
0.00895161449058685,0.016371063362049
0.02444824572166766,0.003085588372266041
0.013308619046848508,0.01659664313545762
-0.027409080663767314,0.0041794309965825175
0.029630644589033483,0.0070567563949965485
0.011203373318768183,-0.007189824063715189
-0.005340458881556703,0.011698465567054452
0.0174988530787123,-0.004183217451284945
0.05155256881014593,0.009085765397498884
0.012186345463117225,0.010729115343420819
0.01061389924232595,0.010304678078006904
-0.006521937553827395,-0.014889822361914539
0.005535106252844859,0.015341934213022126
-0.018932182926247192,-0.006463877181702902
-0.0032505261823330992,0.02195390461516403
0.013369029139538599,0.005291688509950717
0.00202983801457735,0.021581956846811395
0.022254074412288525,0.004407796428680805
-0.012379046766625924,-0.004970011049048741
0.035738941656678444,-0.007707216116279012
-0.032304129907133355,0.007716606438459295
0.009037542968163888,-0.005889659345694624
0.03342506561044994,0.02475769540644675
0.0005929928117172504,0.006539427494642027
0.008403170702964407,-0.025518130587514107
-0.017693281585820862,-0.01175522300817493
-0.002292886158314554,-0.019792547340913492
-0.0002821560871191448,6.406857768041224e-05
-0.00825095042323629,0.006637429812404303
0.0036416261628353526,-0.014645970972021655
-0.013841904569884279,-0.0065039928651467
0.0026869407792359623,-0.0004908389085327206
-0.007198122988199313,-0.006816007271456422
0.0034485208929309753,0.017487921668290357
-0.027554418594453744,0.005332784240924939
0.02305790125756622,0.007497374799182903
-0.007399096950154848,-0.012023518411768056
0.0006911635741435187,0.021479249081223183
-0.027070272747299614,-0.0032705817108812677
0.014206955925587725,0.00018063858136342274
0.026002491782675108,0.008431581585504123
0.01743546244870469,0.003562516770839091
0.00961039197417658,0.00933987022661121
-0.015365583032123724,-0.005110963695308775
0.009671307108033848,-0.014766810143363712
-0.0009443623732507369,0.0008904680046917969
0.005790651335742429,-0.010885431538194396
0.006273907492826699,-0.004057321565548987
-0.015714779690741,0.01618936635841323
0.02455830974704625,0.007052373465138686
0.015183387735553389,-0.009673469591725681
0.0076173207447913045,-0.0009237869543466794
0.003880111325567744,0.007399517360642187
0.02610368323668325,0.0028275537552939767
0.01785383290064547,0.012650535286614592
0.0012757583293388447,0.018621719251713572
0.01764740331652676,0.0035809279518494576
0.0025205515438706627,-0.008053052958668868
-0.022837419385983198,0.015686217994205217
0.00013109182543450746,0.007511142120514569
0.00036484346912327165,-0.01775616849654111
0.02005732087000965,0.0050532995863240985
-0.01375169976561785,0.0014876783641142063
-0.006137676011032256,-0.004162862803848277
-0.005384537538209416,-0.002536727621349216
0.00623917178127798,0.015339588099936059
-0.002325577473104148,-0.004345057933252414
0.007537665751790944,0.018816519896300878
0.001397705410038855,-0.01954783841717224
-0.02616365583469833,-0.016776387632850158
0.00567976240006462,0.0073843404560087565
0.009004909874322054,-0.00427811974405221
0.0029259917326156485,0.00582550480138904
0.0023698271387740293,0.007860456965627385
0.015973832924853344,-0.003229294082174668
0.011710103954666054,0.018576927266783005
-0.013297242768157877,-0.00490577464221061
0.0010311721832378716,0.01095414666645939
-0.00047319114896776155,0.01760098149447932
0.010050609624957789,-0.027824314772172332
0.0007560364070971225,0.003975491537315828
0.0013192320646020319,0.011554299452475155
0.014392451993642202,-0.004013683884109963
-0.03009114912265734,9.467867090735526e-05
0.015350155302207331,-0.00016257991841351423
0.0003210018975447774,-0.014644147064895969
-0.01759482707783126,0.00023688819776150667
-0.0009158486025514104,0.00965495439968051
0.007962436735115177,-0.007847411577759322
-0.008532567897057535,-0.008196707452807688
0.014411995935746299,0.012464370821817942
0.009114466411468644,-0.000788420734784054
0.0011734985215556433,0.01448036549323286
-0.006696393430487137,-0.0033054823059042795
0.021479692332080556,0.019449913005552367
0.004865787882059284,0.01609243739445682
-0.0013400537538261206,0.008995203382340848
0.010648121367234913,-0.00516061988409013
-0.015439707694566762,0.004933900732724761
0.007862340935070718,-0.002736664343542362
0.025925675507401304,0.005957934325306615
-0.008469832931120193,0.005739558736816489
0.006527718270865686,0.0032200915546581094
-0.0009030920062437801,0.00821240537942463
0.001975704408664522,-0.00010990690532400477
0.028206464897916804,0.0035514785316991867
0.0008503572894102471,0.0032279937063397737
-0.021835576625927035,0.0018171448676315663
-0.004860146478472893,-1.707085732244919e-05
0.02453439605983124,-0.00663854276669046
-0.002452201586587592,0.003670541450767774
-0.01783738300067847,0.01403445666435156
0.00277927781256348,0.0052835981091027785
0.016542399978360874,0.0095792851220591
0.0295988660141038,0.010257096094483475
-0.015086341679729554,0.003453503283670437
0.0015068491596667852,0.007321275021328721
-0.02321118426757664,-0.004677594306094597
0.01016777133482278,0.017414145441754493
-0.002229672219104748,0.007172290876877466
0.011266539303280901,0.0069237156351178416
0.0053776806897352465,-0.010251500849231491
-0.008202995725850934,0.00944194576965594
-0.012753354585299246,-0.005097257161934039
0.0016118288859518787,0.010647654374075189
-0.018118992561565916,0.0018307058383873471
-0.004554206746908802,0.0020761939384319663
0.0045606411948013945,0.0009663982863241899
0.011404176205190021,0.011085699678273296
0.0016355805888386469,-0.002395094031342268
-0.00380690025289131,0.0077735396611280875
-0.0070173924567011325,0.0018875776971507329
-0.0008665026750712547,0.00737109205012662
-0.003638238347749188,0.0016632979289555073
0.007270190962227192,-0.014607893355663207
-0.0025008412100756034,0.006167904060146522
-0.006241480509494095,0.0015066008402504635
0.0005187923595288446,0.0027092481617105933
-0.024326811061572032,-0.0028734913570969186
0.01917872257891836,0.012312053431453831
0.008385205964068153,0.01492115643693785
0.008810987677290568,0.0005639498992391048
0.0012715141949290556,-0.002821482760930428
0.0095780470720483,0.015246249511110723
0.021890858174765646,0.004704963728030575
0.003724354971707482,0.004911895045691403
-0.007117711746304462,0.012452751097191685
-0.0057956441598714025,0.0002380616757994885
0.0002186481762825384,0.018790510138097644
-0.011106412707535427,0.009172507457546268
0.020056012132055493,-0.022529541570097938
-0.016262339596439523,-0.0011242157247344693
0.013890222587530848,-0.009348950966416306
-0.008349738031468225,-0.005758822531418536
0.017233452623287782,-0.0032503884234443073
-0.007503147596572059,0.0005053649343542198
-0.0027444565091119272,-0.010191312490931458
-0.0071450739321966385,0.005501786007360779
0.013918637284527066,0.0034272865997111573
-0.005167610038402764,0.0025753490390314606
0.01088154008474929,-0.007546700501325794
0.0064556154830620015,0.009028976954738924
0.012433986726295204,0.011118902116152386
0.009171965520910761,0.028271996765440423
0.00642503016435357,0.004895107304872174
-0.019279728720216712,-0.02291378942799207
0.021807112650525446,0.009841391300564066
0.011600464116791283,-0.00852495716528606
0.007483887662159695,0.00519043687617494
-0.007288826775135059,0.0018394433506420344
0.0012747090854201104,0.005045981068110241
0.01929841313540011,-0.0003615858646653356
-0.02518250896671096,-0.007364857111180313
-0.019355572034427074,-0.010332620609114168
-0.020432970632846183,-0.00281342375941205
0.02955011799261428,0.00671186987175761
-0.008807989535727076,-0.0005972684527264859
-0.004527057321541463,-0.007837170189619847
-0.0026960820727825476,0.013583813468558446
0.0056327819031885,-0.005497177922974429
0.009476969850128669,-0.006275583819017432
0.018508182248483575,-0.004827432062834062
-0.004390231951711811,0.0013617784223302664
0.0001397028964766854,0.011258777361693235
0.0031084590083831844,0.012006316024686608
-0.0032277770727419538,0.004646794174106567
0.012984513716942665,0.00544017277681972
-0.004563004488199059,0.007314606756054393
-0.006557920798674951,0.012079235390254657
-0.018464941776132435,-0.008747806491175469
-0.004512438861324065,-0.011370548250579477
-0.008234223387990902,-0.017683899795480414
0.015955928164800282,-0.01723432665422891
-0.0037345983322807975,0.002598321240589449
-0.021562399942748913,0.0039211477957354236
0.011700847203772341,-0.0021254707408936537
-0.01218364458768992,0.005031167922226678
-0.005453642169904261,0.0062176890516446315
-0.009243242187830217,0.007128702528102473
0.016007369621132975,0.010014550341680072
0.0064678870236476735,0.01929885565770274
-0.003024089249343553,-0.002639767575356107
0.011319306744275356,0.00928423983300222
-0.0045553348140449515,-0.004800677307016463
-0.015778909084026235,-0.003938968325374757
-0.008964609898324205,0.008121999851373097
-0.01542081342857291,0.013291167569916114
0.0038918896263424826,-0.0008731861009622352
-0.0281175827961206,-0.01031987879629176
0.003588312748508121,-0.010654692317030074
-0.00781878142789996,-0.01823820907902513
-0.010620531701530836,0.0021272115063590493
0.011632497999870954,0.010268672955229962
0.024929926539447377,0.006307980433733948
-0.009398424370846177,-0.015007806947690924
0.012380764050931475,-0.007143326299749113
-0.013373174278632674,0.021144081202908706
-0.005004006041735616,-0.0019137847541218671
-0.019361771126909125,-0.007547824556968086
0.011670039046518553,-0.00942740052072773
0.007206495603489342,-0.0005746792909048701
-0.0044645593001851345,0.010506624267446227
-0.02274261540336456,0.0048550638287454114
0.01200164407141569,0.0032350853576215977
0.019257568558521614,0.008117137824908268
0.009988768878218805,0.01567381250809264
0.01144810238616965,0.00378988138818045
0.020127477952958724,0.015633165331171376
0.0019426897891272196,0.015649798569754222
-0.0068838649640788575,-0.0021400754505240126
-0.005001322758783361,-0.004918109943897473
0.007038363966284943,0.011247248118192315
-0.005614242580953897,-0.0019095598958927798
-0.009903427565220285,-0.006272082339591683
-0.008822287352239371,-0.005685240951769241
0.0056054570732433796,0.01130228661027506
0.007107524483840111,0.007683543765312501
-0.009440734048090817,-0.017693063035216273
-0.0035016468170739772,0.008924999315863446
-0.001578402850250015,0.003758431589697648
0.022208758488837785,0.00216744481214622
-0.0003245563514422493,0.012425952396339524
-0.003907211111734986,-0.0047652025400360554
-0.020930669291209653,0.0020505295577067637
-0.01294546153964438,0.006197062566246182
0.025227458976881036,0.009758005686648414
-0.013871788186851064,0.00024777602852637707
-0.0005151541602374216,0.004084784862951788
0.012804305376120043,0.0015666560570885423
0.02997354510627946,-0.001714736383522233
-0.0013256545606676463,0.009406453911297005
-0.014976681349861767,-0.01331701458613293
0.013627042121034027,0.005780930215272503
0.0016865631393814704,-0.01221161730623419
-0.017271452883468458,-0.009546883591603602
0.01357725384190852,0.014736397682528131
0.008331062580411887,0.012983371977261144
0.025036123789210527,-0.0003820836108059892
-0.004299951600191529,-0.003449891204814829
0.014415707624538084,0.014471039774101985
0.005559482144509713,0.0006168502467211209
-0.012969812937711949,-0.0043532687781650155
-0.028811909506154153,-0.004355683642288502
-0.003115189786698761,0.0002911784143007056
0.009273518592618438,0.012630856450940765
-0.010251853239310866,0.00968537355635332
-0.0005205710693257849,-0.013211575045569421
0.032053826982222804,0.006653943584223874
-0.0008429040681567888,0.008280818519754285
-0.017422006841444588,-0.013723278581274683
0.005588494871294103,0.001069782689799263
-0.006606070975962949,-0.0010333252606869682
-0.002102489240967834,-0.015991979161722184
0.015069225357663217,-0.0015504510441384806
0.0010573107436231733,-0.00022704092761858104
-0.006618087234520344,-0.004567116345856679
-0.006245897289204391,-0.00829476307044466
0.0028714427032621153,-0.010413368497902965
-0.0072104264602993,-0.01833938067942944
-0.004522595429834506,-0.0003236181018282584
-0.004640948481639062,-0.004885491874303339
-0.017220631004186245,0.015502835825642982
-0.007368051510727034,-0.0025731491353446936
-0.013935806897319162,-0.016296702784513634
-0.0047313411085200775,-0.017296259898845322
0.019084937493182682,0.033285501608237095
-0.01347228124338176,-0.013065096063455697
0.018714400227274525,-0.007284083967138099
0.03014083276368695,0.0003839414768337163
-9.978000637580083e-05,-0.0015062265530886756
0.011150529118105592,-0.0011655921571347512
-0.015328639131228955,0.007616444959650103
0.011083891422959407,0.012328061392608539
-0.011140677781116513,-0.017296381552556434
-0.012899497892517821,-0.005372402760986135
-0.007655828686020216,-0.0052934980241465986
0.016193356141330387,-0.0011136897638927739
0.0064828114600234904,0.01978235847358625
0.003061091408560684,-0.021713460903606648
0.00422426151568869,0.006676199371209384
-0.008385595266001286,0.018763820644921183
-0.0016038571559951898,-0.0010782288427731166
-0.019134762366058117,0.005537316576659969
-0.00022728967535870018,0.006967432832225852
0.022171236317414272,-0.010440958079876063
-0.01888148926911514,-0.012290903559478547
-0.004921729912184865,0.0017435250602907864
-0.00960856114429332,0.002063140429661676
-0.010361225860020673,-0.004374481437194709
0.005648315098112369,-0.011017768712128471
0.025677212459386707,0.013765117940730893
-0.008503116438239634,-0.012878659071307327
0.004375283141359672,-0.003643014665219549
0.0032498269718572864,-0.0011272223617612355
0.011670472553046273,-0.00189885847582506
0.0029035145056822156,0.004566327915868398
0.007328406877618491,-0.01080357296355702
-0.00970479302847872,0.01564778834942348
0.008828457291442958,0.008129282848073337
-0.009838378002077482,-0.006246160676649925
0.0014895610394145237,0.006698863485457598
-0.005318876231117431,-0.010828459607326
0.02272222963327676,0.032961122943977364
0.01942275573082532,-0.008109751900113506
0.007155331713844201,0.011794540788298924
0.009467452465284873,0.0016663529076858452
-0.0016069818563274995,-0.003486274363685133
-0.0004857935904504575,0.0017371680804534055
-0.0019532243522160523,0.009992230354321554
0.010248270325345239,0.017134064668828712
-0.0181854796882292,-0.00755857917672185
-0.004452784809781524,-0.012230825939403969
0.0019476491376794818,0.001503215654918812
-0.012041815931783766,-0.01074257433962429
0.0007066529567158969,0.014188079586681494
-0.010518069435831853,0.01025114692589296
-0.008804333634480162,-0.012631227418478096
-0.0075682008176734894,0.011700475213773261
-0.0020557335159055467,-0.01221712979456463
0.02044987594254827,-0.0016016794801249558
0.01005021054321147,0.0034827371886109043
-0.01578552999621005,0.008762150961762983
-0.004190123222869502,-0.017661007152417117
-0.007453799153014377,0.00956756616338881
0.03111553000095628,0.028270592768281755
0.00599820636234941,0.027987808197760856
-0.019178483610024343,-0.0009618999554751951
0.01520472895537828,-0.001987461913155091
0.020574541588641356,-0.003509142900714568
0.012255928926709708,0.004718265944892777
0.022531497849614723,-0.004749276241158337
-0.0014012792509561411,-0.01948302070872445
-0.01064887747543374,-0.008524554532221897
-0.02490103168227764,-0.00011195138157365536
-0.019390655467929428,-0.015032163738570494
0.012685555535403703,0.002930950857505436
0.0036334925796499425,-0.005984127222887436
-0.00833953976893914,-0.003489095184298114
0.014710199570321826,-0.0012464032436143697
0.0033231542879457302,-0.0006614981925881148
0.00245083807754413,-0.0064723991324534
0.0319251773189853,-0.0024775004200940746
-0.004644101526708672,0.0011835245415634298
-0.021757576919651772,0.0010842323610345565
-0.012519325381558203,0.004541712039751894
-0.008750879669842324,-0.0040762633331855955
0.013032031676172673,-0.010572310032266628
-0.011670205103537305,-0.004176016118926106
-0.018867962124170714,-0.019343430122418348
-0.0004738235766920037,0.008795844818476334
-0.007278611077457209,-0.004256094348776515
-0.0008092705254611204,0.009657492503876954
-0.03376467597320715,-0.008215566303366747
-0.0011068034940003326,-0.004593162305293452
-0.008927124901996803,-0.01677037103132864
-0.0034926532524687786,0.005674008832275989
0.0028502118206407785,0.014349916529946917
-0.017301496903410204,-0.01734005727786823
0.004781114978200476,-0.012585312683826467
-0.0015656708052879113,-0.007890627126506922
-0.010868187688900296,0.0004939454285115311
0.0012245778491791052,-0.0032240655338917094
0.012519513798688478,-0.022289837858023655
0.019701949538333985,-0.005675655808433627
0.00425215526492398,0.010872700690864873
0.011718573713221742,0.008076277056068596
0.004463171137352866,0.006164609743726804
-0.007254842006608581,-0.029757452266002796
-0.004440511683708066,0.0009836248144506103
-0.013696782436815222,-0.013859154962046195
0.02075904326854674,-0.0037146436542900285
0.020084711200349478,0.00029498427690313663
0.001859279717698125,-0.0004447622861412536
-0.005358943654946178,-0.013236661180526448
0.0017997047242767751,0.010344164798657336
-0.0015356511017225439,-0.020061433518547247
-0.021240228851601612,-0.017629671270339
0.01221493098230962,0.00833862716020755
-0.026749133926495652,-0.013225730975191254
0.008374784024177209,-0.021549294437827587
0.010326854625622061,-0.02520739132408756
0.003129355229011692,0.010353821295081136
0.008465719896071795,-0.007572228581161924
-0.0010610695732282097,0.008222380501039349
-0.002530704790699441,-0.03030499822794862
-0.001744910465219883,0.000554509257463449
-0.02626933836603254,0.0008988179947120649
-0.01060959544642425,-0.006395204423608116
0.008871351680400423,0.019537425076249417
-0.017377852036836314,-0.0029131739523517324
0.0022234077486838473,0.003479652700501198
-0.0038544995363297917,0.013458891986721578
0.02016342386823715,0.001078939287717345
-0.004814170246223189,0.015929078156103026
0.006802996045721259,-0.0009982484273021632
-0.011340736963495893,0.0017129401908706561
-0.02516171432968011,-0.002089373413426632
-0.000925231824011578,0.018667661482411037
-0.018641000535062846,-0.004583349605652932
0.006549605627197165,0.02879973194960562
-0.003948475450208428,0.012423377013512234
-0.008628147801405464,0.029500721872177414
-0.005928444810539057,-0.027516702486550578
0.0052192973840177095,-0.005099755849763909
0.012573646344455477,0.012786907896646035
-0.007753227405118404,0.006566823833406002
0.008704102811867013,0.008579748707468226
-0.031150999811479365,-0.0037744122226391064
0.021752732955618435,0.01410548904312981
-0.020099684941197446,-0.01667113125025591
0.0259266383680144,-0.0031637376851053494
-0.007733516025288534,0.004672819818281007
-0.013934787962050417,0.0014701382100275329
0.0014718578910382209,-0.004718515782529069
-0.017694093521131368,-0.018241124171317322
-0.0011010920401191865,-0.017289810284013496
-0.004943133450412472,-0.025345436958909433
-0.0022177918350987937,-0.027547162987991914
0.0033643928266629494,0.002910704463356017
0.007621841552999453,-0.011543750031408338
-0.006117355251416039,-0.005335812307826679
-0.021855642639565135,0.015166355528851962
0.03320338263416486,0.027848054835536432
-0.005260330489136239,-0.02483783009826538
-0.020483767182437586,0.017721835713208525
0.0011227828952256587,-0.0008102154329133438
0.012020228175588184,0.010567681710223126
-0.013541875735134752,-0.0074020262005163205
-0.0009989876239227763,-0.0036902050628289966
-0.018172828075981758,-0.015655239891691965
0.0032974362929903116,-0.00436712966134568
-0.040737061002832864,-0.005686947662662535
-0.011929903179472384,0.009650123154455915
0.00578805735218777,0.008726067167661423
0.008542649792611079,-0.016570030466927916
0.008721643601688613,-0.0023970002188882303
0.005162075860436933,-0.0024439501552249985
0.019727216899885623,0.005558782253567216
-0.007291783716238886,-0.0013758471900467543
-0.014069012358121523,0.00987483186947217
-0.022453487362071207,0.003493249109934163
0.006885165667280167,0.01807928354212667
0.03236696120080108,0.01176190848589465
-0.0012395725150540528,-0.0118766170391147
-0.006718295706021156,0.006254745045499312
-0.002096747046593761,-0.006422909001900528
0.009826435805518455,0.026867493981154608
-0.01806887406502371,-0.014029064127605333
-0.01828400949107196,-0.017523311125780087
0.005035284162436301,-0.003094491709931852
0.008223541632802905,0.018305747972714413
-0.01901032733701237,-0.021093318511066085
0.001117211748341394,-0.0007155477098207074
0.02140836364932275,-0.016722425604759728
-0.027620709182372416,-0.01178588457705775
-0.0018083188349505334,0.019076175023386138
-0.012203281445255582,-0.002696643102032698
0.029144167575228443,0.00569737855585409
0.017652000707818024,0.008967468007456519
-0.00913686201303357,0.011465946656623649
-0.0001287304955310901,0.004236028137426258
0.037561813850670624,0.009200854045293697
-0.025726114592983598,-0.01914276963844569
-0.028898183429535877,-0.027637770693045866
0.025283123757010736,0.04157952212355642
-0.006207533273418422,-0.0009613472015434876
-0.011865085462865223,-0.018382111996937837
0.007918693421516975,0.013651109491990037
0.008042245991765878,0.016607206726790863
-0.013546594522856274,-0.007001568182198266
-0.019740095731336355,-0.02186326207686798
-0.007937254586962672,0.013826886967099668
-0.02589262377575089,-0.006482545663506708
-0.02069426934970299,-0.0010893007355818759
-0.011889268754801044,-0.02809667636704295
0.015788854002196363,-0.013393531511400492
-0.016399105895536094,-0.017397631194648797
-0.03254686039644888,-0.0062680534135621056
-0.012660172105912332,-0.011664441469264767
-0.009953224006164505,0.006499818950655264
-0.012703443923617252,-0.015698904753235605
0.03484644641678018,0.02183926400382233
0.023800930492128006,0.004533056338712254
-0.005516187866511453,0.007695086504788686
0.012438757815077786,-0.002025137619687774
-0.010265020229627653,0.017037321804287627
-0.010556663991712378,0.023601268562627883
-0.0005534741094716306,-0.018200753679674282
-0.03582416152076157,-0.0007256934930398927
0.032855957075595764,0.012967219025928876
-0.00552892973922338,-0.031769079342345394
0.014275409543440507,0.020358455442546223
0.0024545645489330585,-0.0025143872614308547
0.0032634060853078146,-0.010762823997532962
0.011105324244613106,0.004335822303167929
-0.004295034109337766,-0.003392554732610573
0.014158044206836312,0.015596704543417581
0.006696717750815852,-0.004773209638145505
0.005073692673658327,0.010247123515560107
-0.00444413767812407,-0.002238330892915106
-0.027898798570117646,-0.03524964599349393
-0.015742234909152327,-0.013829891432233015
0.003998957749792567,-0.0044256169489654655
-0.012347696888743799,0.002311310509897518
0.0368895515635564,0.021502343655208398
0.001127688226849127,-0.00821824543599272
0.027661157477737595,-0.0012152281814354897
0.001960631437459018,0.010550153506479362
-0.0008368811934527408,0.006547186479806597
0.017965887207866703,0.012932235781080124
-0.007582766155579605,-0.006770116089853834
0.0026095209299608567,0.011981885778880536
0.01190171903991096,0.01036007307652277
-0.00204263481899462,7.603626788493354e-05
-0.015664927215674085,0.010891458368162037
-0.012806655936549224,-0.001628789636975673
-0.006722124900403049,-0.007557891141115547
0.01406710196355012,0.004120585054524954
0.0039910632507212185,-0.01274751878646656
-0.009044035816462896,0.009664502207063377
0.03260674885164755,0.0016489306976725422
-0.005125101336334429,-0.011421476273923991
0.019037526616757776,0.003785164866518807
0.010775434264066049,0.003481976870567132
0.004014927421264164,0.019423041842196953
0.0006861222744744375,0.004765993514406629
0.0031296686417040054,0.000476418102146141
0.016925595308761702,0.013864273417776574
-0.009959935088105472,0.008554145113098611
-0.006038483758212088,-0.003944297778078453
-0.009020228829603039,0.00963493485753841
-0.0004658489173195855,-0.007847166886243375
0.014336696042976237,0.0022480144621665503
-0.008350644962855657,-0.003694746388915948
-0.01473505196401855,0.0014021042441747253
-0.013961253044678256,-0.0033970461408206146
0.01633789632581856,-0.007970660374566427
-0.021670513608580307,-0.009005975218083386
-0.010883444911503334,0.012551142178295286
0.005237725335770902,-0.024833245469740615
0.010380239044571997,-0.012022335392203338
0.008697593319519978,0.0005151177202289752
-0.02249874390710489,-0.011539805888090051
-0.03884327885791727,-0.010508969854896274
-0.011272033259615715,-0.006782207857325037
0.009051602347024318,-0.010002529426412941
-0.004909004674702555,-0.012768736506582275
0.008928170647125973,0.0017609564388685914
-0.0010964188923766973,0.013509706904585804
-0.008054416687537544,0.027143975173212157
0.008168212610955938,0.0012493087389617759
-0.002894393532373119,0.0042526428633809284
0.008167932911118789,-0.0031213209387228255
0.006337541044159953,0.008963345502194723
0.030278842968286906,0.009642839175732663
0.007249774944378024,0.01651661078439081
-0.00988905240902366,0.010945924040786781
0.00887437455522507,-0.006485221932147081
-0.010282612390283228,-0.005843832913064634
0.008170120416883862,0.00923854297722284
-0.01446203501958253,0.006578989194187698
0.00536646357341723,0.0033552481272703383
-0.023847365429535947,0.003323535033906915
-0.02432337074022942,-0.020879461182641845
-0.01893761727262829,-0.0008197920301133332
-0.0017529448925645266,0.0004810674084342936
-0.010977334190325164,0.006013316202791591
-0.011575900921130106,0.006257489091678198
-0.00039158640279674315,0.010612828074236318
0.004959297044749619,-0.014155594874943193
-0.011668764690775643,-0.01686778815900792
0.020131103858856695,0.02022655046504892
-0.012020912734989387,-0.022451215920094223
-0.012034255756503015,-0.026470584775404225
-0.01564846910287893,-0.016902361900891626
0.0009786035838304226,0.03490027244482152
0.008199250589765363,0.025010902338721896
0.008631140890969242,0.03585917204340473
0.026003752862565878,-0.002342566203599226
0.0003122231879079888,-0.019768980480020945
-0.006910582470346777,-0.0018690165851661749
0.0021465293919760674,0.026007930051715145
0.005052754247052423,0.00769493017640575
-0.006725172265374937,-0.0053708912761732735
-0.008340658239454568,0.0007280339323974265
0.021383750938758855,0.016580478168933144
0.008593209551925711,0.017169486798253624
-0.0055492388828334,0.011061728234566075
-0.0018970277241123004,0.005233053073672334
-0.004144145606200525,-0.012212532288887433
0.03240219380463232,0.002463943581239287
0.002562940601635827,0.004221251430868334
0.03133451573822585,0.0051672147328555755
-0.010729783730423725,0.003492296757438656
0.0029325460010813636,-0.0025006291759057013
-0.006648628152798154,-0.007129786784541326
0.00360250473568816,0.003772155518870412
0.01074281782703596,-0.005804852793317344
0.014813400442165637,0.014854095921042773
-0.00576514296955786,0.020522666925358722
-0.006009087902084387,0.011251120340997291
-0.006214302441101818,0.01745139271009878
-0.0036407482389511484,0.0019139621626995818
0.01225324411260504,0.0015839330816009572
-0.0027428334939446496,-0.01868921026309073
0.00032852814643958005,0.0010465110415473196
-0.02029428344059256,-0.01531319730652659
-0.0042913171668158175,0.000665493983088231
-0.0062844645379527605,0.0034703101928140125
0.006733313518977088,0.006301099915417359
0.003884096571059204,-0.004320507838557308
0.001933246025323165,-0.010781364104938558
-0.015700840491760074,0.005341728842575596
0.0048999553834598725,0.00874989334706526
0.008671674724044141,0.00249405216771333
0.003143964004890535,0.006787453911242914
0.021025465146754737,0.005610775059690839
0.015151861043004798,-0.009686427074655904
-0.008696672495662337,-0.004875345253813638
0.026755180418968738,0.0014185301340527642
-0.007980311600264843,-0.008996141556554134
0.007018527127278263,-0.007788235881330362
-0.006765437160250651,0.0006492628730474895
-0.01981827665656957,-0.006388889151489232
-0.003257431461593402,-0.0008554346227255639
-0.016878608717358162,0.010444128472687277
-0.012292064633626733,0.010121061380566426
-0.0043151941315180825,-0.016773018298965145
-0.0012859948996989876,0.015617574896793435
-0.009011108259521306,0.009738833969992495
0.013379862255620706,0.006083805344862791
0.00625463420583354,0.006456388248610995
-0.011405787478076976,-0.00795407027700239
-0.0023679265944935445,-0.003548346328989309
0.01303820211571319,0.01161590323025084
0.004614654358958613,-0.010545848514686134
-0.007075296520677591,-0.0022422459593970296
-0.005257244210018307,0.018832140537884016
-0.006515585750361985,-0.013702164415821968
-0.0008340986138448923,0.00659677437026783
-0.008966073536813935,-0.010080582136482216
0.003859501968660664,0.0019332256667286046
-0.010060499187194942,-0.004685082857116475
-0.02683083624739287,-0.014526391746318102
-0.050466288721176346,-0.017626711976327637
0.0054064093793604025,-0.016203340352623066
-0.0068522823628299305,-0.011009428236457461
-0.0006330088559778679,-0.004470039709523837
-0.0007651650243511405,-0.004103443058266222
0.003086975434975179,0.0003265912581962753
-0.003180567164169092,-0.020660867580143807
-0.00674662102191976,0.011853757533098325
0.010694810906946985,0.002690917881249272
0.0069954486933652025,-0.00912175132781165
0.009668313349802485,0.007219246460749951
0.03030386928143898,0.008646192691832907
0.025168805481942592,0.004526497765657381
-0.005119281562085562,0.012836667958665053
-0.019178488845093624,-0.013185332414193758
-0.0006267205140871056,0.006975971448196473
0.008324109845898832,0.026728372269100794
-0.007354773393116316,-0.013014856899093107
0.011257673243281452,-0.0005411863611482475
0.00188348622319298,0.01783165716850863
0.01047120755088634,-0.003735556108511749
0.017410976980487332,-0.009588744466304271
-0.015568064629927176,-0.013801121608683225
-0.011972490275841971,-0.021723845156798288
-0.0016850202360468697,0.027119574809565197
-0.01850630467308262,-0.02219100074673103
-0.01400134190548227,-0.016054177179988936
-0.00957860961082622,-0.013802569006185119
-0.009860343176973757,3.608686996134177e-05
-0.02680783790395206,-0.0023480911669828573
-0.0182972014639754,-0.019439776570609753
-0.00013444206218214178,0.006365304139983855
0.004137842385798861,0.0004008997773636545
0.0015499636937201227,-0.017377414539910475
6.750016695629476e-05,-0.002424378837809263
-0.005078321862964473,0.0007285803002367589
0.014285194902803737,-0.0061528265435853565
0.024356908612651565,0.01008718513431274
-0.0060041486183468355,0.00041889123805155596
-0.004476121811758669,-0.006235555450260461
0.010063183531757681,-0.014403621571616974
0.00453547808812645,-0.008253865998201729
0.02133929595490099,0.019339653087983733
-0.01248379276951087,-0.014100294792891965
0.0019291015098003778,0.027618377943827987
0.015522567893456076,0.018017540230251823
-0.02722318115305507,-0.0020963337921360028
0.008993191418193536,0.01814680458851043
0.02737371213196949,0.007818040099220925
-0.009294924054659062,-0.006952922276132435
-0.00407631679482896,-0.004614134826581802
0.005349020286438202,0.009349215505403081
-0.006147777786762596,0.0023963284232086392
-0.0027568077226430296,0.010448708168562516
0.02071567861234243,0.004516353404769362
0.013840227791778174,0.012638772344767013
-0.009098811870667576,0.010708122711885903
0.00962442960384406,0.019126933330916925
-0.011736293552405866,-0.01828885595597425
0.0029769379381977892,0.0018639462114931724
-0.0027467928400949117,-0.0010244081857652071
0.011323530800996845,-0.014031891810583907
0.04755249827762587,0.018881030329035757
0.0169472640816992,0.014459320149638475
-0.028463102880384217,0.004838515638245637
-0.014350543669376624,-0.009782188873826531
-0.0032343067729313176,-0.010315318047158607
-0.017837673326546958,0.001486174041520702
-0.016755042371960845,-0.0015639203030111126
0.0013031109268290797,0.006142330586412036
0.010614688753963559,0.009637253117524048
-0.007933385057253226,-0.007490921097130528
-0.002625546439416305,0.0011254971168969312
0.000810521348211653,-0.011588127200535921
0.006752188783710552,0.01017467337250114
-0.005534251480762852,-0.01110283045059369
-0.01184884552554701,-0.0011488963395388401
0.018993744333175574,-0.00484801011102231
0.03159481042194278,-0.0019565908020245187
-0.01574176434249981,0.007705543375736357
-0.022589575642065027,-0.001805136278082508
-0.013317083589172935,-0.01425937042096032
0.012432329392747582,0.004830063293165975
-0.0006602257370115871,-0.0027479691635770333
0.022927851090152114,0.015513107300711551
0.018099729391453958,0.015703801137672654
-0.016881047329321143,-0.010160669503132316
-0.0033453609793325334,-0.014684079054522764
0.0039952080228784215,0.008795811990214127
-0.007171208895850505,-0.0006023856176051099
-0.009232335908653069,-0.004332834980247199
0.0012248756369410165,0.02103850756574228
0.007012316927401268,-0.0038472013464985427
0.0283134899697903,0.014048078659212091
0.007060781181429213,-0.011478835566397075
-0.020184610612137454,0.003911214581256762
-0.008933603962093166,-0.0014717332972534868
0.007363674088112201,-0.0024228300792145793
-0.02030695628417365,0.006393173132972705
0.012994671609166595,0.0136759807417065
0.017174275648281855,0.002160296963551254
0.002448103277340322,-0.007633282121691114
0.009536345172490584,0.006637254534170229
0.010651264705241754,-0.009022159641368854
0.010468232581310348,-0.0027403847212654655
0.002805762219668474,-0.007383530044230567
0.0047106480893605585,0.018287644454068046
-0.019755527449205793,-0.004189171047278986
-0.005289227255013848,-0.029856202683800532
0.0016435399226818997,-0.0009687345245210663
0.014100139811000357,0.006180940017410102
0.004534419826587776,0.020966187249683826
0.004561435299307124,0.007153650711131736
0.017655126799391165,-0.00863436214691224
0.005973299717602793,0.011279020518502872
0.01847695728249902,0.025201743870475996
0.00897171463563578,0.023869199674052165
0.007398147448283181,-0.006839972754261691
-0.011693330911280298,-0.014639183809792386
0.013564006990861995,-0.011919863770772485
0.0006580509172322802,-0.012703548873164537
-0.022279902838569315,-0.012767151587617298
-0.008418523593447153,-0.01586192979126595
-0.005690419303689027,-0.0061878514619474224
0.01002498063639816,-0.01865340445112924
0.009794414926026266,0.009880486420720395
0.006360075957603522,-0.0022455479806847336
0.027094749755417542,-0.02441112950893593
-0.001719196867717627,-0.019019490900166466
0.015594509195405216,0.010048899117816897
-0.009620207104151408,0.007242360121616668
0.018033016837569926,-0.009236555394341142
0.004057432778082041,-0.013937256653755132
-0.0118286859287849,-0.0108222021081686
-0.010481158592715102,0.008985017439798125
-0.01910563495049954,-0.0004978925194928447
0.01874826212862417,-0.0006026219505260289
0.0017334058157518419,0.004138394666568529
0.003660644558204517,0.015015092010402206
0.027843971514287903,0.027408502203181855
-0.020626610521199223,-0.021686133615341878
-0.00016878014815540713,-0.005933579658530562
0.005799713830201467,0.012872251590529793
-0.0017473217762727562,0.007624734362718064
0.012169969224921142,0.020135879751798768
-0.0005724523098429292,0.0042872842651490856
-0.010346665252231924,-0.012382182037248684
-0.008353682782528345,0.007684000824198664
-0.02310619052802369,0.008833290698522957
0.009605647536266962,-0.017436238257414173
-0.007800457502865019,-0.004077329991683806
0.011408342382956042,0.000335164341976581
-0.0029732853428490686,-0.01771855378681974
-2.4066275960621206e-05,-0.023909483512542833
0.005965164685102877,0.013153701025555797
-0.008247984123159673,0.003652501146651957
0.014405428501436375,-0.0030803707085061867
0.01198911995265924,0.015546961723583726
0.01221039882997417,0.020570034950553255
-0.01087634699332303,0.025219783606969897
-0.016926560422022324,-0.01508476351126832
0.015835222160493583,-0.008888635116637539
0.008035770696275969,0.0154202982591436
-0.016437669865067905,0.014340335846240842
-0.018572144660600958,0.0015817475851005553
0.001027544315743482,0.008017416748702901
-0.02038322687677892,-0.023224748727231195
0.009806321339909068,0.011953651075340887
0.013678486228435838,-5.447451774841925e-05
-0.017626387056034223,-0.000692808128925032
-0.030727911255493626,-0.013366381446889503
0.022727230044727164,-0.005675950303739669
-0.009350994398623571,-0.025045380915667576
0.0031565238108070734,-0.015169336883767282
0.012208757570611968,0.011013358624661448
-0.013441140057815456,0.0019413071435230372
-0.014017113433604175,-0.005081479813478477
0.017792096136143267,0.010190890085730635
-0.02607135653514168,-0.0075511210868570555
0.009908558408955713,0.009371502170691885
-0.022726622687375294,0.0014696732843888392
0.010510463818049556,-0.001524490320566246
-0.008786207877492805,0.01737681414412516
0.011307480283048137,0.02085367041049576
0.0038300164862835966,0.0026673007113301316
-0.03456252914497854,-0.011401690023756994
-0.007074217561568711,-0.008259876146031716
-0.009536966416883922,-0.01504523786700452
0.0010249467794585835,0.0011688151364528116
-0.008414086084917732,-0.004816915786959213
0.006040146529638226,-0.008281480894542993
0.020258359240552127,0.01435759182156131
-0.023907014609927633,-0.007845103051575429
-0.00035664655068179483,0.003083460853016145
-0.02184882657837564,0.02907747795090022
0.0001896563410754292,-0.005329083433728918
-0.007837339491893608,-0.004176066777999627
-0.0219442926482963,-0.051010569634224824
-0.016668896886756955,-0.014168743171308755
0.0025530528739560452,-0.01034981456163128
-0.028757063974546315,-0.015837851722772394
-0.017307360399587857,4.9942457229078306e-05
-0.01946267827821438,-0.030200402037794918
0.017889587454794357,0.014180154866011896
0.009098024483182254,0.006514673758447182
0.010091623720063215,0.0024738861882733936
-0.005462418360364817,0.0007845346122121686
-0.01697868681006426,-0.011406612618271163
-0.016437831745939126,-0.003115455160648517
-0.005942362791600789,-0.012823822973612972
0.007212132932437647,-0.0056365913641742114
-0.004569002719143236,-0.008684315231979071
-0.03082829718097315,-0.00397347588582416
0.006919372688032405,0.004877323818897691
-0.012170295034725581,0.00548004668495184
-0.02226233984859916,-0.027915664714769296
-0.027059631691125057,0.009978401315029058
-0.010541078968129872,-0.008803494426726411
-0.02610603964345943,-0.011007214996437132
-0.019667182074127706,-0.00043840257447977485
0.013840440538097163,-0.003476643982822384
-0.009559069111699877,-0.02414322464701263
0.013325845589117934,-0.005622151074428821
-0.011822701084426367,-0.0028918916245386007
-0.027344446245268533,0.003675750124079584
-0.02446139880653113,-0.03163640462484861
0.010474703790188484,0.017596994827493842
0.019335897629008336,-0.01192128932484554
-0.006500034538509502,0.00025421144948903677
0.011064862395154345,0.002292405799706852
0.0009878464669395258,-0.003908606854869983
-0.016342563958993934,-0.012154525366612596
0.007863791512459981,1.173379243685745e-05
-0.021927176264053997,-0.019930507960925322
-0.018150042935348762,0.010291188267316892
-0.005781957042695405,0.019254351449785417
-0.021149605227092475,-0.004967415970838465
0.0036472523000913985,0.02348558469520162
0.011553429912975378,0.004048560670478038
-0.0208768828818953,-0.0022970521626032568
-0.025945545597455596,-0.004855785237164587
-0.03149438011714393,-0.0011441135634470655
-0.02776799290161931,-0.0038386669624970826
0.0016911805563848237,-0.02558042217275522
-0.026520515217666248,-0.012336611408165943
-0.01060078953599234,-0.0031331634586603788
-0.004224901540570332,0.0198994006603985
0.0018509153442902906,0.007724327167802298
-0.007923548565220323,-0.031122757236739126
-0.005907245078195894,-0.004567207065588511
-0.02616812841587503,-0.02679450632473645
-0.013607921563989869,-0.010579471705554093
-0.019866028485406962,-0.0005553442567065114
-0.0064731021085512605,-0.012244660651913177
-0.0018197247831124857,0.012963312832769903
0.0036103924163898653,0.009455960809420532
-0.0059597921659774265,-0.009424511705863971
0.006343599575307147,0.022430336985179874
-0.025966284494718904,-0.012898348125579107
-0.0020774813002809064,-0.009305368282961109
-0.00014588534659282107,0.007316961454623521
-0.006146183452284176,0.00797703856145964
0.01905400019442371,0.008325327672354547
-0.003529456220333081,-0.01088261319893838
0.018396382313467557,0.011321960765508881
-0.006155988618318061,-0.014123064373653734
-0.007531327274999003,0.012508233891450225
-0.028961989379053272,-0.013760113334992987
0.007557858296174585,-0.003745786462777815
0.01083850029109238,-0.010038732223097317
-0.020967350909113287,-0.019313508363706888
0.013859682689206997,0.011519112812249648
0.007805066955067033,0.002242541980215857
-0.01166896116249354,-0.007513413981642395
-0.025049614955591548,-0.005867988325390986
-0.030380039572474413,-0.018939326233994313
-0.018347596690857795,-0.025801325419139542
-0.025697359829124283,-0.005418616036011608
-0.0021922421066592223,0.006088635140567373
0.03311309598783869,0.0015643467248539938
-0.009868397860965897,-0.0005929479532205769
0.009176512336649635,-0.006816636907891177
-0.008801208385139326,-0.004202323015618114
0.0025124306498323836,0.023789125765178585
-0.036058943333144446,0.006283672426648405
-0.01265483105635279,-0.0029960265965222176
0.002542116612797852,-0.0102188239889334
-0.017741542311310355,-0.01751790970883226
0.034933302165918334,-0.007098534990991623
-0.0011954377762407769,-0.019867180812877715
0.011223490828921538,-0.0007974084614874227
-0.019531462833854284,0.007971661866030358
0.025521667555422234,0.008903672396381374
-0.013561196266333477,0.009285619934248994
0.012073111561159153,0.02139652680060951
-0.003231186557238573,0.008799355091654916
-0.009266916664976024,0.003558066188662577
0.008298669487765331,0.006963729422400811
0.015958449634139376,0.01233775651101987
-0.009583825255168123,-0.005189418575693036
-0.01937139069700605,-0.00390551434403489
0.012865328017010774,0.008885310001603367
-0.009081756265776697,-0.010427241689351307
0.03422432988824898,0.018008488610039605
0.021220423316951783,0.04351262105786985
-0.00290305091805075,0.017590905956532003
0.011398515973812388,-0.011845628521882218
-0.010041153276965035,-0.006388201911582249
0.009261529379774624,0.00875577296105726
0.013471245102121669,0.016485964937083136
0.014150795337765051,-0.01871711546203203
0.006348480213351502,0.017171857330645707
-0.007769019676349771,-0.006383874589063304
0.025627984887052247,0.011145951068152577
0.0014684726775411755,-0.020925600763446295
0.006439375035575856,0.00359566301894241
-0.002115607433560934,0.016058613417200992
-0.014313441768147465,0.026310914039971125
0.0007616212129546419,-0.001104670963784085
-0.019475828766378486,-0.009359280237715945
-0.007573312561099513,-0.01119233611858336
0.011675707050570012,0.022261141765822876
-0.016440593889710316,0.010980955349854306
-0.011182915525811007,-0.002809646897660596
-0.02247339435357114,-0.016093275009145747
-0.022575622248494347,-0.007174083445162764
0.0015073556058241,0.010213639019782285
0.02489981639334252,0.013339764187564516
0.024709737163020655,0.020712270049618262
-0.03267682589278356,-0.0008015524602168819
-0.019842442548940714,-0.0037775967980472626
-0.003468691403811365,0.0017273096790142847
-0.009453842501788563,-0.008890596835717976
0.010704962227036013,-0.009256206425279164
-0.010009661627077138,0.003934254317710755
-0.0024004695183196673,-0.014901422187753227
0.023351337012415492,0.00933613452585264
0.013715690438854402,-0.008432737527998542
0.03603083587580523,0.0111515153729484
-0.0013493282018808743,-0.020843314539437167
0.0009817847423177093,0.0029298885688078444
0.004328050365558771,0.013029683436519331
-0.0030774872619882755,-0.013489595715024437
-0.009021067567988442,-0.013843739443401054
-0.017632177511744437,0.0016306630975648504
0.01740095506647926,0.006321160275002913
-0.02063533632405496,0.013019447214610581
-0.015413388733179274,0.0025418973696372093
-0.030142791363672778,-0.011570271895293947
0.0037699237192388366,-0.014691467847573175
0.010644014938055578,-0.007612436722424895
0.016006660194866282,0.0014721916613879738
0.018955471273907006,-0.008069986047211956
0.01269336263375426,-0.004161506511250015
0.0027500140348232886,0.009893861434041985
-0.01511654103503592,-0.004157659123266029
0.00436869644810995,0.006349047409327294
-0.00615301417996614,0.007970960470057298
0.012744026149556149,0.0036692568504707694
0.001594038235652884,-0.009466905705769208
-0.02086779326982535,-0.0077150188090366585
0.011212975995957773,0.02127949904673405
-0.0021074520723807348,-0.0006351418026834247
0.011990603459544884,-0.019884605742782786
-0.001821814835384713,-0.0016778086122258714
0.004271581212494985,0.007387343141868437
-0.035984367871679315,-0.016749168684961967
0.016580422037558135,-0.0006549019829199971
-0.02253885167332452,0.01536394937610198
-9.915924255450708e-05,-0.004218306305332308
-0.00346927265622214,-0.011670566708772253
0.017031141965764104,-0.00723517592373588
-0.010614475945787299,0.02311285922151111
0.008247180507605426,0.025569728535506053
-0.009650041903028586,-0.0008733966780499373
0.02348338213241896,0.01849776055221802
0.006476968238864156,-0.0038292554025635187
-0.0010340860010736909,0.00975046193298309
0.0065502888289968465,0.01689818094097966
-0.019181349286779684,-0.0026183363791700796
0.02658878782222592,0.014411106796178264
-7.930888485422527e-05,0.003239685677791827
-0.008577566289846789,-0.007216197389798341
-0.00885135603895343,0.014797777704209359
-0.015076367410683697,-0.014537260553022542
0.028776357361927084,-0.0029714947111805423
0.028360679407110734,0.0020532988460108884
-0.0026593580908294773,-0.002722526981743417
0.029502153668478238,0.016685226946197874
0.012061672565132615,-0.004107656059410022
-0.012384386051402517,-0.015249408952323178
-0.0036832173717991743,-0.009322114534895457
0.030924641864819934,0.009866663126274107
-0.020011441499239717,0.00866403390677466
0.0016411434936026124,0.005480199110443658
0.011404374373014049,0.01798013103605617
0.012715812180871026,-0.016273049166194518
-0.03909881473639514,0.003582039790095668
0.01420657696769358,0.007853749194182294
-0.0142783384185711,-0.009784992283133075
0.018471072044425885,-0.012970280003450177
-0.012780359252613784,0.02803025755777993
-0.007926052147577588,-0.008956620495317934
0.016735937331787864,0.013360895563679415
-0.022341129289660495,0.0023063223599208457
0.009329383339680145,-0.008484025750637511
0.02226401368334879,-0.016008499520786555
-0.01935795005549478,0.017048590677310394
0.00455469760275889,-0.0017889204788213422
-0.017706432956401372,-0.009652664700818749
-0.004928716980459234,-0.002047796466986821
0.016800298259548548,0.023235006825959678
-0.006080230999389118,0.007061345483422536
0.000695061164699867,0.009839155457334282
-0.02231511930837554,-0.016924601376216153
-0.013017939222174079,-0.003443078145196449
0.0014619588193717744,0.021086258200995002
-0.009971202457855915,-0.011337943343609111
0.014258551390734911,-0.013819668975223262
9.312227442539425e-05,-0.0007628586094258851
-0.01401014270736555,-0.01908418924438228
-0.005441248644263054,0.002581713626731716
0.0020315859174259744,-0.0016167195761265843
0.012744281951841449,-0.0010305466287965602
-0.010342955177019934,-0.017323785660062676
-0.025671387618535775,0.014735879211214192
0.0077116374909742165,0.0008714346242720219
-0.011228858588336693,0.003524960935162446
-0.0043553520366305725,-0.0022025825895559165
0.015313235176403577,0.011039781377039563
-0.00927412054957952,-0.018346949668390886
-0.005613376892434987,0.007306741810006081
-0.001731481865595512,-0.01219602309809392
-0.03206727845467564,-0.00774594632174688
0.03600357366424017,0.0017401460817030117
-0.011801108129409007,0.007564959387491566
-0.026660624204079827,-0.013000533138805953
-0.016056766759369106,0.004919211784839576
-0.004450144698957597,0.007671273692652546
0.0026378250454505902,-0.003950574608415877
0.02914017020223187,0.022064587142140754
0.01814846747528543,0.0062531245299280004
0.003912769444157371,-0.00914053835023183
-0.00638837543037559,-0.010702537370907423
-0.004282909114858137,0.01092936985480659
-0.025139663896299604,0.0066873121420771954
-0.018643113862901035,-0.016189325403603586
-0.025435437747223788,-0.015663505938024857
-0.023418918603439767,-0.01984290298905043
-0.005014025649514792,-0.0010140332870894944
-0.007373911697394694,-0.001297870954164293
-0.004455634181448747,-0.009204642134930887
-0.007177905684564785,-0.00397727920385764
0.005425358033273442,0.024519960433590456
-0.01665429583283696,-0.004937054823248293
-0.006825219990475638,0.015085185142301916
0.01171512627127177,0.004088970520001364
-0.0013782681504000223,0.003653356816808054
0.009318878948373424,0.01483742643333995
0.03957930405864532,0.010232031608372405
0.013273709404464295,-0.006530619828442965
-0.005968782708449076,0.01040000702701604
-0.014100927827662415,-0.0010544370106868538
-0.024323526138742158,-0.00932965636249843
0.004639757954956949,-0.006197113087917514
0.027172815423758125,0.009686450741880095
0.02028659083016254,0.046744748743010184
0.009845454857590771,0.02634764955280142
-0.04722612893434647,-0.026302844509645873
-0.004892329934102231,-0.0086444167306324
0.0017603996837168127,-0.006494450212594899
-0.0016359195217003379,0.02437502502105104
-0.00408551397474487,-0.02286223352176158
0.009548172016476808,-0.015979310287937587
-0.006283635939903937,-0.0164705101507395
0.006036725783292138,-0.023984521549473982
-0.0038266068970136333,-0.01029517315404361
-0.005196413544278564,0.00897279430631807
0.0004850482954568517,-0.012529858754053927
0.010064447341896515,0.023010278640035495
0.0055212597922340515,0.004120750832318834
0.020533404196788525,0.0076184014134908044
-0.022669342098802926,-0.01574930389984169
-0.007212259534600231,0.008939349852566949
0.0022420527699349084,-0.011164784013426375
0.017941295755629985,-0.006210723306162116
0.018788802479016112,0.017991754521095915
-0.021938876048061013,-0.0010356646866273905
0.02049873542338589,0.005900200647026831
0.010309163083702867,-0.008882262030315346
-0.003558733592956159,-0.004731425183777934
0.006402467326100791,0.00425326308085739
0.0018247059049207135,-0.005949693379545436
-0.004234425255908692,-0.00790827173749852
0.008376556868799605,0.00996851626638322
0.018882044704667374,0.006864729804217668
-0.005802617629162943,-0.013972071095146857
-0.010801167665071415,-0.0008848572997128155
-0.010627946289656099,4.081579037594498e-05
-0.006079639740839315,0.014014139763584723
0.00046224960767285943,0.018760024401266066
-0.0034617253399713637,0.012498226797265092
-0.0021097488575990172,0.013161914191638854
0.023886132771728737,-0.008499722294373083
-0.03568432459559726,-0.0149310994776868
-0.01571412721486515,-0.015879532752139568
0.0022372863024069335,0.006878474012854039
0.025863738416404786,0.017639630112580917
-0.020341911218121816,-0.017762057852411473
-0.0018326776504913212,0.009837049878066642
-0.008418717151748063,-0.01412728316083257
0.0012858621755753774,0.012310020070410653
0.005941592463674035,-0.009921471890067519
0.0018147255491484807,0.0007141915316588368
-0.009129110936934297,-0.011457930228773889
0.006164911424407318,0.017606175025906952
-0.005279745507599103,0.004877912786259679
0.013242631286783709,-0.004025808934739787
-0.014708462394260009,-0.0009212020960222481
-0.015068536806041187,0.016989912792614262
0.02074902609634205,0.012295167089328356
-0.004707111388644137,-0.022186095186127897
0.026101056354302443,0.021754135248992532
0.015121397367037635,0.01334880866594902
-0.00898528322782974,-0.004311335255119568
-0.010596383183950044,-0.003787550197274454
0.019880598434018164,0.004115313717400558
0.015344287757019423,0.008117145227113777
0.013672978873431349,0.0037331269843548
-0.03560808081842276,-0.023299400748948217
-0.005416084264948743,-0.005340368501801893
-0.01797655693999529,-0.013004730455670403
-0.020332070613841034,-0.0009127689761413146
0.024582144607043947,-0.001218651183785468
0.01011960725731998,0.00837791502019721
-0.0010959608717626287,-0.011421095676647258
-0.02297861986487016,-0.004686367418914394
0.011400338669288709,0.010875785213121155
-0.02331958849767184,-0.011797908091641338
0.04888337555681825,0.025150265486866732
0.007896890753860833,0.005374033890397789
0.008842381775815126,0.018827829146030636
0.020470657881764005,0.00011580792987859377
-0.00457687490931163,-0.006025951218118769
-0.004141724317706572,-0.01615046806092588
-0.033231992604068214,-0.011095011427301356
-0.014763308284334437,-0.019906465861270144
0.020517968024524706,-0.0008393795334951813
-0.035312977906810684,-0.010594628021407246
-0.0030998525674117965,0.0017384393871263005
-0.011871443206608906,-0.0020863049734958857
-0.0003106478134022933,0.011746831162553945
-0.0016328214332814298,0.019350235810838886
-0.014513833652794836,-0.008504130941634287
-0.0021664811614242525,-0.007275571820284559
0.001946834596954493,-0.00013350150909872393
0.008379005368094997,0.014217095353219737
-0.021953678731132454,-0.008296804232502612
0.017557358534761418,0.005217182167694095
-0.013142907482831225,-0.022897223196751776
-0.00854086189721486,-0.00039820316131096
-0.0005913888641856732,-0.02725413982527643
-0.0029089779839632144,0.00498656003350532
0.0004948996587046814,0.02107490511477604
0.0057137269986392005,-0.008503719540454414
0.013098531034144982,-0.017882504506417995
-0.012691575770434133,0.0014686239771751308
-0.0068628645759482585,-0.008402031810722752
-0.0024026683316199305,-0.005163653834734966
-0.003542715716442024,0.00944662731675699
-0.008320072414007017,-0.006723659009610856
0.003169312310952566,-0.0001324916367496404
0.008610225847117715,0.01158172759532633
-0.010849134747647324,0.0030903399545407165
0.013960659660137686,0.00269848818454381
-0.026329222981696782,-0.01617718240470867
0.030246043120842437,-0.001289810150768247
-0.005685347152760073,0.013413488533822113
0.005749758495242456,0.007470926053424481
-0.017061012766365666,-0.002257770912985106
0.010329027028074433,0.0006780027419404676
-0.028884736722946426,-0.02571695016460742
-0.02950928390999246,0.001878892971406644
-0.0214503266143486,0.008283819766238234
-0.002346267043528554,0.000572804810276169
-0.02257558305456133,-0.015488957701225981
-0.011112697014316856,0.01862343503941405
-0.0020173202827078697,0.017751591917030313
0.0013509518585321483,-0.013928725061178055
0.0034033581972270797,0.004155357269322708
-0.002382997109160623,-0.005437966121404632
-0.018805121172554805,-0.004478190584274014
0.0244285502863784,0.006375016273461102
0.003854702485149458,-0.005242078888926877
-0.006996544737399791,-0.000809289255296156
0.018847914980403245,0.013134743236476972
0.0039028819952274165,-0.006417695966757993
-0.002794221995689577,-0.00010605109506252215
0.006402039228145351,0.012938725694000617
-0.023227432154548068,-0.012330754262680101
0.013998914234599936,0.0035787140895047406
-0.00873013373768044,-0.003495639205850459
-0.010318747280420659,-0.002464948651259388
-0.0074705620547668725,0.007641742130910497
-0.00024427398460540625,0.01604320326914893
0.03359359196632423,0.00387449354428873
0.029737874273495436,0.019624060343161942
0.006748760949011046,-0.009119768128704468
0.003992839574940318,-0.013552753644654119
0.004141141343584196,-0.005851008336896617
-0.02777748603550272,-0.02669631635057224
-0.008477160997610221,-0.009323274478597052
0.016881754814208044,0.015018189612371932
-0.021198567002430047,-0.003538453218611398
0.017200515810319245,0.024152226554589862
-0.026007739131558124,-0.013175007164952584
-0.007956666214534459,0.002998003431924824
-0.04208022129804852,-0.016988619486042415
0.01480592222193482,-0.0007202387133733129
0.017802868708090697,0.014392742633041454
0.009245101564158762,0.003988401223153497
-0.015445364670047854,-0.02214579727467714
-0.019441910096939893,-0.019831144246131777
-0.002528926694563641,-0.01827602741819472
-0.04907074072883779,-0.019494426422632227
-0.00837411605832381,-0.007566984227176321
-0.002182356556551099,-0.027522087323008152
0.011594027675567997,0.0035673620464355743
0.009314812681415749,-0.005570096281869822
0.022614839613571455,0.003379800820304272
-0.012676964755996393,-0.02906807969588395
-0.005361224215398063,0.0002991199647623602
0.0037190090834526373,0.0076104397235024065
-0.007339840740940697,-0.007969941266068816
0.0063203893837555725,0.009500073711657899
0.0028055839520539426,-0.0019019614924332701
0.032502061405463176,0.03282729654501982
-0.014903054002419352,-0.012922999200959476
-0.012473492387154221,0.008100968857728213
-0.025722021309784574,-0.018330011647526605
-0.0006022360008903427,0.01971404208679386
-0.0018650622481732888,-0.00313173804257756
0.0006574885989732365,0.002566368476955265
0.005036872220557537,0.004499366445143213
0.0033415050144041092,0.00511107323695121
0.010435409025184379,0.0038674636387663166
-0.00773829192103248,-0.0015945094468637314
0.02342920298319103,0.015110705665186864
-0.032522200682356964,-0.018771533199805332
-0.008403271454818423,-0.02690295445275677
-0.006459398731131758,-0.010421860333192541
-0.006062757160386349,0.013701308554504353
-0.006076904271380506,-0.015721753541480175
0.016098992342728394,0.021826678595595103
-0.01018611748317394,-0.0010658948586471115
0.001955176310677155,-0.006148050713783766
-0.01579314205715947,-0.020309270835447413
0.005225398683391391,0.01125859065031909
-0.015237318092978867,-0.008371673248271328
0.02658952594081778,-0.011681579975209742
0.0025374419474273636,-0.007969579756539402
0.0049009106039789915,0.014376712498583124
-0.007826128846321225,0.0025589126964154405
0.006544664701505895,-0.008901282350368092
0.01440251437797494,0.012275146678066019
0.014254869588173291,0.003797420904585169
-0.027888993748048735,-0.013455053734783656
-0.019866857127908418,0.008184418854668196
-0.03179926061388085,0.0054080304719055445
-0.01684354991541255,-0.013783497375099143
-0.015610446234474001,0.006436915704470188
-0.0073878336384719506,0.0004445312637466839
0.012431280741156884,-0.004020719000125427
0.008132958634088331,-0.011629726767968428
-0.010169561825485044,-0.002078417505297559
-0.02449605689274802,-0.005952314049869525
0.00681364380766896,-0.02604112548673214
0.021314368387212318,-0.011459877399417258
-0.0024585996241612592,0.019265832493483636
-0.009604462316784846,-0.005284636129869031
-0.01160637833776046,0.0014976588726398924
-0.015659727675242877,-0.014679957842056241
-0.010888202347579203,0.014207832086938784
0.0029345684145838003,-0.015718971836921055
-0.0048627393847487255,-0.011711033003929167
0.00610462290350779,0.002294579963983051
-0.02009628762464072,-0.009198789296418753
-0.02722508696042054,-6.653829919263694e-05
-0.0035168043480082248,0.010892265312936866
0.0005085231744077972,-0.024692579374123065
-0.02748917088460184,0.0014459062551738856
-0.0008050303662658347,-0.018550932024115164
0.0006687758973207424,0.021451326190895206
0.00027008917206590216,0.0019847399504422302
-0.02426494008656215,-0.011990194233287954
0.018347471050374525,0.03893074426730996
-0.006815753382820674,-0.021208376939666405
-0.03543082969221849,-9.728282295642665e-05
0.0028979757925601864,0.0003123039860092984
-0.0025085940518619954,-0.014199579329565785
-0.025772858224144365,-0.011561590882852359
0.004797200804635824,0.006253303596166726
-0.0073177454188490774,-0.007929694608122808
0.017468350738009956,-0.005012921826135401
0.014462262555017721,0.017604421936889103
-0.011928602172497861,-0.009410055248279496
0.025899594319061595,0.011456103063429653
0.0010702940188308946,-0.007530050479222108
-0.023267899403721967,-0.0020429517624041354
-0.005374318840559341,-0.010228527718872272
0.02254121372645962,0.01043168578561751
0.005589517823973163,0.0021781173209562544
0.004740166874429075,0.0038599232660622793
0.006018886760110815,-0.002469172879408705
-0.011174388733334222,0.0005312171526502042
-0.015141345553496713,0.004649249545497303
-0.00426939155712997,-0.008482458869069906
0.018970134201581928,0.011147064588816358
0.007783954758135568,0.004166937599539304
-0.009103335689104325,-0.009586276746100037
0.002727986990528319,0.015540426467711425
0.019786061193621814,0.006311194822294776
0.0066389586685068796,-0.016166313263783403
-0.025126213481030193,-0.01696513473528078
-0.020156631520729825,0.0005419217416300188
0.00871623629390437,0.002579630262328512
-0.007858085044632312,-0.01518057936756813
-0.0008904864753703451,0.028884352255691435
0.033541016662006914,-0.008685302160364733
0.010484579232298705,0.007889638576307013
0.001633997936474547,-0.0021271726488322974
-0.0024926692060275716,0.008437633835461315
0.01710140120017884,0.0004066029113053093
-0.009082475358949042,-0.001386824225899621
0.007912984140843415,0.012443395618690088
-0.009248179587129918,-0.009961840694345274
0.012803332028412214,0.012178736084608403
-0.012358946900027552,-0.018690133318857983
-0.004483215872172536,-0.0013903357188813103
0.002225538927285221,-0.004969770461433008
-0.015773315683808513,-0.01208582491504645
0.012518014186266344,0.002331374078584274
0.003447439003259765,0.03222535344508052
0.016786354325893336,-0.017100368039601983
-0.014469770280313094,-0.016643314602331746
-0.013858920446720368,-0.016702876867971273
-0.0022401962351386775,0.01009619078955244
-0.0007895059271295908,-0.003094551559322229
-0.015205230256005517,0.00839684154594218
-0.023282901078042113,0.012027909367474464
-0.015211029776600864,-0.0003300373645103502
0.005567089464038443,-0.0034870545610146343
-0.0014320370080948164,0.01198350441803763
8.065180864955916e-05,-0.0037266781248061543
-0.016668273230625207,-0.0017460144240673558
-0.015357300744067347,-0.009071659566809474
-0.002540332069963574,-0.0029426013408058818
-0.01740064259839465,-0.012964778619676147
0.002802181741927528,0.001577016110718561
0.007832597317226006,-0.0026981850373864365
0.016372491254338536,0.019015398716324006
0.008850221554173315,0.016529251550839275
0.002103368321843385,0.0009937740961471944
0.013452211802604735,0.006855395546640355
-0.030188851907226408,-0.013916766758613114
-0.02109399408364955,-0.007824260681112905
-0.004844813427949999,-0.014353513595084931
0.01632767058015864,0.016909234936033555
0.027892673355420967,-0.005550275240760322
-0.015512214725708122,0.0028962674562831906
0.0011873733544800924,0.007628515482643354
-0.007202142734849233,-0.0002515039835545924
-0.015058001216460433,-0.0042382033801229325
-0.007885228014604274,-0.013089293743076377
0.02468012774268664,0.003026432752068822
-1.4853518185780208e-05,-0.0016507751930533762
0.005502925603007544,0.00623179716742587
-0.01471144872771253,-0.008793736450390548
-0.0173402423134331,-0.02260493455701123
0.002465199564345139,0.01957817451159203
-0.02738197736443373,0.003495091460933927
-0.011130696925653282,0.017832060619547684
-0.012024620146289727,-0.008576734376901629
-0.00497595557387024,0.00371257833260731
0.0031581041649220393,0.015797990539312346
0.02698579929830743,-0.00574386720274223
-0.012775927289667687,0.019519124496430788
0.02823762729966679,-0.012596736151891559
0.021322104528542617,-0.003215054820278044
-0.007111645202153224,0.008370848901921598
0.013607933923229412,0.012997926290214389
0.0051584721502013434,0.003509981698226091
-0.011543242374484211,-0.018625302210888664
-0.01594686422200511,0.005830436560738298
-0.016607873352012734,-0.006926632336325779
-0.002838630968289966,-0.0296546952637294
-0.011787414856463669,-0.019884709533567656
0.0015177837049675184,0.001953877384956132
0.018101190544653322,0.03247673914410129
0.0005721685438318848,0.013734922837816525
0.006985816703724526,-0.01636192557856954
0.011274231756562123,0.004322450823297904
0.02440202837060607,0.009463465642764275
0.004602416729730131,-0.003231894018156894
0.015350757469913438,-0.011442521391900523
-0.017519280643649538,-0.0030461903893169956
0.027562650000820563,0.008743823963472312
8.119674368001823e-05,0.008838044542340419
0.006781639798797812,0.009160034743488366
0.004326179889181349,0.0033613093602866905
-0.014094392101825977,-0.0008047212387734184
-0.016195888569979913,0.013331787809921298
0.005023293175757457,-0.006419603418431092
0.0012801368237464904,-0.0032380411284380715
0.01972401112605124,-0.006588377914569675
-0.01260836811239396,-0.003126366518685297
-0.002790435961436031,-0.01289453704534546
-0.0010728761893821525,-0.003661262180646729
0.002264143230783328,-0.0026923173605890765
-0.012952148827504723,0.0015442925166733077
