{
  "mode": "estimated_params",
  "seed": 0,
  "iters": 100,
  "T": 1.0,
  "dt": 0.003968253968253968,
  "a_max": 1.0,
  "cap_mode": "component_tanh",
  "r": 0.01,
  "x0": 1.0,
  "p0": 0.5,
  "z": 1.2,
  "Lambda": 1.0,
  "alpha_theta": 0.0003,
  "alpha_phi": 0.0001,
  "alpha_w": 0.01,
  "omega_update_every": 10,
  "critic_steps": 1,
  "advantage_norm_eps": 1e-08,
  "omega_ema_beta": 0.5,
  "g_p_dep": true,
  "actor_mix_tail": 0.3,
  "cov_scale": 0.1,
  "lr_step_every": 2000,
  "lr_gamma": 0.5,
  "policy_params": {
    "mu1": [
      0.9312505651871207,
      0.6064620480474845
    ],
    "mu2": [
      -0.0173081143942632,
      -0.0762868673912161
    ],
    "Sigma": [
      [
        0.04808589639775419,
        0.011134003115706625
      ],
      [
        0.011134003115706625,
        0.03179049140148018
      ]
    ],
    "lam1": 5.0,
    "lam2": 4.3198529579891725,
    "r": 0.01
  },
  "true_params": {
    "mu1": [
      0.25,
      0.18
    ],
    "mu2": [
      -0.73,
      -0.4
    ],
    "Sigma": [
      [
        0.0484,
        0.011879999999999998
      ],
      [
        0.011879999999999998,
        0.0324
      ]
    ],
    "lam1": 0.36,
    "lam2": 2.89,
    "r": 0.01
  },
  "filter_params": {
    "mu1": [
      0.9312505651871207,
      0.6064620480474845
    ],
    "mu2": [
      -0.0173081143942632,
      -0.0762868673912161
    ],
    "Sigma": [
      [
        0.04808589639775419,
        0.011134003115706625
      ],
      [
        0.011134003115706625,
        0.03179049140148018
      ]
    ],
    "lam1": 5.0,
    "lam2": 4.3198529579891725,
    "r": 0.01
  },
  "estimated_params": {
    "mu1": [
      0.9312505651871207,
      0.6064620480474845
    ],
    "mu2": [
      -0.0173081143942632,
      -0.0762868673912161
    ],
    "Sigma": [
      [
        0.04808589639775419,
        0.011134003115706625
      ],
      [
        0.011134003115706625,
        0.03179049140148018
      ]
    ],
    "lam1": 5.0,
    "lam2": 4.3198529579891725,
    "r": 0.01
  }
}