iter,train_mean_terminal,train_mean_utility,actor_loss,critic_loss,entropy,val_mean_terminal,val_std_terminal,val_mean_utility
0,1.1128274975344539,0.08569585182787876,-0.04643651098012924,0.003772794036194682,1.6746996641159058,1.1174305668100715,0.19582447269349115,0.09567017895438017
1,1.2186997635290027,0.1742662848985942,0.01680956408381462,0.0020376485772430897,1.6756513118743896,,,
2,1.2109385980293155,0.1644399550731261,-0.0010532992891967297,0.0017666388303041458,1.6835424900054932,,,
3,1.2306191194802523,0.17290745730782905,-0.033942386507987976,0.001755978912115097,1.6780130863189697,,,
4,1.1606731628999114,0.1206267171728383,-0.02429274097084999,0.0016001231269910932,1.6785335540771484,,,
5,1.14382856618613,0.10167323984058647,0.021295281127095222,0.0017596177058294415,1.6869984865188599,,,
6,1.1457797335460782,0.10356387935229971,-0.04709748551249504,0.0017841255757957697,1.6886231899261475,,,
7,1.2045435635372996,0.1648452202510781,0.015150431543588638,0.0016199239762499928,1.69048011302948,,,
8,1.1548796147108078,0.11343871560244195,0.00798487477004528,0.0018895852845162153,1.6880682706832886,,,
9,1.1223123436793685,0.08697772045660276,-0.0056609660387039185,0.0016854697605594993,1.6835267543792725,,,
10,1.1750107696279883,0.13310842081038293,-0.007496877573430538,0.0016938000917434692,1.6836588382720947,,,
11,1.1353304954245687,0.10505405541536082,-0.01898401416838169,0.0018325347919017076,1.682138204574585,,,
12,1.1578810894861817,0.11552020317560374,0.02167944610118866,0.0018624148797243834,1.6768158674240112,,,
13,1.205662563443184,0.15640475818336844,0.0034477240405976772,0.001748794806189835,1.6651021242141724,,,
14,1.1623756866902113,0.12295575942771567,0.009625203907489777,0.0016510409768670797,1.6732207536697388,,,
15,1.1043028375133872,0.07129031902964143,0.012562034651637077,0.0017915843054652214,1.6655958890914917,,,
16,1.1375077720731497,0.10751717688728354,-0.007207799702882767,0.0017888760194182396,1.6657559871673584,,,
17,1.1637486014515162,0.12153058809110372,-0.0011774790473282337,0.0018909546779468656,1.6585290431976318,,,
18,1.1661837790161371,0.13137278008935582,-0.026584893465042114,0.0018291284795850515,1.663707971572876,,,
19,1.131569298915565,0.10398363842936945,-0.0404842235147953,0.001543528283946216,1.668821096420288,,,
20,1.1608171667903662,0.12785069160319956,-0.008211540058255196,0.0015368257882073522,1.6687967777252197,,,
21,1.1548557775095105,0.11433423384459408,0.013313681818544865,0.0017659540753811598,1.6690272092819214,,,
22,1.0773323131725192,0.047766291555444984,-0.014939259737730026,0.0016929364064708352,1.671859860420227,,,
23,1.1556969592347741,0.11282891545306378,0.011909976601600647,0.0017493566265329719,1.6718920469284058,,,
24,1.166669337078929,0.12442538632081657,0.007180370856076479,0.0016216501826420426,1.6757794618606567,1.1209611343219876,0.20153346138415926,0.09801790237619668
25,1.1947820205241442,0.15086644846325514,-0.004213212989270687,0.0017470180755481124,1.6789084672927856,,,
26,1.1805477179586887,0.13212587405000026,-0.010152442380785942,0.0019170824671164155,1.6706582307815552,,,
27,1.1708731818944216,0.1228139625482074,0.01431986317038536,0.0019818053115159273,1.6684229373931885,,,
28,1.2617787830531597,0.19855370354594745,0.01166081614792347,0.0020794493611902,1.6693114042282104,,,
29,1.1886872062459588,0.14452951817754237,-0.019984159618616104,0.0019359280122444034,1.6706068515777588,,,
30,1.184196999296546,0.13949771624296164,0.0013675633817911148,0.001781838946044445,1.669948697090149,,,
31,1.1147123062983155,0.08618158547238967,-0.0018801242113113403,0.0018595752771943808,1.671423077583313,,,
32,1.1331924637779593,0.0942959419053298,-0.01650780811905861,0.0018814291106536984,1.6682966947555542,,,
33,1.182860966771841,0.13413269814716444,-0.008182140067219734,0.0018539337906986475,1.6707055568695068,,,
34,1.1814975962042809,0.13945770582800016,0.012158503755927086,0.0018567860824987292,1.6692124605178833,,,
35,1.1288591008633375,0.08652505527667007,-0.01886417530477047,0.001816825126297772,1.6709139347076416,,,
36,1.181294216774404,0.1352775678686454,-0.00710789579898119,0.0018942987080663443,1.6692867279052734,,,
37,1.1640103552490473,0.12405465457661602,-0.01001535914838314,0.0017206481425091624,1.6577509641647339,,,
38,1.1797129064798355,0.13755131033537304,-0.0011218658182770014,0.002083142753690481,1.6607396602630615,,,
39,1.1775848921388388,0.14155173708392055,0.008871159516274929,0.0018663164228200912,1.6597254276275635,,,
40,1.1693308930844069,0.12124091051156484,0.03204898163676262,0.0019453915301710367,1.659954309463501,,,
41,1.1561651956290007,0.1091875345691892,-0.06651322543621063,0.0020103640854358673,1.6718404293060303,,,
42,1.156003462150693,0.11548433658236179,0.002078274730592966,0.0019386155763641,1.6761091947555542,,,
43,1.1499902503564954,0.12239229005156968,-0.008706052787601948,0.0016889579128473997,1.6660807132720947,,,
44,1.207395157776773,0.14499019853864759,-0.016204416751861572,0.0017500340472906828,1.6554967164993286,,,
45,1.2251102812588215,0.16895376597029907,-0.006373431533575058,0.0018814376089721918,1.6535605192184448,,,
46,1.2178997173905373,0.17170883512739865,0.007440267596393824,0.0017728576203808188,1.6466312408447266,,,
47,1.1596338609233499,0.11616969144123167,-0.02106310799717903,0.001956086838617921,1.647821307182312,,,
48,1.2066217781975865,0.15586399630858183,-0.02493981458246708,0.0018592133419588208,1.6584817171096802,,,
49,1.1391846537590027,0.11036516530954413,-0.016339795663952827,0.0018003297736868262,1.6642416715621948,1.1207048296928406,0.2005941080695443,0.09794140689122327
50,1.1633735382929444,0.10677440328198567,0.009690508246421814,0.00175317726098001,1.6644021272659302,,,
51,1.1819147802889347,0.14150302673315393,-0.01797727309167385,0.0019745989702641964,1.673940658569336,,,
52,1.207509490661323,0.16408547141183713,-0.0035667759366333485,0.0019210076425224543,1.671523928642273,,,
53,1.1497246632352471,0.11396113669312638,0.002267790026962757,0.0021060106810182333,1.6710816621780396,,,
54,1.188057167455554,0.14296496604731718,0.033964186906814575,0.001832075184211135,1.673690915107727,,,
55,1.1459070993587375,0.10613211064114798,0.011474139988422394,0.0019433980342000723,1.6679869890213013,,,
56,1.222570901736617,0.15590461978609277,-0.033577803522348404,0.0018626099918037653,1.665401577949524,,,
57,1.101433428004384,0.06531423096778355,-0.040009502321481705,0.0020917372312396765,1.6683675050735474,,,
58,1.0852719601243734,0.054938725734153315,-0.003450769931077957,0.002183302538469434,1.667852520942688,,,
59,1.1690540062263608,0.12696736804281766,0.03838735446333885,0.0018198841717094183,1.672677755355835,,,
60,1.236175011843443,0.18465153774350065,0.06423677504062653,0.0017873452743515372,1.6727750301361084,,,
61,1.1550315227359533,0.1158328920709935,0.013369861990213394,0.001892020576633513,1.6854326725006104,,,
62,1.1942270286381245,0.15298632251640165,0.023996759206056595,0.0020211604423820972,1.6799391508102417,,,
63,1.1798996925354004,0.13153501672314938,-0.023236053064465523,0.0017848557326942682,1.6773244142532349,,,
64,1.2199221011251211,0.16796096993258686,0.0010850275866687298,0.0018394781509414315,1.6679476499557495,,,
65,1.1576225040480494,0.11357013770975663,-0.013804190792143345,0.001722128363326192,1.6683396100997925,,,
66,1.1477175327017903,0.10624982613867007,0.003978341817855835,0.0019438810413703322,1.6686475276947021,,,
67,1.1650651162490249,0.129711410694419,0.014654290862381458,0.0020375472959131002,1.66768479347229,,,
68,1.228729517199099,0.1768056622923229,0.006826750002801418,0.0018980224849656224,1.6601293087005615,,,
69,1.132692378014326,0.09278553581030131,-0.02876623347401619,0.001982749905437231,1.666719675064087,,,
70,1.1490618661046028,0.10285197443744576,-0.0533694364130497,0.0017320086481049657,1.6565934419631958,,,
71,1.1854485962539911,0.14063353895341502,0.0169382207095623,0.001922480994835496,1.6559962034225464,,,
72,1.1748480424284935,0.1297579008123263,-0.00275238323956728,0.0018775553908199072,1.6578797101974487,,,
73,1.143992087803781,0.09961419206000192,0.02910570427775383,0.0020101331174373627,1.661215901374817,,,
74,1.1677749939262867,0.11790581288112023,-8.400855585932732e-05,0.0019133107271045446,1.6699410676956177,1.1228215396404266,0.20079012041238256,0.09993865135276969
75,1.1927406685426831,0.14791028214606322,-0.0050732893869280815,0.002046155510470271,1.6790436506271362,,,
76,1.1937330812215805,0.1556694441803328,0.04223828762769699,0.001799757475964725,1.6779996156692505,,,
77,1.1155274165794253,0.08201185155673857,-0.015404501929879189,0.001813380396924913,1.6780412197113037,,,
78,1.1545588970184326,0.11973648263407238,-0.011553420685231686,0.001687496667727828,1.6711997985839844,,,
79,1.1937906872481108,0.14421235536668908,0.016128966584801674,0.0019486530218273401,1.66515052318573,,,
80,1.2407202329486609,0.19198889766306512,-0.004885093308985233,0.0017824482638388872,1.666237711906433,,,
81,1.2319309236481786,0.17620769710419504,-0.026752067729830742,0.0018937478307634592,1.6624621152877808,,,
82,1.11152374278754,0.0719136446934493,-0.020574958994984627,0.0018204913940280676,1.668056607246399,,,
83,1.1924179950729012,0.14730003638435837,0.013959299772977829,0.002004323061555624,1.6746290922164917,,,
84,1.2268562680110335,0.17414678305332015,-0.018883779644966125,0.0019510609563440084,1.6679688692092896,,,
85,1.1448638010770082,0.09661038673342731,0.018085824325680733,0.002005345653742552,1.657766580581665,,,
86,1.2213519671931863,0.1779069622613237,-0.005196668207645416,0.0018702978268265724,1.6590670347213745,,,
87,1.1951907072216272,0.14081466182571245,0.0037018656730651855,0.0016455393051728606,1.6598244905471802,,,
88,1.1182925831526518,0.0834416093414822,-0.006960439495742321,0.001839149510487914,1.6652640104293823,,,
89,1.1690812893211842,0.12737332228352194,0.014163742773234844,0.0017930964240804315,1.6757867336273193,,,
90,1.141643819399178,0.10211974410279659,-0.03777993470430374,0.0019291844218969345,1.6798532009124756,,,
91,1.2660186979919672,0.21036384241773595,-0.002705786842852831,0.0018176493467763066,1.6794565916061401,,,
92,1.1673028208315372,0.12755602170165975,-0.042476680129766464,0.001786826178431511,1.682357668876648,,,
93,1.2009035060182214,0.1590452743320827,0.00017968472093343735,0.0016998890787363052,1.680480718612671,,,
94,1.2317668329924345,0.1867329613352574,-0.0019236314110457897,0.0016527032712474465,1.678924798965454,,,
95,1.1157566104084253,0.08653147250390407,-0.004730143118649721,0.0017306354129686952,1.682155728340149,,,
96,1.2485134592279792,0.1853374787549132,0.023074164986610413,0.0017880942905321717,1.678075909614563,,,
97,1.2090120976790786,0.15541492994698491,0.019544988870620728,0.0018694148166105151,1.6764887571334839,,,
98,1.1632524756714702,0.11145928885706802,-0.05814752355217934,0.0020567497704178095,1.6728038787841797,,,
99,1.1478616492822766,0.10695742724504259,-0.02701149508357048,0.0019915972370654345,1.6762372255325317,1.128078954294324,0.20852809413802526,0.10358274651501422
100,1.1776164704933763,0.13155913501374547,-0.026583688333630562,0.0020479809027165174,1.6781407594680786,,,
101,1.1337455455213785,0.09603004250695121,-0.011590546928346157,0.0019082309445366263,1.6764906644821167,,,
102,1.1787006361410022,0.14052374125015663,-0.013228803873062134,0.0017944546416401863,1.6673142910003662,,,
103,1.1866142014041543,0.13517180141140894,-0.008075731806457043,0.0018222613725811243,1.6581765413284302,,,
104,1.166133051738143,0.11270054814033113,-0.006940007209777832,0.001992422854527831,1.6603974103927612,,,
105,1.1898644883185625,0.12724869986060983,-0.008416693657636642,0.0020748109091073275,1.6475694179534912,,,
106,1.1696767918765545,0.12735961763911774,-0.018580425530672073,0.0020797650795429945,1.6425549983978271,,,
107,1.1868063434958458,0.13960690505892848,-0.012873290106654167,0.001947868848219514,1.6324061155319214,,,
108,1.143278638832271,0.10255815769761539,0.010489837266504765,0.0019190217135474086,1.6285723447799683,,,
109,1.2117980467155576,0.16417988394848199,0.013945195823907852,0.0019024783978238702,1.6254442930221558,,,
110,1.1821370096877217,0.13777859084417698,-0.017504677176475525,0.0017881967360153794,1.6209566593170166,,,
111,1.1826763600111008,0.14312015812952625,-0.021679289638996124,0.0019374515395611525,1.6225392818450928,,,
112,1.210835101082921,0.17097195630114748,0.012836676090955734,0.0018138177692890167,1.6241053342819214,,,
113,1.1985945850610733,0.1517342418369793,0.010940930806100368,0.0017329665133729577,1.6233309507369995,,,
114,1.133851608261466,0.09436402033922658,-0.01089509204030037,0.0017075227806344628,1.614727258682251,,,
115,1.1708803940564394,0.12455790696148697,-0.030362427234649658,0.001787738874554634,1.6115801334381104,,,
116,1.1820033453404903,0.1391654122105312,-0.036549147218465805,0.0019528277916833758,1.5998247861862183,,,
117,1.1628441670909524,0.11305694674582362,0.0032621691934764385,0.002014551777392626,1.600887417793274,,,
118,1.1862295400351286,0.14015290692276672,0.05938374251127243,0.001723477616906166,1.600424885749817,,,
119,1.211873659864068,0.16653729945797574,0.03393083065748215,0.001810445566661656,1.5912705659866333,,,
120,1.1857679840177298,0.14146515809514618,0.029422489926218987,0.002060137689113617,1.5993225574493408,,,
121,1.1336893495172262,0.09479144276771992,-0.03583458811044693,0.001856821938417852,1.5934640169143677,,,
122,1.2016398683190346,0.1559558761758949,-0.011788250878453255,0.002106319647282362,1.5885049104690552,,,
123,1.1654252484440804,0.12067928474234171,0.020820531994104385,0.0021675594616681337,1.5793596506118774,,,
124,1.2276694253087044,0.17627247678632232,-0.01398385688662529,0.0018536613788455725,1.5751159191131592,1.1313624707981944,0.2121098048848605,0.10602690092408938
125,1.1338639603927732,0.08723078810571128,-0.0026824718806892633,0.0018441133433952928,1.5678825378417969,,,
126,1.1768539631739259,0.13066259477627082,-0.01574350893497467,0.0018698291387408972,1.572672963142395,,,
127,1.1643934678286314,0.11442186241395613,0.02055920474231243,0.001881122007034719,1.5693758726119995,,,
128,1.1915296083316207,0.13878208229276123,-0.024227865040302277,0.002035729121416807,1.5615407228469849,,,
129,1.1200841162353754,0.0849790146130312,0.020484108477830887,0.001962642651051283,1.556705355644226,,,
130,1.2396788336336613,0.17598952834647769,-0.04852854460477829,0.001953262835741043,1.5518969297409058,,,
131,1.1253404542803764,0.0908509205357124,-0.0075720809400081635,0.0018738640937954187,1.5486239194869995,,,
132,1.1719542685896158,0.12563646844898968,0.021450912579894066,0.001946582575328648,1.5542793273925781,,,
133,1.1455175746232271,0.10184478507721959,-0.00745246559381485,0.0019471014384180307,1.5524126291275024,,,
134,1.1953662429004908,0.1460732777571993,0.021319638937711716,0.002008677925914526,1.5456026792526245,,,
135,1.1972815115004778,0.145381542302225,-0.04512457922101021,0.00199171993881464,1.5450165271759033,,,
136,1.1697427155449986,0.12408538583026466,0.02887442708015442,0.002084918785840273,1.5493919849395752,,,
137,1.2186045767739415,0.15974100444462816,0.00462567713111639,0.002093177055940032,1.550777554512024,,,
138,1.2059288658201694,0.1544421338094018,0.003645629156380892,0.0020122022833675146,1.5566710233688354,,,
139,1.1909687146544456,0.14510162427784876,-0.005502399988472462,0.0019103599479421973,1.5637409687042236,,,
140,1.2251578215509653,0.17249837189927295,-0.013902776874601841,0.001831441419199109,1.5589426755905151,,,
141,1.2010086569935083,0.15536273582244364,0.0014340844936668873,0.0019898065365850925,1.5565910339355469,,,
142,1.2021962078288198,0.1618136542424252,-0.029852494597434998,0.0018656866159290075,1.5412813425064087,,,
143,1.1887367106974125,0.13816411536895704,-0.03630303218960762,0.0018966151401400566,1.5399105548858643,,,
144,1.2571682156994939,0.1984176835432882,0.015311820432543755,0.0018050186336040497,1.5361651182174683,,,
145,1.1402515219524503,0.09872311991009028,-0.0014019017107784748,0.0020159997511655092,1.53663170337677,,,
146,1.1456005359068513,0.10250708145196413,0.02634018287062645,0.0017945477738976479,1.5373903512954712,,,
147,1.2054502433165908,0.15201519367887098,-0.02996036969125271,0.0017952437046915293,1.541613221168518,,,
148,1.202673252671957,0.1574004400763028,-0.047905925661325455,0.0018896730616688728,1.5448086261749268,,,
149,1.1914174677804112,0.14042152211384762,-0.019482534378767014,0.0018076401902362704,1.549026608467102,1.1269354587420821,0.20155626655068073,0.10372669661030433
150,1.1060483660548925,0.07533513296307931,0.006518231239169836,0.0017879363149404526,1.547430157661438,,,
151,1.1680586095899343,0.12151460465985833,0.02432474121451378,0.001941660768352449,1.5614157915115356,,,
152,1.1325040804222226,0.09094722098388486,-0.0032578427344560623,0.0019425778882578015,1.5583618879318237,,,
153,1.186609085649252,0.13594962033497665,0.014316029846668243,0.00168742670211941,1.5561426877975464,,,
154,1.1990913040935993,0.1571648201983158,0.007349215913563967,0.0020491392351686954,1.5554827451705933,,,
155,1.150863841176033,0.11425194326878736,0.018193131312727928,0.0019462464842945337,1.5516351461410522,,,
156,1.2071157712489367,0.15527122091377865,-0.018453074619174004,0.0019252212950959802,1.5445586442947388,,,
157,1.2011429267004132,0.14993404115771833,0.011854435317218304,0.0017625173786655068,1.5455797910690308,,,
158,1.1820237524807453,0.13371942998368752,-0.019552135840058327,0.001683308626525104,1.5454005002975464,,,
159,1.1840413371101022,0.1398186836484397,-0.021659106016159058,0.0019729940686374903,1.5519925355911255,,,
160,1.2186629930511117,0.1650866029704346,-0.039903394877910614,0.0019012590637430549,1.559295654296875,,,
161,1.2026030840352178,0.15712263237695345,-0.01047792099416256,0.0019746150355786085,1.5502674579620361,,,
162,1.1746670957654715,0.13444293112131156,-0.036439765244722366,0.0018871972570195794,1.5520330667495728,,,
163,1.1739234467968345,0.128478305604502,-0.03377687186002731,0.0017203380120918155,1.5503178834915161,,,
164,1.1512589529156685,0.12066171918610219,-0.04548390582203865,0.0016723762964829803,1.5630358457565308,,,
165,1.229462361894548,0.17741906531913154,-0.014245436526834965,0.0017505418509244919,1.56659996509552,,,
166,1.142099168151617,0.10564952520409879,-0.014410771429538727,0.0017310709226876497,1.5678130388259888,,,
167,1.2046345928683877,0.15495514068614819,-0.01565256528556347,0.001953669125214219,1.5664138793945312,,,
168,1.2153544062748551,0.17407920815112196,0.01634741760790348,0.0018155204597860575,1.567083477973938,,,
169,1.14600083604455,0.10436744895678379,0.004905075766146183,0.001807224820367992,1.5501233339309692,,,
170,1.164869787171483,0.11873834350637343,-0.024361323565244675,0.0018780188402161002,1.539496660232544,,,
171,1.1733865840360522,0.1319588487080028,-0.019534975290298462,0.0016013240674510598,1.5394726991653442,,,
172,1.0977361435070634,0.0703790925105522,0.015345445834100246,0.0017422913806512952,1.548829436302185,,,
173,1.186772565357387,0.15118229578120995,-0.011709120124578476,0.0018075515981763601,1.5547410249710083,,,
174,1.1667965846136212,0.13084697587045246,0.003387295175343752,0.0016181479441002011,1.5346585512161255,1.1246860846877098,0.19750922025967557,0.10239324628775756
175,1.2115381145849824,0.15845035916052264,-0.0448630154132843,0.0015894288662821054,1.5258572101593018,,,
176,1.1474457094445825,0.11588151575979332,-0.0402841754257679,0.0016047927783802152,1.5174769163131714,,,
177,1.1376927588135004,0.10002155811763862,-0.008727343752980232,0.001622463227249682,1.5139714479446411,,,
178,1.1979577960446477,0.1594658168420408,-0.025176119059324265,0.0015392294153571129,1.5103671550750732,,,
179,1.1479458771646023,0.11056995247271204,0.006730908062309027,0.0016998874489217997,1.5083587169647217,,,
180,1.2075529042631388,0.15865842529822538,-0.005675215274095535,0.0019809736404567957,1.4943979978561401,,,
181,1.2153986934572458,0.1656915518388059,-0.0006703000981360674,0.001680661691352725,1.4924927949905396,,,
182,1.1629333114251494,0.12091527020470023,0.004678794182837009,0.001899421215057373,1.5010535717010498,,,
183,1.185026552528143,0.14693146738511018,0.014396240934729576,0.0017202660674229264,1.502671480178833,,,
184,1.1887705670669675,0.142210172717116,-0.036185286939144135,0.0016582633834332228,1.5042227506637573,,,
185,1.187225479632616,0.14583893863086173,-0.022949036210775375,0.0016973369056358933,1.4912470579147339,,,
186,1.159091125242412,0.12367150356611065,-0.007871168665587902,0.0016067541437223554,1.4833972454071045,,,
187,1.220256669446826,0.16434082049323173,0.01089886948466301,0.0017996744718402624,1.4815787076950073,,,
188,1.1132413502782583,0.0781414142329987,-0.019888412207365036,0.0017128100153058767,1.48344886302948,,,
189,1.1840620515868068,0.13955809793170554,0.009297949261963367,0.0016717144753783941,1.4829246997833252,,,
190,1.2134840674698353,0.16925606171321475,-0.0021986751817166805,0.0016774007817730308,1.4782811403274536,,,
191,1.1735018333420157,0.1400037048262621,-0.014017514884471893,0.001601681113243103,1.4727095365524292,,,
192,1.2526447474956512,0.19038635897708978,-0.045059796422719955,0.0015913593815639615,1.4703119993209839,,,
193,1.140611132606864,0.1142818299569878,0.020618360489606857,0.0015137188602238894,1.4657899141311646,,,
194,1.1848547235131264,0.13258728776635614,0.001003884244710207,0.001662966562435031,1.4669989347457886,,,
195,1.154562471434474,0.125410790205579,-0.023477734997868538,0.0018103617476299405,1.4676259756088257,,,
196,1.1464556446298957,0.11187095846607872,-0.011582523584365845,0.0016641765832901,1.4635899066925049,,,
197,1.1847760761156678,0.14960511931944415,-0.025044035166502,0.0016545659163966775,1.4633961915969849,,,
198,1.2146243881434202,0.16810121209124979,-0.04968970641493797,0.001682715374045074,1.4642860889434814,,,
199,1.1773021966218948,0.14192493837262898,0.006196393631398678,0.0015971626853570342,1.457515835762024,1.1250614449381828,0.19866537724509933,0.10255033672952968
200,1.2101182723417878,0.15941684231399006,-0.01304670237004757,0.0015898669371381402,1.4429657459259033,,,
201,1.1448130086064339,0.10089348204190038,0.0299503356218338,0.001831226283684373,1.4388352632522583,,,
202,1.252988463267684,0.20215130509367574,-0.015518028289079666,0.00172640650998801,1.435724139213562,,,
203,1.213030674494803,0.16639977696926425,-0.024901147931814194,0.0016078837215900421,1.4300601482391357,,,
204,1.1673203306272626,0.12344987283912626,-0.019048629328608513,0.0017033355543389916,1.4207152128219604,,,
205,1.1551658352836967,0.10745698677339692,-0.010700883343815804,0.0019000513711944222,1.41346275806427,,,
206,1.1726531656458974,0.13156016986487926,-0.017826266586780548,0.0016735518584027886,1.400630235671997,,,
207,1.199751714244485,0.1533520584280178,-0.0323280468583107,0.0016358202556148171,1.3854073286056519,,,
208,1.1299318056553602,0.09510894133785405,-0.00802471861243248,0.0016587406862527132,1.3816527128219604,,,
209,1.1731383921578526,0.13427616061594977,-0.038826875388622284,0.0017904563574120402,1.3827513456344604,,,
210,1.1288902526721358,0.08880040924296347,-0.05012901872396469,0.0017946691950783134,1.377456545829773,,,
211,1.1687519121915102,0.13008252368558848,-0.0123126320540905,0.0017655135598033667,1.3732483386993408,,,
212,1.1568223889917135,0.11833406709420483,0.03952288627624512,0.0017066393047571182,1.371755599975586,,,
213,1.158842472359538,0.1272177474318558,0.004793296568095684,0.001704766764305532,1.3677347898483276,,,
214,1.1767494035884738,0.13445135574383252,0.007089109625667334,0.0019181162351742387,1.3717873096466064,,,
215,1.1882902598008513,0.14380096264789644,-0.04130180552601814,0.0016714207595214248,1.3741874694824219,,,
216,1.243986977264285,0.18143389316679065,0.01053580641746521,0.0017722464399412274,1.3740311861038208,,,
217,1.1550707183778286,0.10621913792373207,0.03942275419831276,0.0015698389615863562,1.3741309642791748,,,
218,1.1386496871709824,0.10255764474308096,-0.02113020420074463,0.0017746685771271586,1.3651554584503174,,,
219,1.1162182502448559,0.08367634784152164,-0.03494280204176903,0.0017391733126714826,1.3529082536697388,,,
220,1.2003123965114355,0.14871639323412375,-0.02598627656698227,0.0018935505067929626,1.3453599214553833,,,
221,1.1470196675509214,0.11377529519491743,-0.006085778586566448,0.0016343101160600781,1.3348101377487183,,,
222,1.1729481238871813,0.13198908915489901,-0.006814002059400082,0.001720807864330709,1.338120698928833,,,
223,1.1916712848469615,0.15130442690101875,-0.039603423327207565,0.001623996184207499,1.3419086933135986,,,
224,1.1607617940753698,0.1228532894536929,-0.01573893427848816,0.0016384376212954521,1.3358649015426636,1.1254983088001609,0.19804973408821724,0.1032743144702434
225,1.201990470290184,0.1634618960083068,-0.03792199492454529,0.0017250683158636093,1.3332594633102417,,,
226,1.1238838285207748,0.09428343009453605,-0.0006473856046795845,0.0015313556650653481,1.3356608152389526,,,
227,1.128999263048172,0.10058867414695682,0.021662939339876175,0.001618924317881465,1.336807131767273,,,
228,1.1442673848941922,0.11017258897506649,0.011105744168162346,0.0015875237295404077,1.3380204439163208,,,
229,1.1225630538538098,0.08281124465711104,-0.008434235118329525,0.001691279117949307,1.3373852968215942,,,
230,1.133155849762261,0.0958519585009367,0.013963568024337292,0.0016944577218964696,1.3296650648117065,,,
231,1.1709456965327263,0.1328959450315832,-0.014128034003078938,0.001646130927838385,1.3280504941940308,,,
232,1.1956925671547651,0.14736384315859608,-0.0038763100747019053,0.0014953500358387828,1.3279372453689575,,,
233,1.130451344884932,0.10450074338030743,-0.028058022260665894,0.0016317168483510613,1.3299883604049683,,,
234,1.1814285377040505,0.13497117898720326,0.013382437638938427,0.0016658029053360224,1.3297470808029175,,,
235,1.128292360343039,0.09625799805997401,-0.014619420282542706,0.001790905138477683,1.3331929445266724,,,
236,1.1508243707939982,0.12078267686690514,0.016905054450035095,0.0016034316504374146,1.3331266641616821,,,
237,1.1377466823905706,0.10675266246997892,0.006162778474390507,0.0015329234302043915,1.331877589225769,,,
238,1.178587432950735,0.14169680641577345,0.001156829297542572,0.0015173781430348754,1.3314954042434692,,,
239,1.102323841303587,0.06969090604275537,-0.0015458138659596443,0.0016651233891025186,1.3330804109573364,,,
240,1.1743445312604308,0.1274782163165682,-0.028380483388900757,0.0017705196514725685,1.3431891202926636,,,
241,1.161288507282734,0.12975303486058837,-0.008033903315663338,0.00152048550080508,1.3434656858444214,,,
242,1.1952542513608932,0.15475164910874373,0.00035255495458841324,0.0016124147223308682,1.3409479856491089,,,
243,1.1987592000514269,0.14982506885695412,0.009455164894461632,0.0016948293196037412,1.3398120403289795,,,
244,1.1547269597649574,0.11915751740252224,0.007994294166564941,0.0015563092892989516,1.3374030590057373,,,
245,1.1187716675922275,0.09007113549250154,0.00987086072564125,0.001647953991778195,1.3303548097610474,,,
246,1.1672158110886812,0.12422943560720046,-0.004026950802654028,0.0016064922092482448,1.3373024463653564,,,
247,1.1757701858878136,0.145624066840709,-0.03359180688858032,0.0016219309763982892,1.3371621370315552,,,
248,1.1536614578217268,0.1198468682441144,0.008788670413196087,0.0017189880600199103,1.3426532745361328,,,
249,1.1630429290235043,0.13030064842083744,0.003696998581290245,0.0016898653702810407,1.3453561067581177,1.123439535498619,0.19512496694745174,0.10167339351909155
250,1.1588940788060427,0.1235815317093478,-0.010656861588358879,0.0015627490356564522,1.3477389812469482,,,
251,1.2240720009431243,0.17157947352378544,-0.017538029700517654,0.001542822108604014,1.344334363937378,,,
252,1.1855123871937394,0.14449130099924984,0.013195262290537357,0.0016644959105178714,1.349992036819458,,,
253,1.1571294832974672,0.11996418445712187,-0.00290401978418231,0.001724360277876258,1.3463059663772583,,,
254,1.0959322014823556,0.06552534433473554,0.0364607498049736,0.001665094867348671,1.3358896970748901,,,
255,1.2050990397110581,0.1644733035472661,0.02671147882938385,0.0014419901417568326,1.3399531841278076,,,
256,1.1998161422088742,0.14961716566760613,0.0290229395031929,0.0018165723886340857,1.3325061798095703,,,
257,1.1970401722937822,0.1511591676944344,-0.026962850242853165,0.0016153192846104503,1.3204671144485474,,,
258,1.150695238262415,0.1139398092146171,-0.03584124520421028,0.00169090845156461,1.3186951875686646,,,
259,1.125947187654674,0.09684536550311665,-0.016278082504868507,0.0017261116299778223,1.3126155138015747,,,
260,1.169368484057486,0.12247806718660771,-0.002869732677936554,0.0015959497541189194,1.305043339729309,,,
261,1.1635095346719027,0.13004618587412575,-0.023761972784996033,0.0016465296503156424,1.3084278106689453,,,
262,1.1579641168937087,0.12344198558923011,-0.0035198174882680178,0.0014940890250727534,1.3087633848190308,,,
263,1.183027601800859,0.14432202146381956,-0.020788857713341713,0.0015775869833305478,1.3068293333053589,,,
264,1.1920036813244224,0.1484228904653082,-0.0005036839284002781,0.001582746277563274,1.3007575273513794,,,
265,1.1424701176583767,0.10588284945229517,0.03461083769798279,0.0018599946051836014,1.2998250722885132,,,
266,1.0756957223638892,0.04569748383291749,-0.025397030636668205,0.0016312338411808014,1.2981101274490356,,,
267,1.224881999194622,0.17591605512255198,-0.01646135002374649,0.0016030253609642386,1.2982043027877808,,,
268,1.2240813849493861,0.17325915704573597,-0.01414134819060564,0.001657566986978054,1.3115471601486206,,,
269,1.1427738331258297,0.11314922438998892,-0.016799088567495346,0.0015713575994595885,1.3130804300308228,,,
270,1.173787446692586,0.1330276645314307,-0.04145568609237671,0.0014846989652141929,1.3178051710128784,,,
271,1.1941964477300644,0.15266300661597193,0.018497450277209282,0.0015732954489067197,1.3238765001296997,,,
272,1.1709174402058125,0.12579002971869702,0.013860030099749565,0.0016468300018459558,1.3183735609054565,,,
273,1.1399258179590106,0.11242141984252971,-0.02754516713321209,0.0016226052539423108,1.3062134981155396,,,
274,1.1473237974569201,0.11027398590249396,-0.011826032772660255,0.0017997755203396082,1.30331289768219,1.1237032879143953,0.19453451156735252,0.10210903287707686
275,1.1347465133294463,0.10445502446728225,-0.02636762149631977,0.0016551197040826082,1.2932788133621216,,,
276,1.1563208037987351,0.12495099537294033,0.029986288398504257,0.0017448365688323975,1.2859019041061401,,,
277,1.1755923992022872,0.12905948521296257,0.0010549151338636875,0.0015835072845220566,1.2819463014602661,,,
278,1.1717546293511987,0.1310052462505395,0.0009575602598488331,0.0015072335954755545,1.2934988737106323,,,
279,1.2283090790733695,0.17279715637324783,-0.006660487502813339,0.001601455733180046,1.296655535697937,,,
280,1.142292220145464,0.1024485336380374,-0.013008199632167816,0.0015447607729583979,1.2981959581375122,,,
281,1.1388746434822679,0.09988635414319622,0.006321753840893507,0.0016001668991521,1.2929667234420776,,,
282,1.2108504129573703,0.149767596205614,-0.008528478443622589,0.0016509838169440627,1.2900046110153198,,,
283,1.174745880998671,0.1405936573507386,-0.010465027764439583,0.001641961862333119,1.2870148420333862,,,
284,1.1552714304998517,0.117400954116669,-0.034557364881038666,0.0016819965094327927,1.2912731170654297,,,
285,1.152111016213894,0.1215873701455969,-0.005538869183510542,0.0016616968205198646,1.2852535247802734,,,
286,1.2084595561027527,0.16399537119369256,-0.005003373138606548,0.0015833204379305243,1.276438593864441,,,
287,1.1533446088433266,0.11716240725633491,-0.03246927633881569,0.0015191157581284642,1.2711507081985474,,,
288,1.1613330962136388,0.1258474812910096,0.007159890606999397,0.0015526901697739959,1.2685545682907104,,,
289,1.2088067308068275,0.1615040822934614,-0.010074390098452568,0.0014728789683431387,1.2714709043502808,,,
290,1.1466814521700144,0.1052301458929318,0.008771012537181377,0.0015614607837051153,1.2779617309570312,,,
291,1.2041710410267115,0.16589226036345928,-0.009055210277438164,0.0015930169029161334,1.2873293161392212,,,
292,1.153181946836412,0.11307346704199098,0.008782013319432735,0.0015745172277092934,1.2758923768997192,,,
293,1.1317360131070018,0.09996250098643276,0.02637159451842308,0.001699003274552524,1.267638087272644,,,
294,1.18225044477731,0.1459613121072898,0.018480291590094566,0.0014881194802001119,1.268478512763977,,,
295,1.1150317145511508,0.08163371619054345,0.004999874159693718,0.0016388685908168554,1.2645288705825806,,,
296,1.1502748662605882,0.11572923012312691,0.009296288713812828,0.0014703167835250497,1.2646368741989136,,,
297,1.1874297205358744,0.14164833930575244,0.013523786328732967,0.0015875548124313354,1.259420394897461,,,
298,1.1117355804890394,0.07919887493832367,-0.003026435151696205,0.0016671443590894341,1.2538577318191528,,,
299,1.1868081595748663,0.15168262930949789,-0.01745068095624447,0.0013514667516574264,1.2569130659103394,1.1179178152233362,0.18433822832688618,0.09834678460787077
300,1.1792464694008231,0.1330235010212002,0.0005355323664844036,0.0015091656241565943,1.2674142122268677,,,
301,1.140136525966227,0.10073314810322799,0.01027986966073513,0.0016054986044764519,1.269175410270691,,,
302,1.164516270160675,0.12735660303483776,-0.050617653876543045,0.001478239893913269,1.272429347038269,,,
303,1.230240810662508,0.18993436511732087,-0.03473158925771713,0.0015600789338350296,1.2710741758346558,,,
304,1.1849018093198538,0.14899886688292385,0.015066834166646004,0.00173870415892452,1.2625097036361694,,,
305,1.1964718261733651,0.1535451766050648,-0.0025100212078541517,0.0017580365529283881,1.262802243232727,,,
306,1.1428170818835497,0.10228199014222238,0.05145936459302902,0.0016333019593730569,1.2673124074935913,,,
307,1.174255101941526,0.13652764101058118,-0.024020124226808548,0.001509106601588428,1.2502080202102661,,,
308,1.1192180458456278,0.0907680771891175,0.04043220728635788,0.0016675834776833653,1.244277834892273,,,
309,1.2020154409110546,0.1630743725940382,0.0020945551805198193,0.001554646878503263,1.2519437074661255,,,
310,1.2049845298752189,0.16468116400696825,0.021585142239928246,0.001637301524169743,1.2627888917922974,,,
311,1.213543962687254,0.1679375447611045,-0.02420910634100437,0.0015013919910416007,1.2698211669921875,,,
312,1.130222680978477,0.09874938045286902,0.005458533763885498,0.0015833202050998807,1.2706860303878784,,,
313,1.137021136470139,0.09343013997747188,-0.010619179345667362,0.0015648951521143317,1.271750569343567,,,
314,1.1975441360846162,0.14364129693128946,-0.0025928658433258533,0.001545481150969863,1.272170901298523,,,
315,1.1677633337676525,0.12067055052027742,-0.026419254019856453,0.0017367934342473745,1.2727813720703125,,,
316,1.1482198797166348,0.1061341249567051,0.023507067933678627,0.0017675914568826556,1.2726858854293823,,,
317,1.13565862365067,0.09748631311194099,-0.007538619451224804,0.001712098135612905,1.2718182802200317,,,
318,1.1748980982229114,0.1367874915608479,-0.003233803901821375,0.0017199096037074924,1.2775887250900269,,,
319,1.1372952060773969,0.10570675395019662,-0.000591902295127511,0.0017456439090892673,1.275034785270691,,,
320,1.135647556744516,0.10020451700496219,0.0009654441382735968,0.0016324651660397649,1.2665778398513794,,,
321,1.1768596908077598,0.14213553788243116,-0.030867060646414757,0.0015308207366615534,1.2665539979934692,,,
322,1.21619707159698,0.17412562334929943,0.04416061192750931,0.0016378083964809775,1.2674897909164429,,,
323,1.1887804316356778,0.14593037753067573,0.036753617227077484,0.0016434937715530396,1.2596675157546997,,,
324,1.1271798126399517,0.08750036877059919,0.010681018233299255,0.0017534069484099746,1.2558833360671997,1.1240776060149074,0.19289888811323302,0.10258547900559656
325,1.1792709343135357,0.13477257259486067,-0.05569135770201683,0.0015045886393636465,1.2561644315719604,,,
326,1.2307124277576804,0.177343903490693,0.008938420563936234,0.001836147392168641,1.2467174530029297,,,
327,1.1472555631771684,0.11561697147370442,-0.03501569479703903,0.0016647737938910723,1.2421244382858276,,,
328,1.1779407914727926,0.1331707907444856,0.009306136518716812,0.0015158288879320025,1.2422159910202026,,,
329,1.1806299416348338,0.13504713806942448,-0.012591122649610043,0.0017561177955940366,1.2387503385543823,,,
330,1.124916804023087,0.09360013905729456,-0.029790375381708145,0.0017452212050557137,1.239437222480774,,,
331,1.1686801025643945,0.1375531964735336,0.01263466663658619,0.0014400383224710822,1.2446497678756714,,,
332,1.1700751315802336,0.12503109932619932,-0.007931068539619446,0.0016101337969303131,1.23824942111969,,,
333,1.2006265902891755,0.16027740934799323,0.02445070818066597,0.0017331367125734687,1.2360635995864868,,,
334,1.1117150485515594,0.07797170351268318,-0.003551838453859091,0.0017845721449702978,1.2393866777420044,,,
335,1.139883914962411,0.11171276467460894,-0.009173817001283169,0.0015409257030114532,1.2359246015548706,,,
336,1.189308944158256,0.15041900631545668,-0.025005990639328957,0.0016546070110052824,1.2261468172073364,,,
337,1.0853737853467464,0.05459181210400462,-0.0064366841688752174,0.0016221139812842011,1.2264119386672974,,,
338,1.1552851181477308,0.1136398158210405,-0.049486193805933,0.0015291640302166343,1.2246054410934448,,,
339,1.1945177419111133,0.15016809293164832,0.007877534255385399,0.0016578094800934196,1.2225056886672974,,,
340,1.151472213678062,0.11931638263678912,0.039821214973926544,0.0016742551233619452,1.208626627922058,,,
341,1.2241925736889243,0.18203172642676446,0.010270697996020317,0.0015736332861706614,1.2054375410079956,,,
342,1.2217532536014915,0.17755674342047428,-0.0020300238393247128,0.0015822462737560272,1.2092679738998413,,,
343,1.1803224477916956,0.14288163746239385,-0.012618000619113445,0.001708576688542962,1.214447021484375,,,
344,1.1576158246025443,0.11799024251773657,-0.0240325927734375,0.0019457315793260932,1.2217198610305786,,,
345,1.2408492052927613,0.1846722214829526,-0.02802935242652893,0.001718489220365882,1.2218018770217896,,,
346,1.199214769527316,0.1435693436411496,-0.01544179581105709,0.0020095971412956715,1.2191227674484253,,,
347,1.1951150661334395,0.15305124134999298,-0.0003440519794821739,0.0018628851976245642,1.2190293073654175,,,
348,1.1759410751983523,0.13066245013652458,-0.00668316800147295,0.001670341705903411,1.2224019765853882,,,
349,1.1535232039168477,0.11745601281216889,0.00132270366884768,0.0018442141590639949,1.2225877046585083,1.1282779090106487,0.19918173852679955,0.10542525393124463
350,1.223386607132852,0.17746588448690562,-0.0021232725121080875,0.0016677757957950234,1.2220429182052612,,,
351,1.1923600835725665,0.1517965659599376,-0.011960683390498161,0.0017171712825074792,1.2238434553146362,,,
352,1.112535823136568,0.07932062762281981,0.013376925140619278,0.0017260416643694043,1.2229365110397339,,,
353,1.1757709626108408,0.13751420850752782,-0.030668575316667557,0.0017292940756306052,1.2206662893295288,,,
354,1.1457796012982726,0.10367960327857764,-0.0071351248770952225,0.0016338519053533673,1.2160292863845825,,,
355,1.1242834646254778,0.08390312658868962,-0.021527379751205444,0.001575378468260169,1.2143794298171997,,,
356,1.0970844756811857,0.06160362175157244,-0.010895727202296257,0.0017229861114174128,1.2134438753128052,,,
357,1.1961622880771756,0.1568364516155233,0.050456371158361435,0.0019671947229653597,1.2141505479812622,,,
358,1.1243556290864944,0.0899712342917309,-0.026635844260454178,0.001724690548144281,1.210694432258606,,,
359,1.1766252405941486,0.13589252819129644,-0.016919972375035286,0.0017209151992574334,1.2146767377853394,,,
360,1.1682966072112322,0.12997168604147377,-0.00541303213685751,0.0017162704607471824,1.2184582948684692,,,
361,1.208177081309259,0.16257572086695493,0.01406441256403923,0.0017274667043238878,1.21023690700531,,,
362,1.147095886990428,0.11140846142084085,0.00875144824385643,0.001831858535297215,1.2018910646438599,,,
363,1.2054599849507213,0.16586185540512355,0.004813208244740963,0.0017733394633978605,1.1931496858596802,,,
364,1.2274102000519633,0.17533914401199654,0.030704258009791374,0.001391182653605938,1.1939786672592163,,,
365,1.2038947260007262,0.16221978351195304,0.014677084982395172,0.0015922316815704107,1.1914857625961304,,,
366,1.1969645963981748,0.1530333759754593,-0.013984812423586845,0.001628015423193574,1.1818922758102417,,,
367,1.2001893362030387,0.15361465273024083,-0.0208120159804821,0.0016229432076215744,1.171854019165039,,,
368,1.097889413125813,0.06796999022814376,-0.0023148395121097565,0.0017946249572560191,1.172812581062317,,,
369,1.168726027943194,0.13270811804101953,-0.01610563136637211,0.0015430869534611702,1.1664506196975708,,,
370,1.2269624471664429,0.16912747694858493,-0.05873001366853714,0.0016595928464084864,1.156551480293274,,,
371,1.1562180453911424,0.1172305764912618,0.009842140600085258,0.001766151050105691,1.1596125364303589,,,
372,1.1992849055677652,0.15509813024338936,-0.02233370766043663,0.001739848405122757,1.1592167615890503,,,
373,1.2192451395094395,0.16964145182392149,0.009452111087739468,0.0020405245013535023,1.1613396406173706,,,
374,1.2051887372508645,0.1632208942215312,-0.06780563294887543,0.0016219801036641002,1.1656454801559448,1.123519598506391,0.19217574017084965,0.1020440958830468
375,1.070722465403378,0.04624591272381714,0.011230715550482273,0.0015861999709159136,1.1622077226638794,,,
376,1.101590333506465,0.07751800554746956,0.00789859052747488,0.0017972385976463556,1.1494799852371216,,,
377,1.1151715330779552,0.08643635940594377,-0.019915353506803513,0.0016026286175474524,1.1409474611282349,,,
378,1.156094416975975,0.11683749064690702,0.0346897654235363,0.0016685726586729288,1.1310701370239258,,,
379,1.2123410776257515,0.16796561958138745,-0.0029674889519810677,0.0017850290751084685,1.1258468627929688,,,
380,1.1469896752387285,0.10739139481849044,-0.019644400104880333,0.0016221310943365097,1.1281909942626953,,,
381,1.1474386742338538,0.11802793356770772,-0.039061903953552246,0.001497599296271801,1.1311990022659302,,,
382,1.1409116247668862,0.10703880645159444,-0.01615983247756958,0.0017525138100609183,1.130975604057312,,,
383,1.1551734488457441,0.11563131997990575,0.021106431260704994,0.0013711332576349378,1.1405504941940308,,,
384,1.134170833043754,0.10662276727818822,-0.01967761293053627,0.0014999810373410583,1.133514404296875,,,
385,1.1615714337676764,0.13025050010701733,0.04391239210963249,0.001607436453923583,1.137755274772644,,,
386,1.1385847013443708,0.1031975996462758,0.008954999968409538,0.0015264470130205154,1.1361323595046997,,,
387,1.2027104841545224,0.15091739163775,0.012065069749951363,0.0016029545804485679,1.1439647674560547,,,
388,1.1351315639913082,0.10622308165012027,-0.012347614392638206,0.0016185517888516188,1.1408406496047974,,,
389,1.1241314001381397,0.09265266368725351,0.004321224056184292,0.0014344016090035439,1.1349791288375854,,,
390,1.2072747498750687,0.16419993639399477,0.010419192723929882,0.0015952310059219599,1.1322382688522339,,,
391,1.1665112720802426,0.13161356943747582,-0.0188840813934803,0.001395631581544876,1.1237505674362183,,,
392,1.1404377818107605,0.1001466250808888,0.018187666311860085,0.0015318902442231774,1.1261461973190308,,,
393,1.1354986019432545,0.09285845679682275,-0.0428161658346653,0.001768721966072917,1.1237677335739136,,,
394,1.1692808801308274,0.1337115587768418,0.001252810936421156,0.001732317148707807,1.118142008781433,,,
395,1.147103195078671,0.11569286362190374,-0.040200307965278625,0.0017596313264220953,1.1083897352218628,,,
396,1.1459737252444029,0.11162710774705806,-0.0032313959673047066,0.0016053447034209967,1.1144016981124878,,,
397,1.1708662901073694,0.13710856853832043,-0.03992632403969765,0.0016055324813351035,1.103174090385437,,,
398,1.1655822768807411,0.13588202301327268,-0.02797885052859783,0.0014944603899493814,1.1035233736038208,,,
399,1.1324019134044647,0.10291709340123592,-0.04089484363794327,0.0014720394974574447,1.113484501838684,1.1282238196581602,0.1991686314353578,0.10525342768256046
400,1.2253809869289398,0.1780709096697255,0.016310058534145355,0.0016586130950599909,1.1168535947799683,,,
401,1.155610010959208,0.11644925709616287,-0.020186681300401688,0.0016276586102321744,1.1098021268844604,,,
402,1.1837435653433204,0.14144067726818407,-0.049291230738162994,0.0016254264628514647,1.102640986442566,,,
403,1.2219855850562453,0.17175778071046974,-0.004357201047241688,0.0017488807206973433,1.1001979112625122,,,
404,1.1920722126960754,0.14891354895636685,-0.0006232790183275938,0.0016109260031953454,1.1015806198120117,,,
405,1.151973587460816,0.1169955187391716,-0.03211681544780731,0.0017931157490238547,1.0992785692214966,,,
406,1.1697528958320618,0.13519174125000155,0.020615139976143837,0.0016009954269975424,1.1072484254837036,,,
407,1.1977847246453166,0.16000317244600393,-0.022231493145227432,0.0016017582966014743,1.108978271484375,,,
408,1.1590787628665566,0.12445714759675142,0.007024854421615601,0.0017177100526168942,1.1232777833938599,,,
409,1.1420399155467749,0.10001416620963507,0.025859476998448372,0.0014681238681077957,1.1163064241409302,,,
410,1.1717822356149554,0.12610790649025536,-0.03877401724457741,0.001729748910292983,1.1166561841964722,,,
411,1.1352542899549007,0.09928173355166289,-0.059138134121894836,0.001842090510763228,1.1206797361373901,,,
412,1.2439355961978436,0.1892828011515444,0.027309566736221313,0.001665935618802905,1.1147462129592896,,,
413,1.155104372650385,0.1225793704643771,-0.048487719148397446,0.0017548362957313657,1.1088522672653198,,,
414,1.19593346118927,0.153733543264218,-0.028105365112423897,0.0016400071326643229,1.1103917360305786,,,
415,1.1719867074862123,0.13281902103126508,-0.017166240140795708,0.001619904302060604,1.1053391695022583,,,
416,1.1803405731916428,0.14250366072395193,0.031369127333164215,0.0015445699682459235,1.0974942445755005,,,
417,1.1631364887580276,0.13083796422094232,-0.018580174073576927,0.0015945045743137598,1.1008349657058716,,,
418,1.227631245739758,0.17919023021702177,0.004045448731631041,0.001643344177864492,1.106375813484192,,,
419,1.1839154278859496,0.14609324408519192,-0.015042288228869438,0.0015697816852480173,1.113382339477539,,,
420,1.194132985547185,0.151016522438833,-0.016447247937321663,0.0014875775668770075,1.108371615409851,,,
421,1.1963499374687672,0.15915522633872847,0.03684717044234276,0.00153581821359694,1.1009501218795776,,,
422,1.1418776158243418,0.10716298395654096,-0.020643088966608047,0.0016889999387785792,1.1007071733474731,,,
423,1.2095452882349491,0.16463945785539855,-0.050362225621938705,0.0016428970266133547,1.1013928651809692,,,
424,1.1323771458119154,0.1008069260272726,-0.004140942357480526,0.0016582573298364878,1.0922414064407349,1.130617600865662,0.20350848521266496,0.10669021831418904
425,1.1849017376080155,0.14426823005194478,0.02216879092156887,0.0016639119712635875,1.092375636100769,,,
426,1.2004431709647179,0.15855436135110856,-0.04136309772729874,0.0017248706426471472,1.0956096649169922,,,
427,1.1121165780350566,0.08871663773903704,-0.008324194699525833,0.001660357927903533,1.0923843383789062,,,
428,1.1395442131906748,0.10547040159976676,0.0037796429824084044,0.0016142299864441156,1.097946047782898,,,
429,1.1724202744662762,0.1341626842718508,-0.006713360548019409,0.0014849466970190406,1.092086672782898,,,
430,1.1299521056935191,0.08587723731919389,-0.006292807403951883,0.0016088283155113459,1.0852051973342896,,,
431,1.1507548801600933,0.11315439499770664,-0.01459668017923832,0.0016696145758032799,1.080180287361145,,,
432,1.1421648161485791,0.1096631227949331,0.023939188569784164,0.0017479510279372334,1.0690613985061646,,,
433,1.1335676200687885,0.10221628051125653,0.022861827164888382,0.0015623868675902486,1.07178795337677,,,
434,1.1517986543476582,0.1173198174780898,-0.017001161351799965,0.0015507468488067389,1.0803290605545044,,,
435,1.1398262092843652,0.10655040678195207,-0.00222651194781065,0.0017126052407547832,1.087367057800293,,,
436,1.2643017768859863,0.20966554365063492,-0.05237172916531563,0.0015188418328762054,1.0785056352615356,,,
437,1.1313207549974322,0.09443148511011948,-0.018567977473139763,0.0017412978922948241,1.0835016965866089,,,
438,1.2065157061442733,0.15828281904576236,0.019976459443569183,0.0015882181469351053,1.0855008363723755,,,
439,1.1985656097531319,0.15929570283610278,-0.006557289510965347,0.0016546209808439016,1.0851296186447144,,,
440,1.1758886650204659,0.13565692699281512,-0.008732161484658718,0.0017850955482572317,1.0975741147994995,,,
441,1.152200044132769,0.11816861678217556,0.0037682021502405405,0.0015902627492323518,1.10302734375,,,
442,1.20549248252064,0.16706438116871197,0.03001697175204754,0.001561337849125266,1.105307698249817,,,
443,1.1851654425263405,0.13900597633743,0.0005395286716520786,0.0015994872665032744,1.1041353940963745,,,
444,1.2156885638833046,0.17039882578965837,-0.012391881085932255,0.0015147809172049165,1.0991612672805786,,,
445,1.1676281988620758,0.12512960362215536,-0.020209111273288727,0.0015365115832537413,1.1107853651046753,,,
446,1.1720532728359103,0.1387708054791621,0.019253134727478027,0.0016288788756355643,1.1076375246047974,,,
447,1.1995930215343833,0.15221595477923272,-0.010476933792233467,0.0016641325782984495,1.106270670890808,,,
448,1.103894486092031,0.07636675008553227,0.026015907526016235,0.0016106510302051902,1.1008473634719849,,,
449,1.1684458972886205,0.13535726866749714,-0.01052763406187296,0.0017181839793920517,1.098420262336731,1.1270221890881658,0.19667452564540067,0.10461176387569393
450,1.1820924701169133,0.1369485086634365,0.013917483389377594,0.0016164202243089676,1.0961025953292847,,,
451,1.1769235013052821,0.13869774563156506,0.023193474858999252,0.0014772936701774597,1.0931843519210815,,,
452,1.2015363369137049,0.15629352370849048,-0.02116543799638748,0.0016639427049085498,1.1023179292678833,,,
453,1.1972950184717774,0.1529541545457771,0.03273501247167587,0.0016138764331117272,1.1017588376998901,,,
454,1.2010977882891893,0.16118415132485026,0.026627294719219208,0.0016318046255037189,1.099915623664856,,,
455,1.13777010794729,0.1070036653316406,-0.01580827869474888,0.001579902833327651,1.092429280281067,,,
456,1.190622336231172,0.1521956175008789,-0.006991843692958355,0.0015489427605643868,1.078950047492981,,,
457,1.2161666061729193,0.17096962745055505,4.7862762585282326e-05,0.0016497866017743945,1.0743495225906372,,,
458,1.1981204180046916,0.15829475873935356,-0.013869662769138813,0.0014322992647066712,1.0871086120605469,,,
459,1.1429915567860007,0.10563734393325866,-0.03173789009451866,0.0015515912091359496,1.091568112373352,,,
460,1.189757227897644,0.1474867116460951,-0.03644346445798874,0.0016919438494369388,1.1047126054763794,,,
461,1.120859039016068,0.09327214313635612,-0.01732216589152813,0.0015491654630750418,1.116012454032898,,,
462,1.1850536838173866,0.14175912136441432,0.007202900014817715,0.0016780243022367358,1.1164149045944214,,,
463,1.167565575800836,0.12574217632767395,0.022039109840989113,0.0017705808859318495,1.1105221509933472,,,
464,1.1665550516918302,0.1269398852291561,-0.060784049332141876,0.0016998325008898973,1.104176640510559,,,
465,1.182025708258152,0.13884602430753018,0.005384595133364201,0.001654976629652083,1.0942174196243286,,,
466,1.1986534241586924,0.15580960635558733,-0.007926691323518753,0.0015597222372889519,1.1016043424606323,,,
467,1.1396541129797697,0.10343204918064236,0.016397638246417046,0.0016987661365419626,1.102004885673523,,,
468,1.159720885567367,0.1228373067898569,-0.025443185120821,0.001658988301642239,1.1083468198776245,,,
469,1.2280823979526758,0.17873859256189423,0.0007413660641759634,0.001729605020955205,1.1127814054489136,,,
470,1.1567101487889886,0.12373214586092589,0.0008539517875760794,0.0016753621166571975,1.1171284914016724,,,
471,1.211745137348771,0.16666181143125858,-0.0032655547838658094,0.0016166822751984,1.1239413022994995,,,
472,1.1401442987844348,0.10453404235424944,-0.026750002056360245,0.0016001203330233693,1.132686734199524,,,
473,1.1610369365662336,0.12404365703026585,-0.008551251143217087,0.0016446475638076663,1.1388550996780396,,,
474,1.2038306761533022,0.15937428417794608,0.005482733249664307,0.0015331440372392535,1.144973874092102,1.1243595499545336,0.19298663370984992,0.10279347452517001
475,1.1679137302562594,0.12977319526302175,0.013291817158460617,0.0015797435771673918,1.1364985704421997,,,
476,1.1289770966395736,0.09398451387018039,0.03327124938368797,0.001589747960679233,1.1317778825759888,,,
477,1.2071916498243809,0.15535519321457533,0.031055254861712456,0.0017306879162788391,1.1355372667312622,,,
478,1.1580077158287168,0.12253099186394759,-0.013990288600325584,0.0015456887194886804,1.1451212167739868,,,
479,1.1820516688749194,0.14799680529182133,-0.001891372841782868,0.0015214948216453195,1.1499844789505005,,,
480,1.0881340727210045,0.06325655335156907,0.001077192835509777,0.0015003012958914042,1.1482926607131958,,,
481,1.1774074658751488,0.14337880680727044,0.04881173372268677,0.001465004519559443,1.1450690031051636,,,
482,1.1264671739190817,0.09401313787255622,-0.013871155679225922,0.001554262125864625,1.1383495330810547,,,
483,1.1709620701149106,0.1306372249018652,-0.0008629749063402414,0.0017064830753952265,1.1405993700027466,,,
484,1.2032591411843896,0.16511344398827754,0.008026069961488247,0.0016206151340156794,1.1395560503005981,,,
485,1.1398661946877837,0.10721960532153751,-0.024690421298146248,0.0016401794273406267,1.126551628112793,,,
486,1.15190233848989,0.11980765016070284,-0.026653047651052475,0.001565541373565793,1.1187018156051636,,,
487,1.1565314773470163,0.12688395008244863,-0.01945353113114834,0.00145252316724509,1.1234971284866333,,,
488,1.252045650035143,0.19365858263988228,0.0009502389002591372,0.0016746105393394828,1.122757077217102,,,
489,1.1082448959350586,0.07081565495301331,0.030325312167406082,0.001637849723920226,1.120146632194519,,,
490,1.181642503477633,0.13903964187820583,0.010186765342950821,0.0015607300447300076,1.1168841123580933,,,
491,1.14868766348809,0.11069829008538772,0.008936392143368721,0.0015487783821299672,1.1163015365600586,,,
492,1.188930313102901,0.14497819688684915,0.017129816114902496,0.0017275764839723706,1.1088570356369019,,,
493,1.175771227106452,0.14028686428849638,-0.032764144241809845,0.0015317404177039862,1.101718783378601,,,
494,1.1663643177598715,0.13366577479014838,0.016125019639730453,0.0015053927199915051,1.0960370302200317,,,
495,1.200217585079372,0.1556854503703948,0.02336590364575386,0.0016765884356573224,1.0931693315505981,,,
496,1.134720180183649,0.10266476968309518,0.03258427232503891,0.0016922272043302655,1.095591425895691,,,
497,1.1836401969194412,0.14366172643352812,-0.0027645761147141457,0.0013994432520121336,1.0903071165084839,,,
498,1.1638474017381668,0.12734215928144488,-0.001001211116090417,0.001487552304752171,1.09089195728302,,,
499,1.1435610903427005,0.10677257741972097,-0.03959823027253151,0.00151626521255821,1.079606056213379,1.1255546873435378,0.19413790140566953,0.10376779003466469
500,1.1767350789159536,0.1380967688015131,0.001962112495675683,0.0014857854694128036,1.0800343751907349,,,
501,1.1389798540621996,0.10086724563285912,0.030926909297704697,0.0017130895284935832,1.0812093019485474,,,
502,1.2404333110898733,0.19267773926529377,-0.008184157311916351,0.0016163100954145193,1.0788592100143433,,,
503,1.1430778102949262,0.11517130527323927,-0.008732748217880726,0.0017032437026500702,1.0758401155471802,,,
504,1.2085694884881377,0.15564881131311703,0.013468996621668339,0.0017418928910046816,1.072487711906433,,,
505,1.2168458346277475,0.17103012061745457,0.0009581102058291435,0.0017465620767325163,1.0640867948532104,,,
506,1.1504136584699154,0.11441697297381594,0.047994084656238556,0.0016429147217422724,1.0537337064743042,,,
507,1.1198038952425122,0.09237035777265178,0.04189038276672363,0.001540306955575943,1.0486031770706177,,,
508,1.1778795728459954,0.14279043901253652,-0.05162338539958,0.0015423527220264077,1.0452440977096558,,,
509,1.1577641516923904,0.12307142744784214,-0.03842768445611,0.0015203180955722928,1.0431385040283203,,,
510,1.1523418994620442,0.11082064191984944,0.01983603835105896,0.0016207164153456688,1.0422754287719727,,,
511,1.0960548436269164,0.06821642840221945,-0.01680612750351429,0.0015277599450200796,1.0447999238967896,,,
512,1.1940707108005881,0.16007623950827377,0.014414045959711075,0.001400016830302775,1.04961097240448,,,
513,1.2435283195227385,0.19555578110116423,0.013773060403764248,0.0016038314206525683,1.0427294969558716,,,
514,1.2429042989388108,0.1922116813810708,-0.042630571871995926,0.0015267747221514583,1.040838360786438,,,
515,1.2064176071435213,0.16115501248146952,-0.02392778918147087,0.0015651184367015958,1.0372648239135742,,,
516,1.1588953044265509,0.125453733120686,0.024185489863157272,0.0016298933187499642,1.0361860990524292,,,
517,1.1708353105932474,0.12300435236312578,-0.012372998520731926,0.0015497157583013177,1.0270577669143677,,,
518,1.2373411282896996,0.1917611620794753,-0.03890294209122658,0.001655804691836238,1.025619626045227,,,
519,1.1229350501671433,0.09215323303282623,0.0045985025353729725,0.0016246511368080974,1.0227586030960083,,,
520,1.1727259205654263,0.13907654411657205,0.022997217252850533,0.001455178135074675,1.0296660661697388,,,
521,1.0796003518626094,0.05312715923897428,-0.024613333866000175,0.0015594635624438524,1.0384160280227661,,,
522,1.1175093352794647,0.08413299815156611,-0.00933968834578991,0.001558590680360794,1.038756251335144,,,
523,1.191097621805966,0.15237668506285532,0.008916277438402176,0.0015961314784362912,1.039601445198059,,,
524,1.1558688832446933,0.11958756878062388,-0.0134563148021698,0.0015437932452186942,1.0450525283813477,1.126579080708325,0.19575574265513215,0.10454895732605964
525,1.1938588796183467,0.15126643217847535,-0.028202278539538383,0.0014873371692374349,1.0419999361038208,,,
526,1.144568727351725,0.11098040570629022,0.03434614837169647,0.001754721044562757,1.0535773038864136,,,
527,1.2129515754058957,0.17338316821088545,0.01447004172950983,0.0015451537910848856,1.045019268989563,,,
528,1.1404811665415764,0.10048145109105713,-0.035998206585645676,0.0014907836448401213,1.0395516157150269,,,
529,1.1783687938004732,0.1367219828874494,0.012346707284450531,0.0014309696853160858,1.0395671129226685,,,
530,1.1266266610473394,0.09307302757680763,-0.018504036590456963,0.0015810251934453845,1.0400924682617188,,,
531,1.1397731117904186,0.10797564849221598,-0.012634707614779472,0.001709515112452209,1.0418509244918823,,,
532,1.1601201109588146,0.1243937149136535,0.013691635802388191,0.0015001908177509904,1.0374747514724731,,,
533,1.1644915016368032,0.12858363201059544,0.016614660620689392,0.0015516480198130012,1.0367498397827148,,,
534,1.1504690004512668,0.12077810378535565,-0.006824635900557041,0.0014686370268464088,1.0322610139846802,,,
535,1.179869725368917,0.1428238814467473,-0.005544500425457954,0.001447034883312881,1.025058627128601,,,
536,1.1414034869521856,0.1083978480217576,-0.015127286314964294,0.0014861004892736673,1.0240336656570435,,,
537,1.2416353886947036,0.19150481714307238,-0.009220240637660027,0.001483283587731421,1.0234451293945312,,,
538,1.1483219470828772,0.11336438985586592,-0.03775694593787193,0.0014991008210927248,1.0182533264160156,,,
539,1.126741386950016,0.08861036518957044,-0.0049157654866576195,0.0016951782163232565,1.0143612623214722,,,
540,1.1510153356939554,0.11772487462650622,-0.018646525219082832,0.001464814879000187,0.9984816312789917,,,
541,1.2205806858837605,0.16812384825020638,-0.011721222661435604,0.0015161745250225067,0.9986859560012817,,,
542,1.1625299388542771,0.12339556393963011,-0.00501900352537632,0.001547149266116321,0.9974183440208435,,,
543,1.113223628140986,0.08435679733509786,-0.002379059325903654,0.0014328666729852557,0.999479353427887,,,
544,1.1993040861561894,0.15825424707881403,-0.011999353766441345,0.001658818917348981,0.9952679872512817,,,
545,1.1743486989289522,0.14180544096417805,0.008451892994344234,0.0016082597430795431,0.999911367893219,,,
546,1.1593899428844452,0.12194542665045355,0.005335082300007343,0.0013869816903024912,1.007905125617981,,,
547,1.1318758865818381,0.0926104533172601,-0.06638584285974503,0.00150831020437181,1.0185946226119995,,,
548,1.1457505710422993,0.10837303785688002,0.023719536140561104,0.0015429242048412561,1.0191117525100708,,,
549,1.1523060128092766,0.11997835919031224,-0.014670591801404953,0.001474836841225624,1.0082885026931763,1.1296732630580664,0.2002487615174992,0.10674432446160272
550,1.2517317635938525,0.20022831762349075,-0.04191945865750313,0.0014979291008785367,0.9973782300949097,,,
551,1.1464174445718527,0.11232370122736943,-0.03303439915180206,0.0014950918266549706,0.9911271333694458,,,
552,1.119322368875146,0.08594535281349125,0.0077681345865130424,0.0015457887202501297,0.985135018825531,,,
553,1.1445892285555601,0.11845158620925479,-0.04025440663099289,0.0015028553316369653,0.9815636277198792,,,
554,1.1750575341284275,0.14127792351669097,0.022910797968506813,0.0014372968580573797,0.9762696623802185,,,
555,1.1591397244483232,0.1258771770968245,-0.00793442316353321,0.0014918915694579482,0.9772270917892456,,,
556,1.1785834161564708,0.1369601661015847,0.005921932868659496,0.001517260679975152,0.9700936079025269,,,
557,1.167457957752049,0.132608890103964,-0.034510597586631775,0.001432465622201562,0.9668883085250854,,,
558,1.1438025999814272,0.11684884126153214,-0.048522841185331345,0.0013462650822475553,0.9606620073318481,,,
559,1.2066518664360046,0.1603782672989897,-0.024078253656625748,0.0015941696474328637,0.9686165452003479,,,
560,1.2181355906650424,0.1708421707819776,0.003582768142223358,0.0014824081445112824,0.9643651247024536,,,
561,1.2089494820684195,0.1650805149015704,0.005949593614786863,0.0016590512823313475,0.9476509690284729,,,
562,1.1658574035391212,0.1306566846203695,-0.013697758316993713,0.0015307944267988205,0.9458197355270386,,,
563,1.1764150196686387,0.1388880597816069,-0.05144549533724785,0.0015490986406803131,0.9480466842651367,,,
564,1.1449645664542913,0.10566234244201599,-0.015694575384259224,0.0015328919980674982,0.9543570280075073,,,
565,1.1483558742329478,0.10492886578670137,-0.008757873438298702,0.0016585375415161252,0.951652467250824,,,
566,1.1501569598913193,0.11889608856183846,-0.03225689008831978,0.0016719918930903077,0.9595699906349182,,,
567,1.1456501325592399,0.10994774940658371,-0.012213125824928284,0.0014816479524597526,0.959107518196106,,,
568,1.1483229249715805,0.10473322409935745,0.03260260075330734,0.0014633985701948404,0.9557713866233826,,,
569,1.1339627234265208,0.10239273244211089,0.014891288243234158,0.001727256691083312,0.9525861144065857,,,
570,1.1798720536753535,0.14482165174239472,0.007381726987659931,0.0016055969754233956,0.9487609267234802,,,
571,1.143552196212113,0.10113505909934097,-0.012601102702319622,0.001622459851205349,0.9483537077903748,,,
572,1.1720508290454745,0.13520208639585807,-0.003321214346215129,0.0014663421316072345,0.9569616913795471,,,
573,1.1408095033839345,0.11173955679152658,0.00704192603006959,0.0014905957505106926,0.951940655708313,,,
574,1.143825763836503,0.10865739984310815,0.000662132166326046,0.001435417914763093,0.9533500075340271,1.1305237403139472,0.20218183751614482,0.10727487700494576
575,1.15279471129179,0.10970920697173642,0.041067935526371,0.0015861986903473735,0.9484024047851562,,,
576,1.1924646869301796,0.15330868822988156,0.006876007653772831,0.001617239904589951,0.940310537815094,,,
577,1.1660270001739264,0.12276101945363369,0.015035326592624187,0.0018962690373882651,0.9322013258934021,,,
578,1.161246545612812,0.12392431242677968,-0.019360264763236046,0.001520730322226882,0.9328802824020386,,,
579,1.2253125570714474,0.17660390182451097,-0.013276277109980583,0.0014344254741445184,0.9308682084083557,,,
580,1.195724749006331,0.1445635456950637,-0.011775870807468891,0.0015676944749429822,0.9243050813674927,,,
581,1.1934769451618195,0.15733351797386624,-0.042289022356271744,0.0015912407543510199,0.9255990386009216,,,
582,1.1710365451872349,0.1346042041324087,-0.030170436948537827,0.00162264215759933,0.9256286025047302,,,
583,1.1788019174709916,0.1449495879705462,0.01274512242525816,0.0015215761959552765,0.9201069474220276,,,
584,1.169106193818152,0.12851212617669597,-0.013269182294607162,0.0015028578927740455,0.909304678440094,,,
585,1.147606272250414,0.11876426210154598,0.004532649181783199,0.0014310820261016488,0.9071558713912964,,,
586,1.2041506823152304,0.1603862456129284,-0.009342069737613201,0.0015196772292256355,0.9121179580688477,,,
587,1.2116451254114509,0.16861332803646095,-0.00410669157281518,0.0016789960209280252,0.9108468294143677,,,
588,1.171613180078566,0.13527170871153263,-0.04446971416473389,0.0016490047564730048,0.9074726104736328,,,
589,1.145135466940701,0.11035361459127864,0.017940908670425415,0.0015437834663316607,0.9086512923240662,,,
590,1.1687529683113098,0.13479883591136457,-0.03428744152188301,0.0014925346476957202,0.9030160307884216,,,
591,1.122227723710239,0.09610289501732157,-0.015193667262792587,0.0014468024019151926,0.9023951888084412,,,
592,1.1808631522580981,0.14641092563521524,-0.0077559747733175755,0.0015310326125472784,0.8969136476516724,,,
593,1.162760116159916,0.1284735102457871,-0.023765064775943756,0.0015986667713150382,0.8915089964866638,,,
594,1.1932921120896935,0.14289221740579577,0.0001083973329514265,0.0016204611165449023,0.892301619052887,,,
595,1.152976174838841,0.11625189116075307,0.024827884510159492,0.0014949560863897204,0.8846549987792969,,,
596,1.1521788090467453,0.1179768102713684,-0.012214858084917068,0.0014587307814508677,0.8855600953102112,,,
597,1.140621897764504,0.11438203799324892,0.03394119068980217,0.0015248879790306091,0.8805990815162659,,,
598,1.1862000012770295,0.14879188258139792,-0.013554099015891552,0.0014277488226071,0.8748160600662231,,,
599,1.1395170437172055,0.1053846772202601,0.01842055283486843,0.0014573141233995557,0.8667541146278381,1.133191306143999,0.2036298606243343,0.10936386027778937
600,1.157952736131847,0.12296528267963076,0.0010856168810278177,0.0015740605304017663,0.8663853406906128,,,
601,1.1960945120081306,0.1549335474350675,0.002769925631582737,0.0015059375436976552,0.8670521378517151,,,
602,1.1888129990547895,0.14233990041205208,-0.00469936290755868,0.0016398528823629022,0.8656015396118164,,,
603,1.181200185790658,0.14689144125862047,-0.01183341071009636,0.0016446405788883567,0.8635692000389099,,,
604,1.2536343056708574,0.20286623394802722,0.00903690792620182,0.001485694432631135,0.8698139786720276,,,
605,1.2045835927128792,0.16258598032425564,-0.017432808876037598,0.0016246156301349401,0.8643513321876526,,,
606,1.194658525288105,0.15851333968779546,-0.014641601592302322,0.0013926519313827157,0.8619113564491272,,,
607,1.2190634030848742,0.17130360270897754,0.014341619797050953,0.0014024113770574331,0.8661208748817444,,,
608,1.166740301065147,0.13393857493766126,-0.006093683186918497,0.0015150896506384015,0.870887815952301,,,
609,1.133448283188045,0.10484881714240886,0.026628147810697556,0.0015862223226577044,0.8683890700340271,,,
610,1.1901380326598883,0.1420152401828148,-0.018959205597639084,0.0014300154289230704,0.8684731721878052,,,
611,1.1535471053794026,0.12409977777626725,0.016901642084121704,0.0015414378140121698,0.8637551069259644,,,
612,1.1983104581013322,0.15721594758271548,-0.02510923519730568,0.001529528759419918,0.8687201142311096,,,
613,1.1849329276010394,0.14500560923966804,-0.01173204556107521,0.0016062540234997869,0.8606539368629456,,,
614,1.188144637271762,0.15563904060358982,-0.003210661234334111,0.0013702166033908725,0.8546944260597229,,,
615,1.1587727647274733,0.12676902875592033,0.008516996167600155,0.0014297164743766189,0.8549947738647461,,,
616,1.1490398803725839,0.12131884934426337,-0.007174440659582615,0.0013008365640416741,0.8589926362037659,,,
617,1.1722476398572326,0.1370930406577817,-0.004395829048007727,0.0014409152790904045,0.8598929047584534,,,
618,1.150407612323761,0.12283429148928837,-0.010196310468018055,0.0014907891163602471,0.8553566336631775,,,
619,1.19127534981817,0.15460313045916652,0.00040296814404428005,0.0014521190896630287,0.8521078824996948,,,
620,1.2030409146100283,0.16588593194821594,-0.0021205369848757982,0.0015411252388730645,0.8578029274940491,,,
621,1.1515508349984884,0.11946139113104576,-0.0010203419951722026,0.0013389537343755364,0.8533259630203247,,,
622,1.1432036962360144,0.10931486194601314,-0.050065163522958755,0.0014637515414506197,0.8437138199806213,,,
623,1.168971849605441,0.13752799030219148,-0.005741557106375694,0.0012403606669977307,0.8463077545166016,,,
624,1.1705999290570617,0.1327498802161366,0.02225160039961338,0.0015854574739933014,0.8316425681114197,1.1355338357388973,0.2063944610471101,0.11116326516678818
625,1.204212442971766,0.15523818665696476,0.004486189689487219,0.0014446369605138898,0.8272963166236877,,,
626,1.1387408813461661,0.10822222718224664,-0.009818505495786667,0.0014149051858112216,0.8239174485206604,,,
627,1.1365231089293957,0.10773081105224969,0.002694586059078574,0.001448023715056479,0.8211096525192261,,,
628,1.1881348062306643,0.1461872459788568,0.01678294688463211,0.0013713418738916516,0.828855574131012,,,
629,1.1023448687046766,0.07449991451972932,0.038312822580337524,0.0015746912686154246,0.8175987601280212,,,
630,1.1285915793851018,0.09465334966548175,-0.004353879019618034,0.0013741316506639123,0.8098426461219788,,,
631,1.2112051593139768,0.16018150786425905,-0.0014508017338812351,0.001593078370206058,0.8076561689376831,,,
632,1.137175747193396,0.10318096567934112,-0.035859376192092896,0.0017465183045715094,0.8072881102561951,,,
633,1.2020000740885735,0.16196056186087232,-0.008473364636301994,0.0016386021161451936,0.7966089248657227,,,
634,1.135796245187521,0.105825870057731,0.019541947171092033,0.0015180079499259591,0.7992563247680664,,,
635,1.1645213877782226,0.12065619639185976,0.0022721653804183006,0.0017556974198669195,0.788638174533844,,,
636,1.2358936676755548,0.18700498796943166,-0.055638059973716736,0.0015140713658183813,0.7896414399147034,,,
637,1.143728400580585,0.11155968410432872,0.003163043176755309,0.0016602296382188797,0.7985209822654724,,,
638,1.1914929691702127,0.1435737237415655,-0.007630771026015282,0.0015307279536500573,0.7974290251731873,,,
639,1.1285598669201136,0.0969346996043671,0.009453225880861282,0.001582890166901052,0.7976841330528259,,,
640,1.193627567961812,0.14819765334567456,0.03094465099275112,0.0016555587062612176,0.7972869873046875,,,
641,1.1822370439767838,0.14153852949364784,0.03231135010719299,0.0014642474707216024,0.8002241849899292,,,
642,1.152672879397869,0.12156566099895508,-0.02805125154554844,0.0015794641803950071,0.7991724610328674,,,
643,1.1230225367471576,0.08654806772696105,0.018252504989504814,0.0017097110394388437,0.8015533089637756,,,
644,1.1457853047177196,0.10626036958194138,-0.007608312647789717,0.0018083035247400403,0.7959088683128357,,,
645,1.170458970591426,0.1337539655998691,-0.0024785553105175495,0.0015436569228768349,0.782493531703949,,,
646,1.1237765084952116,0.09195864861122016,-0.029239581897854805,0.0017353612929582596,0.7829355001449585,,,
647,1.177529115229845,0.1389571944884623,-0.030382709577679634,0.0016345222247764468,0.7891311645507812,,,
648,1.23562403768301,0.1867068814855526,0.012817838229238987,0.0015301735838875175,0.7960873246192932,,,
649,1.194748666137457,0.15583459367590252,-0.0396127812564373,0.0015882266452535987,0.8002585172653198,1.1347532328218222,0.20716306956544212,0.1103990415659475
650,1.1566797867417336,0.12748083441166408,-0.01317919697612524,0.0014291078550741076,0.8043423891067505,,,
651,1.156022472307086,0.10987067216585987,-0.021338526159524918,0.0018739033257588744,0.8016242384910583,,,
652,1.203133120201528,0.15548842171653315,0.03386495262384415,0.001526192994788289,0.8063058257102966,,,
653,1.158369492739439,0.12484928966981533,-0.027994487434625626,0.0016190140740945935,0.8037719130516052,,,
654,1.1297431867569685,0.09548294923230637,0.010050580836832523,0.001606132835149765,0.8003988862037659,,,
655,1.246921494603157,0.19143247030365002,-0.01442971732467413,0.0015690714353695512,0.7941561341285706,,,
656,1.2064712811261415,0.15898440577894563,-0.004114252049475908,0.0014272266998887062,0.7941818237304688,,,
657,1.1644391817972064,0.1311587455819273,-0.017171302810311317,0.0016772215021774173,0.8006067276000977,,,
658,1.1462790993973613,0.11884860114540755,-0.030268413946032524,0.001631826045922935,0.7980808615684509,,,
659,1.1190911969169974,0.08993544659324929,0.006602059118449688,0.0015303210821002722,0.8031988739967346,,,
660,1.21208250336349,0.16418857612843163,-0.021053314208984375,0.0015662425430491567,0.8051977157592773,,,
661,1.1376516874879599,0.10173669652662275,0.003930584993213415,0.0014855972258374095,0.7977800369262695,,,
662,1.2099095527082682,0.16293366051712635,-0.022487938404083252,0.001680986606515944,0.7941790223121643,,,
663,1.1869679912924767,0.14799330128772423,-0.006282095797359943,0.0015857365215197206,0.7980931997299194,,,
664,1.1753262057900429,0.1385915392415496,-0.02091311104595661,0.001579122501425445,0.7964314818382263,,,
665,1.1182888327166438,0.08423138176814751,0.00555685069411993,0.0014994785888120532,0.7874006032943726,,,
666,1.229901259765029,0.17712344723853746,-0.007005194202065468,0.0016782733146101236,0.7813841104507446,,,
667,1.1816087421029806,0.14755135247815937,-0.0004402119666337967,0.0016751802759245038,0.7775506377220154,,,
668,1.1484687775373459,0.11489127309146782,0.013972612097859383,0.0017335814191028476,0.7646351456642151,,,
669,1.1208728207275271,0.09108682171067226,0.021861357614398003,0.0016874719876796007,0.7526565790176392,,,
670,1.1422078907489777,0.10612351734307594,0.011277669109404087,0.0015089979860931635,0.7499850988388062,,,
671,1.1738206371665,0.1346450267063121,-0.000382451806217432,0.001566956634633243,0.7529979944229126,,,
672,1.2444559345021844,0.19236384153128167,-0.02103377692401409,0.0014946518931537867,0.7545414566993713,,,
673,1.1996917398646474,0.1527025861078166,-0.007724219933152199,0.0018281840020790696,0.7501436471939087,,,
674,1.2041153786703944,0.16195132206538193,-0.012909892946481705,0.0016220969846472144,0.7446216344833374,1.1343976156786084,0.20678628794483644,0.11010384576114465
675,1.1760707702487707,0.1364177004923282,0.004039838910102844,0.0016743990126997232,0.7440080046653748,,,
676,1.1752198226749897,0.13487769874192806,0.014067195355892181,0.0016759203281253576,0.736183762550354,,,
677,1.1512984884902835,0.10609965245334022,-0.023989083245396614,0.001657818560488522,0.738578736782074,,,
678,1.1865878058597445,0.1417660276852658,0.029462086036801338,0.0016329550417140126,0.7380600571632385,,,
679,1.126992892473936,0.09015263270849452,-0.010026083327829838,0.0017179872374981642,0.7342395186424255,,,
680,1.1845036139711738,0.14499900043563224,-0.0030395477078855038,0.0016725448658689857,0.7334700226783752,,,
681,1.1831446522846818,0.13931109329035166,-0.032401543110609055,0.001576566486619413,0.7242168188095093,,,
682,1.2142592426389456,0.16866167910884336,0.00772369559854269,0.0015989121748134494,0.716949462890625,,,
683,1.1721804812550545,0.14005948913456157,-0.007862170226871967,0.001648340024985373,0.7097139954566956,,,
684,1.1639456134289503,0.12267133843039416,-0.012123968452215195,0.0016274721128866076,0.7068471908569336,,,
685,1.1207701712846756,0.08404618237851358,-0.009037846699357033,0.0015296743949875236,0.7050971984863281,,,
686,1.1246923673897982,0.0906002748350376,-0.010861046612262726,0.0014876426430419087,0.6987453699111938,,,
687,1.1674606148153543,0.1333991001097659,-0.017163772135972977,0.001415928709320724,0.6926403641700745,,,
688,1.2354703741148114,0.18790042065387785,-0.014168743044137955,0.0016218386590480804,0.6853955984115601,,,
689,1.1314361030235887,0.10262118484852682,0.018677838146686554,0.001643256633542478,0.6803607940673828,,,
690,1.152086803689599,0.11207447045692695,-0.018113182857632637,0.0016323196468874812,0.6885241866111755,,,
691,1.2320867776870728,0.18411390575084058,0.008972682990133762,0.001625733682885766,0.6944465041160583,,,
692,1.1672746734693646,0.12525765542581357,-0.036152470856904984,0.0018135474529117346,0.6972671747207642,,,
693,1.1664210744202137,0.13185935873501015,0.028260068967938423,0.001546993269585073,0.6913451552391052,,,
694,1.1727212285622954,0.13599605172316767,-0.03521889075636864,0.0015888542402535677,0.6935123205184937,,,
695,1.168981259688735,0.13589509265563515,-0.02835208550095558,0.0014350619167089462,0.6967487931251526,,,
696,1.2527767848223448,0.19681136748039724,-0.03760182857513428,0.0016238890821114182,0.6924291849136353,,,
697,1.1922705499455333,0.15601937636069016,-0.01332804560661316,0.001536073163151741,0.6936821341514587,,,
698,1.138815751299262,0.10964537926797413,-0.03121268004179001,0.0016072096768766642,0.6928815245628357,,,
699,1.18848976213485,0.1481667000373675,-0.001408649724908173,0.0013469295809045434,0.692598283290863,1.1376617336645722,0.21123246213140232,0.11245695339075275
700,1.172576790675521,0.1377991280016389,0.01382266916334629,0.001326873549260199,0.689763069152832,,,
701,1.2010832270607352,0.15804583379687343,0.025112958624958992,0.0015195179730653763,0.6937389373779297,,,
702,1.197327233850956,0.1535943419677327,0.007684370502829552,0.0015270012663677335,0.6965898275375366,,,
703,1.1861401721835136,0.1418362062495248,0.006208418868482113,0.0014086823211982846,0.6977949738502502,,,
704,1.1735019823536277,0.13515513189279876,-0.03215460106730461,0.001552871079184115,0.6947444677352905,,,
705,1.2455694479867816,0.19009290717289623,-0.004731299355626106,0.0016273005167022347,0.6886023879051208,,,
706,1.1772136157378554,0.1405095370181101,-0.019805356860160828,0.001636754721403122,0.6839980483055115,,,
707,1.1557811154052615,0.12244727217341897,0.0019019548781216145,0.0014668165240436792,0.6792516112327576,,,
708,1.079042974859476,0.05581281568243657,0.003910362720489502,0.0016062685754150152,0.6780577301979065,,,
709,1.1649952130392194,0.1279302690473038,-0.04003303498029709,0.0013896104646846652,0.6789255738258362,,,
710,1.2220277227461338,0.17339168126245738,-0.015102286823093891,0.0016357343411073089,0.681734025478363,,,
711,1.1701753847301006,0.13315535306293033,-0.001290606800466776,0.0015275039477273822,0.6917151808738708,,,
712,1.1154017951339483,0.08968169053371422,-0.02282332442700863,0.0014446553541347384,0.6934117674827576,,,
713,1.1741954563185573,0.1415502560927714,0.0011326530948281288,0.0014545831363648176,0.6914767622947693,,,
714,1.1221054503694177,0.09455706625266433,-0.003856698051095009,0.0013917397009208798,0.6980472803115845,,,
715,1.191209627315402,0.14493933666298398,-0.009838283061981201,0.0015024362364783883,0.7040185928344727,,,
716,1.1500389855355024,0.11037434458764803,0.024777621030807495,0.0014529757900163531,0.7001761794090271,,,
717,1.1889676162973046,0.14404048283572035,0.0172735508531332,0.0017279289895668626,0.6955105066299438,,,
718,1.1698058862239122,0.13249734226843388,-0.016426587477326393,0.0017032298492267728,0.6885356903076172,,,
719,1.2325475309044123,0.1862414823009481,0.008875351399183273,0.001631239429116249,0.6886234879493713,,,
720,1.1496482864022255,0.11381416070018344,0.022540157660841942,0.0015338209923356771,0.6841488480567932,,,
721,1.2059090035036206,0.16712749049427125,0.008401974104344845,0.0015589528484269977,0.6851739883422852,,,
722,1.1810690201818943,0.14280820679148676,0.0701422393321991,0.0015393884386867285,0.6858224868774414,,,
723,1.1586608719080687,0.12160428345122329,0.0065461574122309685,0.0015191809507086873,0.6913652420043945,,,
724,1.1728644343093038,0.1331431911421863,0.002929824171587825,0.0016404137713834643,0.6872205138206482,1.135353747755289,0.20774405312159305,0.11103183341367413
725,1.1811761315912008,0.13612111880217356,-0.04914923012256622,0.0015850013587623835,0.6856938004493713,,,
726,1.1415622625499964,0.10435517247568912,-0.02369554154574871,0.0016055183950811625,0.6899398565292358,,,
727,1.1792075345292687,0.1388957763147737,-0.024745574221014977,0.0015334238996729255,0.685585081577301,,,
728,1.1797022828832269,0.14277349338792494,0.00660014757886529,0.0014790472341701388,0.6749268174171448,,,
729,1.163878869265318,0.12487530903747271,0.005246979184448719,0.0016331251244992018,0.667628824710846,,,
730,1.1905439738184214,0.15395487140615416,-0.024631043896079063,0.0015444273594766855,0.6706122756004333,,,
731,1.10867281537503,0.08879092200720462,0.00555064994841814,0.0014945206930860877,0.6664409637451172,,,
732,1.1510123340412974,0.12594957942275772,-0.030197154730558395,0.0012841996503993869,0.6618337631225586,,,
733,1.1220919582992792,0.09612869869741478,-0.003804096020758152,0.001251776935532689,0.6541542410850525,,,
734,1.1908735120669007,0.1559614654642294,0.027309592813253403,0.0013085863320156932,0.6523808836936951,,,
735,1.170756141655147,0.1335792276017242,0.01979544386267662,0.0014155266107991338,0.6512946486473083,,,
736,1.1758074844256043,0.1368957183387941,-0.01868957281112671,0.0013778588036075234,0.6596508026123047,,,
737,1.1404487891122699,0.1088869893753466,-0.002997376024723053,0.001493797404691577,0.6616310477256775,,,
738,1.1359772123396397,0.09598522301258519,0.0379658043384552,0.0015099809970706701,0.6562009453773499,,,
739,1.214947017841041,0.16709120922373216,-0.042059414088726044,0.0015710161533206701,0.6518974304199219,,,
740,1.192139383405447,0.15440520791170081,-0.022556345909833908,0.0015293053584173322,0.6630062460899353,,,
741,1.1963024782016873,0.1583663971695459,-0.0038999891839921474,0.0015207452233880758,0.6616583466529846,,,
742,1.1667967103421688,0.12459354392602158,0.0038978031370788813,0.0014922815607860684,0.6562137007713318,,,
743,1.2011771965771914,0.16059751944873868,-0.006155664566904306,0.0014109393814578652,0.6500473618507385,,,
744,1.1837409464642406,0.14231692644997568,-0.016177449375391006,0.0016485104570165277,0.6367058157920837,,,
745,1.1961474176496267,0.15055334374747253,-0.013794145546853542,0.0017233212711289525,0.6272639632225037,,,
746,1.2726336466148496,0.21710769746867653,0.00797206163406372,0.0017130213091149926,0.6172266602516174,,,
747,1.1307642366737127,0.10152284618814231,0.010817467235028744,0.001646548742428422,0.6157192587852478,,,
748,1.170794501900673,0.13362923787923425,-0.008005192503333092,0.0015811547636985779,0.6193451285362244,,,
749,1.147541613318026,0.10945447435690317,-0.018043413758277893,0.0014479755191132426,0.6205869317054749,1.1381419571116567,0.21233447946386386,0.11276738772692237
750,1.2240821737796068,0.17284558444830744,-0.026521150022745132,0.0018307430436834693,0.6114425659179688,,,
751,1.215794125571847,0.17166018965446728,-0.059887196868658066,0.001497155986726284,0.6038345694541931,,,
752,1.1623671473935246,0.12730468629696207,-0.0033466345630586147,0.0015662797959521413,0.5892449021339417,,,
753,1.2320313602685928,0.1801478974480019,-0.015392026863992214,0.0015269533032551408,0.5872716307640076,,,
754,1.1789560616016388,0.14343573684916044,0.011608850210905075,0.0017384724924340844,0.5906873345375061,,,
755,1.183711465448141,0.14507384169234971,0.00933599378913641,0.0015121022006496787,0.5950518250465393,,,
756,1.1719211069867015,0.13571606997895927,0.012704753316938877,0.0016466997331008315,0.6048120856285095,,,
757,1.1225877907127142,0.09122083537965756,-0.037478938698768616,0.001477253856137395,0.6065015196800232,,,
758,1.1835956517606974,0.14223032021235732,0.015578501857817173,0.0016570582520216703,0.5996094346046448,,,
759,1.159109765663743,0.12230693991043559,-0.03364042192697525,0.0014235833659768105,0.5981965065002441,,,
760,1.1643366953358054,0.1285192222291207,-0.01992662250995636,0.0015488147037103772,0.5980128645896912,,,
761,1.1901890933513641,0.14983282220541314,0.0415692962706089,0.0014426447451114655,0.5980125069618225,,,
762,1.1590444818139076,0.11089602168748264,0.0033221174962818623,0.0015263159293681383,0.5957064032554626,,,
763,1.1620143176987767,0.12373262550360146,0.01695871166884899,0.0017848560819402337,0.5896511673927307,,,
764,1.087350333109498,0.06113983312184943,-0.005948738195002079,0.001619452959857881,0.584686815738678,,,
765,1.2244207542389631,0.17344025614527805,-0.004834492225199938,0.0017049765447154641,0.5732079148292542,,,
766,1.2092620925977826,0.16612431673700415,0.04567031189799309,0.0016034456202760339,0.5641831755638123,,,
767,1.1711100107058883,0.13307544243942396,0.020924001932144165,0.0014058224624022841,0.5539302229881287,,,
768,1.1885411432012916,0.14687458600208103,0.007475665770471096,0.0015139273600652814,0.5427102446556091,,,
769,1.1648414339870214,0.12609397234881647,0.004087395500391722,0.0015608718385919929,0.5423569083213806,,,
770,1.1611280906945467,0.13195563665933652,0.019099721685051918,0.0015602854546159506,0.5335764288902283,,,
771,1.1660541286692023,0.1298958255872003,0.006646080408245325,0.0015255090547725558,0.5319523215293884,,,
772,1.1527617080137134,0.11960069053643224,0.009999828413128853,0.0014255046844482422,0.5374913215637207,,,
773,1.1660995557904243,0.127637297784026,-0.02185807377099991,0.001506910310126841,0.5333632826805115,,,
774,1.1714837439358234,0.13651575632422863,0.007264334708452225,0.0014601871371269226,0.5291529297828674,1.1387611469253898,0.21447484128076164,0.11321024592416949
775,1.2015811735764146,0.1607544386599796,0.008428545668721199,0.001472349395044148,0.5284577012062073,,,
776,1.2083366932347417,0.16287512680673732,-0.0065167369320988655,0.0017471250612288713,0.5195989012718201,,,
777,1.210090510547161,0.1641880645259537,0.016079597175121307,0.0013569480506703258,0.5201368927955627,,,
778,1.2327770246192813,0.17515999547670585,0.004190226551145315,0.0015001670690253377,0.515866219997406,,,
779,1.1797192208468914,0.13969020883387193,0.01263158954679966,0.0015942839672788978,0.5061292052268982,,,
780,1.15237039886415,0.11836448293414145,0.027827857062220573,0.0014609874924644828,0.5039978623390198,,,
781,1.2026176750659943,0.15567542417178865,0.001490183174610138,0.0017502803821116686,0.49819424748420715,,,
782,1.1959920758381486,0.1483917048344817,-0.02363545075058937,0.001655169646255672,0.5061102509498596,,,
783,1.1487629180774093,0.10853385950639308,0.00730767659842968,0.0017720682080835104,0.4997691512107849,,,
784,1.1698300130665302,0.12373734223337254,-0.001109758042730391,0.001717705512419343,0.5000872015953064,,,
785,1.1857848931103945,0.15146633098582674,0.023467380553483963,0.00149441696703434,0.5014162659645081,,,
786,1.1355744805186987,0.10748119583564958,-0.05373534560203552,0.0015253489837050438,0.5043635368347168,,,
787,1.144712409004569,0.11252195219759233,0.022730275988578796,0.001530581503175199,0.5009326338768005,,,
788,1.1397336535155773,0.10990845322825388,0.047168340533971786,0.0013452261919155717,0.5009961128234863,,,
789,1.1608416391536593,0.12372741542028898,-0.002890596631914377,0.001373520353808999,0.5072317123413086,,,
790,1.1771471723914146,0.14397758586912657,0.028543172404170036,0.0013943793019279838,0.5053053498268127,,,
791,1.1384382154792547,0.11119067388707363,0.01386750303208828,0.0013880201149731874,0.49593257904052734,,,
792,1.1290554152801633,0.10042360829628796,-0.027858475223183632,0.0013335368130356073,0.4786248207092285,,,
793,1.1576035786420107,0.12393190969191119,-0.01672830805182457,0.0013770554214715958,0.4723883271217346,,,
794,1.1110280686989427,0.07636676620639359,-0.008015894331037998,0.0015961540630087256,0.4777064621448517,,,
795,1.1708272956311703,0.13456898486942803,-0.0038980236276984215,0.0013945132959634066,0.4711112380027771,,,
796,1.1487344466149807,0.11613714557958385,-0.04713863134384155,0.0015579627361148596,0.4678349792957306,,,
797,1.1882071401923895,0.15002652583551113,0.0034911474213004112,0.0015025846660137177,0.46466439962387085,,,
798,1.1107071219012141,0.08313330463462001,-0.04833474010229111,0.0013222602428868413,0.45978209376335144,,,
799,1.181977222673595,0.14564348942586935,0.012455692514777184,0.0015117834554985166,0.46150636672973633,1.1405523754656315,0.21647721886704918,0.11464062366332106
800,1.180608332157135,0.14550400525969767,0.014164935797452927,0.0013971413718536496,0.4612617492675781,,,
801,1.1416532108560205,0.10674502691636648,-0.05126723274588585,0.0014484907733276486,0.46573784947395325,,,
802,1.1668372005224228,0.1345341075340542,-0.004355060867965221,0.001467586145736277,0.46744343638420105,,,
803,1.1518667247146368,0.1174699062312875,-0.001122333575040102,0.0013875793665647507,0.4760952591896057,,,
804,1.2014030804857612,0.16545827948857195,0.00948338583111763,0.0012946751667186618,0.47459885478019714,,,
805,1.1754115484654903,0.13755195621642552,-0.018352791666984558,0.0015266210539266467,0.4694719612598419,,,
806,1.1841825600713491,0.14534371305975693,0.004957761615514755,0.0016461104387417436,0.4725666344165802,,,
807,1.1584813417866826,0.12110262015691449,-0.01519473735243082,0.0014880230883136392,0.47181886434555054,,,
808,1.1922484086826444,0.1528486772216209,-0.03700602427124977,0.001503265113569796,0.46160033345222473,,,
809,1.1959995068609715,0.15113865314060532,-0.05267510563135147,0.0014475062489509583,0.4601975083351135,,,
810,1.1342092407867312,0.10116664955056283,0.036164890974760056,0.0016520526260137558,0.4573216140270233,,,
811,1.1705773817375302,0.13997774924330067,-0.015074757859110832,0.0013985602417960763,0.45351171493530273,,,
812,1.141602541320026,0.11671031474637042,0.04163710027933121,0.001515042269602418,0.4535427689552307,,,
813,1.1682253880426288,0.12816142742372721,-0.04479898884892464,0.0014053928898647428,0.45569753646850586,,,
814,1.217094810679555,0.17389399757654636,-0.03123975545167923,0.0015709357103332877,0.4496312439441681,,,
815,1.1590118408203125,0.12643646345166942,-0.0396605059504509,0.0015001947758719325,0.4439811408519745,,,
816,1.1520425183698535,0.1231715996443058,0.03663318231701851,0.0014508822932839394,0.43848517537117004,,,
817,1.1372153609991074,0.10725483925373666,0.011594019830226898,0.001302014454267919,0.4537992775440216,,,
818,1.1687345635145903,0.12767110623536237,-0.017415335401892662,0.001448421855457127,0.4558720290660858,,,
819,1.1479017613455653,0.10965230096116248,0.029943805187940598,0.0015403134748339653,0.44904428720474243,,,
820,1.2178373700007796,0.16880436797817186,0.03066207841038704,0.0014601938892155886,0.43702366948127747,,,
821,1.183093335479498,0.14823091516110604,0.006940012332051992,0.0015145946526899934,0.44042131304740906,,,
822,1.1794831473380327,0.14345868281345409,0.0087131317704916,0.0015103199984878302,0.43090200424194336,,,
823,1.1689593931660056,0.1299533337363944,-0.010846491903066635,0.0014825693797320127,0.432643860578537,,,
824,1.1941757649183273,0.1629744293597312,0.03149093687534332,0.0014565149322152138,0.42873814702033997,1.1393315205350518,0.21580840637414336,0.11368514931483885
825,1.158405584283173,0.12285486064527462,0.022322310134768486,0.001311550964601338,0.4245595932006836,,,
826,1.179103871807456,0.13554199768306402,-0.023690778762102127,0.0014806700637564063,0.42178013920783997,,,
827,1.1377456542104483,0.09279830156184486,0.019832976162433624,0.001405874383635819,0.4242801368236542,,,
828,1.1397364269942045,0.11022656573458967,-0.031029468402266502,0.0014844667166471481,0.42819496989250183,,,
829,1.2130319382995367,0.1719245186310062,-0.0047927419655025005,0.0016673436621204019,0.4337615966796875,,,
830,1.1560580236837268,0.12390904066502986,-0.020712679252028465,0.001518799690529704,0.4314716160297394,,,
831,1.1771632181480527,0.1402282124466142,0.06944035738706589,0.0015776415821164846,0.4346819221973419,,,
832,1.155715105123818,0.12582437168070432,-0.010337550193071365,0.0014724023640155792,0.4450358748435974,,,
833,1.123292539268732,0.08764853404387615,-0.04056378826498985,0.001493615098297596,0.4536561369895935,,,
834,1.221454386599362,0.17543240010235833,-0.03354287147521973,0.001684114569798112,0.45699265599250793,,,
835,1.2135269520804286,0.1665446620000311,0.013329883106052876,0.0015604288782924414,0.4638667404651642,,,
836,1.2182878106832504,0.17316683171163605,0.029083680361509323,0.001519836368970573,0.46003153920173645,,,
837,1.2571892095729709,0.20156634930704423,0.02006872370839119,0.001698537147603929,0.46041443943977356,,,
838,1.2124879835173488,0.1724316957614509,-0.008549360558390617,0.0014550270279869437,0.4613289535045624,,,
839,1.2266653906553984,0.1800680408141255,0.0127674276009202,0.0013682125136256218,0.4583912491798401,,,
840,1.1735895304009318,0.13847419497120916,0.003381582908332348,0.0015425921883434057,0.4519200623035431,,,
841,1.1664926651865244,0.12955424658409598,-0.0006404147716239095,0.0015536211431026459,0.4501218795776367,,,
842,1.1527501940727234,0.11107330938645286,-0.014052774757146835,0.0013794779079034925,0.44894978404045105,,,
843,1.1281154416501522,0.09495300401158252,0.00032821414060890675,0.001567741623148322,0.44133758544921875,,,
844,1.1736896242946386,0.13280564689634217,-0.002021030755713582,0.001552319386973977,0.44439199566841125,,,
845,1.140523619018495,0.10920559178890582,0.0032597510144114494,0.0014804740203544497,0.44705626368522644,,,
846,1.1946694841608405,0.1599196054847027,0.020295903086662292,0.001499089179560542,0.44534775614738464,,,
847,1.1700787460431457,0.13426620406511,-0.011053497903048992,0.0013848840026184916,0.4440055191516876,,,
848,1.1963910330086946,0.15916680746857015,-0.00291458610445261,0.001397412270307541,0.44005343317985535,,,
849,1.1140335192903876,0.08252768817933931,0.001267994288355112,0.001504661631770432,0.4409050941467285,1.1397034265100956,0.2155534982970166,0.11416991250318742
850,1.1149107124656439,0.08354844021050697,-0.019948547706007957,0.0015657602343708277,0.4468579590320587,,,
851,1.2073143376037478,0.16084658785655645,-0.0002635120181366801,0.0016087854746729136,0.4365573227405548,,,
852,1.1853187279775739,0.14349297529291655,-0.03867414593696594,0.001665503834374249,0.43271204829216003,,,
853,1.1425467124208808,0.1058831118505455,0.0225876122713089,0.0014835040783509612,0.42464277148246765,,,
854,1.109379124827683,0.08301291604573255,-0.03493300452828407,0.0013684991281479597,0.4220629036426544,,,
855,1.2366219563409686,0.18914305368362466,0.030290545895695686,0.0013086280087009072,0.427397221326828,,,
856,1.1833024295046926,0.1437478213621864,0.014278641901910305,0.0015162881463766098,0.42500588297843933,,,
857,1.1826464692130685,0.14773245342775287,-0.03212977573275566,0.0013817476574331522,0.4270160496234894,,,
858,1.1337510189041495,0.1079804069856552,-0.024894477799534798,0.0013734812382608652,0.42134758830070496,,,
859,1.1534115197136998,0.11238736115125991,-0.016553496941924095,0.0014375804457813501,0.4189629554748535,,,
860,1.1350146504119039,0.10694902712132964,0.004778914153575897,0.0013562394306063652,0.4152581989765167,,,
861,1.156819968484342,0.12775494535802817,-0.011701472103595734,0.0014155457029119134,0.40625622868537903,,,
862,1.214259410277009,0.169670132553871,-0.039279695600271225,0.0014875499764457345,0.4104604721069336,,,
863,1.2136764666065574,0.16246821013649246,-0.01368668582290411,0.0013912540161982179,0.39804789423942566,,,
864,1.15142085775733,0.1227330055321822,0.012669270858168602,0.0014362179208546877,0.3914299011230469,,,
865,1.1591663165017962,0.11895251542976862,-0.006352761760354042,0.0013968029525130987,0.3864589035511017,,,
866,1.1995743066072464,0.1545904917805701,0.005362718366086483,0.0015157259767875075,0.3872964680194855,,,
867,1.1819081036373973,0.14485335531961036,-0.018122481182217598,0.0015630589332431555,0.37993529438972473,,,
868,1.2086077695712447,0.1553242287432367,0.01872173324227333,0.0014248806983232498,0.3810162842273712,,,
869,1.1525041796267033,0.11113754870701567,-0.06002432480454445,0.001586211146786809,0.3728208839893341,,,
870,1.161460473202169,0.13156959033325663,0.015233859419822693,0.0015252141747623682,0.37920042872428894,,,
871,1.1451191361993551,0.11138447572215018,0.017313499003648758,0.0014217299176380038,0.3832494914531708,,,
872,1.1659101117402315,0.13648747861477725,-0.04176006466150284,0.0014246403006836772,0.3745069205760956,,,
873,1.1993317995220423,0.15742245465595694,-0.01801009476184845,0.0013920158380642533,0.36385485529899597,,,
874,1.2085086675360799,0.1692440255769037,0.026669340208172798,0.001331500941887498,0.3659527003765106,1.1416297908872366,0.21898392675712985,0.11534219653468192
875,1.1725502433255315,0.13485157867861935,0.00473052728921175,0.0014454190386459231,0.367183655500412,,,
876,1.1387324053794146,0.102381790023265,0.015128763392567635,0.001489923452027142,0.3683473765850067,,,
877,1.2260021660476923,0.17640291473064118,-0.0213403832167387,0.0014976662350818515,0.36716940999031067,,,
878,1.2290679197758436,0.1843900136863339,0.0030073020607233047,0.0013518847990781069,0.3538263142108917,,,
879,1.2161300657317042,0.1670997522420552,-0.048472266644239426,0.0014805964892730117,0.34307482838630676,,,
880,1.1584208188578486,0.12242854719445445,-0.006253526546061039,0.001591296517290175,0.33709433674812317,,,
881,1.1820243131369352,0.13946193821548852,0.034730613231658936,0.0016424477798864245,0.3381955921649933,,,
882,1.1393967857584357,0.1060099762632764,0.006228880025446415,0.001409374177455902,0.34091612696647644,,,
883,1.1175246238708496,0.08953591377378284,0.009972888976335526,0.0015304300468415022,0.33333060145378113,,,
884,1.1826527612283826,0.1419346535364696,0.04807671532034874,0.0014660559827461839,0.33800026774406433,,,
885,1.2135068643838167,0.16979807387337043,-0.005980711430311203,0.0015067615313455462,0.3444681167602539,,,
886,1.1354713458567858,0.1106959681969864,-0.019296469166874886,0.0015210474375635386,0.3409852981567383,,,
887,1.1939093712717295,0.1514781629333513,-0.008208920247852802,0.0014135113451629877,0.3323362171649933,,,
888,1.1769119007512927,0.13556291551725547,0.010369058698415756,0.0014978768303990364,0.32763242721557617,,,
889,1.1735452506691217,0.14045999284772814,-0.02971348538994789,0.0014335260493680835,0.33025649189949036,,,
890,1.1912737032398582,0.14941531914610545,0.02228642627596855,0.001543210237286985,0.3463773727416992,,,
891,1.167467525228858,0.1296428593022761,0.006432737223803997,0.0015426528407260776,0.35419797897338867,,,
892,1.11798828933388,0.08508086915776153,-0.0027616031002253294,0.0015479864086955786,0.35475996136665344,,,
893,1.232318079099059,0.18429034935139893,0.021992890164256096,0.001655667438171804,0.35461190342903137,,,
894,1.1916555296629667,0.15748086486007162,0.02684013359248638,0.0014256463618949056,0.35741662979125977,,,
895,1.1489416873082519,0.10565433593004393,0.029690543189644814,0.0015456051332876086,0.3533320128917694,,,
896,1.2194497492164373,0.16619825335218352,0.03491930663585663,0.0015757764922454953,0.358180969953537,,,
897,1.2087861690670252,0.16230181178301786,-0.019532691687345505,0.0016387413488700986,0.36113908886909485,,,
898,1.2102333912625909,0.14930616052475568,-0.068634033203125,0.0016139192739501595,0.355439156293869,,,
899,1.1072967117652297,0.08007605002678553,0.0262647345662117,0.0016805649502202868,0.3523614704608917,1.1477551450952888,0.2299754777388426,0.11922142623879031
900,1.1836253460496664,0.13715766763136208,-0.0405329093337059,0.0016375596169382334,0.3491514027118683,,,
901,1.1360978223383427,0.10503061840249578,0.007316251285374165,0.0015960197197273374,0.3507380187511444,,,
902,1.2083669751882553,0.16343619162141892,-0.04978635534644127,0.001586626167409122,0.3502824604511261,,,
903,1.1987775564193726,0.15837779860277268,-0.02992868423461914,0.0015060894656926394,0.349269837141037,,,
904,1.1485505532473326,0.11326620485458026,0.01832873374223709,0.001404847134836018,0.34873291850090027,,,
905,1.1240380741655827,0.10123450521956362,-0.024872293695807457,0.0016279594274237752,0.34046173095703125,,,
906,1.1629480887204409,0.12347947912972981,0.018319174647331238,0.0015505467308685184,0.33661630749702454,,,
907,1.2048358730971813,0.1550070038682227,-0.004452323541045189,0.001585535705089569,0.3295769691467285,,,
908,1.1928235525265336,0.15517922740488677,-0.00472412072122097,0.0015441669384017587,0.33174848556518555,,,
909,1.0856646290048957,0.060276914464724315,0.03554673120379448,0.0014602832961827517,0.3162076771259308,,,
910,1.1283261785283685,0.08521405602272795,0.02022731862962246,0.00145529315341264,0.30772683024406433,,,
911,1.2228076960891485,0.17415004376124774,0.015842394903302193,0.0015598487807437778,0.307079553604126,,,
912,1.1936413031071424,0.1559385840240322,-0.02946736291050911,0.001557527924887836,0.30656716227531433,,,
913,1.1982086542993784,0.15722496287596527,-0.01233857125043869,0.0015654325252398849,0.3019513785839081,,,
914,1.1268832236528397,0.09093911253153322,0.02501066029071808,0.0016300523420795798,0.2954089641571045,,,
915,1.1711099203675985,0.14082399970627096,-0.025456562638282776,0.0014480886748060584,0.29054972529411316,,,
916,1.1834592148661613,0.13717723007673321,-0.038347210735082626,0.0018068571807816625,0.305206298828125,,,
917,1.1465442208573222,0.11084016876828323,0.024870729073882103,0.0016660478431731462,0.30039262771606445,,,
918,1.117529034614563,0.08415548338825254,-0.0020079214591532946,0.0014575051609426737,0.30257609486579895,,,
919,1.2780472626909614,0.22333900545665464,-0.012098819948732853,0.0015755662461742759,0.2983565628528595,,,
920,1.187858517281711,0.14355316606923924,-0.005452732555568218,0.001639808644540608,0.2958779036998749,,,
921,1.2026480231434107,0.15948600879758865,-0.002771184779703617,0.0016637819353491068,0.3010692298412323,,,
922,1.1823366358876228,0.14122876339533727,-0.03802021965384483,0.0018472698284313083,0.2934904396533966,,,
923,1.1890910109505057,0.1446030367660419,0.014097079634666443,0.0015537200961261988,0.2905154228210449,,,
924,1.1579708978533745,0.12631134960016777,0.016056818887591362,0.0016066988464444876,0.2861185073852539,1.148648806847632,0.23383603970605177,0.11965933545813193
925,1.214802274480462,0.17275700870031768,0.012546109035611153,0.0015560837928205729,0.2773418426513672,,,
926,1.2089359862729907,0.1682761317692134,0.027248838916420937,0.0014268116792663932,0.27058789134025574,,,
927,1.2153688846156,0.16353143313325483,-0.017130117863416672,0.001494968542829156,0.2757105827331543,,,
928,1.2086599543690681,0.15998272700778976,-0.008298845961689949,0.0014028677251189947,0.2731633484363556,,,
929,1.1962889647111297,0.14539011546417713,-0.04426335543394089,0.001518657780252397,0.27050352096557617,,,
930,1.14925192669034,0.11902861141233168,-0.05294317379593849,0.0016754689859226346,0.2659134864807129,,,
931,1.1679471945390105,0.13161666898060786,-0.003086140612140298,0.001585555961355567,0.2660362720489502,,,
932,1.1866513676941395,0.14946565494547706,-0.005578526295721531,0.0014123150613158941,0.2733156681060791,,,
933,1.2011615578085184,0.1571626549040807,-7.372855907306075e-05,0.0017019540537148714,0.276856392621994,,,
934,1.1877283090725541,0.13926804271732504,-0.01665760576725006,0.0015448086196556687,0.2795686423778534,,,
935,1.1250093337148428,0.08586805422676827,0.00038441154174506664,0.0016885598888620734,0.27563950419425964,,,
936,1.164117593318224,0.11584997661286404,-0.007322471588850021,0.0016115071484819055,0.27138516306877136,,,
937,1.1599006885662675,0.12244055037004375,-0.055806566029787064,0.0017297358717769384,0.27054309844970703,,,
938,1.2007223665714264,0.16340939667996807,-0.0011236169375479221,0.0015617544995620847,0.2645394802093506,,,
939,1.14790690690279,0.11521396523576517,0.006628837902098894,0.0015777474036440253,0.26708361506462097,,,
940,1.1237295623868704,0.10031921278833174,-0.012536932714283466,0.0013708118349313736,0.268039733171463,,,
941,1.1652075629681349,0.11926635568428913,-0.021717553958296776,0.0015851675998419523,0.2569584846496582,,,
942,1.24051074963063,0.19248839260823197,-0.0064149098470807076,0.0015931131783872843,0.24953606724739075,,,
943,1.1899769250303507,0.14264431874900219,0.0037794960662722588,0.0014225681079551578,0.24826952815055847,,,
944,1.2202587872743607,0.17378496124651882,0.04897557944059372,0.0017180852591991425,0.2426033318042755,,,
945,1.2060907362028956,0.16898837738972408,-0.0445956215262413,0.0015092471148818731,0.24559739232063293,,,
946,1.188968806527555,0.14158093936639185,0.004896988160908222,0.0015422544674947858,0.25190186500549316,,,
947,1.174985870718956,0.14880570730752252,-0.038314010947942734,0.0014389129355549812,0.26021409034729004,,,
948,1.192280343733728,0.143909441225056,-0.027461299672722816,0.001549988053739071,0.26293349266052246,,,
949,1.196231009438634,0.1578327800793891,0.07235418260097504,0.0015179391484707594,0.2561802566051483,1.14939830545336,0.23528791642660982,0.12009690485304363
950,1.1807518005371094,0.14338044132735486,0.015422049909830093,0.0015286188572645187,0.2469148337841034,,,
951,1.1897101840004325,0.1443727974518896,-0.012751450762152672,0.0017248224467039108,0.25318050384521484,,,
952,1.2257391288876534,0.17448291653894776,-0.023065395653247833,0.0017108304891735315,0.24592280387878418,,,
953,1.1782697532325983,0.14205757170422645,0.03030513972043991,0.0016697419341653585,0.24832579493522644,,,
954,1.1527185421437025,0.12086439953175426,0.017389824613928795,0.0014786232495680451,0.2500114142894745,,,
955,1.2015186306089163,0.14876215244720198,-0.04346180334687233,0.0017160394927486777,0.26065564155578613,,,
956,1.2026970004662871,0.15928053194667496,0.007592722307890654,0.00166863645426929,0.2708173096179962,,,
957,1.200561341829598,0.15656552983288147,0.004472106229513884,0.0016600571107119322,0.26417306065559387,,,
958,1.1587640848010778,0.1229276709477167,0.02430303767323494,0.001526862382888794,0.26314640045166016,,,
959,1.2242141095921397,0.1829527024150539,0.004149400629103184,0.0014056629734113812,0.25896406173706055,,,
960,1.1734106438234448,0.1391454218124365,0.0441780686378479,0.0014124468434602022,0.2595882713794708,,,
961,1.1576423663645983,0.10543438981650112,0.005273596849292517,0.0015101645840331912,0.26604315638542175,,,
962,1.19774070661515,0.15068584047623357,-0.01215768326073885,0.0017013541655614972,0.26189759373664856,,,
963,1.209812075830996,0.16546828427434773,0.024167312309145927,0.0019564651884138584,0.25832316279411316,,,
964,1.1610074946656823,0.12390605619219705,-0.020241204649209976,0.001658039167523384,0.2593801021575928,,,
965,1.1753319539129734,0.13550740112678872,-0.02483237534761429,0.0015111651737242937,0.2629244327545166,,,
966,1.2207210827618837,0.16496540648931557,-0.007334430702030659,0.0016358934808522463,0.2614474594593048,,,
967,1.1646220535039902,0.12692587745924883,0.011104600504040718,0.0017135145608335733,0.25969454646110535,,,
968,1.1762124542146921,0.13828919543298834,-0.026291368529200554,0.0016181992832571268,0.25781917572021484,,,
969,1.1604502610862255,0.12536850315711323,-0.0003192506264895201,0.001513942494057119,0.24469467997550964,,,
970,1.1410777987912297,0.11376184708816206,-0.0029275366105139256,0.0013718216214329004,0.24577760696411133,,,
971,1.1958739487454295,0.14877658497501195,-0.00013212685007601976,0.0016241517150774598,0.2489815056324005,,,
972,1.2129329042509198,0.16395645163448508,0.02100575901567936,0.0014516100054606795,0.25350716710090637,,,
973,1.1801325511187315,0.12856270957199672,-0.02853470668196678,0.0017547986935824156,0.259141206741333,,,
974,1.1622416330501437,0.12941625224761394,-0.014681162312626839,0.0015665792161598802,0.2559909522533417,1.1458508791401982,0.22979535282748345,0.11785854842326936
975,1.2255506496876478,0.17491889616118322,0.032267630100250244,0.0015470116632059216,0.254851371049881,,,
976,1.2356464806944132,0.17401476597669052,0.004021727479994297,0.0017232317477464676,0.2515895366668701,,,
977,1.1705324919894338,0.12673639209548768,-0.005292478017508984,0.0016453800490126014,0.239729642868042,,,
978,1.1742959525436163,0.1345642036713373,-0.012127445079386234,0.001635405351407826,0.2394290268421173,,,
979,1.1565047949552536,0.12834461352182255,-0.026527514681220055,0.0016496460884809494,0.23889735341072083,,,
980,1.1872331192716956,0.14628398248867786,-0.016164910048246384,0.0013889241963624954,0.2388169765472412,,,
981,1.1426039971411228,0.10850522146105412,0.013729387894272804,0.0015351620968431234,0.23922446370124817,,,
982,1.1859474768862128,0.14694000896085885,0.0003858718555420637,0.0013833732809871435,0.24836444854736328,,,
983,1.1596518196165562,0.1305780054349245,-0.0059946817345917225,0.0013144472613930702,0.24108123779296875,,,
984,1.2076342813670635,0.1630822275660216,-0.02272636443376541,0.0015547059010714293,0.23421049118041992,,,
985,1.205503367818892,0.15947784536487059,-0.02298329956829548,0.0016500212950631976,0.22933146357536316,,,
986,1.1761218272149563,0.14006600771277652,-0.015878543257713318,0.0013743061572313309,0.2261977195739746,,,
987,1.173680853098631,0.13819959345426114,0.009375980123877525,0.001558523392304778,0.2295089066028595,,,
988,1.2147500002756715,0.1675329158712171,0.0005045979050919414,0.0016448491951450706,0.22843503952026367,,,
989,1.2422394873574376,0.18966450456890496,-0.01981743983924389,0.001610115054063499,0.2250070571899414,,,
990,1.1198082780465484,0.09396597546555505,0.0018002777360379696,0.0014898088993504643,0.221779927611351,,,
991,1.1957390392199159,0.15077587913230833,-0.03827910125255585,0.0016745607135817409,0.2246541976928711,,,
992,1.2149333944544196,0.1732162670601034,0.005784987471997738,0.0014585586031898856,0.2277843952178955,,,
993,1.2275296123698354,0.1768791010941157,0.023402027785778046,0.0014409758150577545,0.22376152873039246,,,
994,1.1597756445407867,0.12087830904112826,-0.023918110877275467,0.0014395432081073523,0.22210322320461273,,,
995,1.1213765917345881,0.08721076092452668,0.02657150849699974,0.0014399569481611252,0.22201527655124664,,,
996,1.206677914597094,0.15524191530985368,0.03300641104578972,0.0017069944879040122,0.22460246086120605,,,
997,1.1900191018357873,0.15506691381569726,0.01235018577426672,0.0015117998700588942,0.22704577445983887,,,
998,1.1369958706200123,0.1074815497349545,0.009160252287983894,0.0016977771883830428,0.2321162223815918,,,
999,1.1488490337505937,0.1258518776296894,0.022065460681915283,0.0013126741396263242,0.23282599449157715,1.146089855581522,0.2260128744698626,0.11845757022169451
1000,1.147810198366642,0.11066474543805087,0.004544622730463743,0.0017022703541442752,0.24120429158210754,,,
1001,1.1599106350913644,0.12324092617924641,-0.00048641912871971726,0.0014669046504423022,0.23432251811027527,,,
1002,1.1332800518721342,0.10324785959849644,0.015239883214235306,0.0014981369022279978,0.22965291142463684,,,
1003,1.1539513226598501,0.12265057851224481,-0.029864944517612457,0.0012597674503922462,0.2273712456226349,,,
1004,1.1884403061121702,0.14551489971155598,-0.03743085637688637,0.001504784799180925,0.23190119862556458,,,
1005,1.173614644445479,0.12497732448127825,0.019227854907512665,0.0016560673248022795,0.22728583216667175,,,
1006,1.2187382131814957,0.17690185592674673,0.020748134702444077,0.0015392856439575553,0.22132635116577148,,,
1007,1.114472821354866,0.08551970826489069,0.042966753244400024,0.001466164132580161,0.217454195022583,,,
1008,1.22108702827245,0.17052208741397995,0.013091087341308594,0.0015013384399935603,0.2228546142578125,,,
1009,1.153924380429089,0.12008679488263185,0.018333710730075836,0.0015503244940191507,0.2282121181488037,,,
1010,1.1451700115576386,0.10807439059461078,-0.013980835676193237,0.0016263992292806506,0.2331242859363556,,,
1011,1.2293573077768087,0.171621999438195,0.012287002056837082,0.001796994241885841,0.23690417408943176,,,
1012,1.233315690420568,0.17917021639062541,-0.013181548565626144,0.0016538333147764206,0.22890686988830566,,,
1013,1.1955770943313837,0.15260384538038502,0.0030463312286883593,0.001810012268833816,0.22215355932712555,,,
1014,1.1636723205447197,0.12496651449840224,0.001315142959356308,0.001614457811228931,0.2116248607635498,,,
1015,1.1583323692902923,0.13091498279782887,-0.0051050796173512936,0.0014645293122157454,0.22049464285373688,,,
1016,1.1366174770519137,0.10638234679723296,0.009633186273276806,0.0015327709261327982,0.22118054330348969,,,
1017,1.1619396694004536,0.12430144430056828,-0.05201565846800804,0.0014317139284685254,0.21530427038669586,,,
1018,1.158293922431767,0.12338517901520238,0.011069351807236671,0.0015415661036968231,0.20464743673801422,,,
1019,1.1681068930774927,0.13672299955960784,0.009893432259559631,0.0013167982688173652,0.2049308866262436,,,
1020,1.1683605406433344,0.1325910701220122,0.0011984034208580852,0.0014143732842057943,0.20463252067565918,,,
1021,1.1864502215757966,0.14709089430016264,0.02461072988808155,0.0015454886015504599,0.20332659780979156,,,
1022,1.1895054876804352,0.15611482570667945,0.004299074411392212,0.0014425348490476608,0.20944298803806305,,,
1023,1.1629998227581382,0.1343734513203532,0.012452139519155025,0.0013695532688871026,0.20711851119995117,,,
1024,1.1862893914803863,0.14112131151436128,0.029584402218461037,0.0013830142561346292,0.20182456076145172,1.1437202552333474,0.2211125842363927,0.117056762481128
1025,1.1651686020195484,0.13401856870002776,-0.0329495444893837,0.0015156370354816318,0.19890345633029938,,,
1026,1.1631004204973578,0.13436982749532195,0.03485558182001114,0.0013833845732733607,0.20089827477931976,,,
1027,1.1864224961027503,0.14860789148048548,-0.020209940150380135,0.0015481797745451331,0.19516076147556305,,,
1028,1.2443546643480659,0.195357922149971,0.023927245289087296,0.0013691881904378533,0.20449519157409668,,,
1029,1.1819546455517411,0.13991791063287162,0.009878551587462425,0.0015613689320161939,0.19952906668186188,,,
1030,1.2194121666252613,0.1717315108251191,-0.022517811506986618,0.0015654083108529449,0.20088757574558258,,,
1031,1.2015236495062709,0.15434688986335693,-0.031444281339645386,0.001614608452655375,0.19733725488185883,,,
1032,1.176474954932928,0.13831255538026896,0.023075684905052185,0.001639358582906425,0.1943884938955307,,,
1033,1.21218750346452,0.16109532398489446,-0.00465089688077569,0.0014804204693064094,0.19261860847473145,,,
1034,1.1877415338531137,0.1499586757574358,0.03112788125872612,0.0014950454933568835,0.189370259642601,,,
1035,1.1714931698516011,0.14163537990162361,-0.006904860958456993,0.0014392705634236336,0.19003905355930328,,,
1036,1.239220542833209,0.1827263068043001,0.008384862914681435,0.0015044762985780835,0.18698178231716156,,,
1037,1.1999443620443344,0.16052463779114257,0.015023689717054367,0.0014692667173221707,0.1774064153432846,,,
1038,1.1069063348695636,0.07501260296593959,0.019291454926133156,0.0013776739360764623,0.16482830047607422,,,
1039,1.1520356768742204,0.12301144686633785,0.0013081326615065336,0.0013555798213928938,0.1663510799407959,,,
1040,1.1620335383340716,0.12950580218788027,-0.002148783765733242,0.0014280600007623434,0.16489876806735992,,,
1041,1.1873091394081712,0.14793900603914079,0.015715312212705612,0.0013832742115482688,0.16243447363376617,,,
1042,1.162563819438219,0.1322273790344988,-0.00453192600980401,0.0014255779096856713,0.16833077371120453,,,
1043,1.1766503620892763,0.14146163627093478,0.010243457742035389,0.0015214377781376243,0.162200927734375,,,
1044,1.1841406412422657,0.13999879378608546,0.03766714408993721,0.0014591009821742773,0.16617774963378906,,,
1045,1.0988171491771936,0.07311923002188137,-0.006400528829544783,0.0014787398977205157,0.1738509088754654,,,
1046,1.1767667653039098,0.13735681470251354,-0.000738387752790004,0.0016053784638643265,0.1724390983581543,,,
1047,1.122860400006175,0.09491728018598491,-0.015078043565154076,0.001525369705632329,0.16773377358913422,,,
1048,1.0896454146131873,0.06436772048888584,0.036822471767663956,0.0015284668188542128,0.1647867113351822,,,
1049,1.2165053505450487,0.16557658727369584,0.0001375194697175175,0.0013621865073218942,0.15354037284851074,1.1426721522584558,0.22130031318543839,0.11604085646729556
1050,1.1604665648192167,0.12219850053161835,0.010229358449578285,0.0015371533809229732,0.14494538307189941,,,
1051,1.2422679895535111,0.18945855899105174,0.01530899666249752,0.0015724162803962827,0.12891483306884766,,,
1052,1.1434973813593388,0.11368765576272964,-0.02674366906285286,0.0015779805835336447,0.1182326078414917,,,
1053,1.1307989843189716,0.09989852633044985,-0.026363546028733253,0.0015676080947741866,0.11875450611114502,,,
1054,1.2490497706457973,0.19167563830617745,0.010734273120760918,0.0016210185131058097,0.09929490089416504,,,
1055,1.156298728659749,0.11893336885323066,0.00037778037949465215,0.001388784614391625,0.09343826770782471,,,
1056,1.254767494276166,0.19996204356222544,0.006754782982170582,0.0017451068852096796,0.09211122989654541,,,
1057,1.2090435829013586,0.16809916654763601,-0.006927706766873598,0.00148503459058702,0.09552228450775146,,,
1058,1.122774780727923,0.09209864725838013,-0.05307275056838989,0.0013196569634601474,0.10090804100036621,,,
1059,1.22531112190336,0.17146561907266689,-0.03633918613195419,0.0015430876519531012,0.09988522529602051,,,
1060,1.1830561524257064,0.1461839158161764,-0.0009845556924119592,0.0015459038550034165,0.10275018215179443,,,
1061,1.1492274748161435,0.11722261868145846,-0.0074980659410357475,0.0013570819282904267,0.10204815864562988,,,
1062,1.1613702708855271,0.12919844256528898,-0.038043007254600525,0.0015411097556352615,0.0878603458404541,,,
1063,1.186909170821309,0.1507673835767936,0.025602202862501144,0.0014604158932343125,0.08202779293060303,,,
1064,1.172632971778512,0.12361287795332329,0.03045581467449665,0.0016091434517875314,0.08804738521575928,,,
1065,1.1976972185075283,0.15092116888666038,0.02115577831864357,0.0015100257005542517,0.08668971061706543,,,
1066,1.2230684459209442,0.17996221952737637,-0.023402845486998558,0.0015689273132011294,0.08989071846008301,,,
1067,1.1396439373493195,0.10867573323421222,0.013696311041712761,0.0015660707140341401,0.07762253284454346,,,
1068,1.2072713691741228,0.16097363197562814,0.03394449129700661,0.0016440388280898333,0.07012438774108887,,,
1069,1.1831206157803535,0.13844910480857475,-0.007214176468551159,0.001480765058659017,0.075958251953125,,,
1070,1.2191687393933535,0.17352006299222344,-0.0018751067109405994,0.0014251003740355372,0.07291507720947266,,,
1071,1.163402964361012,0.12664311831104177,-0.006859168875962496,0.0017189255449920893,0.05858564376831055,,,
1072,1.1739897457882762,0.13239559034611295,0.010476411320269108,0.0014761231141164899,0.05819356441497803,,,
1073,1.1380174979567528,0.1033457234799848,-0.01623525284230709,0.0015209231059998274,0.06038320064544678,,,
1074,1.1932363826781511,0.15331801659003252,-0.031552813947200775,0.001659243367612362,0.05450558662414551,1.1432456625625491,0.22452237423201993,0.11621762794417831
1075,1.1329198936000466,0.10240394180572261,0.02887064404785633,0.001548565924167633,0.04063308238983154,,,
1076,1.1363684190437198,0.10329012374354024,0.017055178061127663,0.001512734335847199,0.027333498001098633,,,
1077,1.1610156185925007,0.13341068736610162,-0.02176118642091751,0.0013963986421003938,0.02097916603088379,,,
1078,1.171181881800294,0.13948980582236964,0.026788435876369476,0.0015089402440935373,0.018772006034851074,,,
1079,1.1480959951877594,0.11409691462388276,0.0012231494765728712,0.0013985855039209127,0.018689274787902832,,,
1080,1.1815209621563554,0.1516907017045317,-0.020115403458476067,0.0014722562627866864,0.020241260528564453,,,
1081,1.2097908603027463,0.16769567011959619,-0.006885415408760309,0.0014497211668640375,0.021390199661254883,,,
1082,1.1537234243005514,0.12209456842791688,0.03091258928179741,0.0015871310606598854,0.02547276020050049,,,
1083,1.2271079560741782,0.1633704347244222,-0.0018847136525437236,0.0016035705339163542,0.023134350776672363,,,
1084,1.1597060086205602,0.12425367225077079,-0.0178933534771204,0.001528276363387704,0.011016249656677246,,,
1085,1.1515670288354158,0.11934050174185702,-0.021496083587408066,0.0014296174049377441,0.010333657264709473,,,
1086,1.20571802649647,0.16522634631193356,0.01324100699275732,0.0014096040977165103,0.017985939979553223,,,
1087,1.1937561854720116,0.14702656940503728,-0.024613909423351288,0.0015586517984047532,0.020087122917175293,,,
1088,1.1559059843420982,0.12318035980237582,0.031672053039073944,0.0014101306442171335,0.012943148612976074,,,
1089,1.1348281148821115,0.10482323564621032,0.02804936282336712,0.001571655971929431,0.012017011642456055,,,
1090,1.1622133990749717,0.13137696300128032,-0.01954255998134613,0.0014546450693160295,0.015062212944030762,,,
1091,1.1826776955276728,0.141584952314044,-0.0265663955360651,0.0016267482424154878,0.018499016761779785,,,
1092,1.1840177532285452,0.13757121868388383,0.009598726406693459,0.001620289171114564,0.014757275581359863,,,
1093,1.1638660468161106,0.123944251662036,-0.025966310873627663,0.0014799601631239057,0.014709949493408203,,,
1094,1.16755744908005,0.12811630790103368,-0.01736772619187832,0.0016062369104474783,0.005086541175842285,,,
1095,1.2124512009322643,0.1626725164353381,-0.03222300857305527,0.0016999458894133568,-0.0017150640487670898,,,
1096,1.1853724773973227,0.14992385847951845,-0.0031558056361973286,0.0015037312405183911,-0.001189589500427246,,,
1097,1.1536335041746497,0.11414279405550955,0.01274365559220314,0.001467984402552247,-0.0127640962600708,,,
1098,1.1673561157658696,0.135381273041737,-0.0005287406384013593,0.0016660916153341532,-0.02170121669769287,,,
1099,1.1569624030962586,0.12316960085168643,0.0019779254216700792,0.0014967188471928239,-0.02805948257446289,1.1470620362088084,0.22926786984899222,0.11884486306654586
1100,1.1877814130857587,0.14945820601398674,0.012828247621655464,0.001433529774658382,-0.03515899181365967,,,
1101,1.1682402389124036,0.13017273622018333,0.0020877844654023647,0.001537096919491887,-0.043058037757873535,,,
1102,1.1792325368151069,0.1400989584806999,0.04459235817193985,0.0016240300610661507,-0.04661107063293457,,,
1103,1.1570523576810956,0.11729292364041172,-0.014629742130637169,0.0014918645611032844,-0.05410194396972656,,,
1104,1.1645588865503669,0.1275428349204082,-0.02263619564473629,0.0016743760788813233,-0.06280243396759033,,,
1105,1.186036185361445,0.1503615741854207,-0.03180995583534241,0.0016097718616947532,-0.05849254131317139,,,
1106,1.2258512852713466,0.17979165214122111,0.013021391816437244,0.0015058524440973997,-0.05749988555908203,,,
1107,1.1679215813055634,0.13102554102113712,-0.005941329058259726,0.0014570927014574409,-0.06041145324707031,,,
1108,1.2307968502864242,0.1791015853964094,0.025291703641414642,0.0015518267173320055,-0.05569803714752197,,,
1109,1.1647092839702964,0.12317232833057659,-0.02613089792430401,0.0015770199242979288,-0.06019234657287598,,,
1110,1.152867135591805,0.11686717303019378,0.03265078738331795,0.0015372155467048287,-0.07374715805053711,,,
1111,1.2023018253967166,0.16348578844493888,-0.009141304530203342,0.001534007489681244,-0.07646834850311279,,,
1112,1.2025123853236437,0.162998400127184,-0.0165859404951334,0.0015212034340947866,-0.07667422294616699,,,
1113,1.1993299769237638,0.15818962272634512,-0.024934805929660797,0.0016294586239382625,-0.08049225807189941,,,
1114,1.2345232740044594,0.18478886677672457,0.023606523871421814,0.0015991193940863013,-0.08120501041412354,,,
1115,1.206329413689673,0.1651146142151279,0.02054346166551113,0.0016323747113347054,-0.07945537567138672,,,
1116,1.1879938831552863,0.1554180945453862,0.01586969383060932,0.0014242792967706919,-0.0809330940246582,,,
1117,1.1463713217526674,0.10610690954267124,-0.0237165167927742,0.0015596087323501706,-0.08856689929962158,,,
1118,1.1862735552713275,0.15184805571883397,0.03647635877132416,0.0016471942653879523,-0.08971309661865234,,,
1119,1.1957197207957506,0.15668393086676663,0.02887890860438347,0.0014533771900460124,-0.09507334232330322,,,
1120,1.1559592131525278,0.10617795929048965,0.02665088139474392,0.0015709873987361789,-0.10158884525299072,,,
1121,1.1505488818511367,0.1147275092722906,-0.033878885209560394,0.0017759704496711493,-0.10297715663909912,,,
1122,1.1129190064966679,0.09039106591806283,0.016312886029481888,0.0014810829889029264,-0.1179882287979126,,,
1123,1.1488425321877003,0.11666866135085831,0.0006185491220094264,0.0016107356641441584,-0.13485383987426758,,,
1124,1.1190152801573277,0.08694469625973808,-0.040483683347702026,0.0015793778002262115,-0.14048588275909424,1.1510034231469035,0.23494768088473536,0.12140430928212963
1125,1.1730478424578905,0.13655985661064723,0.03690643236041069,0.0014948982279747725,-0.14018762111663818,,,
1126,1.1618888322263956,0.12868671430889314,0.04140949249267578,0.0016047757817432284,-0.14647579193115234,,,
1127,1.1908265016973019,0.14826149548479842,0.007883462123572826,0.001528067165054381,-0.14866924285888672,,,
1128,1.1830014428123832,0.1427122566466842,0.023233897984027863,0.001638937508687377,-0.14236700534820557,,,
1129,1.1859308620914817,0.1468327370233828,0.0029084188863635063,0.0015947746578603983,-0.14926302433013916,,,
1130,1.1351693160831928,0.0962278266310791,-0.012398027814924717,0.0018891129875555634,-0.15892887115478516,,,
1131,1.187511671334505,0.13728523947397292,0.012784016318619251,0.0017911344766616821,-0.1549668312072754,,,
1132,1.1573762139305472,0.11315106388942661,-0.009934634901583195,0.0016019603936001658,-0.1528705358505249,,,
1133,1.1177213992923498,0.089501714535779,0.005459144711494446,0.0014833147870376706,-0.14927387237548828,,,
1134,1.213147647678852,0.16444395316379484,0.007203639019280672,0.0016463777283206582,-0.15539050102233887,,,
1135,1.1732780234888196,0.13258684405228152,0.014398575760424137,0.001769774709828198,-0.1648923009634018,,,
1136,1.1378375245258212,0.09863034902844403,0.011169536039233208,0.0016754958778619766,-0.1722511202096939,,,
1137,1.1855018958449364,0.1477831962372661,-0.009116988629102707,0.0015684198588132858,-0.16850781440734863,,,
1138,1.1974641438573599,0.1558413067973256,0.022020060569047928,0.0015705127734690905,-0.16705822944641113,,,
1139,1.1864124620333314,0.13954412784484754,-0.01234055683016777,0.0016703224973753095,-0.1814170926809311,,,
1140,1.20436523668468,0.1561580408102949,-0.029762186110019684,0.0016047764802351594,-0.18357838690280914,,,
1141,1.208106866106391,0.16324873852091512,0.02962261438369751,0.001651874976232648,-0.18933820724487305,,,
1142,1.1968674510717392,0.15707278443730924,-0.023155873641371727,0.001617500907741487,-0.1888960748910904,,,
1143,1.1853759260848165,0.14513514823417145,0.024829242378473282,0.0016692595090717077,-0.18198394775390625,,,
1144,1.256217553280294,0.20335831564695409,-0.011004706844687462,0.001739312894642353,-0.18906855583190918,,,
1145,1.2549903271719813,0.19168054239467225,0.009965655393898487,0.0017016564961522818,-0.19079303741455078,,,
1146,1.186148696579039,0.1402905715044142,0.01956486701965332,0.0017010896699503064,-0.20322799682617188,,,
1147,1.2013278817757964,0.15394626383108515,0.027515679597854614,0.0016999243525788188,-0.20391713082790375,,,
1148,1.1794484602287412,0.1301488774494079,-0.060879480093717575,0.001849709078669548,-0.20581065118312836,,,
1149,1.1829205686226487,0.14769616853981876,0.018511135131120682,0.0017562676221132278,-0.21479998528957367,1.153053660877049,0.2367961256093077,0.12282541935172267
1150,1.1742001185193658,0.1392249220107244,-0.02002311870455742,0.0016156390774995089,-0.22115087509155273,,,
1151,1.1732819564640522,0.13565716653466553,-0.019773930311203003,0.001676616258919239,-0.2257704734802246,,,
1152,1.1631014253944159,0.13403910293875765,-0.013105788268148899,0.001553450827486813,-0.2333793342113495,,,
1153,1.2337411744520068,0.1769475795114633,-0.03551493585109711,0.001661855960264802,-0.24556756019592285,,,
1154,1.2262044046074152,0.18422979539626871,-0.017989838495850563,0.0017770028207451105,-0.2487163543701172,,,
1155,1.1947049712762237,0.15446267303002453,0.03215033933520317,0.0016111728036776185,-0.25886014103889465,,,
1156,1.1718759639188647,0.13502557208345284,-0.014959113672375679,0.0017495796782895923,-0.2506003677845001,,,
1157,1.2256960002705455,0.18016765069115281,0.013127527199685574,0.0015805003931745887,-0.2542157471179962,,,
1158,1.112950756214559,0.0784188294047044,-0.023051828145980835,0.0014366249088197947,-0.25427868962287903,,,
1159,1.145391852594912,0.10075442503536888,-0.0018857789691537619,0.0014249315718188882,-0.246702641248703,,,
1160,1.1926915161311626,0.15718334616823598,0.044258493930101395,0.0014615844702348113,-0.23868891596794128,,,
1161,1.25399499386549,0.20957094989756297,-0.04305947199463844,0.001356009510345757,-0.23499634861946106,,,
1162,1.192686597816646,0.15403073770548528,-0.011304016225039959,0.0015516320709139109,-0.2395029067993164,,,
1163,1.183278382755816,0.15183005558174933,-0.006940039806067944,0.0014599609421566129,-0.23706915974617004,,,
1164,1.2016204418614507,0.15768927721272086,-0.014865702018141747,0.0015923831379041076,-0.24182891845703125,,,
1165,1.204585311934352,0.15663484564228913,0.04536054655909538,0.001490446855314076,-0.24209216237068176,,,
1166,1.2341158278286457,0.18656302168194647,-0.0010018302127718925,0.0014933223137632012,-0.22655203938484192,,,
1167,1.1733190603554249,0.13163245111935234,-0.008326503448188305,0.0016481326892971992,-0.2262561321258545,,,
1168,1.2245119232684374,0.15597964105179526,0.0017680819146335125,0.0016847485676407814,-0.22653725743293762,,,
1169,1.1610333295539021,0.1314578017310488,-0.0044256714172661304,0.0016120591899380088,-0.21843719482421875,,,
1170,1.16782202757895,0.12512809423974736,0.04976191371679306,0.0017843882087618113,-0.2202197164297104,,,
1171,1.176801142282784,0.1458680330328327,0.0009169923141598701,0.0014261046890169382,-0.22400715947151184,,,
1172,1.1784551171585917,0.14108555570976952,0.006913698278367519,0.0015705302357673645,-0.22548910975456238,,,
1173,1.1819108380004764,0.1458668376829216,-0.00153556396253407,0.0014426325215026736,-0.2324065864086151,,,
1174,1.2127713561058044,0.16889459249272487,0.022081131115555763,0.0015053512761369348,-0.23259642720222473,1.1495719123631716,0.2317099447884711,0.12063666636999827
1175,1.177705416455865,0.14175526239200725,-0.03257393836975098,0.0013561242958530784,-0.2337474822998047,,,
1176,1.2078558485955,0.166556974243598,3.7267571315169334e-05,0.001510163419879973,-0.23969531059265137,,,
1177,1.1886577643454075,0.13924747834411083,0.030134297907352448,0.0015043067978695035,-0.24271631240844727,,,
1178,1.1519027771428227,0.12101350197040919,0.01739104650914669,0.0015991164837032557,-0.2500448524951935,,,
1179,1.1570928385481238,0.1214562161640052,0.009533309377729893,0.0015115850837901235,-0.25526854395866394,,,
1180,1.1894751274958253,0.14145349850821837,-0.026646096259355545,0.0016707240138202906,-0.25599291920661926,,,
1181,1.228108818642795,0.17147893857779256,-0.02767687849700451,0.0015588996466249228,-0.253068208694458,,,
1182,1.2095262231305242,0.16473498661104705,0.014029109850525856,0.0015360276447609067,-0.25824451446533203,,,
1183,1.1384482542052865,0.10199427677337239,0.00035532788024283946,0.001722616027109325,-0.28019261360168457,,,
1184,1.091194748878479,0.06658734475088188,0.01386567484587431,0.0017299418104812503,-0.2882828414440155,,,
1185,1.1618730016052723,0.12913751227370063,0.008836756460368633,0.001521306112408638,-0.28946495056152344,,,
1186,1.1294059986248612,0.09312482669007391,-0.03456306457519531,0.001583324745297432,-0.28830885887145996,,,
1187,1.2098510805517435,0.16837452163482408,-0.04021123796701431,0.0014370494754984975,-0.2929830849170685,,,
1188,1.1772979013621807,0.13574264667904656,-0.031113870441913605,0.0014535802183672786,-0.28966712951660156,,,
1189,1.17174880951643,0.1294229498103146,0.02430392988026142,0.0017579671693965793,-0.29010578989982605,,,
1190,1.2256786916404963,0.17809729174077446,-0.015706265345215797,0.0015934341354295611,-0.30181407928466797,,,
1191,1.1945998538285494,0.14962090479062057,-0.04777231067419052,0.0016300494316965342,-0.3166980743408203,,,
1192,1.1949147451668978,0.15210552301206942,-0.003370980964973569,0.001651229104027152,-0.3154921233654022,,,
1193,1.2146301483735442,0.16217043644480972,-0.02913549914956093,0.0016014102147892118,-0.315045565366745,,,
1194,1.1815999262034893,0.1353800400718166,-0.029046492651104927,0.001678659813478589,-0.31738904118537903,,,
1195,1.1812343103811145,0.14297486552423194,-0.02246040105819702,0.0015797180822119117,-0.31434205174446106,,,
1196,1.2049732422456145,0.16189849594579273,0.026832617819309235,0.0017835734179243445,-0.3103630244731903,,,
1197,1.183076772838831,0.14262152721396631,-0.0005230029346421361,0.0015552990371361375,-0.3025069236755371,,,
1198,1.1093897428363562,0.07913202413454291,-0.009750242345035076,0.0016716421814635396,-0.2908916473388672,,,
1199,1.1339234663173556,0.09566742948566696,-0.02810271829366684,0.0014742112252861261,-0.28467464447021484,1.1499762004241347,0.2320259483014246,0.12088464902200113
1200,1.145151232369244,0.110396012572919,-0.024392174556851387,0.0015407407190650702,-0.2921919524669647,,,
1201,1.1552973808720708,0.12627631437753675,-0.015438114292919636,0.0016942647052928805,-0.285523921251297,,,
1202,1.1634893706068397,0.1259144809624821,0.0502668060362339,0.0015031708171591163,-0.28684115409851074,,,
1203,1.124348453246057,0.09628897298273044,-0.03572141379117966,0.0015311251627281308,-0.30195286870002747,,,
1204,1.1443330403417349,0.11142776820093675,0.012729804031550884,0.001417812891304493,-0.3131684958934784,,,
1205,1.1528604812920094,0.11978295521138213,-0.005166864022612572,0.0015579788014292717,-0.3126973807811737,,,
1206,1.2141975704580545,0.1633825054945826,0.04123353958129883,0.001545993611216545,-0.3084278404712677,,,
1207,1.1090947967022657,0.08593639393685518,0.004727260209619999,0.0013945243554189801,-0.30943945050239563,,,
1208,1.1877025375142694,0.14474427875545676,0.03465507552027702,0.0015282726380974054,-0.3128370940685272,,,
1209,1.1768484422937036,0.1360210515725413,0.0021117927972227335,0.00145258370321244,-0.3115244209766388,,,
1210,1.1355427391827106,0.10404902428153272,0.0251447856426239,0.0013955688336864114,-0.3216252326965332,,,
1211,1.2111794790253043,0.1674892883747366,0.021932724863290787,0.0014700625324621797,-0.32398220896720886,,,
1212,1.1596217332407832,0.12385658058721664,-0.0203437227755785,0.0016096103936433792,-0.32802054286003113,,,
1213,1.1452880250290036,0.10931355493133485,-0.02617110311985016,0.001511162961833179,-0.3393702507019043,,,
1214,1.2066539777442813,0.15275024376389584,-0.004329117946326733,0.0017363611841574311,-0.3395209312438965,,,
1215,1.1462306948378682,0.11507765195664846,-0.001004020101390779,0.0017350269481539726,-0.3433871269226074,,,
1216,1.1832485403865576,0.1408826139092955,-0.009469933807849884,0.0017713968409225345,-0.3514409065246582,,,
1217,1.148494916036725,0.11577140241246082,-0.03628872334957123,0.00170622649602592,-0.36681559681892395,,,
1218,1.1441903794184327,0.10938374730200524,0.02043849229812622,0.0014966188464313745,-0.36692190170288086,,,
1219,1.1949311820790172,0.14422746674831555,-0.02503334917128086,0.0014666176866739988,-0.3735508918762207,,,
1220,1.2179443258792162,0.17549535256599114,-0.012929148972034454,0.0015696613118052483,-0.3856857120990753,,,
1221,1.1779046906158328,0.14121835381826253,0.03966850787401199,0.0016877449816092849,-0.3767645061016083,,,
1222,1.1695021009072661,0.13461719799858085,0.01382344402372837,0.0016579516232013702,-0.37773850560188293,,,
1223,1.1426773145794868,0.11684551192917793,-0.010121575556695461,0.0014812658773735166,-0.3841281235218048,,,
1224,1.2036482943221927,0.16491853826409558,0.005268692038953304,0.0015394702786579728,-0.39052823185920715,1.1503133196383715,0.23348874337969489,0.12094844215043493
1225,1.173624918796122,0.14134936904734915,-0.011860390193760395,0.0012311916798353195,-0.3932070732116699,,,
1226,1.1059035984799266,0.08439756878151608,-0.002789890393614769,0.001361008733510971,-0.3943953514099121,,,
1227,1.1826717434450984,0.14664948788604915,0.013807201758027077,0.001377532840706408,-0.38219210505485535,,,
1228,1.198365155607462,0.15359386058897762,0.005464866757392883,0.0015401951968669891,-0.3770330250263214,,,
1229,1.1907821903005242,0.1401734972785738,-0.038877539336681366,0.0015738324727863073,-0.3780626952648163,,,
1230,1.1771518057212234,0.13788685933090855,0.0051952931098639965,0.0015845198649913073,-0.3758544623851776,,,
1231,1.1508635599166155,0.11859796070421619,0.014149080961942673,0.0017135217785835266,-0.3810632526874542,,,
1232,1.1641737995669246,0.12581924582742174,0.0043264348059892654,0.001348011544905603,-0.3762662708759308,,,
1233,1.2065477957949042,0.16971804059486617,-0.030075596645474434,0.0015087630599737167,-0.3735025227069855,,,
1234,1.1828288696706295,0.13973421085593993,0.0071485708467662334,0.001636652508750558,-0.3727598190307617,,,
1235,1.1403459096327424,0.1105975509684273,0.005645523779094219,0.001354895532131195,-0.3668980896472931,,,
1236,1.146713949739933,0.1117758862020068,-0.0229196660220623,0.0014775964664295316,-0.3602261543273926,,,
1237,1.1242688577622175,0.09587685217741067,0.005110952537506819,0.0013239592080935836,-0.35947778820991516,,,
1238,1.156300449743867,0.12654231077300843,-0.003177117556333542,0.0015590755501762033,-0.36485692858695984,,,
1239,1.2386981202289462,0.19182585414692072,-0.015963861718773842,0.0015620203921571374,-0.3702563941478729,,,
1240,1.1770755695179105,0.13931912196374202,-0.017708076164126396,0.001361443311907351,-0.3728328049182892,,,
1241,1.2177898501977324,0.17468647073316945,0.04725640267133713,0.0013796051498502493,-0.38153740763664246,,,
1242,1.1805258532986045,0.14239079475916439,0.012438425794243813,0.0013711850624531507,-0.3855287730693817,,,
1243,1.1956794150173664,0.15501311832021086,0.02956927940249443,0.0016423455672338605,-0.38190940022468567,,,
1244,1.2157227275893092,0.1746935302134635,0.020481813699007034,0.0013834551209583879,-0.3846488296985626,,,
1245,1.2004093443974853,0.16286407495596647,-0.03711003065109253,0.0014858788345009089,-0.38054803013801575,,,
1246,1.1429648576304317,0.10909207915199698,0.021111344918608665,0.0014254749985411763,-0.3864307403564453,,,
1247,1.196635008789599,0.15530073777563086,-0.007852968759834766,0.0014448203146457672,-0.3838290870189667,,,
1248,1.17194236908108,0.13286064701790207,0.004290314391255379,0.0015209633857011795,-0.39226242899894714,,,
1249,1.1645300788804889,0.12765236316812412,-0.023533165454864502,0.001516728545539081,-0.3916182219982147,1.1497948095202446,0.2348444074748328,0.12044777286381743
1250,1.161756681278348,0.13028286341741602,-0.03456883504986763,0.001444859430193901,-0.3911075294017792,,,
1251,1.211153607815504,0.1653770810526286,0.0019973365124315023,0.0014831305015832186,-0.3947260081768036,,,
1252,1.1612535454332829,0.12967558328197193,-0.005512104369699955,0.0014323546783998609,-0.3988633453845978,,,
1253,1.1784324133768678,0.14182599473381496,-0.013088539242744446,0.0016314676031470299,-0.4059615433216095,,,
1254,1.1336874412372708,0.10236427680965016,-0.013401824049651623,0.0016057740431278944,-0.3878646194934845,,,
1255,1.1492739571258426,0.118064886551075,-0.022597255185246468,0.0014808943960815668,-0.389269083738327,,,
1256,1.2053916156291962,0.16360372487653488,0.010683968663215637,0.0016806902131065726,-0.3901023864746094,,,
1257,1.1654062615707517,0.13379889061810674,-0.03587929159402847,0.001528465305455029,-0.3821897804737091,,,
1258,1.2123648878186941,0.17285278528091277,0.035893697291612625,0.0015203861985355616,-0.3866920471191406,,,
1259,1.2311063129454851,0.17888298311552936,-0.023920131847262383,0.0016317794797942042,-0.3937373161315918,,,
1260,1.145572860725224,0.11090793187757242,0.01057302113622427,0.0014425622066482902,-0.40697768330574036,,,
1261,1.167433237656951,0.12184489907939453,-0.020450390875339508,0.0015262627275660634,-0.4158532917499542,,,
1262,1.197911724448204,0.16006054005758164,0.007477767299860716,0.001446959562599659,-0.4084978401660919,,,
1263,1.128912502899766,0.09985668791730161,-0.018038786947727203,0.0015602922067046165,-0.40225622057914734,,,
1264,1.1688812235370278,0.13087894375021342,-0.011565613560378551,0.0014807155821472406,-0.41091254353523254,,,
1265,1.2435984564945102,0.19017823529231437,0.016430674120783806,0.0014404846588149667,-0.40589573979377747,,,
1266,1.1495246514678001,0.11512427468034782,-0.0132717564702034,0.0015723208198323846,-0.40639448165893555,,,
1267,1.1900444934144616,0.1553266682619786,0.022575074806809425,0.0015699454816058278,-0.403897762298584,,,
1268,1.1777239991351962,0.13735662114370745,0.03340643644332886,0.0015484581235796213,-0.4018886387348175,,,
1269,1.1421093037351966,0.11145174402202362,0.03467879071831703,0.0015259037027135491,-0.4131617844104767,,,
1270,1.1987360808998346,0.1571476534781051,0.008542326278984547,0.0014801762299612164,-0.4170069396495819,,,
1271,1.1437958357855678,0.1084933011911216,-0.006604188587516546,0.0015055957483127713,-0.42146924138069153,,,
1272,1.1569651532918215,0.12102043944244865,0.006615543272346258,0.0015085191698744893,-0.4235806167125702,,,
1273,1.2018157606944442,0.16370219914973633,-0.015797963365912437,0.001545469625853002,-0.41250893473625183,,,
1274,1.1743050320073962,0.137388729426983,0.03606271743774414,0.0015499243745580316,-0.39953184127807617,1.1529666995629668,0.23843846958592743,0.12260004024983673
1275,1.233235577121377,0.1879608180649034,-0.009413406252861023,0.001527652726508677,-0.3969312012195587,,,
1276,1.164684466086328,0.12603223078475168,0.0012053078971803188,0.0015597866149619222,-0.40209484100341797,,,
1277,1.1652184203267097,0.12860257890511695,-0.03363955020904541,0.001927630277350545,-0.3993728458881378,,,
1278,1.1554940696805716,0.1252712719790463,-0.008750630542635918,0.0014975799713283777,-0.3925905227661133,,,
1279,1.1407693419605494,0.10819966257298969,-0.019022846594452858,0.0015716598136350513,-0.37842366099357605,,,
1280,1.20152803696692,0.15019213291440042,0.009238996542990208,0.0016265129670500755,-0.3733396530151367,,,
1281,1.191356056369841,0.15716566540571955,0.01901121623814106,0.0014894785126671195,-0.37808462977409363,,,
1282,1.1288192914798856,0.09989467334197721,-0.01636296696960926,0.001473772688768804,-0.36765146255493164,,,
1283,1.1817920915782452,0.14278569681079856,0.0016966480761766434,0.0015117062721401453,-0.3718743622303009,,,
1284,1.251777925528586,0.20402837562401221,-0.0012333618942648172,0.0015848566545173526,-0.3750944435596466,,,
1285,1.2207773756235838,0.16701182085727323,0.006611816585063934,0.0016936685424298048,-0.36572882533073425,,,
1286,1.211045602336526,0.16688365961655588,0.01409386470913887,0.0016292346408590674,-0.36630651354789734,,,
1287,1.1967541621997952,0.15552578957763635,-0.004207043908536434,0.001551403314806521,-0.3600578308105469,,,
1288,1.1887437822297215,0.15114273573011872,-0.0182659849524498,0.0015609727706760168,-0.3621709644794464,,,
1289,1.2426048144698143,0.19133141867619896,-4.5009306631982327e-05,0.0016556362388655543,-0.36768388748168945,,,
1290,1.1542804148048162,0.1179881316259996,0.02645036019384861,0.0015147756785154343,-0.3707246482372284,,,
1291,1.2013235269114375,0.15504258686205968,-0.007709306664764881,0.001581789692863822,-0.3794245421886444,,,
1292,1.1006862297654152,0.07336157655695974,0.01924767717719078,0.00148693413939327,-0.3835773766040802,,,
1293,1.2199711063876748,0.17971967069442035,-0.0072511048056185246,0.0015369326574727893,-0.3943118751049042,,,
1294,1.2047132151201367,0.15183322048389547,-0.04141521826386452,0.0017387421103194356,-0.39698365330696106,,,
1295,1.1605003699660301,0.1233839035958945,-0.03022523783147335,0.0016265521990135312,-0.40167519450187683,,,
1296,1.1758456584066153,0.1326646975444707,0.0047989217564463615,0.0016043523792177439,-0.4058999717235565,,,
1297,1.2071971474215388,0.1545197247736509,-0.05981007590889931,0.0016024586511775851,-0.41489648818969727,,,
1298,1.1870065536350012,0.1407101705784114,-0.010187217965722084,0.0015725704142823815,-0.41564038395881653,,,
1299,1.1630232278257608,0.12347477307729561,-0.025834176689386368,0.0016877762973308563,-0.42975690960884094,1.152850833721459,0.23656675237032393,0.12274796196424265
1300,1.1513628866523504,0.10341396611217486,0.051941774785518646,0.001742374966852367,-0.4298984706401825,,,
1301,1.1723627336323261,0.12726297064244618,-0.018355006352066994,0.0016475170850753784,-0.4378463923931122,,,
1302,1.1890653502196074,0.14811164678060673,-0.028760870918631554,0.0016610340680927038,-0.4362683594226837,,,
1303,1.251877429895103,0.1955907646810359,-0.03262288123369217,0.001559484750032425,-0.443022757768631,,,
1304,1.1404749043285847,0.11516553417789963,0.03698257356882095,0.001695087761618197,-0.451662540435791,,,
1305,1.1783270724117756,0.13919719194167193,-0.022123312577605247,0.0016357200220227242,-0.46044304966926575,,,
1306,1.1915657399222255,0.14665371938072103,-0.055974237620830536,0.0016753936652094126,-0.4721307158470154,,,
1307,1.1775029627606273,0.13334892564139753,-0.016152745112776756,0.0016990562435239553,-0.4759979546070099,,,
1308,1.127454737201333,0.08739325975653267,0.031459011137485504,0.0016382845351472497,-0.48487237095832825,,,
1309,1.1623798059299588,0.12706045865298213,-0.04539922624826431,0.001528500230051577,-0.48476889729499817,,,
1310,1.1527719302102923,0.11880870704680084,0.03144951909780502,0.0016070653218775988,-0.4805760085582733,,,
1311,1.1237613828852773,0.09780713467764357,0.009808715432882309,0.001714845304377377,-0.4891481399536133,,,
1312,1.1493274383246899,0.1142444899379404,0.027420826256275177,0.0016337728593498468,-0.49803346395492554,,,
1313,1.2093749465420842,0.16219596563557245,0.0024364320561289787,0.0014922209084033966,-0.5033082365989685,,,
1314,1.22882080078125,0.1774375754177235,-0.009043088182806969,0.0015722742537036538,-0.5025376677513123,,,
1315,1.1865197271108627,0.14417673603387443,0.00038516742642968893,0.001660914276726544,-0.486142635345459,,,
1316,1.1634200727567077,0.12317171239496104,0.029334640130400658,0.0017122753197327256,-0.48803380131721497,,,
1317,1.2623994648456573,0.19849186775621203,-0.048424240201711655,0.0017279483145102859,-0.48570725321769714,,,
1318,1.2432834021747112,0.18925590831655076,0.05107048153877258,0.0017811352154240012,-0.48787206411361694,,,
1319,1.1562391016632318,0.12120855972753725,0.006304327864199877,0.0016382515896111727,-0.4881124198436737,,,
1320,1.171949335373938,0.13791079103615472,0.024351201951503754,0.00157921202480793,-0.4822525978088379,,,
1321,1.2047452460974455,0.16038689998829997,-0.016589336097240448,0.0015490505611523986,-0.4870586097240448,,,
1322,1.1627696109935641,0.13078040888852202,-0.022413408383727074,0.0015704060206189752,-0.48909956216812134,,,
1323,1.1086273454129696,0.0810829722553223,0.02199895679950714,0.0016276923706755042,-0.48568063974380493,,,
1324,1.2298237923532724,0.18150494540780804,0.019856128841638565,0.0015702213859185576,-0.48282909393310547,1.1557571114972234,0.24100759702406854,0.12455738095200056
1325,1.2440169481560588,0.19426106594937867,-0.024433543905615807,0.0016898751491680741,-0.4796876907348633,,,
1326,1.2617998169735074,0.19880909050198295,0.03951974958181381,0.0014267800142988563,-0.47943636775016785,,,
1327,1.1477305460721254,0.10671669958515556,0.027544567361474037,0.001672116108238697,-0.4780068099498749,,,
1328,1.2053168304264545,0.156765617890269,0.02544740028679371,0.0018401218112558126,-0.4659499526023865,,,
1329,1.1942168632522225,0.15137851592692497,-0.02971121110022068,0.0016643444541841745,-0.45944979786872864,,,
1330,1.157428870908916,0.1178000896739177,0.018383225426077843,0.0014073551865294576,-0.45266294479370117,,,
1331,1.2030979869887233,0.1576838611819001,0.011338924057781696,0.001477966201491654,-0.4424757659435272,,,
1332,1.1534987902268767,0.11399641980735502,0.012719121761620045,0.0017266793875023723,-0.4370284378528595,,,
1333,1.134330591186881,0.09935901118948157,-0.016338886693120003,0.0017284912755712867,-0.4460325539112091,,,
1334,1.2001750487834215,0.156747104423681,-0.04207419604063034,0.0017467988654971123,-0.4483146667480469,,,
1335,1.170109643600881,0.1388446119285148,-0.03514048457145691,0.0015257539926096797,-0.44419553875923157,,,
1336,1.1919462960213423,0.14781904364372556,-0.004508522804826498,0.0017866019625216722,-0.45017382502555847,,,
1337,1.2018767995759845,0.1525676810233358,0.044741321355104446,0.0017656823620200157,-0.45871397852897644,,,
1338,1.1757835680618882,0.13972800552906245,-0.02543383650481701,0.0014359120978042483,-0.4588361084461212,,,
1339,1.153289238922298,0.11552308256055958,-0.030131112784147263,0.0016967476112768054,-0.4571862518787384,,,
1340,1.1663923617452383,0.13302148908486183,-0.011001309379935265,0.0017228780779987574,-0.45243555307388306,,,
1341,1.1663669543340802,0.13224991600421357,-0.03185382857918739,0.0016094815218821168,-0.45285651087760925,,,
1342,1.1508457036688924,0.11854917230697529,-0.005220755934715271,0.0016247419407591224,-0.45661264657974243,,,
1343,1.2116456655785441,0.1592606026256241,0.030669087544083595,0.0015962200704962015,-0.45872217416763306,,,
1344,1.181308009661734,0.14178840580894997,-0.003434105310589075,0.0014664605259895325,-0.4621601700782776,,,
1345,1.1478258138522506,0.11361034631343944,0.0217877347022295,0.0016200507525354624,-0.4627995491027832,,,
1346,1.1397196808829904,0.10230820307560516,0.015202226117253304,0.0015186034142971039,-0.45924657583236694,,,
1347,1.1717048613354564,0.12598667796958998,-0.03750569745898247,0.001594014698639512,-0.4649782180786133,,,
1348,1.2045032558962703,0.16155595769569386,-0.019614707678556442,0.0016365776536986232,-0.45575234293937683,,,
1349,1.138220121152699,0.10170407031204429,0.02558261901140213,0.0017146797617897391,-0.4519939422607422,1.1576697118580341,0.2439823502665795,0.1257401324664355
1350,1.2078501703217626,0.16181228125914904,0.018687447533011436,0.0019245885778218508,-0.4584651291370392,,,
1351,1.1935212826356292,0.14608840462159184,0.011510072275996208,0.0017794993473216891,-0.46178576350212097,,,
1352,1.2243621880188584,0.17738500452454578,0.013338765129446983,0.001706377835944295,-0.4633435904979706,,,
1353,1.1512792315334082,0.1166496751438324,0.013867722824215889,0.0015858730766922235,-0.47887903451919556,,,
1354,1.1518371673300862,0.12009273511516069,0.0025288553442806005,0.0017598645063117146,-0.4796600341796875,,,
1355,1.1607918795198202,0.13003398468740912,-0.02425188198685646,0.0014779700431972742,-0.48031800985336304,,,
1356,1.1641114493831992,0.12862070592692984,-0.010628050193190575,0.0015070006484165788,-0.48075106739997864,,,
1357,1.157174613326788,0.11728935043457964,-0.04225919395685196,0.0014487123116850853,-0.47757670283317566,,,
1358,1.245872256346047,0.1928906935892666,0.024133801460266113,0.0015210954006761312,-0.48343849182128906,,,
1359,1.1580372583121061,0.12075624710766948,0.0074972729198634624,0.00177220709156245,-0.4813051223754883,,,
1360,1.2156314654275775,0.16712851724581707,-0.0013130331644788384,0.0015829000622034073,-0.48057791590690613,,,
1361,1.1773683726787567,0.14317770945461258,-0.01102113164961338,0.0016923364019021392,-0.4776606559753418,,,
1362,1.191925278864801,0.15159569575734375,0.010671155527234077,0.0015155315632000566,-0.4741268455982208,,,
1363,1.160621291026473,0.12109344385269882,0.010800167918205261,0.0016152551397681236,-0.46854451298713684,,,
1364,1.2242997093126178,0.17608026849361189,0.03151625767350197,0.0017017804784700274,-0.4715099632740021,,,
1365,1.1694685872644186,0.12504921121636756,-0.06554920226335526,0.0016225709114223719,-0.47295472025871277,,,
1366,1.1984248226508498,0.15948622686271657,-0.04961618408560753,0.00156243029050529,-0.475318968296051,,,
1367,1.1769496137276292,0.14359047224883348,-0.0585513710975647,0.0016421067994087934,-0.48532673716545105,,,
1368,1.1786120114848018,0.14210527677024248,-0.018147850409150124,0.0015643694205209613,-0.49788951873779297,,,
1369,1.1579540502279997,0.12078227945669101,0.008507748134434223,0.0014098230749368668,-0.49093151092529297,,,
1370,1.1901755668222904,0.15155079764697038,0.0063040354289114475,0.0015818638494238257,-0.49571138620376587,,,
1371,1.165803370065987,0.11890965151908948,-0.002305554924532771,0.0017000514781102538,-0.5073098540306091,,,
1372,1.22647016774863,0.17888978154695787,0.008653104305267334,0.0017041777027770877,-0.49942973256111145,,,
1373,1.1797366421669722,0.13801064402859692,-0.002869734773412347,0.0015562867047265172,-0.48894691467285156,,,
1374,1.2015270786359906,0.15470962481080572,-0.015820035710930824,0.0017155671957880259,-0.47556445002555847,1.158858759328723,0.24561206640081742,0.12657442616715858
1375,1.1405403865501285,0.1027814748514059,0.009318950586020947,0.0017528805183246732,-0.48169806599617004,,,
1376,1.200640213675797,0.16085051590681881,-0.02078469842672348,0.0016153231263160706,-0.48167330026626587,,,
1377,1.2529666032642126,0.20239244545321347,-0.011572916060686111,0.0015275260666385293,-0.48369210958480835,,,
1378,1.2614492792636156,0.20484005655151544,-0.03557249903678894,0.0016364838229492307,-0.4814300537109375,,,
1379,1.1870957985520363,0.14368242642392867,-0.04690328985452652,0.001837097224779427,-0.4858751893043518,,,
1380,1.1910212626680732,0.1470143204586129,-0.003994577564299107,0.0018494470277801156,-0.4910697340965271,,,
1381,1.2606659410521388,0.20740487069138785,-0.016104457899928093,0.0017285473877564073,-0.492307186126709,,,
1382,1.2052584597840905,0.16603167430970361,0.023688362911343575,0.0014765523374080658,-0.4917130172252655,,,
1383,1.206138570792973,0.16018180581861552,0.007990170270204544,0.0015368710737675428,-0.48312947154045105,,,
1384,1.2089203773066401,0.16561970974437573,-0.02291727438569069,0.0018765524728223681,-0.4894156754016876,,,
1385,1.157783885486424,0.11784482446066397,0.030573658645153046,0.0014158048434183002,-0.49402955174446106,,,
1386,1.228108017705381,0.17715233870545088,-0.030458509922027588,0.0016653254861012101,-0.5001663565635681,,,
1387,1.14558582380414,0.11142611562956173,0.03792406618595123,0.0016391616081818938,-0.5075889229774475,,,
1388,1.1759445825591683,0.12826376827811198,-0.029522323980927467,0.001608715276233852,-0.5124558806419373,,,
1389,1.2048975555226207,0.16108280816265652,-0.00741479080170393,0.0015272098826244473,-0.5174155235290527,,,
1390,1.159133723936975,0.1111543580204696,0.02393040433526039,0.0015291577437892556,-0.5249744057655334,,,
1391,1.1447539264336228,0.11117931878854773,-0.02337026409804821,0.0016436247387900949,-0.5325698256492615,,,
1392,1.2314234795048833,0.18475406150431598,-0.03065546043217182,0.001681978115811944,-0.5388736724853516,,,
1393,1.161714594811201,0.12448561290746887,0.01049947738647461,0.0014986220048740506,-0.5374236106872559,,,
1394,1.157836507074535,0.11627945519985107,0.015574945136904716,0.0016113886376842856,-0.5464476943016052,,,
1395,1.1982126031070948,0.15805241630498698,-0.0023216030094772577,0.0016256121452897787,-0.5462087988853455,,,
1396,1.1340382238849998,0.10050776070214118,-0.03858237713575363,0.0015452990774065256,-0.5499958992004395,,,
1397,1.2205465510487556,0.16949565605621675,-0.013808216899633408,0.001541656325571239,-0.556521475315094,,,
1398,1.1926339073106647,0.14639214544652207,-0.00908458698540926,0.001530541805550456,-0.562074601650238,,,
1399,1.1578273177146912,0.12846915723845187,-0.039919789880514145,0.001622212934307754,-0.5612940192222595,1.1584165608510375,0.2479814040473847,0.12610431234535774
1400,1.1801646314561367,0.13968827971115944,0.030180703848600388,0.0017035306664183736,-0.562893807888031,,,
1401,1.1649660812690854,0.12309715444591537,0.0028251418843865395,0.0016535252798348665,-0.5776271820068359,,,
1402,1.186495954170823,0.13672659404198406,-0.0024613840505480766,0.00167764350771904,-0.5857648253440857,,,
1403,1.1778820399194956,0.14001125852350133,0.02696164697408676,0.0017284192144870758,-0.5769920945167542,,,
1404,1.2169105103239417,0.1680026088708487,-0.03159434348344803,0.0017252247780561447,-0.5718631148338318,,,
1405,1.1679515894502401,0.1314423333258336,0.023235827684402466,0.0016774170799180865,-0.573084831237793,,,
1406,1.143216110765934,0.10441088515855046,-0.012833651155233383,0.001686879200860858,-0.5746374726295471,,,
1407,1.2270837789401412,0.17759138154372522,3.089103847742081e-05,0.001761044142767787,-0.586793839931488,,,
1408,1.219683880917728,0.165669483635016,0.07073462754487991,0.0016946556279435754,-0.5937219262123108,,,
1409,1.252413040958345,0.1966169683522147,0.028340185061097145,0.0016026308294385672,-0.5901221632957458,,,
1410,1.2161817960441113,0.17495076633085072,-0.004370041191577911,0.0015770517056807876,-0.5885177254676819,,,
1411,1.1614048462361097,0.12639868859387393,0.01278762798756361,0.0016270903870463371,-0.5891280174255371,,,
1412,1.1552432356402278,0.12433291298785233,0.0003666218835860491,0.0015278266509994864,-0.5882411003112793,,,
1413,1.2199614671990275,0.17954510134804777,0.0028460705652832985,0.0015801844419911504,-0.5862861275672913,,,
1414,1.2017114134505391,0.15304746217859794,-0.009828212670981884,0.0016801160527393222,-0.5917258262634277,,,
1415,1.1576000666245818,0.11498337600998969,-0.021778292953968048,0.0016178061487153172,-0.5943169593811035,,,
1416,1.1793855363503098,0.1410963635737711,-0.01746772602200508,0.0015797403175383806,-0.5907889008522034,,,
1417,1.1953917881473899,0.159052258386902,-0.02595885843038559,0.0015881588915362954,-0.5822497010231018,,,
1418,1.1915475688874722,0.15252595366930666,-0.015728408470749855,0.0016192682087421417,-0.5830316543579102,,,
1419,1.2040091613307595,0.15253948829775352,-0.01163304504007101,0.0017696531722322106,-0.5813560485839844,,,
1420,1.1349001107737422,0.10204527170165029,-0.018721560016274452,0.0017361212521791458,-0.5882777571678162,,,
1421,1.097927836701274,0.06652077617797425,0.002564231865108013,0.0016165550332516432,-0.586460530757904,,,
1422,1.216278770007193,0.17384310236346417,-0.03056328371167183,0.0016415020218119025,-0.5755128264427185,,,
1423,1.1828797366470098,0.1356855636528182,0.005282423924654722,0.0017699429299682379,-0.5746974945068359,,,
1424,1.13070563133806,0.1017458134569877,0.025158677250146866,0.0016439642058685422,-0.5681172013282776,1.1609951546415687,0.24916371891338246,0.12781807895144315
1425,1.2742110257968307,0.21157185718404498,0.0564487986266613,0.0016581759555265307,-0.564602792263031,,,
1426,1.2052756901830435,0.1497164993705659,-0.05546080321073532,0.0017539566615596414,-0.5652331709861755,,,
1427,1.2300127148628235,0.17573947925078953,0.021259529516100883,0.0014905560528859496,-0.5698099732398987,,,
1428,1.2330426294356585,0.1851429343652139,-0.006554384250193834,0.0016993421595543623,-0.5603461861610413,,,
1429,1.1839914694428444,0.1388712227308297,-0.010086867026984692,0.0017832221928983927,-0.5618343353271484,,,
1430,1.184817899018526,0.14357444684323456,-0.026824595406651497,0.001658136839978397,-0.5639247298240662,,,
1431,1.2092664707452059,0.15618765875151258,0.011577951721847057,0.0016252646455541253,-0.5715251564979553,,,
1432,1.232264774851501,0.18242828693351656,-0.03225051239132881,0.0017752171261236072,-0.573486328125,,,
1433,1.2253989046439528,0.17111767596392158,-0.013423214666545391,0.0016738184494897723,-0.5854454636573792,,,
1434,1.227645861916244,0.17880404511657388,-0.0023575425148010254,0.0018021088326349854,-0.5822372436523438,,,
1435,1.1543097142130136,0.11175749707779728,0.004256368614733219,0.0017112854402512312,-0.5872449278831482,,,
1436,1.1791635742411017,0.139743234737626,0.011299094185233116,0.001782607869245112,-0.5945186018943787,,,
1437,1.202005765400827,0.15498472965610027,-0.014721191488206387,0.0016374223632737994,-0.5922985672950745,,,
1438,1.2143736248835921,0.1610358180606689,0.0180214736610651,0.0017617347184568644,-0.5916075110435486,,,
1439,1.1848060432821512,0.13674799731588339,-0.016752248629927635,0.001907855155877769,-0.5941981673240662,,,
1440,1.1927666356787086,0.1463207898982172,0.031569208949804306,0.0018129373202100396,-0.5957373976707458,,,
1441,1.2236243970692158,0.17744887610450366,0.020877167582511902,0.0018066863995045424,-0.598629891872406,,,
1442,1.1883085956797004,0.14848433066981584,-0.0016651651822030544,0.0015763348201289773,-0.5923604369163513,,,
1443,1.263035997748375,0.20752440179084314,-0.013809844851493835,0.001703907735645771,-0.5934305787086487,,,
1444,1.2027068845927715,0.15531393724053127,-0.011257491074502468,0.0017240343149751425,-0.5980916619300842,,,
1445,1.159555240534246,0.11688872726214619,0.014982162974774837,0.0017604260938242078,-0.6048212647438049,,,
1446,1.1457884786650538,0.11347576165095993,-0.01921507716178894,0.001783059793524444,-0.5940666794776917,,,
1447,1.223635384812951,0.17521899553157105,-0.0217113196849823,0.001533113420009613,-0.5878191590309143,,,
1448,1.1704617589712143,0.1325284723974574,-0.0022707320749759674,0.0016766708577051759,-0.5897126197814941,,,
1449,1.1580256232991815,0.11568999328215174,0.0024175294674932957,0.0016006743535399437,-0.5869160294532776,1.1602270528674126,0.24899774932665705,0.12718531974934885
1450,1.1612749639898539,0.12149425867249852,0.025782719254493713,0.001732562086544931,-0.5841802954673767,,,
1451,1.1993119502440095,0.15437283107918656,0.004145262762904167,0.0017975063528865576,-0.574159562587738,,,
1452,1.193920829333365,0.15050186265050794,-0.007885212078690529,0.001966375159099698,-0.5678573250770569,,,
1453,1.2508400492370129,0.20043991358733218,-0.01852908544242382,0.0016001673648133874,-0.5715156197547913,,,
1454,1.1555074350908399,0.11955582486506228,0.024071119725704193,0.001694708364084363,-0.572608470916748,,,
1455,1.2071337159723043,0.16912319301202688,0.004069393500685692,0.0014439475489780307,-0.5774360299110413,,,
1456,1.1251708408817649,0.09643952284228903,-0.00788801908493042,0.001547361840493977,-0.5836182236671448,,,
1457,1.2042905883863568,0.16511755152673052,0.0002654658164829016,0.0014886052813380957,-0.5848650932312012,,,
1458,1.2124028047546744,0.1560683121119109,-0.013484506867825985,0.0017256548162549734,-0.5899587273597717,,,
1459,1.1958941547200084,0.1553982711872527,0.045976247638463974,0.001559730269946158,-0.5946078300476074,,,
1460,1.227597457356751,0.17855118925198005,-0.048396602272987366,0.001796287833712995,-0.6027846932411194,,,
1461,1.223871124908328,0.17353817862454946,-0.0007122145034372807,0.0017517160158604383,-0.6114596724510193,,,
1462,1.2026195339858532,0.1600984289176056,0.016777995973825455,0.001648728153668344,-0.6173606514930725,,,
1463,1.1111065046861768,0.084914736819377,0.011733217164874077,0.0017447136342525482,-0.6251335144042969,,,
1464,1.1763608902692795,0.13379636540666606,0.01397330779582262,0.001525506959296763,-0.623439371585846,,,
1465,1.24337765481323,0.1969925806795186,0.015710508450865746,0.0016405627829954028,-0.6165242791175842,,,
1466,1.1594979502260685,0.11263419605027558,-0.044321876019239426,0.0014443285763263702,-0.6234216690063477,,,
1467,1.1238970486447215,0.0998554908637627,-0.02844228409230709,0.0014694113051518798,-0.6324377655982971,,,
1468,1.1791972741484642,0.146302407527098,-0.028490278869867325,0.0017675267299637198,-0.6402779221534729,,,
1469,1.223035840317607,0.1817915752597574,-0.020761949941515923,0.001584853045642376,-0.6355580687522888,,,
1470,1.2125294357538223,0.16789934552979202,0.022727379575371742,0.0014546277234330773,-0.6330042481422424,,,
1471,1.1471591219305992,0.10385853308244072,0.04269007593393326,0.001826066174544394,-0.641812264919281,,,
1472,1.1958002857863903,0.13926594833892278,0.05825168639421463,0.0016910183476284146,-0.6498027443885803,,,
1473,1.262553632259369,0.2013213877024678,0.036874789744615555,0.00177599280141294,-0.6390119194984436,,,
1474,1.1666237730532885,0.12807810618716353,-0.0015786167932674289,0.001821971614845097,-0.632591187953949,1.1629439108073711,0.25270402150361126,0.12896979261512015
1475,1.183174037374556,0.1432386752862708,0.00021854403894394636,0.0018812351627275348,-0.6365117430686951,,,
1476,1.1924561113119125,0.15064138628377127,0.0014177393168210983,0.0017390706343576312,-0.6373305916786194,,,
1477,1.1217016987502575,0.08748133160074029,0.016939641907811165,0.0016294550150632858,-0.6374240517616272,,,
1478,1.2044865852221847,0.14966442123951817,0.007377903442829847,0.0016976791666820645,-0.6380653977394104,,,
1479,1.2018900755792856,0.16060282321941374,-0.007800409570336342,0.001641406794078648,-0.6409822106361389,,,
1480,1.1930590644478798,0.14288218153764687,-0.007760714739561081,0.0017898541409522295,-0.6473936438560486,,,
1481,1.180758634582162,0.14480098518018064,0.039350949227809906,0.0016566328704357147,-0.6518417000770569,,,
1482,1.1310908468440175,0.09928955424431643,0.03181541711091995,0.0015888605266809464,-0.6536203026771545,,,
1483,1.2340452577918768,0.18319791022757395,0.0029515528585761786,0.0016121974913403392,-0.6641373038291931,,,
1484,1.1902999747544527,0.14509112286305448,0.008514629676938057,0.0016457111341878772,-0.6606521010398865,,,
1485,1.2148279501125216,0.1588995752138449,-0.015103328041732311,0.0016500115161761642,-0.6591630578041077,,,
1486,1.2336424952372909,0.18435722611829186,-0.001992505043745041,0.0015631512505933642,-0.6636475920677185,,,
1487,1.1829166393727064,0.13770229838018375,-0.01992694102227688,0.0017817647894844413,-0.6634387373924255,,,
1488,1.213235435076058,0.1591884959526727,0.009098254144191742,0.0017704745987430215,-0.6576370596885681,,,
1489,1.217069311067462,0.16263211607346972,-0.023105943575501442,0.001910954131744802,-0.6539496779441833,,,
1490,1.2389229601249099,0.18746522496647655,-0.0060523441061377525,0.0017997471150010824,-0.6526370644569397,,,
1491,1.1999337282031775,0.1650712673949341,0.008991704322397709,0.0017470951424911618,-0.6562080979347229,,,
1492,1.2358864238485694,0.18914835957096324,-0.04972723498940468,0.0017955985385924578,-0.6558895707130432,,,
1493,1.1508714826777577,0.11516043220590531,0.05934559553861618,0.001540956785902381,-0.6606516242027283,,,
1494,1.149509240873158,0.12228390246572787,0.030561326071619987,0.0016499679768458009,-0.6596779227256775,,,
1495,1.2110336739569902,0.16786374783827188,0.002457253634929657,0.0014817282790318131,-0.6518253684043884,,,
1496,1.1977011328563094,0.15547118436894874,-0.012456200085580349,0.0016068853437900543,-0.6378851532936096,,,
1497,1.2108068615198135,0.17235319218947054,-0.04756529629230499,0.001413914025761187,-0.6325482726097107,,,
1498,1.0923943389207125,0.054971336065960046,0.0186040997505188,0.0015132648404687643,-0.6319817900657654,,,
1499,1.2210612064227462,0.17379535112885133,0.00445696571841836,0.0015937977004796267,-0.6522297263145447,1.1626976737752557,0.2525033261490038,0.12885859183712833
1500,1.15420117136091,0.12051156478741148,0.03737495094537735,0.0016783595783635974,-0.6493043303489685,,,
1501,1.1691115265712142,0.1269266817594299,0.005564520135521889,0.0015908246859908104,-0.6458998322486877,,,
1502,1.1778035312891006,0.13176960612436683,-0.0012252464657649398,0.0016227064188569784,-0.6446934342384338,,,
1503,1.179951791651547,0.14286421057095036,0.03509549796581268,0.0015339622041210532,-0.6499962210655212,,,
1504,1.1586827225983143,0.12799536554167842,0.019702943041920662,0.0016955843893811107,-0.6465921998023987,,,
1505,1.1745176892727613,0.1356256268651209,0.011345271952450275,0.0015143805649131536,-0.6460114121437073,,,
1506,1.1988406535238028,0.15947373274134635,-0.036278244107961655,0.0015740615781396627,-0.6495818495750427,,,
1507,1.176885756663978,0.14168733008285067,-0.019499657675623894,0.0017222299939021468,-0.6504974365234375,,,
1508,1.1880108546465635,0.15034810342432223,-0.021754667162895203,0.0015284891705960035,-0.652720034122467,,,
1509,1.1573337260633707,0.12095415505885973,-0.0046307481825351715,0.0015289392322301865,-0.6615386605262756,,,
1510,1.178352969698608,0.14116177236365904,-0.012574369087815285,0.0015209211269393563,-0.6747035980224609,,,
1511,1.239019031636417,0.18046934920921015,-0.01792713813483715,0.0016654104692861438,-0.6832455992698669,,,
1512,1.1933416351675987,0.15399334408817433,-0.002861057175323367,0.00170696631539613,-0.6726802587509155,,,
1513,1.15402571298182,0.11213253119307115,0.008397052995860577,0.0016683071153238416,-0.6693185567855835,,,
1514,1.1755388779565692,0.13641775583427523,0.010713349096477032,0.0018733246251940727,-0.6742645502090454,,,
1515,1.222264059819281,0.1748487603184449,-0.004155753180384636,0.001556778559461236,-0.6755803823471069,,,
1516,1.1244634417816997,0.09262614308996558,0.022841641679406166,0.0017603671876713634,-0.6738577485084534,,,
1517,1.229535285383463,0.18015178190016173,0.01593984290957451,0.001575730973854661,-0.6757274270057678,,,
1518,1.1760767614468932,0.14549506115065208,0.015129362232983112,0.001490978291258216,-0.6790375113487244,,,
1519,1.2109092380851507,0.1624860864095493,-0.016429100185632706,0.0017734881257638335,-0.6842355728149414,,,
1520,1.243838814087212,0.18937740333881609,0.0016985359834507108,0.0016323232557624578,-0.6758428812026978,,,
1521,1.1054210886359215,0.07643288124082347,0.023098226636648178,0.0015092856483533978,-0.6810904145240784,,,
1522,1.2088991990312934,0.16770664027690163,-0.017800122499465942,0.0016046122182160616,-0.6882153153419495,,,
1523,1.1766901724040508,0.14051416825477803,0.02857268415391445,0.0014827315462753177,-0.6978263258934021,,,
1524,1.1818835400044918,0.14087089074265424,0.015027966350317001,0.0015736125642433763,-0.7032604813575745,1.1627105372026563,0.25259172280847736,0.12876327063149717
1525,1.216659084893763,0.1679137589817838,-0.005871737375855446,0.0017080865800380707,-0.7063745260238647,,,
1526,1.1761173624545336,0.14207808829325658,0.011502981185913086,0.0014727561501786113,-0.6990200281143188,,,
1527,1.1908544339239597,0.14224382773773903,0.01637745462357998,0.0015488144708797336,-0.7026408910751343,,,
1528,1.1704805819317698,0.13043914374576743,-0.013083616271615028,0.0016938501503318548,-0.7112888097763062,,,
1529,1.2180657219141722,0.1715418387639396,0.009527906775474548,0.0015840978594496846,-0.7172327041625977,,,
1530,1.185450453311205,0.13990819175015515,0.011475782841444016,0.001714102691039443,-0.717472493648529,,,
1531,1.2198163196444511,0.16512220864457652,-0.013349106535315514,0.0017816004110500216,-0.7178660035133362,,,
1532,1.1934121185913682,0.15586652141240162,-0.016827300190925598,0.0016303196316584945,-0.7113348245620728,,,
1533,1.218307982198894,0.17379570244369544,0.009776273742318153,0.001638716901652515,-0.7068624496459961,,,
1534,1.1813404820859432,0.13562763055697252,-0.045367781072854996,0.0016150037990882993,-0.6993337869644165,,,
1535,1.1266742143779993,0.09678959083388582,-0.016047300770878792,0.0017659475561231375,-0.6988211274147034,,,
1536,1.2195891980081797,0.1743883334009713,0.024386240169405937,0.001731231575831771,-0.6982384324073792,,,
1537,1.1760639967396855,0.1391826144117794,-0.017652057111263275,0.0016886385856196284,-0.702730119228363,,,
1538,1.1581003116443753,0.11863878794113822,0.027954762801527977,0.0016471060225740075,-0.7016567587852478,,,
1539,1.1947224671021104,0.1512745901883431,-0.0005426432471722364,0.0016190505120903254,-0.7032766342163086,,,
1540,1.151855994015932,0.11316866176501574,0.004381371662020683,0.0019226857693865895,-0.7115268707275391,,,
1541,1.230408906005323,0.1785364722356162,-0.002748569706454873,0.0016857570735737681,-0.7184463739395142,,,
1542,1.165157886222005,0.1295195442768085,0.017226608470082283,0.0014645616756752133,-0.7175320982933044,,,
1543,1.1734202029183507,0.13344877014194428,0.038120247423648834,0.001505785039626062,-0.7099418044090271,,,
1544,1.2108640307560563,0.15685846326673758,-0.018455741927027702,0.0017814968014135957,-0.7135607004165649,,,
1545,1.1937088118866086,0.1486356990606113,0.00028505176305770874,0.0016585665289312601,-0.712608277797699,,,
1546,1.1808413593098521,0.13367693061021896,0.006447145249694586,0.0018092415994033217,-0.7186688780784607,,,
1547,1.1973469173535705,0.1553817667441525,-0.002448179991915822,0.0016023303614929318,-0.7232751250267029,,,
1548,1.1599968895316124,0.12854931148678883,0.01758592203259468,0.0017507773591205478,-0.7220783829689026,,,
1549,1.1906731873750687,0.15052933018368037,0.01818707212805748,0.0017462725518271327,-0.7183560729026794,1.1643436523154378,0.2552907438589049,0.12979860582304778
1550,1.1902205273509026,0.14913403565784356,-0.03292509913444519,0.0015835053054615855,-0.7134361267089844,,,
1551,1.19112712983042,0.15354679955711403,0.05135515704751015,0.001626047189347446,-0.7204656004905701,,,
1552,1.1636789068579674,0.12323271899039338,-0.034585561603307724,0.0016279334668070078,-0.7227315306663513,,,
1553,1.1313929269090295,0.09936149727119906,-0.030307944864034653,0.0016951768193393946,-0.7279667258262634,,,
1554,1.1925584161654115,0.14865497673676428,0.014234192669391632,0.0017604910535737872,-0.7325452566146851,,,
1555,1.2206518352031708,0.16816295294595834,0.0035644802264869213,0.001829062239266932,-0.7438926100730896,,,
1556,1.1552838729694486,0.12179146816196111,0.047002144157886505,0.0017033535987138748,-0.7550268769264221,,,
1557,1.1580820428207517,0.12891095532910676,-0.005364930257201195,0.0016846616053953767,-0.7523102164268494,,,
1558,1.2295118812471628,0.17293325939563642,0.01793363317847252,0.0017720450414344668,-0.7476736307144165,,,
1559,1.1953329602256417,0.1449219442029836,-0.043492864817380905,0.0017119664698839188,-0.7536038756370544,,,
1560,1.2507962407544255,0.1964279271546549,-0.031553249806165695,0.0016415158752352,-0.7656821608543396,,,
1561,1.1727339094504714,0.128627012921061,-0.03140654414892197,0.0018326279241591692,-0.7761459946632385,,,
1562,1.124502645805478,0.09332795530488877,-0.01286352425813675,0.0016711854841560125,-0.7791309952735901,,,
1563,1.2573945000767708,0.1881692251842924,-0.006731577683240175,0.0017118720570579171,-0.7846831679344177,,,
1564,1.1583668431267142,0.11886536550762564,0.025268830358982086,0.0017603520536795259,-0.7823995351791382,,,
1565,1.171003334224224,0.13909415534398423,0.009296492673456669,0.0014938254607841372,-0.7921658158302307,,,
1566,1.1794252330437303,0.1430574129244088,0.0409759096801281,0.0016692859353497624,-0.8013716340065002,,,
1567,1.189476321451366,0.1459238876147072,0.023933853954076767,0.0016491205897182226,-0.7964305877685547,,,
1568,1.1302069118246436,0.10095628098288027,0.02290046028792858,0.001643744413740933,-0.7946415543556213,,,
1569,1.2213539760559797,0.16947376162198385,-0.010181419551372528,0.0015816714148968458,-0.7931318283081055,,,
1570,1.169718088582158,0.1268742010806604,0.002346081892028451,0.001713761012069881,-0.7914343476295471,,,
1571,1.1769273625686765,0.135933312403748,0.019727924838662148,0.001565329497680068,-0.787960946559906,,,
1572,1.1778815714642406,0.13181666294492034,-0.015285059809684753,0.0017353360308334231,-0.7982879877090454,,,
1573,1.1909910179674625,0.14665655198679373,0.011730982922017574,0.0014990840572863817,-0.8059273362159729,,,
1574,1.224145526997745,0.17731786428168153,-0.006250317208468914,0.0016990978037938476,-0.8184186220169067,1.1637051794677973,0.2545750320001214,0.12944638483290952
1575,1.2187096122652292,0.1740836647412094,-0.004166103433817625,0.0017433369066566229,-0.8193244934082031,,,
1576,1.1817432390525937,0.14128972759308228,-0.0030240947380661964,0.0016954863676801324,-0.8202581405639648,,,
1577,1.1674607479944825,0.11710442300800318,-0.018861066550016403,0.0016642127884551883,-0.8126050233840942,,,
1578,1.2032311987131834,0.15697935859074857,0.012803316116333008,0.0016439877217635512,-0.8104153275489807,,,
1579,1.18647282384336,0.14425151329004401,-0.04805250093340874,0.0017304389039054513,-0.8162258863449097,,,
1580,1.1721564196050167,0.13152586686757956,-0.031081153079867363,0.001683668582700193,-0.8248557448387146,,,
1581,1.1546335211023688,0.11527269031133079,0.014118548482656479,0.0017374703893437982,-0.8349162340164185,,,
1582,1.1896547712385654,0.13893683032216445,-0.01343475840985775,0.0018681403016671538,-0.8356346487998962,,,
1583,1.2175396839156747,0.1709263901291722,0.033790942281484604,0.0018739887746050954,-0.8395171761512756,,,
1584,1.1754937963560224,0.12512211621318114,0.03010721318423748,0.0018122118199244142,-0.846794068813324,,,
1585,1.2217829870060086,0.1778009034383017,-0.009900405071675777,0.0017477363580837846,-0.8545371294021606,,,
1586,1.2008391693234444,0.15783548401029543,-0.02370324917137623,0.0015884808963164687,-0.8561450242996216,,,
1587,1.1886466508731246,0.14578506156662013,-0.0011131858918815851,0.0017059051897376776,-0.8597583174705505,,,
1588,1.2291891491040587,0.17091441875542263,0.023496881127357483,0.0016607791185379028,-0.8603401780128479,,,
1589,1.2350375829264522,0.1849654884938944,0.048597510904073715,0.0018048732308670878,-0.8668423295021057,,,
1590,1.2500468948855996,0.20499117243956283,-0.005075464956462383,0.0015092400135472417,-0.8725671172142029,,,
1591,1.1042145425453782,0.07388290324899266,0.04409009590744972,0.001414510770700872,-0.8752241730690002,,,
1592,1.1618399368599057,0.12955278026761924,0.0050525180995464325,0.0014470125315710902,-0.8756455183029175,,,
1593,1.139199884608388,0.10688036467418743,-0.002859534462913871,0.0015211242716759443,-0.8701271414756775,,,
1594,1.1909986240789294,0.15369909652447067,-0.009527691639959812,0.0016581587260589004,-0.8707152009010315,,,
1595,1.199061308056116,0.1551951332461871,0.0010324923787266016,0.0015226135728880763,-0.8737992644309998,,,
1596,1.1177485901862383,0.09290891815538584,0.02101803570985794,0.0016860754694789648,-0.8833998441696167,,,
1597,1.1956451889127493,0.12611027694683857,0.01194925606250763,0.0017681500175967813,-0.8920191526412964,,,
1598,1.2555705728009343,0.2010970700202322,0.015290850773453712,0.001676867832429707,-0.9008846879005432,,,
1599,1.2218335196375847,0.17226434849153752,-0.011950354091823101,0.001653044717386365,-0.903732180595398,1.1646971069276333,0.2562747027337751,0.13006517184488817
1600,1.2055862676352262,0.1581111597524834,0.040846019983291626,0.001659562112763524,-0.9165679216384888,,,
1601,1.174918563105166,0.13177846059459256,-0.0075849201530218124,0.0015157676534727216,-0.917396605014801,,,
1602,1.227473497390747,0.1812196966801431,-0.043647997081279755,0.00150673754978925,-0.9153746962547302,,,
1603,1.2039580643177032,0.1495081108401417,0.03424013778567314,0.0017873269971460104,-0.9180240631103516,,,
1604,1.1445488724857569,0.10851344784916327,-0.026156442239880562,0.00180087483022362,-0.9191245436668396,,,
1605,1.1696854634210467,0.1249706498211232,-0.026669925078749657,0.0018337363144382834,-0.916749119758606,,,
1606,1.1657708771526814,0.12523781609498247,0.01257280632853508,0.0018703294917941093,-0.9158438444137573,,,
1607,1.182668276131153,0.1428835189674142,-0.023592866957187653,0.0018543788464739919,-0.9217996001243591,,,
1608,1.2706474028527737,0.21148675035761044,-0.041801221668720245,0.0017197092529386282,-0.9181853532791138,,,
1609,1.170544539578259,0.12512248046690744,0.04035038873553276,0.0018055009422823787,-0.9226952791213989,,,
1610,1.2028343044221401,0.15375569896926988,0.024618761613965034,0.0017996206879615784,-0.9122563600540161,,,
1611,1.180336588062346,0.14202381192904817,0.004995756316930056,0.0016874155262485147,-0.9201213121414185,,,
1612,1.1437090085819364,0.11200649688502456,-0.03947339951992035,0.0015733136096969247,-0.9216299653053284,,,
1613,1.1204758454114199,0.08923503881339886,-0.01652919128537178,0.0015657251933589578,-0.9269189238548279,,,
1614,1.1760559938848019,0.1327102778051984,0.0007771921809762716,0.0018268376588821411,-0.927665650844574,,,
1615,1.2066103583201766,0.16165006573294904,0.026919180527329445,0.001606642035767436,-0.9285928010940552,,,
1616,1.2147104181349277,0.1670538791321824,-0.019358666613698006,0.0018273575697094202,-0.931214451789856,,,
1617,1.1627409989014268,0.1257900482267985,-0.007239995524287224,0.001661377609707415,-0.9350882768630981,,,
1618,1.2062648022547364,0.1681682466433402,-0.017382141202688217,0.0016373182879760861,-0.9383658766746521,,,
1619,1.1508323326706886,0.10915171088571571,0.014826509170234203,0.0017583484295755625,-0.9390801787376404,,,
1620,1.180456219241023,0.127368755144471,0.008550544269382954,0.0018068522913381457,-0.9354305863380432,,,
1621,1.2038625674322248,0.1644912116220861,-0.006511975079774857,0.0015615002484992146,-0.9394971132278442,,,
1622,1.1986093139275908,0.15758905227403103,0.008286714553833008,0.001795414136722684,-0.9505254030227661,,,
1623,1.138295479118824,0.10460925805786336,0.010201701894402504,0.001471959869377315,-0.9613600373268127,,,
1624,1.2352657532319427,0.1743114833418226,-0.006929999217391014,0.0015760225942358375,-0.9696170091629028,1.168231438845396,0.2616615472738474,0.13220310530833676
1625,1.1418177019804716,0.1015407255599955,-0.006220603361725807,0.0016596781788393855,-0.9823551177978516,,,
1626,1.1871879938989878,0.14199491523216823,-0.001549312612041831,0.002001972170546651,-0.9893609285354614,,,
1627,1.2296812143176794,0.18083959289453308,0.0009466318879276514,0.0017308138776570559,-0.9958544969558716,,,
1628,1.1483924984931946,0.10940854121167967,0.03122483380138874,0.0017796786269173026,-0.9966364502906799,,,
1629,1.1895268969237804,0.14286453526186826,0.02781294286251068,0.001719718798995018,-0.9934244155883789,,,
1630,1.2250162670388818,0.17014532653345063,0.01540499646216631,0.0017904738197103143,-0.9918125867843628,,,
1631,1.233389045111835,0.17094597449848983,-0.0057989866472780704,0.0017668695654720068,-0.9979554414749146,,,
1632,1.1870765378698707,0.14601585749008394,-0.009701009839773178,0.001709412899799645,-1.0016239881515503,,,
1633,1.1890898030251265,0.1456893434458933,-0.022943373769521713,0.001924445852637291,-0.9983539581298828,,,
1634,1.1484100678935647,0.1178221742001078,0.032623112201690674,0.0016135775949805975,-0.9995184540748596,,,
1635,1.2124602878466249,0.16280212290546375,-0.017264606431126595,0.0017632943345233798,-1.0066157579421997,,,
1636,1.2599969375878572,0.21164058218217507,-0.01657307893037796,0.0016003381460905075,-1.0067731142044067,,,
1637,1.2163333846256137,0.16520911844276281,0.02736986055970192,0.0017394666792824864,-1.0087957382202148,,,
1638,1.2177421124652028,0.17210970432987735,0.03617837652564049,0.0016547318082302809,-1.0116900205612183,,,
1639,1.2057327507063746,0.15123088900058884,-0.0029330721590667963,0.0018545985221862793,-1.0131455659866333,,,
1640,1.2403516126796603,0.17905635131380024,0.028289400041103363,0.0016571219312027097,-1.0165518522262573,,,
1641,1.1754999393597245,0.13824308153964815,0.009152758866548538,0.001680398010648787,-1.0136090517044067,,,
1642,1.168412790633738,0.12636094165877937,0.005811466835439205,0.0016139764338731766,-1.016074299812317,,,
1643,1.194902865216136,0.15433133038804636,-0.043534811586141586,0.0016576003981754184,-1.0218297243118286,,,
1644,1.2076489720493555,0.1582372267715826,-0.006682778708636761,0.0018289765575900674,-1.0313795804977417,,,
1645,1.229684179648757,0.17469695946768782,-0.006633725017309189,0.0019358553690835834,-1.0323046445846558,,,
1646,1.2435550838708878,0.1725098739515941,-0.01995696872472763,0.0017573874210938811,-1.031931757926941,,,
1647,1.1562335696071386,0.12078983467606091,-0.0029167302418500185,0.001792950788512826,-1.0296555757522583,,,
1648,1.192255892790854,0.13885022437210032,0.017576435580849648,0.0017825362738221884,-1.0252639055252075,,,
1649,1.2066610306501389,0.1595149093048488,-0.012561887502670288,0.001778377452865243,-1.0217856168746948,1.1669297479093075,0.25645690408586586,0.1317149033582117
1650,1.1826661676168442,0.1456241504199915,-0.0015210306737571955,0.0018133092671632767,-1.0206223726272583,,,
1651,1.248811211436987,0.19376671534682005,0.014555691741406918,0.0018465460743755102,-1.0230752229690552,,,
1652,1.2054185345768929,0.16322694972262017,-0.01088214386254549,0.0016951968427747488,-1.0323182344436646,,,
1653,1.1864123046398163,0.1323850279085959,-0.02856222540140152,0.0017267899820581079,-1.043935775756836,,,
1654,1.1310706920921803,0.08888162327535062,-0.0033579831942915916,0.001719015883281827,-1.0460635423660278,,,
1655,1.1317850928753614,0.0950254415761275,0.014424191787838936,0.0018563674530014396,-1.0402058362960815,,,
1656,1.2025603270158172,0.16181140218613604,0.041534293442964554,0.0016387917567044497,-1.038875699043274,,,
1657,1.157957524061203,0.12315818970790249,-0.017145220190286636,0.0017444416880607605,-1.0463342666625977,,,
1658,1.1834016162902117,0.14405479867488938,0.011623764410614967,0.0017268146621063352,-1.0483444929122925,,,
1659,1.1310676140710711,0.09987005381755643,-0.02095155045390129,0.0017563170986250043,-1.0494755506515503,,,
1660,1.2012568237259984,0.1530147484259926,-0.009891519322991371,0.0017514319624751806,-1.0550681352615356,,,
1661,1.1774464650079608,0.14506768536883505,0.02300042286515236,0.0016382650937885046,-1.0626468658447266,,,
1662,1.2345684627071023,0.18414732894386468,0.019194338470697403,0.001610046485438943,-1.0679434537887573,,,
1663,1.1779741179198027,0.14147494435609634,0.04526711255311966,0.0015919951256364584,-1.072057843208313,,,
1664,1.2239909060299397,0.1698720903491649,0.00238704401999712,0.0017863733228296041,-1.0791815519332886,,,
1665,1.2181558711454272,0.16965456530750755,-0.014398805797100067,0.0018586142687126994,-1.079646110534668,,,
1666,1.1794265042990446,0.13937370730488274,-0.010149790905416012,0.0014435133198276162,-1.0728987455368042,,,
1667,1.1950733726844192,0.13986539389657882,0.022609010338783264,0.0019972913432866335,-1.0830057859420776,,,
1668,1.2121060192584991,0.16848244836768603,0.014128762297332287,0.0020429568830877542,-1.0967167615890503,,,
1669,1.1934802392497659,0.14337611265323555,0.012110879644751549,0.0016533092129975557,-1.0945690870285034,,,
1670,1.19432283192873,0.15088728627953235,-0.00187248969450593,0.001583508332259953,-1.1004780530929565,,,
1671,1.1829382618889213,0.1384034406550385,-0.004572615958750248,0.0018599034519866109,-1.103631854057312,,,
1672,1.195437142625451,0.15629972029750672,0.027300599962472916,0.001812897389754653,-1.1059952974319458,,,
1673,1.112810361199081,0.07800759989673761,0.018561579287052155,0.001795040676370263,-1.1116255521774292,,,
1674,1.1404387624934316,0.1092278393854705,-0.04455992206931114,0.0016980440123006701,-1.1152018308639526,1.1700451076030731,0.2600717867856256,0.13381082954831203
1675,1.2086714766919613,0.15849929476073435,0.015598469413816929,0.001624386990442872,-1.1197301149368286,,,
1676,1.1769926827400923,0.13316501682755882,0.0069088987074792385,0.0016929188277572393,-1.1232396364212036,,,
1677,1.2027861662209034,0.1601285221275445,0.04306714981794357,0.0017931719776242971,-1.1273678541183472,,,
1678,1.2050513392314315,0.1668525747610084,0.012639490887522697,0.0014341117348521948,-1.1171571016311646,,,
1679,1.1525013651698828,0.11485441011374325,-0.0011839864309877157,0.001688222517259419,-1.1178447008132935,,,
1680,1.218496331013739,0.16823225938938224,0.014162086881697178,0.0017815849278122187,-1.121724009513855,,,
1681,1.1705150017514825,0.1302877512321665,-0.007156278006732464,0.0018379740649834275,-1.126486897468567,,,
1682,1.1966201849281788,0.15592650257928095,0.018717607483267784,0.0016861039912328124,-1.1251524686813354,,,
1683,1.2184306317940354,0.1705515851807733,0.011818296276032925,0.001683525857515633,-1.1295881271362305,,,
1684,1.225974234752357,0.17027880841883458,-0.028057005256414413,0.0017223729519173503,-1.1237982511520386,,,
1685,1.1582187758758664,0.12104923772475698,-0.008333535864949226,0.0019429083913564682,-1.1150761842727661,,,
1686,1.201694866642356,0.14925383800837028,0.0016298729460686445,0.0018555596470832825,-1.1197174787521362,,,
1687,1.123000293970108,0.0974420075063685,0.03149423375725746,0.0016692511271685362,-1.124198079109192,,,
1688,1.214016924612224,0.16226228321548392,-0.0029974596109241247,0.0018579222960397601,-1.1249512434005737,,,
1689,1.1912954859435558,0.14968243460520983,0.003179854014888406,0.0017169982893392444,-1.1243571043014526,,,
1690,1.2107334965839982,0.1675841511659819,0.03938547149300575,0.0015825480222702026,-1.1277199983596802,,,
1691,1.1972563406452537,0.14103920777298765,-0.004528839141130447,0.0018796654185280204,-1.128940463066101,,,
1692,1.196946226991713,0.1582508410988748,0.028037700802087784,0.001672380487434566,-1.1343172788619995,,,
1693,1.1952433800324798,0.15155961711914628,0.015676893293857574,0.0018443949520587921,-1.1443105936050415,,,
1694,1.2152937399223447,0.1625491278736199,-0.013990415260195732,0.0016091556753963232,-1.144057273864746,,,
1695,1.207563852891326,0.15877322588251586,-0.005967914592474699,0.0017533706268295646,-1.1479331254959106,,,
1696,1.1793172704055905,0.14411884319993867,0.0341826006770134,0.0015116342110559344,-1.1499487161636353,,,
1697,1.2130946619436145,0.1705436935989971,-0.0004670103080570698,0.0014773368602618575,-1.1531115770339966,,,
1698,1.2120523499324918,0.16368193879849532,-0.011777481995522976,0.0015834709629416466,-1.1644009351730347,,,
1699,1.2794251944869757,0.20367505193463586,0.01638989895582199,0.0017871219897642732,-1.1638623476028442,1.167019329033792,0.2577831771020717,0.13171995473823916
1700,1.213476698845625,0.1586162083693413,0.026135548949241638,0.0018433235818520188,-1.166153073310852,,,
1701,1.226348397321999,0.1762726787259787,-0.001958359032869339,0.001976362429559231,-1.1643465757369995,,,
1702,1.1943494621664286,0.15082721831045767,-0.033553965389728546,0.001693197526037693,-1.1568125486373901,,,
1703,1.2366158170625567,0.18095873787776237,-0.014228681102395058,0.0017011674353852868,-1.1578408479690552,,,
1704,1.1453715413808823,0.11025680226566403,0.026795636862516403,0.00161144626326859,-1.1638425588607788,,,
1705,1.1948877815157175,0.15136433459379944,0.039528436958789825,0.0015991453547030687,-1.1593064069747925,,,
1706,1.2306399177759886,0.1798527500650225,0.02788078971207142,0.0017600574064999819,-1.1505483388900757,,,
1707,1.1509113050997257,0.11313243413368182,0.007118571549654007,0.001590309082530439,-1.1558893918991089,,,
1708,1.1907672928646207,0.14678738291716756,0.02981702797114849,0.0016258156392723322,-1.1685141324996948,,,
1709,1.2078273613005877,0.16261629044645237,-0.010986042208969593,0.0018682617228478193,-1.1782981157302856,,,
1710,1.180735806003213,0.1437941642480623,-0.009826510213315487,0.0016567038837820292,-1.1831904649734497,,,
1711,1.207918068394065,0.16789786403154483,0.007463425397872925,0.0015091121895238757,-1.1900359392166138,,,
1712,1.1221520351246,0.09187130363743168,-0.021332845091819763,0.0016633934574201703,-1.1946183443069458,,,
1713,1.1230526100844145,0.08856256793518061,0.013041162863373756,0.001510327565483749,-1.1892107725143433,,,
1714,1.1664939112961292,0.11580399930874918,-0.006167322862893343,0.0016360742738470435,-1.197409987449646,,,
1715,1.1956448629498482,0.15003400094274247,0.023694170638918877,0.0019068417605012655,-1.1955138444900513,,,
1716,1.186196606606245,0.1435116072113396,0.009543819352984428,0.0017446910496801138,-1.1942635774612427,,,
1717,1.17447913531214,0.13596952437910043,-0.022058900445699692,0.0016893508145585656,-1.1950883865356445,,,
1718,1.2003958877176046,0.1478772617132479,0.02111463062465191,0.0017358193872496486,-1.2042285203933716,,,
1719,1.1338480226695538,0.1010180817027557,-0.018278218805789948,0.0018856743117794394,-1.2158716917037964,,,
1720,1.1967061199247837,0.1518928857188179,0.05322476476430893,0.0017679788870736957,-1.2227452993392944,,,
1721,1.2343532433733344,0.17249157001588605,-0.029711918905377388,0.001987021416425705,-1.221009373664856,,,
1722,1.1739531261846423,0.13061065278107148,-0.0468495711684227,0.0018716523190960288,-1.217503547668457,,,
1723,1.195442714728415,0.1557950078337415,-0.002436684910207987,0.0016228927997872233,-1.2229243516921997,,,
1724,1.2027059812098742,0.15572964946377915,-0.02158658765256405,0.0018500552978366613,-1.2248636484146118,1.1683066170662642,0.25912478376467846,0.1326562995851773
1725,1.2174451276659966,0.1759270148590333,0.02546664886176586,0.001785449800081551,-1.2287684679031372,,,
1726,1.1851750565692782,0.13469390920962773,0.021115917712450027,0.0016435293946415186,-1.2285937070846558,,,
1727,1.237265631556511,0.1864342794800175,-0.02856557071208954,0.0017266971990466118,-1.2340596914291382,,,
1728,1.2106409585103393,0.16703682007875528,0.050221607089042664,0.0018707786221057177,-1.2413426637649536,,,
1729,1.2006146302446723,0.15775217915709872,0.0025184587575495243,0.0017286896472796798,-1.244902491569519,,,
1730,1.137964372523129,0.10562412480701334,-0.019790586084127426,0.001662150607444346,-1.2409332990646362,,,
1731,1.1381895216181874,0.10866185106933898,-0.0069954050704836845,0.0015868886839598417,-1.236125111579895,,,
1732,1.1744449734687805,0.1263124310517309,0.04422975331544876,0.0016967247938737273,-1.2333213090896606,,,
1733,1.1828757198527455,0.14499422397796677,0.019375663250684738,0.0017657473217695951,-1.241416096687317,,,
1734,1.1735117053613067,0.12631316369984955,-0.01221380103379488,0.0016538602067157626,-1.2472039461135864,,,
1735,1.1465965202078223,0.11699170038623567,0.023467453196644783,0.0018520986195653677,-1.2476454973220825,,,
1736,1.239275561645627,0.1848700802153796,0.008205362595617771,0.0016195346834138036,-1.2427188158035278,,,
1737,1.207254114560783,0.15285532321289597,0.01660139486193657,0.0016333257080987096,-1.2523096799850464,,,
1738,1.1827921066433191,0.14628297994907286,0.012571723200380802,0.0016519499476999044,-1.2579032182693481,,,
1739,1.2378137968480587,0.18330642937061686,-0.012857690453529358,0.0016817583236843348,-1.2573965787887573,,,
1740,1.144959695637226,0.1098020262480866,0.012323952279984951,0.0016593412728980184,-1.2585138082504272,,,
1741,1.1744249621406198,0.13244645294455454,-0.013250274583697319,0.0016313798259943724,-1.253355860710144,,,
1742,1.1346690095961094,0.10130557061241398,0.017735198140144348,0.0015124337514862418,-1.2601958513259888,,,
1743,1.2216275930404663,0.17291143330550468,-0.01698536053299904,0.0016659169923514128,-1.2627283334732056,,,
1744,1.241384306922555,0.18642171711922367,-0.02795552648603916,0.0018101142486557364,-1.2691153287887573,,,
1745,1.1994209913536906,0.151017161960322,0.06685613095760345,0.0016916670138016343,-1.2670191526412964,,,
1746,1.2103127278387547,0.16151302216684665,0.025303203612565994,0.0016305225435644388,-1.2749882936477661,,,
1747,1.1527290856465697,0.11167807541275643,0.0078280596062541,0.0017445654375478625,-1.2768110036849976,,,
1748,1.102993682026863,0.0808954890320468,-0.006892792880535126,0.0017246719216927886,-1.2824467420578003,,,
1749,1.1617902992293239,0.12573602952855067,-0.01716962456703186,0.0015103081241250038,-1.2902010679244995,1.1702869478613138,0.2606639332135482,0.13392822248641012
1750,1.1359968027099967,0.10250244141548423,-0.02046859636902809,0.0015017084078863263,-1.2941418886184692,,,
1751,1.1874964060261846,0.14283176867418013,-0.011311676353216171,0.001545204664580524,-1.2829195261001587,,,
1752,1.2126621408388019,0.16892016825163958,0.013696761801838875,0.0015560403699055314,-1.2849901914596558,,,
1753,1.1817443333566189,0.1429755796411997,0.01343519613146782,0.0017472133040428162,-1.2821587324142456,,,
1754,1.1912796339020133,0.15324827093568572,0.004569851327687502,0.0017116308445110917,-1.2800369262695312,,,
1755,1.1817687889561057,0.1427040421294537,-0.0004990356974303722,0.0018229706911370158,-1.2840689420700073,,,
1756,1.2195781068876386,0.1795948734575702,0.0262918621301651,0.0016982044326141477,-1.2956689596176147,,,
1757,1.1937242401763797,0.1446680879472674,0.016919203102588654,0.0015614853473380208,-1.3019601106643677,,,
1758,1.1633154293522239,0.13251970996460355,-0.007073890417814255,0.001552518573589623,-1.3065804243087769,,,
1759,1.2090126723051071,0.16391592559391385,-0.0024712071754038334,0.0017027712892740965,-1.3088828325271606,,,
1760,1.1598570393398404,0.11792781819666046,0.024172408506274223,0.001594013418070972,-1.3154126405715942,,,
1761,1.205970966257155,0.14795555320533824,-0.025008808821439743,0.0018281377851963043,-1.3258668184280396,,,
1762,1.1975557366386056,0.15879856621668573,0.03935738280415535,0.0017321595223620534,-1.3273781538009644,,,
1763,1.1886339047923684,0.1488954521333195,-0.00633794954046607,0.0018635849701240659,-1.3272207975387573,,,
1764,1.2325723869726062,0.1768573582598335,-0.01037951186299324,0.0017395839095115662,-1.3298643827438354,,,
1765,1.1598912561312318,0.12577324591931507,0.038570959120988846,0.0015767344739288092,-1.3130360841751099,,,
1766,1.1494053667411208,0.11975574968796505,7.523223757743835e-05,0.0015403160359710455,-1.3060098886489868,,,
1767,1.1664703944697976,0.13028346623368886,-0.018286246806383133,0.001454788027331233,-1.3122552633285522,,,
1768,1.1526483530178666,0.11276311586330046,0.018607530742883682,0.0016097819898277521,-1.3070563077926636,,,
1769,1.2082760380581021,0.16597443796980405,0.007700751535594463,0.0015910289948806167,-1.3255378007888794,,,
1770,1.2214706959202886,0.17188063729463587,0.06359986215829849,0.0016709079500287771,-1.3307160139083862,,,
1771,1.224650589749217,0.1806995352762001,-0.049298740923404694,0.0017072266200557351,-1.3338316679000854,,,
1772,1.2439912976697087,0.1898070360956663,-0.01696767657995224,0.001694625010713935,-1.335944414138794,,,
1773,1.168770487420261,0.1269667000764847,0.027189530432224274,0.0015180121408775449,-1.3265544176101685,,,
1774,1.2193977301940322,0.17287527419163518,-0.007965222001075745,0.0015226994873955846,-1.3259068727493286,1.1703856121748686,0.2605579243726474,0.13398353777765853
1775,1.122929597273469,0.08973589793337705,0.044504065066576004,0.0016224964056164026,-1.3261040449142456,,,
1776,1.1982859717682004,0.15870590662594442,0.020766373723745346,0.0016375931445509195,-1.3427411317825317,,,
1777,1.181262893602252,0.13986052791529857,-0.0025809411890804768,0.0017731968546286225,-1.3578884601593018,,,
1778,1.1853969590738416,0.14960445623575078,0.008032120764255524,0.0014421625528484583,-1.3544704914093018,,,
1779,1.1722391592338681,0.14262286269829988,-0.005300696473568678,0.0013739020796492696,-1.3623677492141724,,,
1780,1.1937365792691708,0.14361902651677666,0.0007094377651810646,0.001627549179829657,-1.3687342405319214,,,
1781,1.1985802249982953,0.1536940394007989,-0.008853020146489143,0.0015745064010843635,-1.3706600666046143,,,
1782,1.1675409777089953,0.13304083785235057,-0.005074676591902971,0.0016245272709056735,-1.3749734163284302,,,
1783,1.162407130934298,0.1249676179631668,-0.020018115639686584,0.0016899136826395988,-1.3807352781295776,,,
1784,1.1716926712542772,0.1360572648280633,-0.013068122789263725,0.0019096278119832277,-1.3759758472442627,,,
1785,1.1719424836337566,0.13493116151745344,0.022078750655055046,0.0015669147251173854,-1.3794128894805908,,,
1786,1.20597889367491,0.1664632315959853,0.006863409653306007,0.0015381689881905913,-1.377925157546997,,,
1787,1.149572012014687,0.11415102190366042,0.013534313067793846,0.001701606553979218,-1.3768424987792969,,,
1788,1.2130959164351225,0.1643822118608341,0.02069571614265442,0.0016835334245115519,-1.3816745281219482,,,
1789,1.1747397035360336,0.13875819354563484,0.015037734061479568,0.0015952072571963072,-1.3816241025924683,,,
1790,1.2096921233460307,0.16258552662586867,0.010460974648594856,0.0017054294003173709,-1.3813401460647583,,,
1791,1.184647616930306,0.14783656700774364,-0.013880760408937931,0.001691423007287085,-1.3937605619430542,,,
1792,1.1587730692699552,0.12517512387453533,-0.01574217528104782,0.0015695709735155106,-1.4001425504684448,,,
1793,1.2417797222733498,0.19099188733316416,0.003635298926383257,0.0016918870387598872,-1.3952771425247192,,,
1794,1.1676342273131013,0.1301215152614933,0.02310301922261715,0.0015410209307447076,-1.3932267427444458,,,
1795,1.2133390856906772,0.16781683980872955,0.020313750952482224,0.001591804320923984,-1.3986098766326904,,,
1796,1.1728491708636284,0.1341265090903945,0.016682332381606102,0.0016504592495039105,-1.4015262126922607,,,
1797,1.1809702459722757,0.13953545321130598,-0.018960123881697655,0.0017428649589419365,-1.4105757474899292,,,
1798,1.1064977031201124,0.08247518630558882,0.014402594417333603,0.0015521071618422866,-1.41710364818573,,,
1799,1.167230486869812,0.1291716857665778,0.03382732346653938,0.001529375440441072,-1.4244773387908936,1.1683188509196043,0.25752730234958576,0.13265312825816916
1800,1.2049424890428782,0.16201567800359126,0.027006346732378006,0.0015771763864904642,-1.4204970598220825,,,
1801,1.2149103851988912,0.16783691823458913,0.04679354280233383,0.0013938990887254477,-1.417354702949524,,,
1802,1.2323837578296661,0.1814324920874809,-0.01577066071331501,0.0016646173316985369,-1.4215304851531982,,,
1803,1.1909127850085497,0.14980456669049852,0.019039152190089226,0.0017332194838672876,-1.4197769165039062,,,
1804,1.1897173207253218,0.14204904359618437,0.03243755176663399,0.0016609946032986045,-1.4226462841033936,,,
1805,1.1844566343352199,0.13939518295082912,-0.020860517397522926,0.00171106425113976,-1.419443130493164,,,
1806,1.2052475810050964,0.15747815861628628,0.006300746463239193,0.0016347600612789392,-1.4162685871124268,,,
1807,1.1371214548125863,0.10382691072200306,-0.03465550020337105,0.001766418688930571,-1.4216759204864502,,,
1808,1.1727716336026788,0.13577957774957813,0.013011835515499115,0.0016859496245160699,-1.4220999479293823,,,
1809,1.1794199803844094,0.1427561516603202,-0.012791215442121029,0.0016997407656162977,-1.4240037202835083,,,
1810,1.1755666499957442,0.14069410229501028,0.04786575213074684,0.0016801601741462946,-1.4229031801223755,,,
1811,1.1327572129666805,0.10554720620865457,0.0035934201441705227,0.0016888061072677374,-1.4236552715301514,,,
1812,1.2399045377969742,0.1900927433573696,-0.031371355056762695,0.0015424889279529452,-1.4244080781936646,,,
1813,1.1860307296738029,0.14261805339901348,0.03955592215061188,0.0015774739440530539,-1.4174506664276123,,,
1814,1.1682378128170967,0.1300197732219352,-0.008405450731515884,0.0015345170395448804,-1.4140187501907349,,,
1815,1.1264968756586313,0.0994934010291658,0.004361167084425688,0.0016174636548385024,-1.4240437746047974,,,
1816,1.2097666272893548,0.16019811402161416,0.0250789113342762,0.001638239249587059,-1.4310619831085205,,,
1817,1.2195397187024355,0.17147639063048242,-0.012248562648892403,0.0017037380021065474,-1.434383511543274,,,
1818,1.201814883388579,0.1616929181652108,0.009802413173019886,0.0016176222125068307,-1.4274481534957886,,,
1819,1.1916674887761474,0.15354117535908834,0.052643585950136185,0.001670293277129531,-1.4356671571731567,,,
1820,1.1819396084174514,0.13935134355613502,0.0010493961162865162,0.001954579958692193,-1.4356250762939453,,,
1821,1.1821835553273559,0.1416081958030474,-0.0028035598807036877,0.001690257340669632,-1.4320811033248901,,,
1822,1.2233697976917028,0.1678987772330724,0.006501255556941032,0.0017215610714629292,-1.4343483448028564,,,
1823,1.1627585124224424,0.12773883190503107,0.005650196224451065,0.0014945159200578928,-1.4316551685333252,,,
1824,1.2187204491347075,0.17574484663236573,-0.0018938127905130386,0.0015798804815858603,-1.437791109085083,1.168651812709868,0.25797646979379624,0.13292374559016512
1825,1.2067671744152904,0.16922279450291564,0.00744542246684432,0.001464299508370459,-1.4315489530563354,,,
1826,1.2038840958848596,0.15789490770812825,0.024069122970104218,0.0015360184479504824,-1.4297083616256714,,,
1827,1.1645846692845225,0.1320464302658214,0.04030964523553848,0.0015122127952054143,-1.4296714067459106,,,
1828,1.1687157452106476,0.12436624279014057,0.008879415690898895,0.001475870842114091,-1.4225585460662842,,,
1829,1.192271708510816,0.1518048012066448,0.03339492902159691,0.0016609519952908158,-1.422110676765442,,,
1830,1.233587408438325,0.1736653607116282,0.03187999501824379,0.00155041238758713,-1.4253928661346436,,,
1831,1.1643997440114617,0.12924735363994508,0.011691013351082802,0.0016037297900766134,-1.4312770366668701,,,
1832,1.1420185724273324,0.1124594353760206,0.009737426415085793,0.0014708489179611206,-1.424606204032898,,,
1833,1.228511506691575,0.18384713474235279,0.005537179298698902,0.0015065904008224607,-1.4204083681106567,,,
1834,1.1590414782986045,0.12842277192556764,0.016867119818925858,0.001371609279885888,-1.4200031757354736,,,
1835,1.173610083758831,0.13317958737314156,-0.011334233917295933,0.0016293305670842528,-1.4128501415252686,,,
1836,1.1974004916846752,0.15732427019520662,-0.012446057051420212,0.0015439109411090612,-1.4110896587371826,,,
1837,1.1890503745526075,0.15857570275854668,-0.011964984238147736,0.0015680566430091858,-1.4073542356491089,,,
1838,1.2213650615885854,0.17666421149208736,-0.042474839836359024,0.0015110681997612119,-1.399735689163208,,,
1839,1.1798970233649015,0.14296077174266025,0.05215701460838318,0.0014604093739762902,-1.3925361633300781,,,
1840,1.2089902367442846,0.14765571522776674,-0.027394553646445274,0.0017779059708118439,-1.3936989307403564,,,
1841,1.166682407259941,0.12963167161009928,-0.011697245761752129,0.0015723418910056353,-1.3920038938522339,,,
1842,1.198502722196281,0.1522803907809858,-0.01014505885541439,0.0016397142317146063,-1.3866431713104248,,,
1843,1.1802163906395435,0.14811530696826372,-0.026549257338047028,0.001619351445697248,-1.3935500383377075,,,
1844,1.1766190323978662,0.14101531228509936,0.018836507573723793,0.0014445934211835265,-1.3916147947311401,,,
1845,1.152291308157146,0.11282930638401362,0.03840281814336777,0.001619206741452217,-1.387536883354187,,,
1846,1.2181616853922606,0.17735164481991073,-0.02809889428317547,0.0014984301524236798,-1.3825589418411255,,,
1847,1.1185610322281718,0.08359611176567573,0.03686055168509483,0.0017012202879413962,-1.3835431337356567,,,
1848,1.1845194064080715,0.13220651715641507,0.01116204634308815,0.001680927467532456,-1.3827292919158936,,,
1849,1.1467315703630447,0.11072244904033274,0.01804652437567711,0.0016229033935815096,-1.383703351020813,1.1662598820403218,0.2547675527171815,0.1314270959886491
1850,1.222480478696525,0.1750802260446195,-0.029278486967086792,0.0015293166507035494,-1.3915512561798096,,,
1851,1.2584970509633422,0.20729567000853538,0.01053408719599247,0.0016304049640893936,-1.3954638242721558,,,
1852,1.1741822799667716,0.14125078235690125,-0.01052046474069357,0.0015306546119973063,-1.4015312194824219,,,
1853,1.202194843441248,0.15553855151616727,0.02079867385327816,0.0015785975847393274,-1.3991992473602295,,,
1854,1.2092146165668964,0.1699220026162988,-0.00102526368573308,0.0014229152584448457,-1.3894569873809814,,,
1855,1.2081310702487826,0.1658012624462432,-0.013347678817808628,0.0016342134913429618,-1.3980720043182373,,,
1856,1.1922930292785168,0.15528735602590366,0.005554428789764643,0.0015829683979973197,-1.3982733488082886,,,
1857,1.1878720335662365,0.14666358429031248,-0.01964644528925419,0.001430532312951982,-1.3999406099319458,,,
1858,1.119825879111886,0.08465003509211871,-0.012436526827514172,0.001570784137584269,-1.3988735675811768,,,
1859,1.2005223529413342,0.16131812179761323,0.03675864636898041,0.0016459046164527535,-1.4018534421920776,,,
1860,1.192885147407651,0.1450825321503043,0.02275729551911354,0.0015329528832808137,-1.4096108675003052,,,
1861,1.230048987083137,0.1862925372918573,-0.021850213408470154,0.0014264220371842384,-1.4066084623336792,,,
1862,1.1732051642611623,0.13343878782838423,-0.006522889249026775,0.001435851096175611,-1.4053046703338623,,,
1863,1.1716585559770465,0.13528143417668023,0.005526489578187466,0.0015250126598402858,-1.4132872819900513,,,
1864,1.0854382887482643,0.06043033314261904,-0.007302202749997377,0.001692062010988593,-1.4086970090866089,,,
1865,1.208103820681572,0.16816403898150528,-0.018728794530034065,0.0014710413524881005,-1.413151502609253,,,
1866,1.1636844854801893,0.1322238835823849,0.0031961468048393726,0.0016182761173695326,-1.412246823310852,,,
1867,1.2152839293703437,0.17143042946230738,0.0018096480052918196,0.0014509556349366903,-1.4125087261199951,,,
1868,1.2302932124584913,0.17889648821681675,-0.006291147321462631,0.0014118297258391976,-1.4058512449264526,,,
1869,1.1291473265737295,0.09800958421925893,-0.03019641898572445,0.0015968914376571774,-1.41096031665802,,,
1870,1.1531592002138495,0.12395596005704933,0.01283638272434473,0.0014782095095142722,-1.4038153886795044,,,
1871,1.187853503972292,0.13666016619671323,0.014772452414035797,0.0016607381403446198,-1.4010354280471802,,,
1872,1.1888537649065256,0.14462687463444093,-0.015543583780527115,0.0016196755459532142,-1.4086239337921143,,,
1873,1.143863344565034,0.11425675290692738,-2.4988315999507904e-05,0.0015022100415080786,-1.4112757444381714,,,
1874,1.160113075748086,0.1260165484819802,0.012505276128649712,0.0013638095697388053,-1.4174659252166748,1.1651018057018518,0.2535854533914701,0.13064070368519884
1875,1.1722583686932921,0.12613114226236527,0.008367924951016903,0.001587109873071313,-1.4102370738983154,,,
1876,1.138830647803843,0.09537204667238297,0.016812840476632118,0.0016283810837194324,-1.4147340059280396,,,
1877,1.1483679730445147,0.12179881785005724,-0.00629815086722374,0.001635868102312088,-1.4272105693817139,,,
1878,1.2528771040961146,0.19841098314629269,0.004314218647778034,0.0016631620237603784,-1.432806134223938,,,
1879,1.1762538235634565,0.13374078089203784,0.01323634758591652,0.001378602464683354,-1.4429867267608643,,,
1880,1.1831918265670538,0.14440233747854386,0.01691221073269844,0.001511415233835578,-1.4538085460662842,,,
1881,1.1995286345481873,0.15791096583983721,0.038712628185749054,0.0016568342689424753,-1.458321452140808,,,
1882,1.190104435198009,0.15182108807108538,0.022043101489543915,0.0013698507100343704,-1.4705264568328857,,,
1883,1.1981459418311715,0.15017932721061744,0.025709738954901695,0.0015420865966007113,-1.464552640914917,,,
1884,1.173700261861086,0.1401176327045986,-0.01544743962585926,0.0016587938880547881,-1.4554646015167236,,,
1885,1.161058098077774,0.1218451792722656,-0.026947248727083206,0.0017098297830671072,-1.4425164461135864,,,
1886,1.1281095668673515,0.09732380709907937,0.0069961268454790115,0.0016127328854054213,-1.4414557218551636,,,
1887,1.1475631697103381,0.11512051376144965,0.0099882110953331,0.0016509841661900282,-1.441269040107727,,,
1888,1.2249105544760823,0.17616522279584199,-0.0018524429760873318,0.0016172046307474375,-1.4389287233352661,,,
1889,1.221666906028986,0.18343511773482593,-0.008278539404273033,0.0017241419991478324,-1.432846188545227,,,
1890,1.2443065363913774,0.19781650901059317,0.00227045058272779,0.0016162957763299346,-1.4436900615692139,,,
1891,1.208591004833579,0.1660911938082982,0.01718253269791603,0.0014153263764455914,-1.4514085054397583,,,
1892,1.1641164720058441,0.12824333750092795,-0.014488138258457184,0.0015757327200844884,-1.4493123292922974,,,
1893,1.1572597352787852,0.12182168593416859,0.02514820545911789,0.0016779850702732801,-1.4400748014450073,,,
1894,1.2201970284804702,0.1680002654219554,0.029975902289152145,0.0017508172895759344,-1.4346034526824951,,,
1895,1.1877642888575792,0.1544577489405053,-0.004418618977069855,0.0015050017973408103,-1.4330952167510986,,,
1896,1.1698278645053506,0.12950498785808676,-0.008094912394881248,0.001452942960895598,-1.4328010082244873,,,
1897,1.1738748690113425,0.13375527860361336,-0.0015794825740158558,0.001394139020703733,-1.4332993030548096,,,
1898,1.1348993862047791,0.0984862352943571,0.019355596974492073,0.0016461549093946815,-1.4310590028762817,,,
1899,1.1848353622481227,0.1482328074001839,0.019569529220461845,0.0015688894782215357,-1.427016019821167,1.1639321064576507,0.25175167876755145,0.13010956565989387
1900,1.2078892448917031,0.1587552435941658,-0.0053154719062149525,0.0015542366309091449,-1.435939073562622,,,
1901,1.1896627508103848,0.1474520394293813,-0.0017704805359244347,0.0016080179484561086,-1.4419211149215698,,,
1902,1.2232647640630603,0.18612948632648185,-0.01892113871872425,0.0014345215167850256,-1.4505194425582886,,,
1903,1.255489382892847,0.20367594847113238,-0.02110179327428341,0.0014668060466647148,-1.4486063718795776,,,
1904,1.1979850884526968,0.16448454946517893,0.0639108195900917,0.0015814213547855616,-1.4595392942428589,,,
1905,1.170624046586454,0.1309153645676,0.009438867680728436,0.0013559808721765876,-1.4611769914627075,,,
1906,1.2202165210619569,0.17999771556207123,0.016109302639961243,0.0013725395547226071,-1.4607573747634888,,,
1907,1.174702606163919,0.12382727913556453,-0.022335492074489594,0.0016037855530157685,-1.4694664478302002,,,
1908,1.149576248601079,0.11754717966870504,-0.02787010744214058,0.0014336195308715105,-1.4787375926971436,,,
1909,1.1311291633173823,0.10223326779611747,0.01783629134297371,0.001434552832506597,-1.4824296236038208,,,
1910,1.1646306049078703,0.1284851587874335,0.013433460146188736,0.0015912385424599051,-1.4867228269577026,,,
1911,1.1772325029596686,0.13967392899125256,0.02643163874745369,0.0015452858060598373,-1.4961625337600708,,,
1912,1.1741691632196307,0.14263719579141296,-0.013289212249219418,0.001420030603185296,-1.505458950996399,,,
1913,1.1821323167532682,0.14017821570804756,0.020278671756386757,0.0014505210565403104,-1.4993350505828857,,,
1914,1.1941627599298954,0.15569595563524685,0.02291715145111084,0.0014934324426576495,-1.4963990449905396,,,
1915,1.2059915475547314,0.15509229285103712,0.01487206481397152,0.0014895980712026358,-1.4920004606246948,,,
1916,1.1836035437881947,0.1469413329423226,0.012746267020702362,0.0016055464511737227,-1.4950439929962158,,,
1917,1.1596960509195924,0.1215804380925157,0.005287920590490103,0.0014711538096889853,-1.4902808666229248,,,
1918,1.1836734293028712,0.142807627479645,0.005483551416546106,0.0014886201824992895,-1.492624282836914,,,
1919,1.1796699678525329,0.1419828991105822,0.006937022320926189,0.0015401762211695313,-1.4987729787826538,,,
1920,1.1681143790483475,0.13498604806562225,0.01489805057644844,0.001619022455997765,-1.5014628171920776,,,
1921,1.1546442555263638,0.12140629441064624,0.03474649041891098,0.0016374400584027171,-1.4998701810836792,,,
1922,1.119023715145886,0.08782910116697956,-0.029372014105319977,0.0015347428852692246,-1.5011069774627686,,,
1923,1.2059686044231057,0.16689129671979525,0.03910494223237038,0.0013683540746569633,-1.5081144571304321,,,
1924,1.1664081830531359,0.1308810519807516,-0.030026795342564583,0.001473945565521717,-1.5066592693328857,1.1647273860871792,0.2527715251406841,0.1306127903884597
1925,1.165798019617796,0.13751471424690237,-0.02801572158932686,0.001446350128389895,-1.5136069059371948,,,
1926,1.2276004338636994,0.18825028864379403,0.005291561596095562,0.0013422026531770825,-1.5101776123046875,,,
1927,1.1386797446757555,0.10206976269260896,0.0001112758181989193,0.0014655536506325006,-1.5081932544708252,,,
1928,1.1098065488040447,0.08109574487386267,-0.03629554435610771,0.0015263354871422052,-1.5102875232696533,,,
1929,1.1993737611919641,0.1528919878514463,-0.016720451414585114,0.0015644844388589263,-1.51134192943573,,,
1930,1.2359925704076886,0.18371216790500666,-0.0038650138303637505,0.0015232320874929428,-1.5156210660934448,,,
1931,1.197472252883017,0.15948923445191043,0.008160976693034172,0.0015779724344611168,-1.52468740940094,,,
1932,1.1842497996985912,0.14798247535346565,0.0290566086769104,0.0015904735773801804,-1.5282262563705444,,,
1933,1.2200018083676696,0.1700834087086875,0.010353423655033112,0.001658793305978179,-1.5324459075927734,,,
1934,1.1443653544411063,0.10457178293585041,0.01953659951686859,0.001642324379645288,-1.5305531024932861,,,
1935,1.1253619715571404,0.09709397075199275,0.007669125217944384,0.001561785931698978,-1.5330575704574585,,,
1936,1.2502537416294217,0.19675063165961404,-0.00822963286191225,0.0016452919226139784,-1.5347329378128052,,,
1937,1.1328119011595845,0.10494750934359742,0.00091921491548419,0.001477996469475329,-1.5346430540084839,,,
1938,1.2347684344276786,0.1850037598612954,-0.0018058298155665398,0.001581984688527882,-1.5321484804153442,,,
1939,1.1952459663152695,0.14861826177249915,-0.0007521738298237324,0.0015669047133997083,-1.534427523612976,,,
1940,1.1796324020251632,0.13141560531226543,0.03281354159116745,0.0016153297619894147,-1.5307005643844604,,,
1941,1.1734804976731539,0.12628033172950331,0.0006932239048182964,0.0014316331362351775,-1.5246752500534058,,,
1942,1.1430872296914458,0.1125894965034314,-0.012970436364412308,0.0017219755100086331,-1.5274277925491333,,,
1943,1.205220663920045,0.16673911261310856,-0.0017249132506549358,0.001434899284504354,-1.5353337526321411,,,
1944,1.1917594084516168,0.15241885157165516,-0.007121829781681299,0.0016007202211767435,-1.5423705577850342,,,
1945,1.1347309676930308,0.09771264662761941,-0.004392202943563461,0.001470159157179296,-1.5479360818862915,,,
1946,1.1488405643031,0.1139406534766248,0.013295898213982582,0.0015204703668132424,-1.5511645078659058,,,
1947,1.2340846518054605,0.17760605097520038,7.122522220015526e-05,0.001466703717596829,-1.5522472858428955,,,
1948,1.152430199086666,0.12169899488736233,0.026794176548719406,0.001662573078647256,-1.5597342252731323,,,
1949,1.1711861677467823,0.13166128796870286,0.005567185115069151,0.0015078008873388171,-1.568313717842102,1.1669014813378453,0.2570572762543665,0.1319587595939984
1950,1.2261861795559525,0.17170296988856704,0.013582070358097553,0.0017004385590553284,-1.5722687244415283,,,
1951,1.1969375852495432,0.15826506728814457,-0.04578182101249695,0.0015998344169929624,-1.5836488008499146,,,
1952,1.1861997032538056,0.1388252369932531,0.00710733886808157,0.0015770246973261237,-1.5923978090286255,,,
1953,1.1490839524194598,0.11436503239064,0.018625229597091675,0.0014799886848777533,-1.590244174003601,,,
1954,1.216413446702063,0.16794809424251567,0.03857370838522911,0.0015467297052964568,-1.5897752046585083,,,
1955,1.1778687303885818,0.13725013187343,0.015089435502886772,0.001650979625992477,-1.5943210124969482,,,
1956,1.1947602583095431,0.15142173902707537,-0.005794987548142672,0.001402955618686974,-1.5934391021728516,,,
1957,1.1409180043265224,0.1081315883743473,-0.012459367513656616,0.0015829509356990457,-1.6007577180862427,,,
1958,1.1632531993091106,0.13175426829901896,0.018266329541802406,0.0016589798033237457,-1.6046674251556396,,,
1959,1.1608205595985055,0.12207108870737766,0.017971869558095932,0.0014846238773316145,-1.6038553714752197,,,
1960,1.1202563643455505,0.09571643863788537,-0.011664755642414093,0.0014381605433300138,-1.5980242490768433,,,
1961,1.2130915131419897,0.16309018886503718,0.00435710558667779,0.0016118410276249051,-1.5981667041778564,,,
1962,1.149344578385353,0.10923112098870272,-0.01314047072082758,0.001565243350341916,-1.5993518829345703,,,
1963,1.2149838041514158,0.17255727995932563,0.002285146852955222,0.0013558247592300177,-1.5960732698440552,,,
1964,1.189481409266591,0.14819737310528303,0.035808514803647995,0.0016904465155676007,-1.599808931350708,,,
1965,1.16077789850533,0.12169290497525465,-0.02284342050552368,0.001623838092200458,-1.5934847593307495,,,
1966,1.1896734908223152,0.14983937514533407,-0.0131913460791111,0.0016305415192618966,-1.5938948392868042,,,
1967,1.2064279979094863,0.16463173033177592,-0.01088825985789299,0.0015080744633451104,-1.605569839477539,,,
1968,1.2284902483224869,0.18340121751638022,-0.01322680339217186,0.001483215019106865,-1.6060961484909058,,,
1969,1.1809079106897116,0.1372694120468479,0.02094316855072975,0.0016043930081650615,-1.6045324802398682,,,
1970,1.1928481180220842,0.14801424898209753,-0.005106597673147917,0.0015098553849384189,-1.61899733543396,,,
1971,1.2077115280553699,0.16156382445327463,-0.002791733480989933,0.0017824122915044427,-1.627658724784851,,,
1972,1.2295001912862062,0.18671518120264832,0.008977541700005531,0.0014298417372629046,-1.6301897764205933,,,
1973,1.192033814266324,0.1515188177806863,-0.009151909500360489,0.0014957283856347203,-1.6330052614212036,,,
1974,1.1645812252536416,0.1293105249015385,-0.0011741919443011284,0.0013867904199287295,-1.6343882083892822,1.1650397656485438,0.2563527078741445,0.13057395755931184
1975,1.222106333822012,0.1746667935941067,-0.006790046114474535,0.001554493559524417,-1.6418092250823975,,,
1976,1.1634668530896306,0.12557339423571706,0.009564399719238281,0.0016361706657335162,-1.651430368423462,,,
1977,1.1410247767344117,0.10631360012937469,0.02414610981941223,0.001435771002434194,-1.6588572263717651,,,
1978,1.1719075879082084,0.13297305134884177,0.008379654958844185,0.0014830935979261994,-1.660907506942749,,,
1979,1.1403426472097635,0.10190817846996092,0.03783257678151131,0.0016186183784157038,-1.6636046171188354,,,
1980,1.1448376942425966,0.11111236293001837,0.018922951072454453,0.0015090208034962416,-1.6645907163619995,,,
1981,1.1418777350336313,0.1083661992295408,0.010774737223982811,0.0017234847182407975,-1.6629141569137573,,,
1982,1.1211452139541507,0.09407179093884688,-0.017221905291080475,0.0014654702972620726,-1.6645773649215698,,,
1983,1.1484844461083412,0.11623352261669664,-0.015518305823206902,0.0015859671402722597,-1.6527310609817505,,,
1984,1.1379193626344204,0.10554861830976095,0.0367778018116951,0.0014287211233749986,-1.6590710878372192,,,
1985,1.1738781910389662,0.13417543734660428,0.04886532202363014,0.0016275468515232205,-1.6616060733795166,,,
1986,1.196895063854754,0.1606128784724536,-0.0055353399366140366,0.001674329861998558,-1.6611729860305786,,,
1987,1.1718324581161141,0.1292428738974689,-0.018962567672133446,0.0017573197837918997,-1.6630613803863525,,,
1988,1.1650042729452252,0.13378262059853702,0.02065594680607319,0.0015211618738248944,-1.6634600162506104,,,
1989,1.168050997890532,0.13099121083662263,0.01998155750334263,0.0014443137915804982,-1.6673814058303833,,,
1990,1.1604584772139788,0.12338733320598602,-0.008769137784838676,0.0017606477485969663,-1.6689263582229614,,,
1991,1.1831611962988973,0.14686976372346125,0.0385650172829628,0.001619052141904831,-1.6821191310882568,,,
1992,1.1751779224723577,0.13582657722726052,-0.019777687266469002,0.001353551633656025,-1.6845895051956177,,,
1993,1.1316647790372372,0.0972435025436682,0.036751486361026764,0.00151908362749964,-1.686716079711914,,,
1994,1.1211489448323846,0.08884567409481103,0.004635427612811327,0.001655304804444313,-1.6885435581207275,,,
1995,1.1117862332612276,0.07771753104224471,0.012032916769385338,0.0016146845882758498,-1.6900179386138916,,,
1996,1.158492173999548,0.129409354535298,0.0190917756408453,0.0014138024998828769,-1.6940476894378662,,,
1997,1.1769485054537654,0.14032186798740914,-0.004803463350981474,0.001454120734706521,-1.698034405708313,,,
1998,1.2044251672923565,0.16239969719269337,0.0049484348855912685,0.0014657098799943924,-1.705255389213562,,,
1999,1.2208361234515905,0.1786807778662695,0.03678901121020317,0.0012389804469421506,-1.7178038358688354,1.166744259186089,0.26080733217537966,0.1313568795254063
2000,1.175532783381641,0.13548835251870783,-0.002995384857058525,0.001517505501396954,-1.721301794052124,,,
2001,1.211382389999926,0.16008366185745446,-0.022503552958369255,0.0016410675598308444,-1.7274703979492188,,,
2002,1.266597680747509,0.20029336823858956,-0.00457477942109108,0.0015325173735618591,-1.7240811586380005,,,
2003,1.106760331429541,0.07875672742316173,-0.02265220880508423,0.0016726984176784754,-1.7286837100982666,,,
2004,1.1912526991218328,0.15104984885494166,0.017748886719346046,0.0014896094799041748,-1.7367875576019287,,,
2005,1.2222318891435862,0.17327109412504715,-0.02172161266207695,0.0015587679808959365,-1.732177972793579,,,
2006,1.1982911173254251,0.15404714104217912,-0.01373918168246746,0.00164578459225595,-1.7336313724517822,,,
2007,1.2302139159291983,0.17258938582058836,-0.002163817174732685,0.0016592498868703842,-1.7364137172698975,,,
2008,1.1761118657886982,0.13320993581278448,0.004620417486876249,0.0016593674663454294,-1.74201500415802,,,
2009,1.12353131826967,0.08970752340682463,0.009666673839092255,0.0016525986138731241,-1.7415697574615479,,,
2010,1.212562968954444,0.17230892312807142,-0.00088530033826828,0.001479499158449471,-1.740270733833313,,,
2011,1.20158757455647,0.1554896110968198,-0.017350921407341957,0.0016020589973777533,-1.7430819272994995,,,
2012,1.1525449194014072,0.11889405670898433,0.011357594281435013,0.0018152594566345215,-1.7451037168502808,,,
2013,1.2472576536238194,0.19667785185363973,0.019251927733421326,0.001375221530906856,-1.7471257448196411,,,
2014,1.1441575242206454,0.11042580075715468,0.03245649114251137,0.0014734492870047688,-1.7483385801315308,,,
2015,1.1735913567245007,0.13726862498597536,0.03543854132294655,0.0015623013023287058,-1.754629373550415,,,
2016,1.0943412482738495,0.06526404102477662,-0.016740713268518448,0.0015463887248188257,-1.756115198135376,,,
2017,1.168172257952392,0.13715609515296912,0.009982775896787643,0.0014334319857880473,-1.762087106704712,,,
2018,1.1551593523472548,0.12035371316148619,-0.034503787755966187,0.0013527593109756708,-1.7724494934082031,,,
2019,1.1525632785633206,0.11807491915499399,0.02703605219721794,0.0017140938434749842,-1.772714376449585,,,
2020,1.205124780535698,0.16604474915785566,-0.00566032063215971,0.0014918899396434426,-1.7742955684661865,,,
2021,1.155324250459671,0.12233691835370755,-0.052498459815979004,0.0014940659748390317,-1.7831227779388428,,,
2022,1.1843820502981544,0.14411502299477108,0.028541432693600655,0.0014734743162989616,-1.787036657333374,,,
2023,1.2114957114681602,0.1653634956008414,-0.04552287235856056,0.0014507577288895845,-1.7847440242767334,,,
2024,1.131675362586975,0.10035466680580321,-0.0403832271695137,0.001510517904534936,-1.7961939573287964,1.1666892655193806,0.2606031934348683,0.13131201242271898
2025,1.1787885129451752,0.1427993730287375,0.01588093303143978,0.0015265587717294693,-1.8060628175735474,,,
2026,1.1299289548769593,0.10375445861899277,-0.02096647024154663,0.0014506190782412887,-1.8069840669631958,,,
2027,1.1758498819544911,0.1431301831364104,0.05479578673839569,0.0016093541635200381,-1.8121014833450317,,,
2028,1.263067290186882,0.19479741591849034,0.052331145852804184,0.0016167445573955774,-1.8156987428665161,,,
2029,1.154971482232213,0.12051728014026811,0.02894298918545246,0.0015542927430942655,-1.8207476139068604,,,
2030,1.2417283412069082,0.18224526424369564,0.0050952378660440445,0.0015443306183442473,-1.8244973421096802,,,
2031,1.1592048211023211,0.12047246462784347,-0.021462302654981613,0.0014892950421199203,-1.8267672061920166,,,
2032,1.1768658300861716,0.14757085818580792,-9.211478754878044e-05,0.0014445089036598802,-1.8251761198043823,,,
2033,1.1758101535961032,0.13809890084051155,-0.00863479170948267,0.0014395929174497724,-1.8224507570266724,,,
2034,1.1363021451979876,0.11556553232847169,0.023340336978435516,0.0014592630323022604,-1.8141422271728516,,,
2035,1.219896006397903,0.1817101074512026,0.015559470281004906,0.001300770789384842,-1.8192899227142334,,,
2036,1.1370952259749174,0.10169164789556588,0.020874468609690666,0.0014441607054322958,-1.8268946409225464,,,
2037,1.2205540863797069,0.17128561779739704,0.004950730595737696,0.0014470526948571205,-1.8333051204681396,,,
2038,1.1752643892541528,0.13849389516119592,0.012706584297120571,0.0014905509306117892,-1.8295514583587646,,,
2039,1.2004179768264294,0.15870205735813694,0.003987339325249195,0.0013605790445581079,-1.8358460664749146,,,
2040,1.1411519516259432,0.11190864478801402,0.009815340861678123,0.0013819057494401932,-1.8437689542770386,,,
2041,1.1116068782284856,0.08311851481943586,-0.004099647514522076,0.0014531316701322794,-1.8517667055130005,,,
2042,1.1974611366167665,0.15222012902237445,0.029079828411340714,0.0015236620092764497,-1.8538378477096558,,,
2043,1.2166454792022705,0.1767564454757592,-0.0486338771879673,0.001555367256514728,-1.859762191772461,,,
2044,1.1704065529629588,0.12817946834096905,-0.005532762501388788,0.0013388397637754679,-1.864300012588501,,,
2045,1.1600935673341155,0.12416326923714041,-0.025977255776524544,0.0015559965977445245,-1.8669148683547974,,,
2046,1.1876853620633483,0.13604826581981375,-0.011792689561843872,0.001499237259849906,-1.865795373916626,,,
2047,1.1674010045826435,0.12689051259018308,0.06996487826108932,0.001608835649676621,-1.8580130338668823,,,
2048,1.189231839030981,0.14132898739130945,0.03112039342522621,0.0016265155281871557,-1.8572407960891724,,,
2049,1.1309468746185303,0.10029904321636277,0.00485367514193058,0.0016094803577288985,-1.847769021987915,1.1667419793084264,0.262372480563357,0.13115729201757426
2050,1.2199105070903897,0.17403591693921364,0.0503644123673439,0.0015340764075517654,-1.8390425443649292,,,
2051,1.1797844264656305,0.1440181871350163,0.04578714072704315,0.0014013387262821198,-1.842788815498352,,,
2052,1.2266163071617484,0.1721268813060052,0.0025388607755303383,0.0014647213974967599,-1.845321536064148,,,
2053,1.204413928091526,0.1641469281286459,-0.007753035053610802,0.0014412036398425698,-1.8548505306243896,,,
2054,1.2355299890041351,0.18349238048308464,-0.0174042247235775,0.0016506239771842957,-1.860492467880249,,,
2055,1.2131636571139097,0.15744212734563684,0.00640645669773221,0.0016094454331323504,-1.8646584749221802,,,
2056,1.171499882824719,0.1378874293016773,0.0004311874508857727,0.0015035101678222418,-1.876251459121704,,,
2057,1.1269994992762804,0.09955041357188904,-0.004001144785434008,0.0015283514512702823,-1.8753907680511475,,,
2058,1.1807470433413982,0.14019920627241322,0.020482508465647697,0.0013875330332666636,-1.8741185665130615,,,
2059,1.1274352809414268,0.08776217156361345,0.012217095121741295,0.0016200037207454443,-1.8808362483978271,,,
2060,1.203066173940897,0.15736264018324025,0.0026742529589682817,0.0015592885902151465,-1.8893545866012573,,,
2061,1.1570696430280805,0.1103699805379512,0.04042121395468712,0.0019897152669727802,-1.8853987455368042,,,
2062,1.2284031100571156,0.17605682668344969,0.014052783139050007,0.0018353050108999014,-1.889892816543579,,,
2063,1.1477943295612931,0.11398298556501821,-0.06198716163635254,0.0015181617345660925,-1.892362356185913,,,
2064,1.1809964654967189,0.1446183823298245,0.02969278395175934,0.0014241560129448771,-1.899511456489563,,,
2065,1.1983569031581283,0.16293694305852652,0.008509650826454163,0.001405751914717257,-1.9078255891799927,,,
2066,1.131353604607284,0.09790306706836725,0.0010016639716923237,0.001387223368510604,-1.9117201566696167,,,
2067,1.2083987658843398,0.16181452479229871,0.027571242302656174,0.001393875922076404,-1.9131624698638916,,,
2068,1.1431846683844924,0.11705849144956593,0.03127109631896019,0.001519303536042571,-1.9183787107467651,,,
2069,1.1418979167938232,0.10238166315107243,0.016495168209075928,0.0014574553351849318,-1.9210718870162964,,,
2070,1.1757871275767684,0.1298496692464945,-0.00906861387193203,0.0015979798045009375,-1.9239749908447266,,,
2071,1.2036399357020855,0.15513253594883974,-0.021131709218025208,0.0013602670514956117,-1.9206140041351318,,,
2072,1.188776146620512,0.15133458467213817,0.0529097281396389,0.0015164049109444022,-1.9198552370071411,,,
2073,1.2094159768894315,0.17323434750488392,-0.022121930494904518,0.0015202908543869853,-1.9231836795806885,,,
2074,1.1939683556556702,0.147404357808955,0.03843079134821892,0.0014568381011486053,-1.9314119815826416,1.167158561758697,0.26164080508916365,0.13150059511045287
2075,1.2275653723627329,0.18136598516039915,0.029393773525953293,0.001523083308711648,-1.9357033967971802,,,
2076,1.2055090786889195,0.16215112805292364,-0.011486752890050411,0.001920181093737483,-1.9307481050491333,,,
2077,1.199643461033702,0.15356423217728177,-0.006065811961889267,0.0016367530915886164,-1.9267632961273193,,,
2078,1.1674126656726003,0.13370015008741234,-0.007047013845294714,0.0015485503245145082,-1.9295884370803833,,,
2079,1.1592160686850548,0.123535859036394,-0.005697382614016533,0.0014525557635352015,-1.942568063735962,,,
2080,1.1761166509240866,0.14104016208753498,0.02668791450560093,0.0014516543596982956,-1.9414236545562744,,,
2081,1.1744209239259362,0.14081002439439277,-0.03450050204992294,0.0016327286139130592,-1.947546124458313,,,
2082,1.2118121860548854,0.16369916014029925,0.022874457761645317,0.0015150662511587143,-1.9449045658111572,,,
2083,1.1558517310768366,0.11779385975730557,-0.011152609251439571,0.0017210158985108137,-1.9497110843658447,,,
2084,1.2355595454573631,0.18925076897385923,0.011803780682384968,0.0015005947789177299,-1.949953317642212,,,
2085,1.1458814423531294,0.10968605570595541,-0.0109268669039011,0.001734952093102038,-1.9591351747512817,,,
2086,1.1403798665851355,0.10663952249933767,-0.017483530566096306,0.0013197425287216902,-1.9633944034576416,,,
2087,1.1618655351921916,0.12616906151455345,-0.005736625753343105,0.0015400320990011096,-1.971145749092102,,,
2088,1.1613807464018464,0.12912849764063036,-0.014169078320264816,0.0014795053284615278,-1.9750803709030151,,,
2089,1.214113349094987,0.16856418187190803,-0.019901329651474953,0.0015549755189567804,-1.9734423160552979,,,
2090,1.126536339521408,0.09310110672274086,-0.00880546122789383,0.0017272686818614602,-1.9696710109710693,,,
2091,1.17038513161242,0.12993783910113227,0.04618043452501297,0.0016159835504367948,-1.9669992923736572,,,
2092,1.1675751833245158,0.12985742659546473,-0.03761511668562889,0.001563687459565699,-1.971981167793274,,,
2093,1.1908803628757596,0.14569483463743188,0.027969535440206528,0.0016682858113199472,-1.9768178462982178,,,
2094,1.1482294322922826,0.11501647089443934,-0.0005436316132545471,0.0016993909375742078,-1.977121114730835,,,
2095,1.1844078656286001,0.13793067683849264,-0.02597510628402233,0.001457778736948967,-1.9834024906158447,,,
2096,1.1881210748106241,0.13778927420156403,0.03882401064038277,0.0017292832490056753,-1.981121301651001,,,
2097,1.1649511670693755,0.13369461138013916,-0.029049420729279518,0.0016125842230394483,-1.9738520383834839,,,
2098,1.1597841372713447,0.12317245326728482,0.03159978985786438,0.0015142479678615928,-1.9695874452590942,,,
2099,1.1631189677864313,0.12521777556724292,0.0516674630343914,0.0015427026664838195,-1.9762135744094849,1.1678833179175854,0.2630746690706321,0.1320200406231002
2100,1.1800734717398882,0.13573678787381976,0.017658023163676262,0.0014684463385492563,-1.9802896976470947,,,
2101,1.1760736452415586,0.13432519779984264,-0.024808663874864578,0.0015397482784464955,-1.9901807308197021,,,
2102,1.1469946932047606,0.10880169599157713,0.030298326164484024,0.001704388647340238,-1.9933393001556396,,,
2103,1.1732152318581939,0.13537575568577717,-0.030856424942612648,0.0015801010886207223,-1.9949781894683838,,,
2104,1.1613432047888637,0.12942760411390763,-0.010451948270201683,0.001638243906199932,-1.9989068508148193,,,
2105,1.151469411328435,0.12369417313603163,-0.0017966404557228088,0.0015681652585044503,-2.0125715732574463,,,
2106,1.1289850259199739,0.09462675195874307,-0.03333413600921631,0.0016519454075023532,-2.018785238265991,,,
2107,1.2591773672029376,0.20560100188499925,0.052236057817935944,0.0016221198020502925,-2.017669439315796,,,
2108,1.1357970796525478,0.10205562655290432,0.02135646343231201,0.0014184201136231422,-2.01249098777771,,,
2109,1.1210375130176544,0.08933465308461283,-0.011755362153053284,0.0015132528496906161,-2.0135233402252197,,,
2110,1.1642118114978075,0.12791988217438122,0.00955816451460123,0.0015565160429105163,-2.018005609512329,,,
2111,1.1758862202987075,0.1446482602295685,0.01303204707801342,0.0014517211820930243,-2.015826940536499,,,
2112,1.1840104069560766,0.1429372645538259,-0.012299464084208012,0.001687900279648602,-2.0120699405670166,,,
2113,1.1673803552985191,0.13013926611586532,-0.0009605982340872288,0.0013736275723204017,-2.024538040161133,,,
2114,1.180066715925932,0.1418780467719893,0.08131039142608643,0.001605891389772296,-2.0207977294921875,,,
2115,1.1444867001846433,0.1136295773043487,0.0278365146368742,0.0013691431377083063,-2.013410806655884,,,
2116,1.193454759195447,0.1445828850072578,-0.00811051856726408,0.001485352753661573,-2.0102078914642334,,,
2117,1.1726247342303395,0.13221348339500874,-0.007255987264215946,0.0015380260301753879,-2.01926589012146,,,
2118,1.141955024562776,0.10376907178562483,0.027846239507198334,0.0018012374639511108,-2.023979425430298,,,
2119,1.2440550774335861,0.1893623010981365,0.0013114563189446926,0.0017173874657601118,-2.0250394344329834,,,
2120,1.1854585353285074,0.1411736541923754,-0.0026921085081994534,0.0014858860522508621,-2.0211126804351807,,,
2121,1.1873329365625978,0.1358867975366952,0.014240749180316925,0.0016819164156913757,-2.0221941471099854,,,
2122,1.1807766072452068,0.14508192956401486,0.01010514609515667,0.0016950496938079596,-2.0275251865386963,,,
2123,1.1494950586929917,0.11979237340107768,0.03538903966546059,0.0014366710092872381,-2.030092239379883,,,
2124,1.1662411540746689,0.13598888973420903,-0.0056037562899291515,0.0015594663564115763,-2.028290033340454,1.1695425640791655,0.26618452313580787,0.1330169744425755
2125,1.1871813889592886,0.1459320706060448,-0.04131801053881645,0.0014850199222564697,-2.025991201400757,,,
2126,1.1745052570477128,0.13056220733808477,-0.018057821318507195,0.0016450252151116729,-2.0349276065826416,,,
2127,1.1287783430889249,0.09289717501603362,-0.019683916121721268,0.001648493343964219,-2.035249948501587,,,
2128,1.163371255621314,0.1270512038931152,0.007917052134871483,0.0016190547030419111,-2.0417368412017822,,,
2129,1.1812729984521866,0.1366963239771957,0.019979579374194145,0.0017157772090286016,-2.0518016815185547,,,
2130,1.228068295866251,0.18445109099453094,-0.0016036499291658401,0.0014435544144362211,-2.0537986755371094,,,
2131,1.2089510299265385,0.15480037923614046,0.04399425908923149,0.0015692441957071424,-2.0547544956207275,,,
2132,1.2301610400900245,0.18178404841526552,-0.0014568460173904896,0.0016296366229653358,-2.0603485107421875,,,
2133,1.1454938799142838,0.10727762234166902,0.01895536109805107,0.0014629693469032645,-2.058227300643921,,,
2134,1.2357998257502913,0.1873062409835176,0.02280348725616932,0.0015516382409259677,-2.0556447505950928,,,
2135,1.1730357920750976,0.13760643300659148,-0.027696019038558006,0.0016332699451595545,-2.056326150894165,,,
2136,1.1956544984132051,0.15868207229950476,0.011126557365059853,0.0014582492876797915,-2.0613558292388916,,,
2137,1.1896948581561446,0.1460256945662277,0.016629070043563843,0.0015213623410090804,-2.062666177749634,,,
2138,1.1663895258679986,0.12748088913810776,0.007209626957774162,0.0015402405988425016,-2.0685770511627197,,,
2139,1.2133551742881536,0.17406984709398063,0.05048919841647148,0.0015159975737333298,-2.07277512550354,,,
2140,1.12969277985394,0.08812950217067558,0.024198923259973526,0.0017037250800058246,-2.085401773452759,,,
2141,1.1819537486881018,0.1471466124098298,-0.011290250346064568,0.001514405244961381,-2.084033727645874,,,
2142,1.1906860582530499,0.14580158283426578,0.022489696741104126,0.0015135909197852015,-2.0860214233398438,,,
2143,1.1688278270885348,0.13133007315678377,0.022643201053142548,0.0017056787619367242,-2.0878031253814697,,,
2144,1.1984303705394268,0.15813781259134235,-0.008279599249362946,0.0015883423620834947,-2.071453332901001,,,
2145,1.1369407437741756,0.10707886208763852,-0.001083041075617075,0.0015115978894755244,-2.0678939819335938,,,
2146,1.0816171430051327,0.05186498353317229,-0.020073451101779938,0.0015545586356893182,-2.0754244327545166,,,
2147,1.2307542189955711,0.18069723851075392,0.024160467088222504,0.0014663856709375978,-2.084217071533203,,,
2148,1.153597661294043,0.11790043977587057,0.004931352566927671,0.0015396587550640106,-2.0914382934570312,,,
2149,1.198105974122882,0.15689578060467443,0.00858196523040533,0.0015494374092668295,-2.0992848873138428,1.1699590757489204,0.2664888345306675,0.13333806566291384
2150,1.1297755744308233,0.09968407253625429,-0.0006194286979734898,0.001515540643595159,-2.0979936122894287,,,
2151,1.1766750048846006,0.13762676195779497,0.006401667837053537,0.0015905724139884114,-2.099581003189087,,,
2152,1.1700909025967121,0.13667824906727355,-0.028762342408299446,0.0014010960003361106,-2.109138250350952,,,
2153,1.2016876377165318,0.16272429053222917,0.010260002687573433,0.0015678193885833025,-2.1105635166168213,,,
2154,1.1631512679159641,0.12333727046366394,0.0015304661355912685,0.0016399453161284328,-2.1185171604156494,,,
2155,1.205222805030644,0.1506974089910293,-0.014440512284636497,0.00166314619127661,-2.123047113418579,,,
2156,1.1426445106044412,0.10662661149933189,0.0041588651947677135,0.0015253080055117607,-2.128263235092163,,,
2157,1.182951350696385,0.14470232040997888,0.006755223032087088,0.001615076675079763,-2.1341841220855713,,,
2158,1.1771674156188965,0.14724901376870048,0.04833519086241722,0.0014978166436776519,-2.142418146133423,,,
2159,1.1847479837015271,0.14951127243062667,0.04134590923786163,0.001424022950232029,-2.152874231338501,,,
2160,1.1616282612085342,0.1321580697373877,0.024522315710783005,0.0015200059860944748,-2.162971258163452,,,
2161,1.1763137634843588,0.133973869082025,-0.003058917820453644,0.0015408602776005864,-2.1615142822265625,,,
2162,1.1844350025057793,0.1415219667731481,0.005915168207138777,0.001679790555499494,-2.1704232692718506,,,
2163,1.187407880090177,0.15308301669760344,-0.002021216321736574,0.0014292012201622128,-2.177018880844116,,,
2164,1.1990016540512443,0.1435002958030147,-0.023183364421129227,0.0017353043658658862,-2.177888870239258,,,
2165,1.2244692174717784,0.17756705423287178,0.013779975473880768,0.001633978565223515,-2.1711790561676025,,,
2166,1.2043815664947033,0.1652196346164861,0.006971966475248337,0.0014285593060776591,-2.1690728664398193,,,
2167,1.174012697301805,0.13393327784978137,-0.04222937300801277,0.0017352604772895575,-2.171663284301758,,,
2168,1.1703084791079164,0.1343145936719047,0.03224097192287445,0.0014792681904509664,-2.1730422973632812,,,
2169,1.1789351468905807,0.13224299450225055,-0.029537372291088104,0.001711786026135087,-2.1744632720947266,,,
2170,1.160440151579678,0.12750528780308312,-0.00205801660194993,0.0016124232206493616,-2.175372838973999,,,
2171,1.2187641635537148,0.16938649025305585,-0.015638133510947227,0.0017093863571062684,-2.1731455326080322,,,
2172,1.2106947395950556,0.1622755534277786,0.002482058946043253,0.0015412343200296164,-2.176340341567993,,,
2173,1.189187590032816,0.13973420119125604,0.01677994430065155,0.0016871048137545586,-2.181558847427368,,,
2174,1.1619970751926303,0.1270376119717046,-0.007654773071408272,0.0015551279066130519,-2.17989182472229,1.1719979336485267,0.2706227540967369,0.13445017186225774
2175,1.215172179043293,0.16351694010312173,0.004608651623129845,0.001537043834105134,-2.172376871109009,,,
2176,1.159779372625053,0.11946230181950038,-0.025086168199777603,0.0017324164509773254,-2.184339761734009,,,
2177,1.1663534846156836,0.12888050730135825,-0.001111367717385292,0.0014601892326027155,-2.193960189819336,,,
2178,1.218823168426752,0.18030718858398465,0.032552994787693024,0.0015353475464507937,-2.1878817081451416,,,
2179,1.165668236091733,0.13023248008913882,-0.02624349482357502,0.0015412976499646902,-2.187150716781616,,,
2180,1.209558853879571,0.16323665039293045,-0.00926370918750763,0.001435310230590403,-2.1927411556243896,,,
2181,1.1672124918550253,0.13292640037636783,-0.008535457774996758,0.0016845727805048227,-2.201976776123047,,,
2182,1.1760755805298686,0.13883196963577865,-0.024416983127593994,0.0014826704282313585,-2.2024881839752197,,,
2183,1.2352215247228742,0.1782701272885643,0.026125317439436913,0.001561701181344688,-2.2051851749420166,,,
2184,1.180990575812757,0.15086109511104373,-0.0113381277769804,0.0016041315393522382,-2.2085723876953125,,,
2185,1.2490149745717645,0.19980562112589073,0.01002952829003334,0.0016565972473472357,-2.2114813327789307,,,
2186,1.2085736645385623,0.16695350277998,0.008477555587887764,0.0014387762639671564,-2.2094154357910156,,,
2187,1.1550618233159184,0.11476108950645098,0.027744024991989136,0.0014626213815063238,-2.2101895809173584,,,
2188,1.207183100283146,0.1564357412363577,0.012780219316482544,0.0016400230815634131,-2.2098805904388428,,,
2189,1.1895198384299874,0.14706496627627458,-0.02889576181769371,0.001592945889569819,-2.209861993789673,,,
2190,1.1892125280573964,0.15323366207255887,-0.03537591174244881,0.001727531780488789,-2.211008310317993,,,
2191,1.1582067348062992,0.12720214135625943,-0.002008821815252304,0.0013912988360971212,-2.2132890224456787,,,
2192,1.155876798555255,0.11309336224512392,0.030241332948207855,0.0015398309333249927,-2.212393045425415,,,
2193,1.1775179784744978,0.13938744529340832,0.002523588016629219,0.0015702977543696761,-2.2132761478424072,,,
2194,1.2437202148139477,0.1992010866553338,-0.010990697890520096,0.001499451114796102,-2.218017816543579,,,
2195,1.2507453970611095,0.19045417859087657,0.005589934531599283,0.0017958525568246841,-2.2260358333587646,,,
2196,1.1929896082729101,0.15510747638771108,0.028973033651709557,0.0015356681542471051,-2.2196905612945557,,,
2197,1.200326063670218,0.16119332887123555,0.012079094536602497,0.0015148597303777933,-2.2185423374176025,,,
2198,1.166871546767652,0.11986131153147854,0.028529532253742218,0.0014571516076102853,-2.2243692874908447,,,
2199,1.224134667776525,0.16554737126498664,0.0010472675785422325,0.0017731498228386045,-2.2365667819976807,1.1731531070545316,0.2711956683600862,0.13535419018787598
2200,1.148021724075079,0.11324007534343136,-0.005417240783572197,0.0016342672752216458,-2.2387752532958984,,,
2201,1.1628454774618149,0.12952312635645194,0.0011253724806010723,0.001576232723891735,-2.2377893924713135,,,
2202,1.183750937692821,0.14102984385639983,-0.009331148117780685,0.001477680867537856,-2.2401468753814697,,,
2203,1.1990815876051784,0.161668231948435,-0.009644610807299614,0.0013072179863229394,-2.2453629970550537,,,
2204,1.1810970203951001,0.145136176704864,-0.03308321163058281,0.001477835583500564,-2.248443841934204,,,
2205,1.1928112851455808,0.1604342649401839,0.0305821280926466,0.0014692513504996896,-2.249197244644165,,,
2206,1.2107261456549168,0.1588916992837583,-0.015845274552702904,0.001574467052705586,-2.2514727115631104,,,
2207,1.1877828324213624,0.14103861201501686,0.011781896464526653,0.0015134847490116954,-2.249284505844116,,,
2208,1.1834193570539355,0.1400950794563049,-0.0461716502904892,0.0017133045475929976,-2.255662679672241,,,
2209,1.1269188467413187,0.09229542593488549,9.018462151288986e-06,0.001590915722772479,-2.251110315322876,,,
2210,1.1384036941453815,0.10979658294725252,-0.017979934811592102,0.001693599158897996,-2.249742269515991,,,
2211,1.2109326338395476,0.17420563018144325,0.002607379574328661,0.0015324678970500827,-2.2523019313812256,,,
2212,1.1361716510728002,0.10452404976703308,0.019245535135269165,0.0016499462071806192,-2.2495956420898438,,,
2213,1.1785982390865684,0.1431414202280287,-0.0005048494786024094,0.0013913773000240326,-2.2411787509918213,,,
2214,1.1851515797898173,0.1486492312243818,0.017658252269029617,0.0015279188519343734,-2.2387921810150146,,,
2215,1.120940257795155,0.09170703982806455,0.022776789963245392,0.001315577537752688,-2.246246099472046,,,
2216,1.1367544261738658,0.10069461066385432,0.010868861339986324,0.0016247135354205966,-2.2476770877838135,,,
2217,1.1948699429631233,0.15334111037452705,0.019764810800552368,0.0015194833977147937,-2.256042718887329,,,
2218,1.1746399970725179,0.12965995752436119,0.032242435961961746,0.0015818311367183924,-2.256500482559204,,,
2219,1.1563527518883348,0.1181672694207912,0.03985067456960678,0.0017540084663778543,-2.2632410526275635,,,
2220,1.163636134006083,0.12903085851618434,0.030192198231816292,0.0014344044029712677,-2.2656266689300537,,,
2221,1.1152371810749173,0.08784843251380547,0.0068708849139511585,0.0016108449781313539,-2.2664148807525635,,,
2222,1.1305949110537767,0.1057661984140355,0.025492684915661812,0.001398953259922564,-2.2688863277435303,,,
2223,1.2529721893370152,0.18805995359781486,0.031176704913377762,0.0016740701394155622,-2.276529550552368,,,
2224,1.1134067447856069,0.08349311014300184,-0.010377449914813042,0.0016277447575703263,-2.286550283432007,1.172265744768083,0.26954515052720723,0.13485205222701047
2225,1.229580163024366,0.18151198324081647,0.018098820000886917,0.0013953170273452997,-2.2904722690582275,,,
2226,1.228514639660716,0.17843800849156335,0.0043001119047403336,0.0016542074736207724,-2.2894439697265625,,,
2227,1.147525891661644,0.11616230894409066,0.014603454619646072,0.00156252714805305,-2.2904584407806396,,,
2228,1.1924171764403582,0.15042892663016,0.0035586825106292963,0.0016101178480312228,-2.2863199710845947,,,
2229,1.1969660064205527,0.15128136955269478,-0.015750860795378685,0.001734224264509976,-2.28493332862854,,,
2230,1.1512440294027328,0.11571527272186394,-0.020125573500990868,0.0014711909461766481,-2.2891175746917725,,,
2231,1.2018098197877407,0.16555954852816437,-0.023604972288012505,0.001616146182641387,-2.291480779647827,,,
2232,1.1524933781474829,0.11605131900023037,0.06062053143978119,0.0016301058931276202,-2.2897703647613525,,,
2233,1.1822266532108188,0.1448034780165674,0.019937066361308098,0.001375885447487235,-2.288442850112915,,,
2234,1.1763000879436731,0.12888646615668908,0.025032613426446915,0.001488239737227559,-2.281137466430664,,,
2235,1.2137967655435205,0.15124216160632126,0.023841319605708122,0.0016691765049472451,-2.281909942626953,,,
2236,1.211126670241356,0.1719540552050559,-0.02901073917746544,0.0015643768711015582,-2.280961751937866,,,
2237,1.2243120549246669,0.18108704540052437,0.007719092071056366,0.001539909397251904,-2.2771685123443604,,,
2238,1.1397164352238178,0.10419958547003585,-0.00802658312022686,0.0015638098120689392,-2.2803003787994385,,,
2239,1.2370381290093064,0.17551968140515078,0.0031562463846057653,0.0017453680047765374,-2.2848246097564697,,,
2240,1.1440140409395099,0.10736060479098275,-0.012564986944198608,0.0015925838379189372,-2.2808454036712646,,,
2241,1.1712981034070253,0.12455619191177306,0.015067007392644882,0.0016231309855356812,-2.292097330093384,,,
2242,1.2046967083588243,0.16014992841176814,0.012757649645209312,0.0016100956127047539,-2.29770827293396,,,
2243,1.1403702981770039,0.11173269721224843,0.003971479833126068,0.0015713096363469958,-2.3024065494537354,,,
2244,1.1449202559888363,0.10871944649363982,0.027018288150429726,0.001610441948287189,-2.2987613677978516,,,
2245,1.2165466118603945,0.17529735227936127,0.004375737626105547,0.0015617550816386938,-2.285839319229126,,,
2246,1.0636366177350283,0.03948587270721592,0.01723303645849228,0.0016466252272948623,-2.2838666439056396,,,
2247,1.1372974757105112,0.10483812776875652,0.008655082434415817,0.0016765088075771928,-2.294156789779663,,,
2248,1.1525454130023718,0.12335711936188992,0.0043732766062021255,0.0014802830992266536,-2.3039677143096924,,,
2249,1.1169414948672056,0.08613219677673012,0.0014033536426723003,0.0014445885317400098,-2.2940101623535156,1.1741649433970451,0.2726727053119426,0.13590799729494646
2250,1.2296749791130424,0.1815513364560051,0.0010995403863489628,0.0016530286520719528,-2.3048899173736572,,,
2251,1.1547774290665984,0.10368794905769801,0.013853815384209156,0.0016322516603395343,-2.3077738285064697,,,
2252,1.2406944064423442,0.1922256108319526,0.007170633412897587,0.0015465858159586787,-2.3096392154693604,,,
2253,1.2030136277899146,0.15693323419905916,-0.03522111102938652,0.0016233955975621939,-2.320396661758423,,,
2254,1.215010535903275,0.17137251462469177,0.009074307046830654,0.001692548394203186,-2.323432683944702,,,
2255,1.172600381076336,0.13264054082510146,0.0035385549999773502,0.0016899373149499297,-2.3216464519500732,,,
2256,1.1616377383470535,0.1324739849996171,-0.00013969186693429947,0.0013723818119615316,-2.328951120376587,,,
2257,1.1708475509658456,0.13199280663744656,0.007238803431391716,0.0015145353972911835,-2.332716703414917,,,
2258,1.226087011396885,0.18427507520676112,0.00593874417245388,0.001601769239641726,-2.332387685775757,,,
2259,1.197701908648014,0.15539726271129592,-0.009412815794348717,0.001488455687649548,-2.3255198001861572,,,
2260,1.1871858220547438,0.14739166087280603,-0.027653619647026062,0.001527543063275516,-2.3379459381103516,,,
2261,1.1965358033776283,0.15963996857845486,-0.00972763728350401,0.001433508237823844,-2.34405779838562,,,
2262,1.2120109358802438,0.1654596965347861,-0.02165924198925495,0.0016043247887864709,-2.331990957260132,,,
2263,1.1450356123968959,0.11299528017476505,0.037737950682640076,0.001386077026836574,-2.3342154026031494,,,
2264,1.1195216327905655,0.0879225089361891,0.025619078427553177,0.0016528101405128837,-2.3340795040130615,,,
2265,1.2154326438903809,0.1656029177142796,0.03281046077609062,0.0015012632356956601,-2.339691162109375,,,
2266,1.1927529890090227,0.1522466483170523,-0.038310181349515915,0.00165030756033957,-2.341399908065796,,,
2267,1.1181930927559733,0.09279780032677945,0.002635116223245859,0.0015348268207162619,-2.343353509902954,,,
2268,1.190040634945035,0.14663397777823473,-0.013662239536643028,0.0016881099436432123,-2.3431243896484375,,,
2269,1.1653966372832656,0.12770721112321637,0.0001886589452624321,0.0015389054315164685,-2.3360140323638916,,,
2270,1.2044255947694182,0.15942814568493852,0.005298583768308163,0.001564209465868771,-2.3316233158111572,,,
2271,1.1918958090245724,0.15170103225616394,0.011643519625067711,0.0014876440400257707,-2.3365557193756104,,,
2272,1.1341060670092702,0.0980284357098456,0.02849603071808815,0.0015432715881615877,-2.3375704288482666,,,
2273,1.203620521351695,0.16762723475878988,0.043262187391519547,0.0016431797994300723,-2.3401987552642822,,,
2274,1.1613780548796058,0.11547709140215728,0.02518491819500923,0.0015962356701493263,-2.3364713191986084,1.1740169432014227,0.2720207472506542,0.13586903154219368
2275,1.2462585866451263,0.20072872741418785,-0.0069507453590631485,0.0016068249242380261,-2.3381688594818115,,,
2276,1.130380354821682,0.10453996770093707,0.03616035729646683,0.0014483258128166199,-2.339752435684204,,,
2277,1.2089087553322315,0.16604967852580155,0.013486623764038086,0.001415367005392909,-2.330495595932007,,,
2278,1.1631145607680082,0.12339882681524902,0.05096844583749771,0.0017049977323040366,-2.3278846740722656,,,
2279,1.2292403047904372,0.16863495541950801,-0.005837703589349985,0.0015434870729222894,-2.3303377628326416,,,
2280,1.24604685138911,0.18481781923301094,0.01690756529569626,0.0017398630734533072,-2.3284318447113037,,,
2281,1.1725561944767833,0.13829477149847486,-0.010406211018562317,0.0017297063022851944,-2.3283307552337646,,,
2282,1.198311428539455,0.15716362102713113,-0.005099729169160128,0.0015695247566327453,-2.3335201740264893,,,
2283,1.1651859851554036,0.12452312999402368,-0.011328154243528843,0.0015779949026182294,-2.335815668106079,,,
2284,1.2483217995613813,0.18737694610483357,-0.03042997047305107,0.0014814285095781088,-2.336872100830078,,,
2285,1.1511522950604558,0.1190111511358447,-0.0445677787065506,0.0016981493681669235,-2.3353960514068604,,,
2286,1.159143372438848,0.1271777536780121,-0.025191474705934525,0.0015426400350406766,-2.3287277221679688,,,
2287,1.1938535971567035,0.14638995080479297,-0.0040092142298817635,0.00163659721147269,-2.327448606491089,,,
2288,1.1542860800400376,0.11747809102532492,0.04044611006975174,0.0015780915273353457,-2.332918167114258,,,
2289,1.2057073274627328,0.17340161022379585,0.044959280639886856,0.0014022638788446784,-2.32598876953125,,,
2290,1.1577407466247678,0.12495242313484997,-0.030996114015579224,0.0013952729059383273,-2.320242166519165,,,
2291,1.187530784867704,0.1482994516778057,-0.00852559320628643,0.0015894339885562658,-2.3223459720611572,,,
2292,1.1447084126994014,0.11177623365380214,-0.02575415000319481,0.0016142567619681358,-2.32688307762146,,,
2293,1.1751566212624311,0.1293896581632744,0.049164868891239166,0.0015862094005569816,-2.3259506225585938,,,
2294,1.1620108783245087,0.12216180004527519,0.02455994486808777,0.001524922321550548,-2.3251898288726807,,,
2295,1.2175543950870633,0.17702841553278043,0.004407824017107487,0.0016403589397668839,-2.3330538272857666,,,
2296,1.2136705527082086,0.16444771387152224,0.017378102988004684,0.0015881081344559789,-2.3262522220611572,,,
2297,1.1887419912964106,0.1477590961698017,-0.006687675602734089,0.0015631373971700668,-2.3350296020507812,,,
2298,1.200049881823361,0.1564014186042162,0.02840900421142578,0.0018300653900951147,-2.331653356552124,,,
2299,1.2215208690613508,0.17751585179495577,-0.05216547101736069,0.0014287085505202413,-2.3297131061553955,1.171269885264337,0.2690487518071988,0.13404137355982312
2300,1.1673338301479816,0.12902275421650988,-0.021492844447493553,0.0015913030365481973,-2.330901861190796,,,
2301,1.1549367103725672,0.12179718622081598,-0.02091672271490097,0.0015338383382186294,-2.3432540893554688,,,
2302,1.1767253438010812,0.1407558134581463,0.003869126085191965,0.0014215486589819193,-2.3468778133392334,,,
2303,1.1531448122113943,0.12019971013850553,0.04450320452451706,0.0015393883222714067,-2.3441050052642822,,,
2304,1.1459215935319662,0.10698174471916713,-0.023133613169193268,0.0016083305235952139,-2.349616765975952,,,
2305,1.2322935229167342,0.1841392444554663,0.02795233018696308,0.0016929544508457184,-2.3512990474700928,,,
2306,1.2548708897083998,0.2010484097449788,0.044571321457624435,0.001585988444276154,-2.3574483394622803,,,
2307,1.1561757177114487,0.11634487970937216,-0.00011018570512533188,0.0016634288476780057,-2.35768723487854,,,
2308,1.1686167838051915,0.13408216736879972,0.010836515575647354,0.0015477229608222842,-2.3623902797698975,,,
2309,1.1616293033584952,0.12149163750293523,0.02664630487561226,0.0014893822371959686,-2.3676846027374268,,,
2310,1.175601557828486,0.13316378913993682,0.009361239150166512,0.0014804123202338815,-2.3746678829193115,,,
2311,1.1790977334603667,0.13950169702981527,-0.01639563962817192,0.0014864432159811258,-2.37530255317688,,,
2312,1.1408521002158523,0.10634478606079495,0.007562031038105488,0.001633711508475244,-2.378624200820923,,,
2313,1.1876534996554255,0.1528453586155704,-0.045198991894721985,0.0015400940319523215,-2.3900794982910156,,,
2314,1.100504613481462,0.0709375248335568,0.012513717636466026,0.001719834515824914,-2.3930270671844482,,,
2315,1.1623082710430026,0.13096077737198325,-0.01867728680372238,0.0013313581002876163,-2.387794256210327,,,
2316,1.140428458340466,0.10892974786462731,0.03577437624335289,0.0013527345145121217,-2.388986349105835,,,
2317,1.209922301582992,0.1642743172491991,0.025148704648017883,0.0014463512925431132,-2.391714334487915,,,
2318,1.198675997555256,0.15237838400456277,0.0043714651837944984,0.001514463103376329,-2.3964030742645264,,,
2319,1.2387455450370908,0.18599939089358755,0.015783097594976425,0.0015282622771337628,-2.3984029293060303,,,
2320,1.250499571673572,0.20297310454255507,0.0087793730199337,0.0016532201552763581,-2.381632089614868,,,
2321,1.2082980806007981,0.1633169418662577,-0.030152976512908936,0.0015300369122996926,-2.3624002933502197,,,
2322,1.174373609945178,0.1353696527565586,0.009317994117736816,0.0014887641882523894,-2.347083806991577,,,
2323,1.1421094257384539,0.11682147820816896,0.008927409537136555,0.0016747538466006517,-2.354194402694702,,,
2324,1.1665307180956006,0.12792193263409474,0.03503665700554848,0.0016061674105003476,-2.3522469997406006,1.1720179291442037,0.27042125601707473,0.13445728145952873
2325,1.1517519038170576,0.1157352446634798,0.0013672485947608948,0.0015113175613805652,-2.3501241207122803,,,
2326,1.1260419441387057,0.09107578390851373,0.011813622899353504,0.001585253863595426,-2.3481884002685547,,,
2327,1.1372950403019786,0.1036588831961871,0.009422020986676216,0.001478001126088202,-2.3489513397216797,,,
2328,1.2083914587274194,0.17189137199810822,0.01971912756562233,0.0015144572826102376,-2.338531732559204,,,
2329,1.2054565781727433,0.1624124731460432,0.02682030200958252,0.001537403790280223,-2.344838857650757,,,
2330,1.1462366068735719,0.11198743705164109,0.04866541922092438,0.0015492802485823631,-2.3404810428619385,,,
2331,1.2465270105749369,0.19418370508465388,-0.004762276541441679,0.0015043612802401185,-2.3488385677337646,,,
2332,1.1957923267036676,0.1564957933463509,-0.004036569502204657,0.001600559800863266,-2.349088668823242,,,
2333,1.2303508054465055,0.18220440017711748,0.03376824036240578,0.001610931009054184,-2.343709945678711,,,
2334,1.225776795297861,0.1792566452882707,0.012672841548919678,0.0015613381983712316,-2.3532769680023193,,,
2335,1.0908439001068473,0.058106472732407974,0.012476359494030476,0.001582279452122748,-2.3642771244049072,,,
2336,1.2751861000433564,0.21321717398560613,0.03401248902082443,0.0017573306104168296,-2.364074468612671,,,
2337,1.1780415549874306,0.13288202068131263,-0.009937787428498268,0.0016531144501641393,-2.359752893447876,,,
2338,1.1539295967668295,0.1155043924932298,0.03535563871264458,0.001565650338307023,-2.3630504608154297,,,
2339,1.1838501887395978,0.1479273064141329,-0.020075183361768723,0.001473551383242011,-2.364518404006958,,,
2340,1.1879204949364066,0.14352917919692493,0.04714396968483925,0.0014506224542856216,-2.3702585697174072,,,
2341,1.2070673936977983,0.1583978245464921,-0.0027663428336381912,0.0015590370167046785,-2.3766634464263916,,,
2342,1.1739212349057198,0.13370378493443902,-0.0006674020551145077,0.001748228445649147,-2.3802244663238525,,,
2343,1.1713985856622458,0.1357562911462452,0.030376970767974854,0.0016319705173373222,-2.375701665878296,,,
2344,1.1226561488583684,0.09488718859207923,-0.013282747007906437,0.0015475422842428088,-2.3792879581451416,,,
2345,1.1692620879039168,0.1282631307712797,-0.020986517891287804,0.0016347598284482956,-2.3798673152923584,,,
2346,1.1880127666518092,0.1512481206416365,0.01190568320453167,0.0016323972959071398,-2.3792879581451416,,,
2347,1.1779392380267382,0.1438204625095495,0.024775099009275436,0.0014013611944392323,-2.380146026611328,,,
2348,1.1997493030503392,0.1614901468301534,-0.018513033166527748,0.0013794887345284224,-2.388639211654663,,,
2349,1.1718804398551583,0.1278457840268698,0.02196313999593258,0.0015873033553361893,-2.3912699222564697,1.171790766529739,0.2717791507213397,0.13411087976440972
2350,1.1537937428802252,0.11523394692870756,0.025594238191843033,0.001463656546548009,-2.393329620361328,,,
2351,1.1621814323589206,0.13237370392984982,0.0072255549021065235,0.001499091973528266,-2.3945276737213135,,,
2352,1.2104987716302276,0.16434737241227626,-0.011281298473477364,0.0016468149842694402,-2.3922617435455322,,,
2353,1.2007745718583465,0.15120684827445074,0.011286502704024315,0.0016597284702584147,-2.396716833114624,,,
2354,1.170443644747138,0.13413868340773327,0.034383997321128845,0.0015688289422541857,-2.4033448696136475,,,
2355,1.1919068936258554,0.15277024159437874,0.03517013043165207,0.0014752912102267146,-2.4041788578033447,,,
2356,1.181732534430921,0.1369764304511098,-0.010626222938299179,0.0017472822219133377,-2.4047696590423584,,,
2357,1.2423428129404783,0.16756878877119716,0.040653035044670105,0.001784440246410668,-2.4045565128326416,,,
2358,1.1758345179259777,0.13754532811641657,-0.010949237272143364,0.0016962842782959342,-2.4039933681488037,,,
2359,1.1535419235005975,0.11834308209831845,0.02680172398686409,0.0015257906634360552,-2.407539129257202,,,
2360,1.1417073188349605,0.11972291622814393,0.034929316490888596,0.0013092051958665252,-2.4079630374908447,,,
2361,1.176638319157064,0.1471138142105912,0.032032474875450134,0.0013908286346122622,-2.416997194290161,,,
2362,1.162648068740964,0.12370559780263406,-0.048449669033288956,0.0015106721548363566,-2.417804479598999,,,
2363,1.1974725583568215,0.14595685028879873,0.019034869968891144,0.0016158258076757193,-2.428901433944702,,,
2364,1.1936863651499152,0.15171610249299936,0.006053427699953318,0.0015729417791590095,-2.4296000003814697,,,
2365,1.1527037527412176,0.1250899087681704,0.010470016859471798,0.0013719834387302399,-2.4262659549713135,,,
2366,1.1796094523742795,0.14772907807892643,-2.359272912144661e-05,0.001436827122233808,-2.432323455810547,,,
2367,1.1580217257142067,0.12610364489238973,0.016618669033050537,0.0014220409793779254,-2.433422327041626,,,
2368,1.2167497240006924,0.1732039489309146,-0.021427759900689125,0.0013752625091001391,-2.4311602115631104,,,
2369,1.170472003519535,0.12838829518785244,-0.019748233258724213,0.0014171330258250237,-2.42615008354187,,,
2370,1.1990252006798983,0.16076274968471627,0.003696769243106246,0.001589578459970653,-2.4263055324554443,,,
2371,1.1650482220575213,0.13109678340601608,-0.008309956640005112,0.0015524441841989756,-2.4270286560058594,,,
2372,1.1714028278365731,0.12792489994327533,0.008734594099223614,0.0016710496274754405,-2.4257848262786865,,,
2373,1.2562803011387587,0.19636405866909112,0.033730458468198776,0.001688247313722968,-2.4276506900787354,,,
2374,1.1946638664230704,0.15560098354013063,0.014994295313954353,0.0017524758586660028,-2.4307100772857666,1.1710077924653888,0.2697398332814609,0.13376428787433717
2375,1.200457432307303,0.15488955053541154,-0.02643691934645176,0.001713113160803914,-2.4251062870025635,,,
2376,1.2304764157161117,0.18100432946148132,0.008921977132558823,0.0014394258614629507,-2.421316146850586,,,
2377,1.1297271652147174,0.09656271275038979,0.019452525302767754,0.0013236991362646222,-2.4338090419769287,,,
2378,1.1298931939527392,0.09938372162092257,-0.019905656576156616,0.0014654903206974268,-2.444253921508789,,,
2379,1.2299855910241604,0.16182572483540195,-0.04226982593536377,0.001645766431465745,-2.4459421634674072,,,
2380,1.2024034848436713,0.16094907697154226,0.0016089817509055138,0.0017296280711889267,-2.4514544010162354,,,
2381,1.140069686807692,0.0960884866325602,-0.022793924435973167,0.0016428817762061954,-2.4491045475006104,,,
2382,1.1207677833735943,0.09125991883991882,0.05957352742552757,0.0015384573489427567,-2.454742670059204,,,
2383,1.1094661243259907,0.08190874898819528,0.006441233679652214,0.001481451909057796,-2.4617230892181396,,,
2384,1.2596374843269587,0.18934063788908728,-0.02673201821744442,0.001578115508891642,-2.4717495441436768,,,
2385,1.2056847093626857,0.15940807116007139,0.017331808805465698,0.0014363130321726203,-2.47481369972229,,,
2386,1.187487588264048,0.14801225082423697,-0.0019146120175719261,0.0016497652977705002,-2.4825665950775146,,,
2387,1.1933718835934997,0.15793990904232447,0.027012700214982033,0.0014790826244279742,-2.4899275302886963,,,
2388,1.173807054758072,0.13514253719324476,0.003984109498560429,0.0014600541908293962,-2.4844930171966553,,,
2389,1.1818889398127794,0.13251620434290762,-0.016786891967058182,0.00170767807867378,-2.4727821350097656,,,
2390,1.1162338759750128,0.09179867550055834,-0.026318974792957306,0.0015199315967038274,-2.469917058944702,,,
2391,1.1338343676179647,0.1025614947823456,0.02509545534849167,0.0014876340283080935,-2.4778711795806885,,,
2392,1.1285455515608191,0.09297331691841118,0.03023047186434269,0.0015560713363811374,-2.4841158390045166,,,
2393,1.190032685175538,0.1406039645053484,0.037501610815525055,0.0014025705168023705,-2.4925501346588135,,,
2394,1.1843689512461424,0.13855550630427987,0.008447614498436451,0.001762310159392655,-2.496361017227173,,,
2395,1.2021913724020123,0.15995166062087457,0.02337394654750824,0.0014903409173712134,-2.49780011177063,,,
2396,1.1843835804611444,0.14247204699655616,0.013219150714576244,0.0016733987722545862,-2.5051181316375732,,,
2397,1.149262759834528,0.11230327697278053,0.0420340895652771,0.0019154625479131937,-2.506122589111328,,,
2398,1.1848025284707546,0.14432965438626916,-0.018884368240833282,0.0015753103652969003,-2.509418249130249,,,
2399,1.1405572751536965,0.10490537664728476,-0.014618613757193089,0.0015246812254190445,-2.5082170963287354,1.1708774343132973,0.270508443248497,0.13356428797684824
2400,1.1686777286231518,0.14320256727180397,0.020414436236023903,0.0014589495258405805,-2.5073626041412354,,,
2401,1.1886447947472334,0.15291056237490475,0.0015363963320851326,0.001345170778222382,-2.5071218013763428,,,
2402,1.1527711395174265,0.11970012239474445,-0.0016511515714228153,0.0014863304095342755,-2.5000455379486084,,,
2403,1.1704794382676482,0.12291664668650924,0.011157630942761898,0.0015436663525179029,-2.4981496334075928,,,
2404,1.2259494680911303,0.16790352364544378,0.03978416696190834,0.0016144838882610202,-2.5135233402252197,,,
2405,1.1911594197154045,0.14416698091824323,-0.013379372656345367,0.0016804205952212214,-2.5152037143707275,,,
2406,1.1367314169183373,0.10457214146251734,0.0034822002053260803,0.0015350934118032455,-2.5043985843658447,,,
2407,1.1891226535663009,0.15437120053717682,-0.004924893379211426,0.0015459462301805615,-2.5084216594696045,,,
2408,1.2254488905891776,0.17537565512052827,-0.006629285868257284,0.0015290301525965333,-2.505884885787964,,,
2409,1.1501403292641044,0.11271997880303072,-0.0035213828086853027,0.0015094875125214458,-2.505868673324585,,,
2410,1.2161371009424329,0.17689461495459552,-0.02448265627026558,0.0015030682552605867,-2.502399206161499,,,
2411,1.1718552857637405,0.1349449683809048,0.02696068584918976,0.0014969354961067438,-2.5035245418548584,,,
2412,1.1544481990858912,0.12521698177618729,0.0008504660800099373,0.001452548080123961,-2.502269983291626,,,
2413,1.2202527597546577,0.17300594579391526,0.008473003283143044,0.0015081086894497275,-2.5102903842926025,,,
2414,1.278876111842692,0.22082221990708684,0.025423865765333176,0.0015078485012054443,-2.5167312622070312,,,
2415,1.2262292420491576,0.17835569938971202,0.014630064368247986,0.0013920583296567202,-2.511436700820923,,,
2416,1.1994289178401232,0.15524602432651008,0.02310384437441826,0.001620495575480163,-2.5038020610809326,,,
2417,1.201200207695365,0.16149552513462495,0.04274357855319977,0.0015388373285531998,-2.504812479019165,,,
2418,1.1681945342570543,0.13723160546913687,0.018438614904880524,0.0014533264329656959,-2.5030710697174072,,,
2419,1.1687758537009358,0.12767348686116303,0.01307930238544941,0.0015402676071971655,-2.497386932373047,,,
2420,1.1528951553627849,0.11319492626645208,-0.009223861619830132,0.0016248723259195685,-2.4986894130706787,,,
2421,1.2495346711948514,0.18725631961911332,0.013141786679625511,0.0016332315281033516,-2.501394510269165,,,
2422,1.1878456743434072,0.14438528955079355,0.03903483971953392,0.00167465687263757,-2.499189615249634,,,
2423,1.1849963748827577,0.14610872821043175,0.0069182757288217545,0.0015468421624973416,-2.506420373916626,,,
2424,1.218912871554494,0.1721453432713508,0.015493074432015419,0.0016114484751597047,-2.518371343612671,1.1717795124277472,0.26971746774501476,0.13434441686997892
2425,1.1811962947249413,0.13631382772659173,-0.027700725942850113,0.0015967909712344408,-2.5263254642486572,,,
2426,1.1997828111052513,0.16321471959342204,-0.01025000773370266,0.0014662569155916572,-2.5320780277252197,,,
2427,1.1768959546461701,0.13918496299900127,0.011060371994972229,0.0014264654600992799,-2.5316426753997803,,,
2428,1.178217452019453,0.13438057510216972,0.013043573126196861,0.0015270245494320989,-2.5335958003997803,,,
2429,1.131175996735692,0.10605250889507929,-0.005453197751194239,0.0014343084767460823,-2.5341436862945557,,,
2430,1.1813932182267308,0.13976401650884063,-0.008051862940192223,0.0013659971300512552,-2.536231756210327,,,
2431,1.1806094106286764,0.14225068863108709,0.03951047360897064,0.0015256920596584678,-2.5350916385650635,,,
2432,1.1607854263857007,0.1309976256699515,0.006437328644096851,0.001477946643717587,-2.540062189102173,,,
2433,1.1862100325524807,0.14367073712573739,0.0024887225590646267,0.0014182395534589887,-2.5354421138763428,,,
2434,1.2346945377066731,0.18052667821593857,0.04817204549908638,0.0017502197297289968,-2.5378611087799072,,,
2435,1.1730202650651336,0.13464508801713634,0.012323364615440369,0.001547476276755333,-2.5455801486968994,,,
2436,1.2040798095986247,0.16739345582118423,0.03470449894666672,0.0015227721305564046,-2.5487382411956787,,,
2437,1.1783217890188098,0.14219549594427805,0.0058309463784098625,0.0015854035736992955,-2.5436818599700928,,,
2438,1.2173926318064332,0.17520224198865897,-0.01318360399454832,0.001422152854502201,-2.5383212566375732,,,
2439,1.168352173641324,0.13559477898336464,0.00201077526435256,0.0014412906020879745,-2.5406277179718018,,,
2440,1.2391648590564728,0.19099963278659196,-0.0016552158631384373,0.0015599068719893694,-2.5419528484344482,,,
2441,1.1895743971690536,0.15200385676929845,0.07604151219129562,0.0013492063153535128,-2.552154779434204,,,
2442,1.2075324431061745,0.16295108961723725,0.019058167934417725,0.0015979610616341233,-2.5598604679107666,,,
2443,1.1833531903102994,0.1356883160011577,0.04791833832859993,0.001536544063128531,-2.564802408218384,,,
2444,1.2310987506061792,0.18819748509307077,-0.0010615987703204155,0.00163040473125875,-2.5736143589019775,,,
2445,1.2631132761016488,0.2086943655434293,0.018996883183717728,0.001687101786956191,-2.573517084121704,,,
2446,1.241383389569819,0.19200378086123804,0.04626389592885971,0.001422105124220252,-2.5715105533599854,,,
2447,1.1479297569021583,0.1092013973659754,0.007399108726531267,0.0016205746214836836,-2.5677926540374756,,,
2448,1.1563855288550258,0.12280574579061371,0.02518732100725174,0.0014965776354074478,-2.5705626010894775,,,
2449,1.2113720579072833,0.17078965408040211,0.0018033487722277641,0.0015431453939527273,-2.5704879760742188,1.1754166074097157,0.2749043930310717,0.1366404317584294
2450,1.1919956440106034,0.1428107249083044,0.028102342039346695,0.0014651281526312232,-2.580547571182251,,,
2451,1.196522987447679,0.15213083299084973,0.009253360331058502,0.0016465347725898027,-2.5936777591705322,,,
2452,1.1771486178040504,0.1340573583089782,0.0169530026614666,0.0017419703071936965,-2.5928056240081787,,,
2453,1.2183548947796226,0.16127599105800322,-0.004607757553458214,0.0015486262273043394,-2.5931103229522705,,,
2454,1.252777609974146,0.20077592905282737,-0.008697796612977982,0.0016320778522640467,-2.595991373062134,,,
2455,1.161805429495871,0.12216423453121751,-0.0007665599696338177,0.0017151806969195604,-2.5983693599700928,,,
2456,1.1451638983562589,0.11105116223633173,0.000716707669198513,0.0017085795989260077,-2.6077024936676025,,,
2457,1.1884812656790018,0.15048337849856364,-0.027614504098892212,0.0016594158951193094,-2.6062753200531006,,,
2458,1.1442396007478237,0.10856456213750727,0.006726856343448162,0.0016885293880477548,-2.6147539615631104,,,
2459,1.196617347188294,0.1529476035520252,0.05131509155035019,0.0015408348990604281,-2.62418532371521,,,
2460,1.224765419960022,0.16981808786980485,0.023519862443208694,0.0016615819185972214,-2.619952917098999,,,
2461,1.1586653161793947,0.12667318835477148,-0.05452626943588257,0.001660563051700592,-2.619100332260132,,,
2462,1.1526141557842493,0.11364440130301402,0.003645963966846466,0.0014925329014658928,-2.6149251461029053,,,
2463,1.2251408016309142,0.16496621598579655,0.03896572068333626,0.0016411615069955587,-2.6154520511627197,,,
2464,1.1804872639477253,0.14057882766505642,0.002815298270434141,0.0018918615533038974,-2.6184232234954834,,,
2465,1.1918090237304568,0.15623653029265988,0.011319531127810478,0.0015974810812622309,-2.624763250350952,,,
2466,1.1933243479579687,0.14384667184968936,0.033046212047338486,0.0014519795076921582,-2.633697271347046,,,
2467,1.2661084607243538,0.20890434782627615,0.026130670681595802,0.00154591235332191,-2.6319363117218018,,,
2468,1.2105989968404174,0.1697491680106603,0.021313026547431946,0.0016855288995429873,-2.633941411972046,,,
2469,1.1604352034628391,0.12508730235778248,0.034270137548446655,0.0016327722696587443,-2.6425931453704834,,,
2470,1.2011642483994365,0.15680356427527342,0.02470691129565239,0.0014994705561548471,-2.6470072269439697,,,
2471,1.1294702524319291,0.09708317278268475,0.004876983352005482,0.0015089355874806643,-2.6408445835113525,,,
2472,1.1776250638067722,0.1324236571503769,0.039287954568862915,0.0016175202326849103,-2.6458446979522705,,,
2473,1.193596757017076,0.1455217849121197,0.027371380478143692,0.00183195061981678,-2.646909475326538,,,
2474,1.1406090157106519,0.10834906116823287,0.02850361168384552,0.0014903831761330366,-2.644824743270874,1.177204648964107,0.27804774343941213,0.1375507365401087
2475,1.22592440713197,0.17765724195408888,0.0397515706717968,0.0014645593473687768,-2.6492908000946045,,,
2476,1.165141899138689,0.13384989335755743,-0.0133224967867136,0.0015667570987716317,-2.6486566066741943,,,
2477,1.1901486236602068,0.14990795183358158,0.019300764426589012,0.0014603203162550926,-2.652728796005249,,,
2478,1.2471263613551855,0.1980921503911014,-0.002696203999221325,0.0015834944788366556,-2.6526222229003906,,,
2479,1.1481545018032193,0.11382577866214012,0.017531320452690125,0.0016972533194348216,-2.6578190326690674,,,
2480,1.230234919115901,0.17787052572337897,0.02768941968679428,0.0017264292109757662,-2.6606924533843994,,,
2481,1.3013452924787998,0.2310531787017532,0.0046299416571855545,0.0017011688323691487,-2.659221887588501,,,
2482,1.1781837223097682,0.1396204706504268,-0.01384311355650425,0.001768648624420166,-2.661726236343384,,,
2483,1.1783756837248802,0.13282141665781722,0.03305911272764206,0.0017174709355458617,-2.653850793838501,,,
2484,1.1729252794757485,0.12653095904502754,-0.02250230498611927,0.0017299624159932137,-2.662090539932251,,,
2485,1.1601052228361368,0.12690906763883558,-0.006805711425840855,0.001876087044365704,-2.673401117324829,,,
2486,1.1508834352716804,0.11411532774854607,-0.0020333100110292435,0.0016781461890786886,-2.6746368408203125,,,
2487,1.1769800512120128,0.14246276246680584,-0.021458406001329422,0.0017113747308030725,-2.678992986679077,,,
2488,1.1943635316565633,0.14830039960643576,0.04632900655269623,0.0014692917466163635,-2.6868226528167725,,,
2489,1.2415162716060877,0.20197972933783476,0.017678152769804,0.0015819530235603452,-2.691631317138672,,,
2490,1.2201371174305677,0.17599612373457046,0.03946327045559883,0.0015642615035176277,-2.7018239498138428,,,
2491,1.1443927362561226,0.1057467952278315,-0.044206004589796066,0.0016274877125397325,-2.7091102600097656,,,
2492,1.1961496230214834,0.14727283838921923,0.011336169205605984,0.0015162796480581164,-2.716064214706421,,,
2493,1.182558597996831,0.13407150234586168,0.009305709041655064,0.001758603728376329,-2.7098288536071777,,,
2494,1.1935531944036484,0.14618192385060408,-0.004342805594205856,0.001498470432125032,-2.710817813873291,,,
2495,1.2022012462839484,0.15974702028881155,0.020325755700469017,0.0017157424008473754,-2.7131218910217285,,,
2496,1.1621573623269796,0.1272759708260291,0.018302887678146362,0.0015354042407125235,-2.7137339115142822,,,
2497,1.1333564464002848,0.10253265266288442,0.06390725821256638,0.001641994109377265,-2.7108685970306396,,,
2498,1.1597702344879508,0.12441213986675582,0.0043387566693127155,0.0015606886008754373,-2.7082712650299072,,,
2499,1.1742843445390463,0.1329293481629571,0.0301748625934124,0.0016184564447030425,-2.7145445346832275,1.1761929038912058,0.27619641737893585,0.13702714836905902
2500,1.194125920534134,0.14860152816402955,0.025292372331023216,0.0014395362231880426,-2.717975378036499,,,
2501,1.233707576058805,0.18324139755929042,-0.008043710142374039,0.0017135449452325702,-2.7180213928222656,,,
2502,1.156650871038437,0.12473966637387325,0.004565905313938856,0.0014545904705300927,-2.725188970565796,,,
2503,1.2059788890182972,0.1625068134284178,0.009646063670516014,0.0014506586594507098,-2.7257065773010254,,,
2504,1.1878176983445883,0.13933021203295093,-0.013483071699738503,0.0015092374524101615,-2.7139933109283447,,,
2505,1.1865859851241112,0.14551200292722513,-0.001657489687204361,0.0016675250371918082,-2.710784673690796,,,
2506,1.2032988127321005,0.16512803145350347,0.024434030055999756,0.0013565064873546362,-2.711932897567749,,,
2507,1.1664510164409876,0.13087245349783486,0.02327471785247326,0.0016154649201780558,-2.7171061038970947,,,
2508,1.1722034784033895,0.13382193438685291,0.03902021050453186,0.0017369585111737251,-2.725769281387329,,,
2509,1.169579328969121,0.1270847657146008,0.007589423563331366,0.0015955563867464662,-2.734769344329834,,,
2510,1.159657676704228,0.12204301584290136,-0.017762642353773117,0.0017946165753528476,-2.735917806625366,,,
2511,1.1704161278903484,0.13573778875597378,0.02827298268675804,0.001538412063382566,-2.7344908714294434,,,
2512,1.202463281340897,0.15457254172275764,0.04740098863840103,0.0017002198146656156,-2.7440035343170166,,,
2513,1.2165316604077816,0.1731907033977313,0.02411167323589325,0.0015105840284377337,-2.7529141902923584,,,
2514,1.164798197336495,0.12529246760185675,-0.005428314208984375,0.001778987585566938,-2.761880397796631,,,
2515,1.1834029201418161,0.1448871224668786,-0.01109536923468113,0.0017445600824430585,-2.7681028842926025,,,
2516,1.2322978777810931,0.18228800642123438,-0.029856858775019646,0.0015761349350214005,-2.776766300201416,,,
2517,1.1405539149418473,0.09831068998050047,0.013628443703055382,0.0016233146889135242,-2.7805581092834473,,,
2518,1.1479771370068192,0.11133868943112533,-0.005254184827208519,0.0015822014538571239,-2.7699379920959473,,,
2519,1.159028835594654,0.1233369035786299,-0.0010613221675157547,0.0015253422316163778,-2.7799782752990723,,,
2520,1.1016050959005952,0.07891238482195112,0.07122249901294708,0.0014456466306000948,-2.7688143253326416,,,
2521,1.1872349930927157,0.14600977802981135,-0.00480367336422205,0.0016575398622080684,-2.771653652191162,,,
2522,1.1953719519078732,0.1613002821850963,0.008524971082806587,0.0014552330831065774,-2.7795450687408447,,,
2523,1.2097675185650587,0.1661076090555622,-0.0024786414578557014,0.0015882061561569571,-2.7808187007904053,,,
2524,1.236218293197453,0.1734302305025009,0.0010515912435948849,0.0018576137954369187,-2.7751963138580322,1.17644751816988,0.2761580543489278,0.13715798784070204
2525,1.1776817459613085,0.13773694938127756,0.017807736992836,0.0017271280521526933,-2.7729125022888184,,,
2526,1.1558483662083745,0.12912367542743364,0.023648269474506378,0.0016494874143972993,-2.781951665878296,,,
2527,1.2370228124782443,0.17172139664554542,0.023810457438230515,0.0018345603020861745,-2.792417049407959,,,
2528,1.1588311726227403,0.11612672617382983,-0.0019817277789115906,0.0018054062966257334,-2.804495334625244,,,
2529,1.229691163636744,0.18428467663873804,0.0024269232526421547,0.0016087362309917808,-2.8042147159576416,,,
2530,1.1987567311152816,0.1452517356276174,-0.03894480690360069,0.0017824864480644464,-2.803741216659546,,,
2531,1.2058448316529393,0.15404245760123025,-0.013271479867398739,0.001506367581896484,-2.807037591934204,,,
2532,1.2048279428854585,0.15547862482174232,0.058162763714790344,0.0017313528805971146,-2.8094582557678223,,,
2533,1.2303840089589357,0.17773670896824995,-0.023764386773109436,0.0018573097186163068,-2.8109400272369385,,,
2534,1.1488182339817286,0.11407920311955523,-0.05292842537164688,0.0014991516945883632,-2.8059847354888916,,,
2535,1.1415835786610842,0.11093626164979234,-0.009543439373373985,0.001614459790289402,-2.804943084716797,,,
2536,1.112112170085311,0.08467429035513548,0.039460211992263794,0.0016755821416154504,-2.7975668907165527,,,
2537,1.1899410681799054,0.14810073261428908,-0.012160282582044601,0.0017136678798124194,-2.791381597518921,,,
2538,1.2131237275898457,0.17899730341324266,0.0038904771208763123,0.0016537626506760716,-2.784687042236328,,,
2539,1.202453046105802,0.1597777645623987,0.050359148532152176,0.0015704039251431823,-2.783057928085327,,,
2540,1.2072299662977457,0.164277504042853,-0.002004808746278286,0.0014590987702831626,-2.7829668521881104,,,
2541,1.2128146151080728,0.16771543802485553,-0.003383300267159939,0.0016107443952932954,-2.7807517051696777,,,
2542,1.1781184123829007,0.13780534828122562,0.01638833060860634,0.001713286153972149,-2.7881357669830322,,,
2543,1.1520721297711134,0.12182957454151148,0.023220380768179893,0.0016104107489809394,-2.788707733154297,,,
2544,1.1843252377584577,0.14594440796473312,0.020136935636401176,0.0014997090911492705,-2.7819783687591553,,,
2545,1.1484330166131258,0.11542461141130005,0.020191464573144913,0.0014981124550104141,-2.7820801734924316,,,
2546,1.131723259575665,0.10211747618274485,0.020006880164146423,0.001593205495737493,-2.780353307723999,,,
2547,1.1859549712389708,0.1506463638838587,-0.019388588145375252,0.0014595749089494348,-2.778827428817749,,,
2548,1.133853335864842,0.09896118559699005,0.0362168624997139,0.0016491080168634653,-2.7861921787261963,,,
2549,1.2462254231795669,0.18320710086317712,0.009257772006094456,0.0015150343533605337,-2.782897710800171,1.1764390161260962,0.2749619599581784,0.13735266903183257
2550,1.2126917885616422,0.1763099728622325,-0.0010710908100008965,0.0015936437994241714,-2.775989294052124,,,
2551,1.1770069329068065,0.13723538357636916,-0.008074676617980003,0.001589427818544209,-2.7821412086486816,,,
2552,1.1500075003132224,0.11045515072622153,-0.013936503790318966,0.0015891090733930469,-2.7970731258392334,,,
2553,1.2661685608327389,0.21364337555861623,-0.014607272110879421,0.0016898909816518426,-2.809142827987671,,,
2554,1.1522335363551974,0.12601671151837515,-0.005764534696936607,0.0014573723310604692,-2.810516595840454,,,
2555,1.2198172323405743,0.17457833927072225,0.013183839619159698,0.0016723301960155368,-2.812286138534546,,,
2556,1.1773078497499228,0.1357889358043524,0.03465244919061661,0.0015674304449930787,-2.809765100479126,,,
2557,1.1407027570530772,0.1020827853033219,0.013133170083165169,0.0016624815762043,-2.8119301795959473,,,
2558,1.1812870809808373,0.14048291795427928,0.023711591958999634,0.0016208506422117352,-2.8069000244140625,,,
2559,1.1520379837602377,0.11866798404311885,-0.017710505053400993,0.0014338260516524315,-2.809617757797241,,,
2560,1.1312609603628516,0.10045344428293382,0.03099488839507103,0.0015957587165758014,-2.8216376304626465,,,
2561,1.1568876784294844,0.12447678409235371,-0.013332136906683445,0.001593100605532527,-2.8209404945373535,,,
2562,1.1356111755594611,0.10864484866954405,0.010248137637972832,0.0015594565775245428,-2.8212242126464844,,,
2563,1.1780653819441795,0.14058551453907403,-0.013145782984793186,0.0015972094843164086,-2.8164899349212646,,,
2564,1.1643269462510943,0.12787593425380572,0.02050856500864029,0.0014365961542353034,-2.812415838241577,,,
2565,1.2130067870020866,0.1652922719290251,-0.017432846128940582,0.001591258100233972,-2.8131346702575684,,,
2566,1.2074821954593062,0.16227525164423193,0.04715672880411148,0.0016095679020509124,-2.820665121078491,,,
2567,1.1861293679103255,0.1463931171165835,0.020834604278206825,0.001721791340969503,-2.814633846282959,,,
2568,1.2021093051880598,0.1593192884605228,-0.01750042662024498,0.0016258860705420375,-2.812194585800171,,,
2569,1.2234264481812716,0.17792574186647664,0.0006893356330692768,0.0015359414974227548,-2.8125951290130615,,,
2570,1.182426487095654,0.1496674717256562,-0.02093242108821869,0.0015436761314049363,-2.8170547485351562,,,
2571,1.1609514625743032,0.1285974267302731,-0.0036632493138313293,0.0014955595834180713,-2.8211493492126465,,,
2572,1.1808375027030706,0.1335911263821838,0.019945437088608742,0.0016434484859928489,-2.8231656551361084,,,
2573,1.2046411829069257,0.1661000353209103,0.01189224049448967,0.001448388327844441,-2.8161542415618896,,,
2574,1.2645071689039469,0.20884869874384956,-0.01769527792930603,0.0017161285504698753,-2.808305263519287,1.1777092264965177,0.2768833367079561,0.1381640011107947
2575,1.1858636643737555,0.1499236105301312,0.016741672530770302,0.0015900933649390936,-2.8136370182037354,,,
2576,1.1814382364973426,0.14470335030569242,0.031589604914188385,0.0015318403020501137,-2.8171401023864746,,,
2577,1.1357070626690984,0.1105131158580061,0.01765558123588562,0.0014608496567234397,-2.8203237056732178,,,
2578,1.1414152644574642,0.10586829518388258,0.0581963025033474,0.0014152396470308304,-2.8212854862213135,,,
2579,1.215506263077259,0.17113751517413367,-0.0402025505900383,0.0015965541824698448,-2.831840753555298,,,
2580,1.182265724055469,0.14688517632707304,0.02528899721801281,0.0015840682899579406,-2.844078302383423,,,
2581,1.1871497239917517,0.1486203622225558,-0.00886958185583353,0.001484240056015551,-2.833798885345459,,,
2582,1.1369171319529414,0.10450109344888976,0.013404984958469868,0.0015695701586082578,-2.8379225730895996,,,
2583,1.2360669756308198,0.19299132807585317,-0.023236587643623352,0.0014501679688692093,-2.8434560298919678,,,
2584,1.188653364777565,0.1427198295718367,0.02800842374563217,0.0016265782760456204,-2.840991735458374,,,
2585,1.1071390258148313,0.08034647866416678,-0.024303199723362923,0.0013321656733751297,-2.8334403038024902,,,
2586,1.2034670729190111,0.1592723923647205,0.0004965271800756454,0.0015304721891880035,-2.836174249649048,,,
2587,1.1325302869081497,0.09819823582144642,0.0358109325170517,0.0016294848173856735,-2.8330941200256348,,,
2588,1.181484050117433,0.13384947147766907,0.011835778132081032,0.0018633269937708974,-2.8296353816986084,,,
2589,1.1608501495793462,0.1216259845481314,0.02221529744565487,0.0016112488228827715,-2.828155279159546,,,
2590,1.2125510312616825,0.16886886361495362,-0.010030626319348812,0.0016496051102876663,-2.833651065826416,,,
2591,1.1534817786887288,0.124159876169467,0.022195814177393913,0.0017740171169862151,-2.8447229862213135,,,
2592,1.1299012061208487,0.09554386790692262,0.008726260624825954,0.0015494233230128884,-2.838956356048584,,,
2593,1.1775697320699692,0.14120055013220156,0.04472886398434639,0.0014578340342268348,-2.82955002784729,,,
2594,1.1548290057107806,0.12047801799836355,0.016955044120550156,0.001555702998302877,-2.8264389038085938,,,
2595,1.209756189957261,0.16552266745435085,-0.04189402982592583,0.0015964595368131995,-2.831531286239624,,,
2596,1.2069692416116595,0.15786896892868843,0.03427259996533394,0.001744799199514091,-2.83331298828125,,,
2597,1.13262143637985,0.09037801619745608,0.020049961283802986,0.001813687733374536,-2.831770420074463,,,
2598,1.2521105604246259,0.19717849078830813,-0.01177919004112482,0.001470462535507977,-2.8249475955963135,,,
2599,1.1291508423164487,0.09342860072244932,0.002393856644630432,0.0017075607320293784,-2.8263704776763916,1.1760636763647199,0.2733075814424253,0.13723481566878049
2600,1.1718861255794764,0.12312675552089872,-0.010539338923990726,0.001622883602976799,-2.828937292098999,,,
2601,1.1680105105042458,0.12960179875827518,0.02571754716336727,0.0017655782867223024,-2.8363137245178223,,,
2602,1.1546696554869413,0.11076459273139075,-0.0233989916741848,0.0018236584728583694,-2.8437845706939697,,,
2603,1.1814524745568633,0.142643322671937,0.04002766311168671,0.00174587476067245,-2.844299554824829,,,
2604,1.136658196337521,0.10633272124894719,-0.011493771336972713,0.0016448813257738948,-2.844918727874756,,,
2605,1.1540074590593576,0.12568859369953728,-0.0004251999780535698,0.0014559912960976362,-2.845222234725952,,,
2606,1.1921355659142137,0.14626332449410007,-0.006064656190574169,0.0016550057334825397,-2.847423791885376,,,
2607,1.1792707229033113,0.13627307815420536,0.015562904067337513,0.0016468720277771354,-2.8532907962799072,,,
2608,1.2057906752452254,0.15996503892865355,0.02307216078042984,0.0016372654354199767,-2.859938144683838,,,
2609,1.1282977927476168,0.10067736693913978,0.012824466452002525,0.0017017099307850003,-2.8637442588806152,,,
2610,1.2017788030207157,0.16047393437898033,0.04936811327934265,0.0015517395222559571,-2.8674302101135254,,,
2611,1.1868701055645943,0.14456107358803277,0.035181812942028046,0.001607773476280272,-2.8797554969787598,,,
2612,1.1687854956835508,0.1415052301662993,-0.004103413783013821,0.0016162084648385644,-2.884704351425171,,,
2613,1.1996244890615344,0.15090239214224888,0.02487018145620823,0.0015216105384752154,-2.8852639198303223,,,
2614,1.1767613347619772,0.1380343074106063,0.009295865893363953,0.0014105680165812373,-2.8830416202545166,,,
2615,1.166037973947823,0.13165942285071583,0.003731583245098591,0.0015525317285209894,-2.8867440223693848,,,
2616,1.1665551820769906,0.12563404943962408,-0.009677086025476456,0.0016876464942470193,-2.8930094242095947,,,
2617,1.2541964193806052,0.20280041401407228,-0.01006721705198288,0.0015434067463502288,-2.891610622406006,,,
2618,1.1991905104368925,0.15143086853103646,-0.0325184129178524,0.0016120605869218707,-2.9021012783050537,,,
2619,1.1719819940626621,0.12672527595448563,0.007251170463860035,0.001705306232906878,-2.907388210296631,,,
2620,1.193175844848156,0.15070241107318455,3.1748786568641663e-06,0.0018087292555719614,-2.9128849506378174,,,
2621,1.114122579805553,0.08950436500971531,-0.005237706005573273,0.001607926795259118,-2.9171013832092285,,,
2622,1.2064442494884133,0.16012114580539627,0.008186621591448784,0.001752013573423028,-2.9253346920013428,,,
2623,1.219692174345255,0.16246854131361219,0.016968265175819397,0.0016818552976474166,-2.9225668907165527,,,
2624,1.1638087891042233,0.1258512698199042,0.03722245618700981,0.001569266663864255,-2.931274652481079,1.17604670394212,0.2714578068592308,0.1374101308880178
2625,1.1677635358646512,0.12697467312315752,0.021338926628232002,0.00156908028293401,-2.931326389312744,,,
2626,1.1580870738252997,0.11023405158680931,-0.009382650256156921,0.0016691413475200534,-2.9272572994232178,,,
2627,1.1364994812756777,0.10845477864133093,0.040647879242897034,0.0014789326814934611,-2.9362757205963135,,,
2628,1.253950098529458,0.20298316433207564,0.050496045500040054,0.0014835617039352655,-2.9344136714935303,,,
2629,1.1563234692439437,0.11791946051732435,-0.03439408540725708,0.0014209692599251866,-2.932708740234375,,,
2630,1.215972974896431,0.16990613867211393,-0.02732222154736519,0.0015608059475198388,-2.9388086795806885,,,
2631,1.1949390955269337,0.15755355564705842,0.00013791769742965698,0.0014998724218457937,-2.9432168006896973,,,
2632,1.1452018022537231,0.11201712275856471,0.01850787177681923,0.0015676870243623853,-2.9487955570220947,,,
2633,1.1827972466126084,0.1417073556282124,-0.011922094039618969,0.0015572176780551672,-2.94339919090271,,,
2634,1.1543456558138132,0.12156467528007145,-0.014944792725145817,0.0015839982079342008,-2.938880681991577,,,
2635,1.1888333596289158,0.15114236880181497,0.025814378634095192,0.0016399113228544593,-2.944812774658203,,,
2636,1.2518406445160508,0.19005789252962146,0.0009996630251407623,0.0017527088057249784,-2.944937229156494,,,
2637,1.1460401192307472,0.11693841171370417,0.022726964205503464,0.0018095510313287377,-2.9463655948638916,,,
2638,1.1142074093222618,0.09091120461003596,-0.012817980721592903,0.00143378134816885,-2.9297397136688232,,,
2639,1.1763943042606115,0.13919051167774854,0.0360422357916832,0.0015421336283907294,-2.9262545108795166,,,
2640,1.2039181906729937,0.15887653964523568,0.027484450489282608,0.0015848266193643212,-2.922696590423584,,,
2641,1.2034831950441003,0.16280115323221206,0.022891251370310783,0.0015025160973891616,-2.9224774837493896,,,
2642,1.2072895197197795,0.15663210251434218,0.007156240753829479,0.0017038515070453286,-2.9318175315856934,,,
2643,1.21181776560843,0.17338721167532897,0.031953275203704834,0.0014192230300977826,-2.9361841678619385,,,
2644,1.1673960573971272,0.12448996638407081,0.03527909144759178,0.0015825890004634857,-2.9378609657287598,,,
2645,1.2752715675160289,0.21559503374406405,0.01294451579451561,0.0015199730405583978,-2.9427831172943115,,,
2646,1.1581067685037851,0.11411641350571476,-0.013048225082457066,0.0016346367774531245,-2.936622381210327,,,
2647,1.2458075117319822,0.195116078349515,0.02504722587764263,0.001737816259264946,-2.933830499649048,,,
2648,1.248903858475387,0.19921755267547198,-0.004703417420387268,0.0016691053751856089,-2.932342290878296,,,
2649,1.110927258618176,0.07650717766699704,0.006463177502155304,0.0015586285153403878,-2.9395558834075928,1.174186165444553,0.2683310201993017,0.1361781856130782
2650,1.208991825580597,0.1689028784823489,0.023882735520601273,0.0017169772181659937,-2.9467432498931885,,,
2651,1.1548398779705167,0.1219593378140196,0.016552599146962166,0.0017159412382170558,-2.9493367671966553,,,
2652,1.2134925192222,0.17169634001539424,0.02204200252890587,0.0016546481056138873,-2.950531244277954,,,
2653,1.1557476092129946,0.1223382851457554,-0.0007772361859679222,0.0015224700327962637,-2.962597131729126,,,
2654,1.1781850941479206,0.14336571754855157,-0.005653464235365391,0.001685534487478435,-2.9649453163146973,,,
2655,1.1660888763144612,0.13322265517850723,-0.0013786600902676582,0.0015472170198336244,-2.975308895111084,,,
2656,1.127367664128542,0.09969844421686572,0.025112248957157135,0.001553023001179099,-2.9676411151885986,,,
2657,1.255556881427765,0.20106197196312808,0.05592130124568939,0.0015578435268253088,-2.9593822956085205,,,
2658,1.1777882305905223,0.13754211440397035,0.045334044843912125,0.001473209005780518,-2.9621737003326416,,,
2659,1.1712330067530274,0.1296098392152957,-0.011562448926270008,0.0015844209119677544,-2.975633144378662,,,
2660,1.1810928462073207,0.14097291649965998,0.02963224984705448,0.0016006173100322485,-2.982447385787964,,,
2661,1.1714418567717075,0.12539896823934657,0.015033763833343983,0.0015917234122753143,-2.9900434017181396,,,
2662,1.2005154797807336,0.1571254061113997,-0.001971062272787094,0.0016066880198195577,-2.9899561405181885,,,
2663,1.2175431130453944,0.16682523890161832,0.014016466215252876,0.0015008108457550406,-2.992959499359131,,,
2664,1.1768135633319616,0.1397200245630216,-0.0010339561849832535,0.0015659230994060636,-2.991344690322876,,,
2665,1.2049968810752034,0.15746236303097208,0.027879126369953156,0.0016751367365941405,-2.9946630001068115,,,
2666,1.1592524219304323,0.12397458853528433,0.008103971369564533,0.001674180617555976,-3.000119686126709,,,
2667,1.1783739617094398,0.13301818913054292,0.06620938330888748,0.0015695078764110804,-3.0072760581970215,,,
2668,1.2201995383948088,0.17879434484083512,-0.020078709349036217,0.0014948012540116906,-3.016296148300171,,,
2669,1.1442976258695126,0.11105251178006749,-0.003565460443496704,0.0017185404431074858,-3.0229456424713135,,,
2670,1.2478771694004536,0.1909766231945625,-0.00792972557246685,0.0017311035189777613,-3.035597324371338,,,
2671,1.1766223860904574,0.13401651857706315,-0.0318092480301857,0.0015797133091837168,-3.0291483402252197,,,
2672,1.1526338998228312,0.11614242620400236,0.009536185301840305,0.0015998234739527106,-3.034158229827881,,,
2673,1.215220752172172,0.16622845042550632,0.030779603868722916,0.0016005558427423239,-3.030963659286499,,,
2674,1.1481997547671199,0.11598302253811849,0.012234259396791458,0.0015874161617830396,-3.0359227657318115,1.174862771295011,0.26827227596800673,0.13683958783144526
2675,1.141221041791141,0.10554128094758176,-0.04673835635185242,0.0017189913196489215,-3.038127899169922,,,
2676,1.1625085091218352,0.12641924471757082,-0.004099590703845024,0.0014689875533804297,-3.038329839706421,,,
2677,1.2309054965153337,0.18504626225865112,-0.03636201471090317,0.0015110807726159692,-3.0470926761627197,,,
2678,1.198591019026935,0.15095027390551508,-0.0029008276760578156,0.0016160568920895457,-3.0456697940826416,,,
2679,1.1728420332074165,0.12894065443669206,0.02429530769586563,0.0016354800900444388,-3.0459976196289062,,,
2680,1.2355776140466332,0.18757406062632542,0.0034216055646538734,0.001772027462720871,-3.052299737930298,,,
2681,1.1755932942032814,0.1386021820894327,0.004507876932621002,0.0017745456425473094,-3.05725359916687,,,
2682,1.2077455772086978,0.16437459205175825,-0.001361088827252388,0.001457295031286776,-3.0581002235412598,,,
2683,1.2504806090146303,0.18843551626937585,0.04108374938368797,0.0016246825689449906,-3.052429437637329,,,
2684,1.206185177899897,0.17099838467992873,-0.00928585883229971,0.0015240537468343973,-3.0514297485351562,,,
2685,1.1697577219456434,0.12822142247605234,0.015269404277205467,0.0016674057114869356,-3.055652379989624,,,
2686,1.1909618843346834,0.1456242924468215,0.017196286469697952,0.001475021825172007,-3.0563368797302246,,,
2687,1.1704828143119812,0.13140277486007293,-0.012531008571386337,0.0015116722788661718,-3.0586588382720947,,,
2688,1.1502638664096594,0.10953004464365221,0.026876622810959816,0.001807424589060247,-3.0509989261627197,,,
2689,1.1461303811520338,0.10882272951255301,0.024424070492386818,0.0015619673067703843,-3.054626703262329,,,
2690,1.1767877200618386,0.14035752790200406,0.0005965596064925194,0.0017486127326264977,-3.0531554222106934,,,
2691,1.186073051765561,0.14256944616474865,0.004018248990178108,0.0015404120786115527,-3.0498998165130615,,,
2692,1.205144570209086,0.167002730033593,-0.005685511976480484,0.0016715395031496882,-3.0492424964904785,,,
2693,1.2174991369247437,0.17943760645589238,0.0331268273293972,0.0016735371900722384,-3.040804386138916,,,
2694,1.1601778473705053,0.12952918336715902,0.02050361968576908,0.001677504857070744,-3.0432450771331787,,,
2695,1.229956103488803,0.18713068696403906,0.040628768503665924,0.0014859626535326242,-3.042510986328125,,,
2696,1.140047449618578,0.11229947971950452,0.009089138358831406,0.0014777453616261482,-3.0455286502838135,,,
2697,1.19117774348706,0.1452556626366972,0.022368423640727997,0.0016572164604440331,-3.0478591918945312,,,
2698,1.1608430743217468,0.12524376865015188,-0.027978993952274323,0.0015065388288348913,-3.054546594619751,,,
2699,1.1648934353142977,0.12634645458246666,-0.007614134810864925,0.0014899136731401086,-3.0548806190490723,1.1752194026485085,0.27013644735968956,0.13679316431202404
2700,1.1621809909120202,0.12270667464767882,-0.012624635361135006,0.0014140525599941611,-3.059065341949463,,,
2701,1.159037321805954,0.12004525422432188,0.00787223782390356,0.0018318741349503398,-3.0642659664154053,,,
2702,1.1148998588323593,0.08170732448518678,-0.0016401167958974838,0.0018617911264300346,-3.0730440616607666,,,
2703,1.2295387834310532,0.18143965421183406,0.007417276501655579,0.0015359806129708886,-3.0705792903900146,,,
2704,1.1220028111711144,0.08941771803458871,-0.006748639978468418,0.0016126380069181323,-3.0599188804626465,,,
2705,1.175199885852635,0.1292834251815587,0.04086218774318695,0.0018008735496550798,-3.059096097946167,,,
2706,1.1593606835231185,0.1309102052954768,-0.033688947558403015,0.0017799040069803596,-3.057868719100952,,,
2707,1.1534248432144523,0.12679552910131034,0.011328523978590965,0.0015778042143210769,-3.062305212020874,,,
2708,1.184350953437388,0.13938885264393175,0.010064209811389446,0.0015719447983428836,-3.069068670272827,,,
2709,1.2459004521369934,0.19083290085155852,-0.028841979801654816,0.0016426112269982696,-3.0771868228912354,,,
2710,1.1203524423763156,0.09468940236496506,-0.0009834039956331253,0.0015485130716115236,-3.0777475833892822,,,
2711,1.1957681719213724,0.14431879539428072,0.01997949555516243,0.001591595122590661,-3.085336208343506,,,
2712,1.1422582706436515,0.11385826682075856,-0.022084062919020653,0.0015785357682034373,-3.091315984725952,,,
2713,1.1473585478961468,0.10631857160169872,0.07096254080533981,0.0016356066334992647,-3.0996108055114746,,,
2714,1.1721291095018387,0.12497577799966503,-0.0023155715316534042,0.0017585657769814134,-3.0984537601470947,,,
2715,1.2070290623232722,0.15787139361529814,0.003373181913048029,0.0016429934184998274,-3.0929627418518066,,,
2716,1.1649396186694503,0.12997592004297462,0.010832617059350014,0.001458511920645833,-3.098862886428833,,,
2717,1.1487674843519926,0.11609561422738801,0.010516202077269554,0.0014732659328728914,-3.0975966453552246,,,
2718,1.202423308044672,0.16231164238277632,-0.01788904331624508,0.001550256391055882,-3.0974273681640625,,,
2719,1.1599997244775295,0.120463328215172,-0.004715991206467152,0.0017420180374756455,-3.093933343887329,,,
2720,1.1018601777032018,0.06809602682770033,0.005823792889714241,0.0017617106204852462,-3.0996921062469482,,,
2721,1.201395752839744,0.15108952943411325,0.06132267042994499,0.0015507732750847936,-3.107264280319214,,,
2722,1.1692549297586083,0.1322408553968366,0.008709724061191082,0.0015088239451870322,-3.1069297790527344,,,
2723,1.1789556620642543,0.14648220329304193,0.004818628076463938,0.0015018116682767868,-3.1111817359924316,,,
2724,1.1785400928929448,0.13964351313866774,-0.009051387198269367,0.0015673759626224637,-3.1151463985443115,1.1754829827696085,0.26978071601493175,0.13704475996419963
2725,1.252261129207909,0.19795757797447994,0.018529672175645828,0.0014816217590123415,-3.1121230125427246,,,
2726,1.1696920953691006,0.12872887969084387,0.030610837042331696,0.0016507398104295135,-3.1134543418884277,,,
2727,1.206648432649672,0.16499420105449952,0.029807593673467636,0.0015284119872376323,-3.120469331741333,,,
2728,1.2022350365296006,0.15564947871125565,0.016906946897506714,0.0017393974121659994,-3.1265969276428223,,,
2729,1.129668427631259,0.10186546093226866,0.05133210867643356,0.0014434754848480225,-3.1300737857818604,,,
2730,1.1263714283704758,0.09636539198681826,-0.024794837459921837,0.0015119492309167981,-3.1324880123138428,,,
2731,1.166154744103551,0.12692447855620434,-0.018489904701709747,0.0014615720137953758,-3.136871576309204,,,
2732,1.190835103392601,0.14433833924444406,-0.044736407697200775,0.0017421860247850418,-3.1298727989196777,,,
2733,1.2569043906405568,0.20063082134302135,-0.015081046149134636,0.0017921124817803502,-3.122314691543579,,,
2734,1.2316402569413185,0.17933689904038416,0.006788192316889763,0.0015302395913749933,-3.119331121444702,,,
2735,1.1621191902086139,0.12666124062160133,-0.01775825023651123,0.001605852390639484,-3.1238389015197754,,,
2736,1.1732810540124774,0.13087635545709786,0.018357418477535248,0.0017091607442125678,-3.120197057723999,,,
2737,1.263692264445126,0.20742167129662054,0.017911287024617195,0.00171923718880862,-3.1156461238861084,,,
2738,1.1512230094522238,0.12007357474477116,0.04628072306513786,0.0016270270571112633,-3.1137773990631104,,,
2739,1.2047185972332954,0.1577069105925033,-0.009399380534887314,0.0015000123530626297,-3.1036975383758545,,,
2740,1.144453058950603,0.10767308184786664,0.002062465064227581,0.0016575263580307364,-3.1042749881744385,,,
2741,1.1491643525660038,0.12133285738602424,0.033808134496212006,0.0015320421662181616,-3.106672525405884,,,
2742,1.1946903504431248,0.14327648378281915,-0.0018020477145910263,0.0014842163072898984,-3.1073429584503174,,,
2743,1.2159766964614391,0.15530409467509435,-0.008039940148591995,0.001667239936068654,-3.1146891117095947,,,
2744,1.2107916688546538,0.1676682244803514,0.007105969358235598,0.0018136193975806236,-3.1197943687438965,,,
2745,1.1484711403027177,0.1110743045904168,0.021176498383283615,0.0015619966434314847,-3.1183836460113525,,,
2746,1.1869815681129694,0.13163318903795568,-0.03379377722740173,0.0017994835507124662,-3.1247963905334473,,,
2747,1.1502228872850537,0.11416979915604225,-0.02382061257958412,0.0018395287916064262,-3.1280364990234375,,,
2748,1.204746201634407,0.15680375435543634,-0.005447210744023323,0.0016587052959948778,-3.123568058013916,,,
2749,1.1877768281847239,0.13999338679264112,-0.012998751364648342,0.0015662232181057334,-3.1229488849639893,1.1746732704341412,0.2663857766899457,0.1368994974782973
2750,1.1354717900976539,0.10083122840718067,-0.01313487347215414,0.0018122167093679309,-3.1167409420013428,,,
2751,1.1019567549228668,0.07615981156820936,0.0024986984208226204,0.0015336560318246484,-3.123793125152588,,,
2752,1.2058982057496905,0.15752935644389549,-0.016737302765250206,0.0016991199227049947,-3.126054286956787,,,
2753,1.1173428194597363,0.08466702468619394,-0.01959827169775963,0.0015180398477241397,-3.1295714378356934,,,
2754,1.1867551654577255,0.146961320056078,0.0035181757993996143,0.001656780717894435,-3.1298768520355225,,,
2755,1.1545766508206725,0.117702439539935,-0.01714387908577919,0.0016174025367945433,-3.133533239364624,,,
2756,1.1838686214759946,0.13982999701601737,0.00712552759796381,0.0016836768481880426,-3.1364402770996094,,,
2757,1.181402649730444,0.14721047386292005,-0.0009505925700068474,0.0017439621733501554,-3.139993190765381,,,
2758,1.184760400094092,0.14895494925159103,0.02077087014913559,0.0015152733540162444,-3.1479201316833496,,,
2759,1.2080386904999614,0.1684915702867577,0.029603339731693268,0.0014626530464738607,-3.1547164916992188,,,
2760,1.1707180719822645,0.13316016710416473,-0.0010160868987441063,0.001513303373940289,-3.161175012588501,,,
2761,1.224943831562996,0.16786137757243694,0.003269912675023079,0.0017218373250216246,-3.169585943222046,,,
2762,1.1753154266625643,0.13507888359145404,0.016916906461119652,0.001681658555753529,-3.1692259311676025,,,
2763,1.1813925681635737,0.1291035233669422,0.04304187744855881,0.0016250115586444736,-3.1683411598205566,,,
2764,1.1594899035990238,0.119206073508503,0.005725149996578693,0.001681031659245491,-3.1746366024017334,,,
2765,1.2158666588366032,0.16375301385592458,0.038478657603263855,0.0017282759072259068,-3.1927590370178223,,,
2766,1.1338285775855184,0.09738115721931571,0.017855431884527206,0.0015468759229406714,-3.202789783477783,,,
2767,1.1886132135987282,0.1477288692814294,0.0223814956843853,0.001734325778670609,-3.2060811519622803,,,
2768,1.1874588057398796,0.14640923476197043,0.03507588803768158,0.0016500407364219427,-3.2162511348724365,,,
2769,1.177994848228991,0.14256340396318923,-0.03794925659894943,0.0015645487001165748,-3.21376633644104,,,
2770,1.1950411284342408,0.1618506170958413,-0.014930877834558487,0.0014942878624424338,-3.2191617488861084,,,
2771,1.1715658297762275,0.12881004490731457,0.04908640682697296,0.0015180363552644849,-3.224853992462158,,,
2772,1.1853260025382042,0.14628566641090301,0.008570929057896137,0.0017076274380087852,-3.229835033416748,,,
2773,1.2304465807974339,0.17933670714815422,0.017256181687116623,0.001633109524846077,-3.227741241455078,,,
2774,1.1844913177192211,0.13752673134400756,0.021921459585428238,0.001684154267422855,-3.229234457015991,1.1742814034223557,0.2668409536868477,0.13646713776099417
2775,1.1504959287121892,0.11510709066492911,0.004819449502974749,0.0017891321331262589,-3.227678060531616,,,
2776,1.1822095457464457,0.1480452227269632,-0.03481679409742355,0.0015608941903337836,-3.226166009902954,,,
2777,1.237228574231267,0.18847523908743977,0.0026511643081903458,0.0017182211158797145,-3.223320484161377,,,
2778,1.1318289851769805,0.10529663217574127,0.057235993444919586,0.0014609500067308545,-3.2155001163482666,,,
2779,1.2295332085341215,0.18267349622220377,-0.0009572729468345642,0.0014489570166915655,-3.213306427001953,,,
2780,1.1477695005014539,0.11368916410308272,-0.0007891850546002388,0.0013795660343021154,-3.2160494327545166,,,
2781,1.1410248605534434,0.10446584544372381,-0.03847399726510048,0.0015054497634992003,-3.2119176387786865,,,
2782,1.2049868293106556,0.15194430164728853,0.004579910542815924,0.0015275597106665373,-3.215503454208374,,,
2783,1.1334063904359937,0.10399858605149509,-0.0008853888139128685,0.0016480732010677457,-3.2061119079589844,,,
2784,1.1698684189468622,0.1350764931663139,-0.006900973618030548,0.0014980603009462357,-3.202946186065674,,,
2785,1.2196335392072797,0.17802508569598063,-0.008477344177663326,0.0015073679387569427,-3.2072560787200928,,,
2786,1.2174361003562808,0.16258796163488198,0.003924583550542593,0.0015535178827121854,-3.2104763984680176,,,
2787,1.155883802101016,0.12155252742997122,0.019406206905841827,0.0015109075466170907,-3.2110867500305176,,,
2788,1.182758942246437,0.1440615864741898,-0.023959165439009666,0.0016916978638619184,-3.2073936462402344,,,
2789,1.1721992790699005,0.13102319021619432,0.01031317189335823,0.0017029342707246542,-3.21885085105896,,,
2790,1.1955863805487752,0.15519707834939303,-0.009508405812084675,0.0015252655139192939,-3.2211873531341553,,,
2791,1.174811976030469,0.13521635775467267,0.03848239779472351,0.0014261901378631592,-3.2197954654693604,,,
2792,1.1907127583399415,0.15441762489054786,0.04848668724298477,0.0014055486535653472,-3.224754571914673,,,
2793,1.1629354590550065,0.12733432063387096,-0.026833094656467438,0.0015464696334674954,-3.2290120124816895,,,
2794,1.2117392774671316,0.1679919779434524,-0.01861661486327648,0.001646965160034597,-3.2347335815429688,,,
2795,1.1827746285125613,0.1476220798033602,0.00022029783576726913,0.0016706226160749793,-3.2418253421783447,,,
2796,1.2018362814560533,0.16088147750332948,0.008473852649331093,0.001506987726315856,-3.2449378967285156,,,
2797,1.1563726663589478,0.1217918484610814,0.04156845435500145,0.0013539528008550406,-3.240851879119873,,,
2798,1.1556743290275335,0.11751364376935067,0.004719780292361975,0.0013516502222046256,-3.240662097930908,,,
2799,1.1904675159603357,0.14041896289920444,-0.008007599040865898,0.0014712585834786296,-3.238556385040283,1.1727645182982087,0.2636971165967136,0.13569769888578692
2800,1.2048699436709285,0.15179836107877062,-0.0013740267604589462,0.0016392541583627462,-3.232334613800049,,,
2801,1.1850566854700446,0.1434037318709654,0.024042874574661255,0.001690561999566853,-3.23630690574646,,,
2802,1.1503613498061895,0.10464420810014591,-0.028196994215250015,0.0016890288097783923,-3.2457804679870605,,,
2803,1.1077448092401028,0.07277031749801942,-0.0009596580639481544,0.0017206997144967318,-3.2472646236419678,,,
2804,1.1958300089463592,0.15739964021205424,0.0498475655913353,0.0014189566718414426,-3.253777027130127,,,
2805,1.1414453908801079,0.10690104447475968,-0.01978437229990959,0.0015323515981435776,-3.2591471672058105,,,
2806,1.173043668270111,0.13834357242575054,-0.022811997681856155,0.0015884664608165622,-3.2609288692474365,,,
2807,1.175460111349821,0.1357718639231239,0.01636294089257717,0.0016875744331628084,-3.265960216522217,,,
2808,1.1947067230939865,0.14863861727136451,-0.00757256057113409,0.0016592743340879679,-3.2719953060150146,,,
2809,1.1998377395793796,0.15809534933074024,0.008725333027541637,0.0017208483768627048,-3.2721216678619385,,,
2810,1.20773949008435,0.16590628246181774,-0.004463565535843372,0.0015768461162224412,-3.270775318145752,,,
2811,1.1804837193340063,0.14325814113638938,-0.0001654941588640213,0.0014468284789472818,-3.2650866508483887,,,
2812,1.175236226990819,0.1325769059762511,-0.01917048916220665,0.0015453851083293557,-3.2651941776275635,,,
2813,1.1895672427490354,0.1507103244257019,0.0030063590966165066,0.0015410379273816943,-3.266338586807251,,,
2814,1.222483509220183,0.16844287708977898,0.014553267508745193,0.0016897066961973906,-3.2729153633117676,,,
2815,1.1295568328350782,0.09516581831827592,0.043158404529094696,0.0017266178037971258,-3.280902624130249,,,
2816,1.1631709691137075,0.12931136790495812,-0.004592975601553917,0.0017448350554332137,-3.2864415645599365,,,
2817,1.232304496690631,0.17450873006349726,0.031794581562280655,0.0017872415482997894,-3.302985906600952,,,
2818,1.1749877007678151,0.13581477657107693,-0.00222698412835598,0.0016974093159660697,-3.2999894618988037,,,
2819,1.1733150063082576,0.128736236684619,-0.019263315945863724,0.0017484287964180112,-3.2996633052825928,,,
2820,1.198804209008813,0.15749117592310313,-0.012337266467511654,0.0015683213714510202,-3.29673433303833,,,
2821,1.1796917170286179,0.1464003883442737,0.006758404430001974,0.0016357013955712318,-3.3006250858306885,,,
2822,1.2385765295475721,0.18692913083314838,-0.009855879470705986,0.0017480391543358564,-3.3052785396575928,,,
2823,1.1652677599340677,0.12804071020475244,-0.010216194204986095,0.001777963130734861,-3.316901922225952,,,
2824,1.183241382241249,0.13094881748016027,-0.011828702874481678,0.0016800176817923784,-3.320216655731201,1.1730766259133816,0.2650027698939112,0.13561868064779325
2825,1.1486067287623882,0.10605945687525137,-0.022921612486243248,0.0018196989549323916,-3.325618267059326,,,
2826,1.171063533052802,0.13183649768064543,-0.0002630036324262619,0.0016519398195669055,-3.3341708183288574,,,
2827,1.1505544679239392,0.11308134624635932,0.014942685142159462,0.001672983169555664,-3.347095012664795,,,
2828,1.1768237790092826,0.13398166184007312,0.014284281991422176,0.0015849160263314843,-3.3503952026367188,,,
2829,1.1608173726126552,0.1274885771183108,0.035122282803058624,0.0015121801989153028,-3.3574795722961426,,,
2830,1.1571247382089496,0.11693484594826095,0.05711632966995239,0.0018259843345731497,-3.3640520572662354,,,
2831,1.1994691221043468,0.15031611752145377,-0.01944003626704216,0.0019738601986318827,-3.365081787109375,,,
2832,1.2101049749180675,0.15989803171716344,-0.0474037267267704,0.0017049128655344248,-3.3682363033294678,,,
2833,1.1598914172500372,0.12751969049501743,0.02201240137219429,0.0016308120684698224,-3.3811147212982178,,,
2834,1.2240177411586046,0.17317724475325152,0.022316234186291695,0.0017542510759085417,-3.383873224258423,,,
2835,1.18880130443722,0.1478839614333894,0.018947573378682137,0.001770786358974874,-3.383796453475952,,,
2836,1.1510575832799077,0.1174390303498521,-0.01296199019998312,0.0017070407047867775,-3.379051446914673,,,
2837,1.2035050755366683,0.15912712550591754,0.04540625587105751,0.0016754679381847382,-3.379345178604126,,,
2838,1.218644117936492,0.16818326071144557,-0.05042146518826485,0.001682467176578939,-3.3808748722076416,,,
2839,1.2600969029590487,0.20058165978858733,0.037772972136735916,0.0015274909092113376,-3.3855133056640625,,,
2840,1.217636926099658,0.16881333007554808,-0.0016610119491815567,0.0018385295988991857,-3.3873367309570312,,,
2841,1.2002997109666467,0.15355138632225976,-0.003511456772685051,0.00168694369494915,-3.38773775100708,,,
2842,1.1047470504418015,0.07752826259998377,0.027808059006929398,0.0016008155653253198,-3.379917621612549,,,
2843,1.239789011888206,0.18956193086382053,0.019605213776230812,0.0016590168233960867,-3.3769147396087646,,,
2844,1.173742761835456,0.138276112386014,0.013816377148032188,0.001359890098683536,-3.386814594268799,,,
2845,1.2291417801752687,0.1800098640162891,0.03112691640853882,0.0015271923039108515,-3.3882827758789062,,,
2846,1.1987337116152048,0.1486270328270704,0.008053611032664776,0.0015180939808487892,-3.3897078037261963,,,
2847,1.1678193602710962,0.1308611789823118,0.032160140573978424,0.0016509464476257563,-3.388702392578125,,,
2848,1.1254655085504055,0.0945923492393369,0.052812762558460236,0.0016692837234586477,-3.3853299617767334,,,
2849,1.1214889865368605,0.0957257108052246,-0.041161827743053436,0.0015268615679815412,-3.388420581817627,1.1740200938656926,0.26627269979437734,0.13625697143978843
2850,1.2033222010359168,0.164340369610737,0.010137313045561314,0.0014755743322893977,-3.396045446395874,,,
2851,1.0973090482875705,0.07019237635401122,0.04888967052102089,0.0016167329158633947,-3.3995606899261475,,,
2852,1.2579719591885805,0.20844189101969332,0.03449178487062454,0.001522541744634509,-3.3997862339019775,,,
2853,1.1448819497600198,0.10613912749614081,-0.00590633787214756,0.0015210809651762247,-3.392768383026123,,,
2854,1.2020424101501703,0.16435611397132274,0.005243306513875723,0.0016151167219504714,-3.393828868865967,,,
2855,1.2397007308900356,0.18991046213280655,0.0217609666287899,0.0016229285392910242,-3.3895764350891113,,,
2856,1.1739286370575428,0.13699965243520382,0.01965971291065216,0.0016178768128156662,-3.3985750675201416,,,
2857,1.201756694354117,0.15678989885640865,0.05694422498345375,0.001476949080824852,-3.4146535396575928,,,
2858,1.1163276582956314,0.08465223848954032,0.03495681285858154,0.0014458037912845612,-3.4249227046966553,,,
2859,1.1440167361870408,0.10562750503310286,0.005298377480357885,0.0017099995166063309,-3.432420492172241,,,
2860,1.1755475113168359,0.1347650225219615,0.018489936366677284,0.0014040229143574834,-3.4375455379486084,,,
2861,1.1725107869133353,0.14019184643389873,0.030466048046946526,0.0016540444921702147,-3.441840887069702,,,
2862,1.1804057089611888,0.14761431526730973,0.05635451152920723,0.0015080793527886271,-3.4400174617767334,,,
2863,1.1838070349767804,0.13967952052846372,-0.03188853710889816,0.0017794230952858925,-3.4369888305664062,,,
2864,1.139589812606573,0.09684246719681507,0.007260317448526621,0.001666056108660996,-3.4361612796783447,,,
2865,1.1894423747435212,0.14780685633757495,0.029588639736175537,0.0014442326501011848,-3.4381446838378906,,,
2866,1.1728187184780836,0.13737744199269059,0.010637281462550163,0.001557052950374782,-3.446617364883423,,,
2867,1.1546914856880903,0.12715720439035794,0.015768472105264664,0.0015099166193976998,-3.445713520050049,,,
2868,1.1738649969920516,0.13645655944227028,0.004656513687223196,0.0015657480107620358,-3.4443933963775635,,,
2869,1.181101051159203,0.1364904690385954,0.006205960642546415,0.0015413612127304077,-3.447021007537842,,,
2870,1.1818896988406777,0.14277672593609805,0.009194067679345608,0.001461651991121471,-3.4470136165618896,,,
2871,1.1679606810212135,0.13489171725493843,-0.00858618225902319,0.0015907222405076027,-3.4558677673339844,,,
2872,1.2159619443118572,0.1689000994226783,0.04852210357785225,0.0015436728717759252,-3.4557108879089355,,,
2873,1.1812994061037898,0.13362307195205902,0.02395055443048477,0.0018234977032989264,-3.4509294033050537,,,
2874,1.1623103385791183,0.12629190092017123,0.008450901135802269,0.0016122168162837625,-3.4589827060699463,1.1731545282527804,0.26506363914284314,0.13583109660144072
2875,1.1499733151867986,0.11641488031949626,0.019482888281345367,0.0014769708504900336,-3.461212635040283,,,
2876,1.1944236429408193,0.15717218759357618,0.013543558306992054,0.0015041112201288342,-3.4578511714935303,,,
2877,1.147255432792008,0.1098294434594736,-0.005430157296359539,0.0015048763016238809,-3.456890344619751,,,
2878,1.2045638132840395,0.15839310337474122,0.03803027421236038,0.0013719082344323397,-3.4623942375183105,,,
2879,1.1705700745806098,0.1325249124491753,0.002893805969506502,0.0015790127217769623,-3.4617044925689697,,,
2880,1.2422412438318133,0.18787257599277676,0.023807507008314133,0.0015524730551987886,-3.4537506103515625,,,
2881,1.186031703837216,0.15349564579688163,0.011839735321700573,0.0016315678367391229,-3.44339919090271,,,
2882,1.1468377904966474,0.11155422995959063,0.024919509887695312,0.0016733662923797965,-3.4494519233703613,,,
2883,1.2134650740772486,0.17052554963371197,0.005394237115979195,0.001319712377153337,-3.4517457485198975,,,
2884,1.2151878187432885,0.16064157225209127,-0.0006910637021064758,0.0016990526346489787,-3.4589040279388428,,,
2885,1.1728686280548573,0.13749701116719906,0.0068113235756754875,0.001425344729796052,-3.4651830196380615,,,
2886,1.1790064442902803,0.14492137713520914,0.013220572844147682,0.0016083152731880546,-3.467097759246826,,,
2887,1.15307127404958,0.11482727781203954,0.04076644405722618,0.0016667860327288508,-3.4709761142730713,,,
2888,1.124934259802103,0.08794071593329866,0.014950606971979141,0.0016807981301099062,-3.473083734512329,,,
2889,1.1909542065113783,0.15222265197708865,0.032880526036024094,0.0014936176594346762,-3.473376989364624,,,
2890,1.1915542213246226,0.14448704972999687,0.029114987701177597,0.0015943917678669095,-3.478973627090454,,,
2891,1.1930664172396064,0.15602682371867171,0.028284626081585884,0.0015833734069019556,-3.48197340965271,,,
2892,1.2443476719781756,0.1890482844265421,0.017317619174718857,0.0016742453444749117,-3.4837076663970947,,,
2893,1.1895048301666975,0.1487909377643065,-0.0041540851816535,0.0014510737964883447,-3.4895784854888916,,,
2894,1.2083218805491924,0.16680878260336934,0.03485133498907089,0.0016719488194212317,-3.4928243160247803,,,
2895,1.1770285544916987,0.13155347097600234,0.0215858593583107,0.001584953861311078,-3.495903491973877,,,
2896,1.2111293263733387,0.16219769935708814,-0.018981795758008957,0.0016326175536960363,-3.505225658416748,,,
2897,1.1385367382317781,0.10934139488377827,0.029840871691703796,0.001702130539342761,-3.5119550228118896,,,
2898,1.2087226063013077,0.16360901210645334,0.006764255464076996,0.0014965704176574945,-3.5155062675476074,,,
2899,1.1908779349178076,0.14657517326680575,0.005947613622993231,0.0015624506631866097,-3.5174484252929688,1.1720043141394854,0.2631935144333457,0.1351527898320356
2900,1.1616125060245395,0.11850919522326873,0.027405329048633575,0.0014329273253679276,-3.518158197402954,,,
2901,1.1755454763770103,0.1412515443410785,0.02527773380279541,0.001525241183117032,-3.523749828338623,,,
2902,1.1807067804038525,0.13906268549646994,-0.027543744072318077,0.0014959891559556127,-3.5293195247650146,,,
2903,1.1960272239521146,0.15687376437750586,0.04544511437416077,0.0014959807740524411,-3.530150890350342,,,
2904,1.2030491922050714,0.1579264190959062,0.017576634883880615,0.0015758061781525612,-3.537006139755249,,,
2905,1.1377593595534563,0.10757290864908131,0.006210142280906439,0.0016605303389951587,-3.5436291694641113,,,
2906,1.1556795071810484,0.1262033311758457,0.03405926749110222,0.001483818283304572,-3.542316198348999,,,
2907,1.194135264493525,0.15561475441236114,0.023885659873485565,0.0014136979589238763,-3.533154010772705,,,
2908,1.1847068518400192,0.13962725851625585,0.019661013036966324,0.0015724897384643555,-3.5247113704681396,,,
2909,1.1336538214236498,0.10145929786876243,-0.050458915531635284,0.0015506240306422114,-3.5165021419525146,,,
2910,1.1462930524721742,0.11647018552567347,-0.0011960892006754875,0.0014633557293564081,-3.527099609375,,,
2911,1.2138177203014493,0.16502102884753475,0.01822180487215519,0.0015711451414972544,-3.5268266201019287,,,
2912,1.20818826649338,0.15530801253525567,0.021144596859812737,0.0016369662480428815,-3.528308868408203,,,
2913,1.1624698005616665,0.13199447547278698,-0.015638982877135277,0.0014812768204137683,-3.5289151668548584,,,
2914,1.1849977662786841,0.14295369418390313,0.026670245453715324,0.0014869922306388617,-3.527622699737549,,,
2915,1.1594315571710467,0.12224009248630226,0.04572935774922371,0.0015301069943234324,-3.5260355472564697,,,
2916,1.2168505638837814,0.17287821634545295,0.022363955155014992,0.0016918943729251623,-3.523689031600952,,,
2917,1.1625399561598897,0.12672964366848566,0.018241239711642265,0.0015510116936638951,-3.5220494270324707,,,
2918,1.161614801734686,0.13024690586952797,-0.014189996756613255,0.0015335956122726202,-3.5293900966644287,,,
2919,1.151025994680822,0.12543761933404463,-0.024290449917316437,0.0015301669482141733,-3.535728931427002,,,
2920,1.2368663642555475,0.18254404713370634,0.044717248529195786,0.001399995177052915,-3.5428502559661865,,,
2921,1.2151996241882443,0.17159851231477213,-0.006069273687899113,0.0013702698051929474,-3.5507166385650635,,,
2922,1.2271477906033397,0.1780804831730581,0.043108273297548294,0.0014786728424951434,-3.547851085662842,,,
2923,1.2154447892680764,0.17447074907407045,0.030626095831394196,0.001527511398307979,-3.54551100730896,,,
2924,1.1884697685018182,0.1408189736299243,-0.0057166507467627525,0.0014069081516936421,-3.5487446784973145,1.16969411727041,0.25737663974751696,0.13407481813586528
2925,1.1793199703097343,0.14806539018681736,0.017218826338648796,0.0013960505602881312,-3.5589563846588135,,,
2926,1.1133255753666162,0.08356775067739824,-0.014975792728364468,0.0015669700223952532,-3.568046808242798,,,
2927,1.1818155022338033,0.1427609340053991,0.014638914726674557,0.0013988727005198598,-3.569408893585205,,,
2928,1.1335675278678536,0.10204380611530864,-0.01191297359764576,0.0015671936562284827,-3.5741426944732666,,,
2929,1.1825327221304178,0.13936104148213546,0.0293410811573267,0.0015388814499601722,-3.572288751602173,,,
2930,1.230050703510642,0.18658160002477045,-0.013613642193377018,0.001551095163449645,-3.573920726776123,,,
2931,1.204518435522914,0.15840934517624747,0.027442988008260727,0.0015440579736605287,-3.565917730331421,,,
2932,1.2345955111086369,0.170694090493912,0.043781083077192307,0.0017099378164857626,-3.5586931705474854,,,
2933,1.203705606982112,0.1611624671664636,0.0056199864484369755,0.0014213474933058023,-3.5541458129882812,,,
2934,1.1594325629994273,0.12369420556539747,0.054325543344020844,0.0014294481370598078,-3.5448341369628906,,,
2935,1.1336390916258097,0.10510495506789527,0.011956984177231789,0.0014358615735545754,-3.5515291690826416,,,
2936,1.1651445925235748,0.12334835621840251,0.07984699308872223,0.0016183025436475873,-3.556689739227295,,,
2937,1.1465188385918736,0.1154336814418221,-0.022599462419748306,0.001506134169176221,-3.5490798950195312,,,
2938,1.2064923392608762,0.16761669616855046,0.0072554610669612885,0.0015195925952866673,-3.5538668632507324,,,
2939,1.1681804778054357,0.1387503185529302,-0.021766360849142075,0.0013459374895319343,-3.5559346675872803,,,
2940,1.1771766757592559,0.1384427854941578,-0.008478918112814426,0.0014570098137483,-3.5596814155578613,,,
2941,1.1813308745622635,0.14402746058974641,-0.0017924495041370392,0.0014519143151119351,-3.5706520080566406,,,
2942,1.1963849123567343,0.15776647584695752,0.04041799530386925,0.0014458100777119398,-3.572364330291748,,,
2943,1.1774984570220113,0.14020435214593996,0.04243426397442818,0.0015062139136716723,-3.571117877960205,,,
2944,1.097230956889689,0.07296677284587694,-0.004175362177193165,0.0016044657677412033,-3.563811779022217,,,
2945,1.1940046846866608,0.1588582818141136,0.032427407801151276,0.001273519010283053,-3.5654866695404053,,,
2946,1.2215520851314068,0.16728732533065882,0.009955205954611301,0.0013951801229268312,-3.573192596435547,,,
2947,1.1613614363595843,0.12702925192208572,-0.012044954113662243,0.0016133466269820929,-3.5736048221588135,,,
2948,1.1564264623448253,0.11980100897689017,0.037666402757167816,0.0013782307505607605,-3.5731470584869385,,,
2949,1.1881396900862455,0.1398444803012533,0.021246299147605896,0.0015188442775979638,-3.571277379989624,1.1702286433428526,0.2596931680779485,0.13433740968517205
2950,1.1070262156426907,0.07576124431754916,0.019015565514564514,0.00161828869022429,-3.5725862979888916,,,
2951,1.1980666192248464,0.14668531078257227,0.03338046744465828,0.0014894113410264254,-3.572577953338623,,,
2952,1.1274959221482277,0.0909985029629394,-0.007510533556342125,0.0016893872525542974,-3.572638988494873,,,
2953,1.1380708757787943,0.11117621807399232,-0.03816419839859009,0.0015756607754155993,-3.573791980743408,,,
2954,1.1352900108322501,0.10147333027620864,0.013689044862985611,0.0017770214471966028,-3.5782971382141113,,,
2955,1.1460444750264287,0.11891134952421756,0.003350726794451475,0.0016113983001559973,-3.5845110416412354,,,
2956,1.1338280076161027,0.10767300178729422,0.019056914374232292,0.001375428750179708,-3.5874483585357666,,,
2957,1.1916501680389047,0.14992072948312468,-0.012655978091061115,0.0014381927903741598,-3.589435338973999,,,
2958,1.2021753955632448,0.15607922817961012,0.04936004430055618,0.0013203242560848594,-3.5849153995513916,,,
2959,1.1504376977682114,0.1185806426968811,0.0025434261187911034,0.0016054396983236074,-3.5859375,,,
2960,1.1379532376304269,0.11075268601480956,6.089918315410614e-06,0.0015477057313546538,-3.6033663749694824,,,
2961,1.1550153763964772,0.12440426226950724,0.013158410787582397,0.0013961840886622667,-3.608635425567627,,,
2962,1.1873766239732504,0.14863600174755395,0.014843497425317764,0.0014694556593894958,-3.6091692447662354,,,
2963,1.1750562936067581,0.13391435755363407,0.023449372500181198,0.0013432978885248303,-3.6118245124816895,,,
2964,1.1994628608226776,0.15479774695697762,-0.00739907193928957,0.0014802683144807816,-3.622375011444092,,,
2965,1.1885423138737679,0.151603415568287,0.003955521620810032,0.0017001418163999915,-3.6237642765045166,,,
2966,1.136211751960218,0.11409774108800164,0.012915533035993576,0.0013003640342503786,-3.6195836067199707,,,
2967,1.128591318614781,0.10272443484883814,0.03657737374305725,0.001226395252160728,-3.616729497909546,,,
2968,1.2004654044285417,0.15329932505648447,0.001010274514555931,0.0013149945298209786,-3.6199839115142822,,,
2969,1.2115745805203915,0.16226622177258263,-0.022241739556193352,0.0015838512917980552,-3.624946355819702,,,
2970,1.1835472667589784,0.14618822204572735,0.014419049955904484,0.0015638452023267746,-3.633338451385498,,,
2971,1.2155838813632727,0.17440691423567894,0.020500486716628075,0.0014830778818577528,-3.6307871341705322,,,
2972,1.1232556262984872,0.09731880310186897,0.027342278510332108,0.0012679907958954573,-3.6301121711730957,,,
2973,1.2010039472952485,0.15453724011199677,0.008395694196224213,0.0014612467493861914,-3.624786615371704,,,
2974,1.160752703435719,0.12916708496467033,-0.023620594292879105,0.0012838385300710797,-3.630676746368408,1.170798258855939,0.2615656223821585,0.1346777002413266
2975,1.2380928620696068,0.17810325729857787,-0.027862366288900375,0.001588959596119821,-3.6329007148742676,,,
2976,1.153507886454463,0.11181916951309488,0.003941837232559919,0.001601009746082127,-3.637726306915283,,,
2977,1.211699614301324,0.16285930729835624,0.039593104273080826,0.001551521592773497,-3.6446797847747803,,,
2978,1.20989640802145,0.16888511365731107,0.00248638354241848,0.0013691900530830026,-3.6454050540924072,,,
2979,1.146627270616591,0.10490091184294739,0.013867976143956184,0.0015538459410890937,-3.648162364959717,,,
2980,1.1692731324583292,0.12845076266878558,-0.012956894934177399,0.0016558513743802905,-3.651573657989502,,,
2981,1.1652002967894077,0.1299278386659307,-0.023340031504631042,0.0015953328693285584,-3.6504628658294678,,,
2982,1.1600775383412838,0.12533081904748444,-0.006360497325658798,0.001468050293624401,-3.653618097305298,,,
2983,1.150375410914421,0.11986713820694644,-0.002361755818128586,0.0015252226730808616,-3.6503336429595947,,,
2984,1.2001579878851771,0.1547130418044499,0.031004730612039566,0.0013047218089923263,-3.651989221572876,,,
2985,1.1624147705733776,0.1239466098739648,-0.003528488799929619,0.00173076125793159,-3.6545870304107666,,,
2986,1.2082919357344508,0.16126078732250954,0.014868855476379395,0.001488548587076366,-3.6670682430267334,,,
2987,1.2036703280173242,0.1491679940709702,0.06595102697610855,0.0018336576176807284,-3.6698572635650635,,,
2988,1.2133721923455596,0.17531639484458872,0.0282105915248394,0.0015308036236092448,-3.674190044403076,,,
2989,1.2011448247358203,0.15666919990362252,-0.049564335495233536,0.001804401515983045,-3.6777117252349854,,,
2990,1.1148648578673601,0.09282122785063598,0.0487227737903595,0.001489694812335074,-3.6809773445129395,,,
2991,1.1833579298108816,0.1408854632179849,0.03572457283735275,0.001396376988850534,-3.6858296394348145,,,
2992,1.203489599749446,0.16193449246749964,0.024876169860363007,0.001557247363962233,-3.692162036895752,,,
2993,1.1839832561090589,0.13915313597464374,-0.020080137997865677,0.001712130382657051,-3.6904642581939697,,,
2994,1.224425264634192,0.18044088186274593,0.03162302076816559,0.0014338846085593104,-3.692889928817749,,,
2995,1.1577480705454946,0.12954150539686474,-0.026164745911955833,0.0014565617311745882,-3.697571039199829,,,
2996,1.1295817140489817,0.10454898122273089,0.02461353689432144,0.0013402823824435472,-3.697960138320923,,,
2997,1.1523671876639128,0.10921808080976422,0.0186203233897686,0.0014970236225053668,-3.699852228164673,,,
2998,1.2177794398739934,0.1655133772855139,0.014641355723142624,0.0016685228329151869,-3.7106516361236572,,,
2999,1.1978391204029322,0.15796835302697354,0.006923287641257048,0.0013891849666833878,-3.705852746963501,1.169909822754562,0.2614735251329586,0.13397108184908313
3000,1.1610628608614206,0.12492308911829195,0.030500683933496475,0.0015369129832834005,-3.705394983291626,,,
3001,1.1610241578891873,0.1324596603833502,-0.005169590003788471,0.0015240644570440054,-3.707599639892578,,,
3002,1.1750027099624276,0.13643200924974527,0.02531779557466507,0.0015481067821383476,-3.710808277130127,,,
3003,1.1993736205622554,0.1490951720571404,0.021226968616247177,0.00157188531011343,-3.71244478225708,,,
3004,1.1766048492863774,0.14342872333563927,-0.01786809042096138,0.001352003077045083,-3.7105519771575928,,,
3005,1.1896701222285628,0.1542196269311673,0.03268662095069885,0.001439378596842289,-3.7093920707702637,,,
3006,1.188114677555859,0.13895333984940061,0.0039412518963217735,0.0015553567791357636,-3.714320659637451,,,
3007,1.0993619160726666,0.08089399006326167,-0.012718615122139454,0.001578187569975853,-3.711479663848877,,,
3008,1.175910777412355,0.1401969756227705,0.02871530130505562,0.0013666795566678047,-3.7087595462799072,,,
3009,1.1791170313954353,0.13969475343129026,0.02431517466902733,0.001551261404529214,-3.708442211151123,,,
3010,1.1945083178579807,0.157439194494856,0.005864513572305441,0.0015703196404501796,-3.712798833847046,,,
3011,1.1364024756476283,0.1092054142566837,0.009169206023216248,0.0012698490172624588,-3.7126009464263916,,,
3012,1.227862136438489,0.182456113205762,0.02022659406065941,0.0014017040375620127,-3.7120165824890137,,,
3013,1.120742004364729,0.09160785452357927,0.001514233648777008,0.001446474576368928,-3.7136340141296387,,,
3014,1.2054015696048737,0.1465762445658003,0.03980698063969612,0.0015156340086832643,-3.7086329460144043,,,
3015,1.1444302313029766,0.110718525838575,0.05621177703142166,0.0015377580421045423,-3.707484722137451,,,
3016,1.1999821057543159,0.1517905309033851,0.026359327137470245,0.0014730017865076661,-3.7072713375091553,,,
3017,1.1666653472930193,0.1365274499224205,0.015582434833049774,0.0016070747515186667,-3.7189183235168457,,,
3018,1.1933316821232438,0.15682573116664217,0.04066834971308708,0.001459954073652625,-3.7232813835144043,,,
3019,1.1297798044979572,0.09497833057755967,0.01765911839902401,0.0014400770887732506,-3.7270314693450928,,,
3020,1.1199040226638317,0.0962467831846733,0.02446211874485016,0.001506567932665348,-3.7293665409088135,,,
3021,1.1704871961846948,0.13298225816773326,0.0035299938172101974,0.0016463667852804065,-3.7329020500183105,,,
3022,1.1558419270440936,0.1217989017832389,0.011804020963609219,0.0013121087104082108,-3.737048864364624,,,
3023,1.2167621301487088,0.18228349709167044,-0.0049301208928227425,0.0012833083746954799,-3.737122058868408,,,
3024,1.1721321735531092,0.133551624369676,0.030589774250984192,0.0012432050425559282,-3.7442660331726074,1.170000965707004,0.2607047759420731,0.13408551204876462
3025,1.183481221087277,0.1452521946339109,0.034241851419210434,0.0013571878662332892,-3.7471425533294678,,,
3026,1.223397770896554,0.16797084330797502,0.02652345597743988,0.0015651221619918942,-3.7503161430358887,,,
3027,1.1873295912519097,0.14508360010737936,0.012523331679403782,0.0014738348545506597,-3.7498087882995605,,,
3028,1.1452876972034574,0.11561630005270486,0.018533527851104736,0.0014832729939371347,-3.7585179805755615,,,
3029,1.1878714906051755,0.14908962007478305,0.023562155663967133,0.0015323824482038617,-3.762809991836548,,,
3030,1.1596049601212144,0.12198254953868361,0.01094974298030138,0.001473960350267589,-3.7644155025482178,,,
3031,1.1550512900575995,0.12312925999273261,0.01946486160159111,0.0015233150916174054,-3.7595596313476562,,,
3032,1.1548845190554857,0.11160479458382028,-0.013893571682274342,0.001624026452191174,-3.764125347137451,,,
3033,1.1924543408676982,0.15389466998664594,-0.018914444372057915,0.001512650167569518,-3.762427806854248,,,
3034,1.203938671387732,0.15643816427761226,0.07014661282300949,0.0016747905174270272,-3.759876251220703,,,
3035,1.2513641817495227,0.20029756605372553,-0.022443635389208794,0.0017040007514879107,-3.7562332153320312,,,
3036,1.1537450915202498,0.12249656548408196,0.023960217833518982,0.0015392673667520285,-3.7594988346099854,,,
3037,1.1391585124656558,0.10200775591793033,0.029774624854326248,0.0014049485325813293,-3.7613565921783447,,,
3038,1.198293412104249,0.16596386003210772,0.030086373910307884,0.0013884510844945908,-3.7529101371765137,,,
3039,1.2155300425365567,0.16903280835622736,-0.000760834664106369,0.0015155269065871835,-3.7505078315734863,,,
3040,1.1828394019976258,0.13168987478632033,0.04585148021578789,0.0015647344989702106,-3.751769781112671,,,
3041,1.1795432344079018,0.1415474851610809,0.027043988928198814,0.001627654186449945,-3.761333703994751,,,
3042,1.161611806601286,0.12725945037588782,0.0374777652323246,0.0013398557202890515,-3.7689285278320312,,,
3043,1.1887509152293205,0.15056526246211566,0.027553793042898178,0.0015897712437435985,-3.776890277862549,,,
3044,1.1208927920088172,0.0937610610423136,0.023184403777122498,0.0014192120870575309,-3.7895162105560303,,,
3045,1.2056126287207007,0.16364302391463548,0.010269839316606522,0.0015871834475547075,-3.787177562713623,,,
3046,1.1476628426462412,0.10810644090265775,0.018120715394616127,0.0014103602152317762,-3.784599542617798,,,
3047,1.1270063696429133,0.09850850311097528,0.00602837186306715,0.0015830954071134329,-3.7917401790618896,,,
3048,1.1347622275352478,0.10308250688275729,0.021631229668855667,0.0014455480268225074,-3.7920613288879395,,,
3049,1.0897663962095976,0.06293457512924339,-0.010857157409191132,0.001536727068014443,-3.7950551509857178,1.1717489622533321,0.2646961658888356,0.13498695759290114
3050,1.1678162263706326,0.14068224293738585,-0.016854582354426384,0.0013412671396508813,-3.800083637237549,,,
3051,1.1851472239941359,0.15134785956014152,-0.009778663516044617,0.0012426626635715365,-3.801940679550171,,,
3052,1.1326428968459368,0.09568153797711026,0.038902685046195984,0.0015126762446016073,-3.802826404571533,,,
3053,1.140783753246069,0.10794620680184946,0.011217965744435787,0.0014497750671580434,-3.8018224239349365,,,
3054,1.1813774956390262,0.1485665645486634,0.006711484864354134,0.0014308757381513715,-3.805126667022705,,,
3055,1.1485449653118849,0.11550661657623965,0.037663236260414124,0.001669573481194675,-3.8028945922851562,,,
3056,1.2028979193419218,0.160270301316873,0.04090411216020584,0.0012121780309826136,-3.8058359622955322,,,
3057,1.1724444348365068,0.1267951686459444,0.052441347390413284,0.0014758817851543427,-3.8053319454193115,,,
3058,1.1386716272681952,0.10857125784209828,0.06287716329097748,0.0014800134813413024,-3.8042521476745605,,,
3059,1.1964392522349954,0.15421892336344817,-0.005562982521951199,0.0014811715809628367,-3.80517578125,,,
3060,1.1556472014635801,0.11806602268119909,0.015787892043590546,0.001671162317506969,-3.807316303253174,,,
3061,1.2127025742083788,0.16893038315552442,0.06742605566978455,0.001625162665732205,-3.79793119430542,,,
3062,1.1622771974653006,0.12529464588272632,0.0393461212515831,0.0016762159066274762,-3.8078196048736572,,,
3063,1.1916751461103559,0.1493800631028286,-0.005351916886866093,0.0014872289029881358,-3.814891815185547,,,
3064,1.1413878565654159,0.10901839383761362,0.0028419755399227142,0.0015300841769203544,-3.8134424686431885,,,
3065,1.1776629406958818,0.13804958230419354,0.009961310774087906,0.0015922504244372249,-3.816436529159546,,,
3066,1.2366909515112638,0.18531840793863258,0.004186972975730896,0.0016481149941682816,-3.821693181991577,,,
3067,1.209490453824401,0.16105980781024315,0.03484921157360077,0.0016904951771721244,-3.8251612186431885,,,
3068,1.1232200413942337,0.09545135958175714,-0.009905071929097176,0.0014818015042692423,-3.8228108882904053,,,
3069,1.173502303659916,0.1427814080958275,0.03143491595983505,0.0013139506336301565,-3.822479009628296,,,
3070,1.191338594071567,0.1503272161871067,0.011742143891751766,0.0014337257016450167,-3.824047565460205,,,
3071,1.1252060066908598,0.09602211985979336,0.027892913669347763,0.0014142144937068224,-3.8183400630950928,,,
3072,1.171778241172433,0.13050571131692051,0.03483635559678078,0.0015584228094667196,-3.8138089179992676,,,
3073,1.2173261968418956,0.16887219838166073,3.1616538763046265e-05,0.0015799043467268348,-3.815497875213623,,,
3074,1.1872098539024591,0.1481064223883415,0.02080095186829567,0.001638137619011104,-3.8140530586242676,1.1714565055444837,0.26416222660512334,0.13483581752080687
3075,1.1622260613366961,0.1188634451252609,0.029674790799617767,0.0014865485718473792,-3.815819263458252,,,
3076,1.1559359449893236,0.12170434974627879,0.03853245824575424,0.0015388273168355227,-3.819701910018921,,,
3077,1.190209005959332,0.14898284974139497,0.006645882967859507,0.0016694345977157354,-3.8191068172454834,,,
3078,1.2213011672720313,0.17619380580577917,0.02030230313539505,0.0015552324475720525,-3.815131902694702,,,
3079,1.1775358421728015,0.1396238903349915,0.04884209483861923,0.0014420419465750456,-3.8261682987213135,,,
3080,1.216536832973361,0.17044235412864586,0.012835981324315071,0.0015566257061436772,-3.8323328495025635,,,
3081,1.1531824404373765,0.12348318578953077,0.031379587948322296,0.001504699350334704,-3.827483654022217,,,
3082,1.211230419576168,0.16397938667037015,0.00921613909304142,0.0014231199165806174,-3.8335185050964355,,,
3083,1.1812379024922848,0.14201715903345724,0.053321629762649536,0.0015469723148271441,-3.8334121704101562,,,
3084,1.1366419801488519,0.10312507992526383,-0.004656195640563965,0.0013906939420849085,-3.8343698978424072,,,
3085,1.2817855160683393,0.23356474318076811,0.02707439661026001,0.0013173145707696676,-3.829620599746704,,,
3086,1.2261340012773871,0.1644699206330575,-0.007179846055805683,0.0015982122858986259,-3.821803569793701,,,
3087,1.1662692772224545,0.13191564714848636,0.010556288994848728,0.0015162636991590261,-3.8193013668060303,,,
3088,1.1793395532295108,0.13914307908825227,-0.001385512761771679,0.0015048871282488108,-3.8110156059265137,,,
3089,1.2365674236789346,0.18773066638729563,0.022674478590488434,0.001742712571285665,-3.8159751892089844,,,
3090,1.1892011435702443,0.14919743125803703,0.01676020957529545,0.0014384603127837181,-3.820152759552002,,,
3091,1.1732201566919684,0.13217353825469866,0.02364991046488285,0.001593229128047824,-3.8361475467681885,,,
3092,1.1702635865658522,0.12773598149409338,-0.02470911666750908,0.0015556738944724202,-3.8347134590148926,,,
3093,1.219450737349689,0.1691417931328435,0.05613930523395538,0.0017313723219558597,-3.836650848388672,,,
3094,1.141430095769465,0.10884072731609595,-0.0024463413283228874,0.0014328855322673917,-3.838627338409424,,,
3095,1.24609150364995,0.19634046672791922,-0.018176520243287086,0.0015697276685386896,-3.8388326168060303,,,
3096,1.299730367027223,0.2383337453766477,-0.019635021686553955,0.0016684307483956218,-3.8430941104888916,,,
3097,1.1544788731262088,0.11998316889413553,0.012482339516282082,0.0017712174449115992,-3.8447070121765137,,,
3098,1.244391106069088,0.1949057604154948,-0.0073232147842645645,0.0015675441827625036,-3.847374200820923,,,
3099,1.1667480543255806,0.13231606125191703,0.002777600660920143,0.001355486805550754,-3.840118169784546,1.1722999578341842,0.2661900135718976,0.13514031618216193
3100,1.169459075666964,0.13605023964744253,-0.026146315038204193,0.001459200051613152,-3.8498072624206543,,,
3101,1.1882208427414298,0.14973470217141155,-0.003977122716605663,0.001573998830281198,-3.851043701171875,,,
3102,1.1577734975144267,0.12697723256125093,0.01888861134648323,0.0014593199593946338,-3.857445240020752,,,
3103,1.1725447122007608,0.133918926537964,-0.024358360096812248,0.0015067236963659525,-3.8594746589660645,,,
3104,1.1769788460806012,0.1373608267854681,0.019136931747198105,0.0015835799276828766,-3.8552403450012207,,,
3105,1.1982887163758278,0.15119077028560587,0.014350591227412224,0.0015272194286808372,-3.863556146621704,,,
3106,1.2286718497052789,0.18338564616865335,0.015010125935077667,0.0014678540173918009,-3.871650457382202,,,
3107,1.1398846618831158,0.11146419540707339,0.003767351619899273,0.0014848113059997559,-3.8798718452453613,,,
3108,1.124820082448423,0.100768978673651,0.007627772632986307,0.001385745476000011,-3.886085271835327,,,
3109,1.1635957164689898,0.12979419834065714,-0.01347179152071476,0.0014124017907306552,-3.8912127017974854,,,
3110,1.2148742750287056,0.1646665927478727,0.026523219421505928,0.001452539348974824,-3.901374578475952,,,
3111,1.2240369589999318,0.1743985333126642,-0.009793179109692574,0.0014062178088352084,-3.9065890312194824,,,
3112,1.2318561356514692,0.17927410941248859,-0.018721595406532288,0.001447967137210071,-3.9166300296783447,,,
3113,1.1585200233384967,0.12502506592415266,-0.003401842899620533,0.0014272130792960525,-3.9227330684661865,,,
3114,1.191868195310235,0.15122519460158795,0.030097555369138718,0.001582677592523396,-3.9197545051574707,,,
3115,1.182274702936411,0.13396593829082026,0.03580654039978981,0.0017054412746801972,-3.919250965118408,,,
3116,1.1694169472903013,0.13445068603282095,0.05138466879725456,0.0015724643599241972,-3.919829845428467,,,
3117,1.1853058682754636,0.14682200649112676,-0.014198134653270245,0.0015179410111159086,-3.92460298538208,,,
3118,1.2112270835787058,0.17096239090039164,-0.02939460799098015,0.0014376228209584951,-3.932548999786377,,,
3119,1.196345305070281,0.15220344448828782,0.03231222927570343,0.0015238545602187514,-3.934234857559204,,,
3120,1.2168473349884152,0.16803353175574842,-0.0018220795318484306,0.0016081059584394097,-3.931908130645752,,,
3121,1.192120023071766,0.1509410901799434,0.004463190212845802,0.0016633031191304326,-3.934406042098999,,,
3122,1.1727403346449137,0.13951766530401535,0.022790543735027313,0.001377855776809156,-3.937415599822998,,,
3123,1.1494837114587426,0.11803019055652157,0.006944441702216864,0.0014533858047798276,-3.9440112113952637,,,
3124,1.131597331725061,0.0998599238583337,0.02924298495054245,0.0014425499830394983,-3.9559483528137207,1.1733576729893684,0.2666502518671518,0.13590694837648012
3125,1.1765501331537962,0.13703495028459972,0.006843433249741793,0.0016318095149472356,-3.9655797481536865,,,
3126,1.145021335221827,0.11705165434114825,0.05787033215165138,0.001552098081447184,-3.9802777767181396,,,
3127,1.1728550791740417,0.13643404323953678,-0.031068459153175354,0.0015708188293501735,-3.9765052795410156,,,
3128,1.2000591503456235,0.1576997699574091,0.02735821343958378,0.0015174143481999636,-3.971283197402954,,,
3129,1.1846339786425233,0.14445342040738907,-0.03256893530488014,0.0016159947263076901,-3.965369939804077,,,
3130,1.2095630280673504,0.1709640063161165,0.061559587717056274,0.0014184060273692012,-3.9679105281829834,,,
3131,1.149870322085917,0.11456730305385142,0.014039394445717335,0.0014007630525156856,-3.9703526496887207,,,
3132,1.1583228250965476,0.12277907285987567,0.025744404643774033,0.001487069413997233,-3.9704744815826416,,,
3133,1.1852405685931444,0.14566087939020886,0.005364071112126112,0.001543695922009647,-3.964409112930298,,,
3134,1.189733374863863,0.15328206276040732,0.008791247382760048,0.0014083554269745946,-3.9711875915527344,,,
3135,1.1601988840848207,0.12582507526320486,0.02606278657913208,0.001550072687678039,-3.9702188968658447,,,
3136,1.1440649833530188,0.11964075852219083,0.02000228315591812,0.0013687623431906104,-3.963940143585205,,,
3137,1.2072812542319298,0.1614992640485134,0.010234346613287926,0.0014518288662657142,-3.9720609188079834,,,
3138,1.185032988898456,0.15028269393978338,0.02770080789923668,0.001408349140547216,-3.9757611751556396,,,
3139,1.1377683514729142,0.112060176006747,0.01885363832116127,0.0014673399273306131,-3.978996515274048,,,
3140,1.1709370613098145,0.13877930651146517,0.013749943114817142,0.00140550103969872,-3.9851841926574707,,,
3141,1.1830737199634314,0.14825520693484373,0.004003412090241909,0.001446479931473732,-3.9930150508880615,,,
3142,1.2048373520374298,0.16389573416518197,0.004112944006919861,0.001343506621196866,-3.9922902584075928,,,
3143,1.2199207143858075,0.17472657025165536,-0.008156132884323597,0.001451480551622808,-4.002418041229248,,,
3144,1.1485619321465492,0.10649332857934748,0.021220557391643524,0.0016685149166733027,-4.005744457244873,,,
3145,1.1383610153570771,0.1044888654229809,0.01984228938817978,0.0017108892789110541,-4.00526762008667,,,
3146,1.202187574468553,0.15355448276141492,0.03683964163064957,0.001606046105735004,-4.010788440704346,,,
3147,1.1859912415966392,0.14786145372908133,0.04204751178622246,0.001448964118026197,-4.012435436248779,,,
3148,1.1919826874509454,0.15024046346974168,-0.031101714819669724,0.0016624565469101071,-4.013638019561768,,,
3149,1.1902776518836617,0.14462320839476475,0.04283986985683441,0.0016901021590456367,-4.012962818145752,1.1733465250581503,0.2662684996553815,0.13598094932132726
3150,1.2368195792660117,0.18399228565540265,0.00806349702179432,0.0016423166962340474,-4.014052867889404,,,
3151,1.140226879157126,0.10877250830531192,0.004720756318420172,0.0016197558725252748,-4.018017292022705,,,
3152,1.2132180631160736,0.17349364341862916,-0.021876677870750427,0.0014411380980163813,-4.030155658721924,,,
3153,1.2237155362963676,0.18147821088089763,0.007675664499402046,0.0014888105215504766,-4.02653169631958,,,
3154,1.1351872682571411,0.10621058783939777,0.033402733504772186,0.0015193274011835456,-4.028675556182861,,,
3155,1.2349419789388776,0.17315739402801933,0.015231935307383537,0.0014892161125317216,-4.028472423553467,,,
3156,1.208877457305789,0.16802263622087,0.03314661234617233,0.0014941991539672017,-4.026360034942627,,,
3157,1.1872995793819427,0.14934033294064358,-0.009821989573538303,0.0017222539754584432,-4.0302205085754395,,,
3158,1.2170252492651343,0.18203904846105617,0.0018915124237537384,0.001392871723510325,-4.034736156463623,,,
3159,1.2346763405948877,0.19270668649378597,0.04799458384513855,0.0014256618451327085,-4.041981220245361,,,
3160,1.2084467932581902,0.1660158527324547,-0.02835843525826931,0.0012551090912893414,-4.045695781707764,,,
3161,1.1830138377845287,0.1419315233353613,0.020579736679792404,0.0016141625819727778,-4.048400402069092,,,
3162,1.1786992214620113,0.14583326438681968,0.025021690875291824,0.0014364673988893628,-4.059574604034424,,,
3163,1.1657006368041039,0.1285259616785685,0.01481657288968563,0.0015030985232442617,-4.0643086433410645,,,
3164,1.1634879363700747,0.11787182268441435,0.03668154031038284,0.0015674133319407701,-4.0613322257995605,,,
3165,1.21315470431,0.16344372201707077,0.03183770552277565,0.0016048287507146597,-4.0614237785339355,,,
3166,1.170446889474988,0.1341080720968495,-0.01274067722260952,0.0017364146187901497,-4.065906047821045,,,
3167,1.150195261463523,0.11296245187374018,0.04956856742501259,0.0014780322089791298,-4.06644868850708,,,
3168,1.2428631549701095,0.19660775035639783,-0.019253164529800415,0.0014283308992162347,-4.070278644561768,,,
3169,1.1929597491398454,0.1495319744166102,0.05819309502840042,0.0016992968739941716,-4.078434467315674,,,
3170,1.228741449303925,0.18315267809815033,-0.007327231578528881,0.0014983585570007563,-4.07820463180542,,,
3171,1.1625513266772032,0.12432426715994661,0.06462062150239944,0.001456128666177392,-4.072013854980469,,,
3172,1.1754428083077073,0.133556723060455,0.047217145562171936,0.0015345363644883037,-4.0770649909973145,,,
3173,1.1620606146752834,0.13080154143130313,0.0055066361092031,0.0014830132713541389,-4.079124927520752,,,
3174,1.1653147581964731,0.12205307683275657,0.007601936347782612,0.001570938155055046,-4.073544025421143,1.1729449033737183,0.2680202053366259,0.13548699871119957
3175,1.1612325264140964,0.12458340736575758,0.06364573538303375,0.001612856169231236,-4.070045471191406,,,
3176,1.1953802108764648,0.14736253651233394,-0.0048875221982598305,0.0014260096941143274,-4.078734874725342,,,
3177,1.2714246110990644,0.21464107384009448,0.022940950468182564,0.0015513875987380743,-4.079620838165283,,,
3178,1.1370805688202381,0.10828669773229158,0.03294866904616356,0.0015908445930108428,-4.074265003204346,,,
3179,1.1219332655891776,0.09495065836505469,0.02306588739156723,0.0015665225218981504,-4.0791778564453125,,,
3180,1.146493947133422,0.11146112738348382,0.011071217246353626,0.0015245670219883323,-4.083724498748779,,,
3181,1.123730548657477,0.09075829384855008,0.044534750282764435,0.0015525587368756533,-4.083950519561768,,,
3182,1.2643967168405652,0.21317491187965137,0.024112114682793617,0.0013012976851314306,-4.086853504180908,,,
3183,1.2202443648129702,0.1810308852771369,0.05308457463979721,0.0013969644205644727,-4.092849254608154,,,
3184,1.177683006040752,0.14332756756957732,0.016813326627016068,0.0014904998242855072,-4.091270446777344,,,
3185,1.1739709516987205,0.12638424716285288,0.028896093368530273,0.001605749479494989,-4.081252574920654,,,
3186,1.1409855717793107,0.10808114349895327,0.01257243100553751,0.0014901524409651756,-4.078922748565674,,,
3187,1.2095921030268073,0.1649303395327344,-0.03097943216562271,0.0015765639254823327,-4.084834575653076,,,
3188,1.1782874064520001,0.14874272627352764,0.016436675563454628,0.0013963229721412063,-4.099735736846924,,,
3189,1.1653443053364754,0.12917946416309678,0.01443310547620058,0.0013557759812101722,-4.099464416503906,,,
3190,1.1908062538132071,0.14818457023255904,-0.0006705587729811668,0.0016324386233463883,-4.108008861541748,,,
3191,1.1750471321865916,0.13641379671705184,0.015227578580379486,0.0013831885298714042,-4.115901470184326,,,
3192,1.2314535016193986,0.17344245244767126,0.023762792348861694,0.0014637315180152655,-4.116688251495361,,,
3193,1.1693254373967648,0.1276975189919852,0.048032451421022415,0.0015209681587293744,-4.116729259490967,,,
3194,1.137531790882349,0.10118359200754208,-0.014111226424574852,0.0016567035345360637,-4.1190409660339355,,,
3195,1.1475056437775493,0.11544237109887674,0.02784523367881775,0.001665794407017529,-4.122710704803467,,,
3196,1.1974540036171675,0.16000727550516197,0.018405629321932793,0.0015657130861654878,-4.1251912117004395,,,
3197,1.18453648686409,0.14891600350139164,0.016417911276221275,0.0014762494247406721,-4.128116130828857,,,
3198,1.163938312791288,0.13153008800565874,-0.004118259064853191,0.0015081914607435465,-4.130115985870361,,,
3199,1.2152496855705976,0.1658180658839667,0.050699733197689056,0.0015851445496082306,-4.1339945793151855,1.174830473959446,0.27318451054958126,0.1363688071902896
3200,1.1607024567201734,0.11887796944475444,0.01731254905462265,0.0016493722796440125,-4.133438587188721,,,
3201,1.2161454446613789,0.17215040420129876,0.04419640079140663,0.0015926669584587216,-4.1325907707214355,,,
3202,1.1925517274066806,0.1455579828998258,0.0023782802745699883,0.0017067251028493047,-4.1358866691589355,,,
3203,1.2455501742661,0.18982491133186075,0.017669234424829483,0.0015656703617423773,-4.141293048858643,,,
3204,1.1680782213807106,0.13430420923682107,0.010979869402945042,0.0016824557678774,-4.146713733673096,,,
3205,1.1843247516080737,0.14615029666941887,0.028173282742500305,0.0013545278925448656,-4.1382222175598145,,,
3206,1.1684847744181752,0.13771654691495894,-0.0198274627327919,0.0013984203105792403,-4.124409198760986,,,
3207,1.1427594758570194,0.10850440032958422,0.031720176339149475,0.0016583142569288611,-4.1350178718566895,,,
3208,1.2126696407794952,0.17178784467260122,-0.008267884142696857,0.0013596077915281057,-4.1324615478515625,,,
3209,1.1454057190567255,0.11179381428162816,-0.022123586386442184,0.001555879833176732,-4.120288848876953,,,
3210,1.2205581162124872,0.1776662384973085,0.03267559036612511,0.0014732483541592956,-4.1171793937683105,,,
3211,1.1866578590124846,0.15008576447065244,0.010930047370493412,0.0013100866926833987,-4.119110584259033,,,
3212,1.1962430337443948,0.15045763005849466,0.047328829765319824,0.0015023240121081471,-4.1140360832214355,,,
3213,1.1938061565160751,0.158959962654107,0.016966992989182472,0.0015743348048999906,-4.1061177253723145,,,
3214,1.1698552407324314,0.1297687871444852,-0.03199183568358421,0.001423474051989615,-4.110363483428955,,,
3215,1.186428745277226,0.14709567135605825,0.0022931313142180443,0.0016066903481259942,-4.117805004119873,,,
3216,1.1510346736758947,0.11887451125741343,0.06391038745641708,0.0015315888449549675,-4.129734516143799,,,
3217,1.1585869416594505,0.12558105798134772,0.03932733088731766,0.0014204683247953653,-4.135066509246826,,,
3218,1.2245513340458274,0.17899158331471698,-0.0012217853218317032,0.0014326771488413215,-4.138427257537842,,,
3219,1.12831586971879,0.08939033457717643,0.057397738099098206,0.0016060880152508616,-4.142834186553955,,,
3220,1.19698148034513,0.14797699702224074,0.01478987280279398,0.001572008361108601,-4.144713878631592,,,
3221,1.2107560131698847,0.16740314544288168,-0.00636716652661562,0.0014086088631302118,-4.144111156463623,,,
3222,1.2083547469228506,0.16069032422926086,0.009194566868245602,0.0016310338396579027,-4.141464710235596,,,
3223,1.1703139692544937,0.13640096427057535,0.003833441063761711,0.001623057760298252,-4.149360179901123,,,
3224,1.1376344449818134,0.10578531746522278,-0.008657283149659634,0.0015363616403192282,-4.1538472175598145,1.1737368861213326,0.27153235772509365,0.13574126143976692
3225,1.1258430983871222,0.09640971819480057,-0.004348715767264366,0.001414029742591083,-4.164627552032471,,,
3226,1.2219196306541562,0.1717897739627678,-0.0055869994685053825,0.0015079720178619027,-4.170170307159424,,,
3227,1.1399528495967388,0.11506741976020271,0.018539749085903168,0.001515006646513939,-4.172847747802734,,,
3228,1.1964222956448793,0.15849558750848536,0.013467621989548206,0.001419863081537187,-4.173676013946533,,,
3229,1.2062289202585816,0.1639140076225868,0.0011621490120887756,0.0014971612254157662,-4.174994945526123,,,
3230,1.1398719688877463,0.11110098137739262,0.0026264432817697525,0.001671438105404377,-4.174473285675049,,,
3231,1.1395908752456307,0.10127900049327299,0.025852344930171967,0.001608010265044868,-4.1714324951171875,,,
3232,1.1319554345682263,0.09999175391509452,0.028871895745396614,0.0015129513340070844,-4.165520191192627,,,
3233,1.158729076385498,0.12365583680394059,0.037839390337467194,0.001640476519241929,-4.167778491973877,,,
3234,1.142151708714664,0.11825882038067027,-0.009762592613697052,0.0013729395577684045,-4.158371448516846,,,
3235,1.1722216056659818,0.13654213345394411,0.04925696924328804,0.0012659007916226983,-4.163261413574219,,,
3236,1.1280749598518014,0.09209266589165624,0.03744444623589516,0.0015482716262340546,-4.172271251678467,,,
3237,1.2102098353207111,0.16773439950192034,-0.002202944830060005,0.0015092773828655481,-4.174556255340576,,,
3238,1.256795353256166,0.20478202899509967,-0.0031016599386930466,0.0016175777418538928,-4.173180103302002,,,
3239,1.1833163322880864,0.14820223339283153,0.01913517527282238,0.0013968414859846234,-4.180756092071533,,,
3240,1.181506940163672,0.14180925905947905,-0.0016554491594433784,0.0013704029843211174,-4.191089153289795,,,
3241,1.1575867924839258,0.12130468321964234,0.012699519284069538,0.0014424911933019757,-4.191830158233643,,,
3242,1.2202271157875657,0.18014188636990536,0.028164934366941452,0.0015449412167072296,-4.193756580352783,,,
3243,1.1265066675841808,0.09053507807820979,0.02740933932363987,0.0015100972959771752,-4.196235179901123,,,
3244,1.1961447186768055,0.15816403590847397,0.023403925821185112,0.0015010939678177238,-4.203674793243408,,,
3245,1.2322538318112493,0.17917254050578632,-0.023737654089927673,0.0016058122273534536,-4.204475402832031,,,
3246,1.2155759679153562,0.17117381465285056,-0.004829411394894123,0.0017393233720213175,-4.205399036407471,,,
3247,1.1620703907683492,0.12690406163941562,0.06856150180101395,0.0014814138412475586,-4.208327770233154,,,
3248,1.1708727050572634,0.1346429899993289,0.027192313224077225,0.0015753359766677022,-4.2045745849609375,,,
3249,1.1554742399603128,0.12186331070278139,0.01549653708934784,0.0015225379029288888,-4.196925640106201,1.1749630253762007,0.2740046741312458,0.13635457635010564
3250,1.1326493825763464,0.09837618979730849,0.02560676634311676,0.0015486609190702438,-4.1983256340026855,,,
3251,1.160140491090715,0.1328992971009562,0.01635720580816269,0.001359019661322236,-4.203090667724609,,,
3252,1.1682187793776393,0.1344885403149056,0.02770237997174263,0.0014652905520051718,-4.204948902130127,,,
3253,1.1725617861375213,0.1375964105021902,0.03214123845100403,0.0015972658293321729,-4.206791400909424,,,
3254,1.196066920645535,0.15867396206614118,0.0183579009026289,0.0014224773040041327,-4.2157673835754395,,,
3255,1.1567276306450367,0.11997562929082675,0.0158050786703825,0.0016178624937310815,-4.215545654296875,,,
3256,1.25288303848356,0.19909600782170947,0.02319744974374771,0.0013899904442951083,-4.204375743865967,,,
3257,1.217645867727697,0.1679158067299904,0.011785214766860008,0.0015812517376616597,-4.200549602508545,,,
3258,1.217198939062655,0.16716909411857808,0.007286574225872755,0.0014519914984703064,-4.198840618133545,,,
3259,1.1560827372595668,0.12122925096713491,-0.017456740140914917,0.0015515309059992433,-4.202591419219971,,,
3260,1.2199952956289053,0.1718736863379729,0.0067852153442800045,0.0015672181034460664,-4.203105449676514,,,
3261,1.1536976685747504,0.1257072280758805,0.00919524859637022,0.0015111947432160378,-4.203719615936279,,,
3262,1.1612059101462364,0.11804540835503044,0.004289536736905575,0.0015315128257498145,-4.200007915496826,,,
3263,1.1706231404095888,0.13448832109914913,0.019206449389457703,0.0015377247473224998,-4.199188232421875,,,
3264,1.3063055239617825,0.22482004870646932,-0.043251316994428635,0.0016933158040046692,-4.199519634246826,,,
3265,1.2658614376559854,0.20866478130265853,-0.017214849591255188,0.001589188352227211,-4.196739196777344,,,
3266,1.2207000032067299,0.18679540937430605,0.01895911991596222,0.0015051618684083223,-4.201244831085205,,,
3267,1.134885591454804,0.1046265292183059,-0.029449861496686935,0.0014787837862968445,-4.205475330352783,,,
3268,1.1547288401052356,0.11774960339123008,0.03645884245634079,0.0015648419503122568,-4.214054584503174,,,
3269,1.1791610717773438,0.13904136906388306,0.009280874393880367,0.001512685208581388,-4.218319416046143,,,
3270,1.2338076252490282,0.18035829837075626,-0.01815616711974144,0.0016797032440081239,-4.2181477546691895,,,
3271,1.1707588881254196,0.14067623842119797,0.006090514361858368,0.001461691572330892,-4.213756084442139,,,
3272,1.1367061166092753,0.1101726043365582,0.01862816885113716,0.0013260114938020706,-4.210194110870361,,,
3273,1.2929214872419834,0.22604358796049265,-0.0022528264671564102,0.0013746597105637193,-4.220038890838623,,,
3274,1.2482012128457427,0.19537926634868508,-0.0029180552810430527,0.001654325402341783,-4.219074726104736,1.175380920059979,0.2740524401461699,0.1366599318150939
3275,1.1589110037311912,0.13150844156841035,0.01522102952003479,0.0016397759318351746,-4.2163166999816895,,,
3276,1.194274608977139,0.16070604202803906,0.07753589749336243,0.0015603735810145736,-4.21516752243042,,,
3277,1.1636171704158187,0.12853470636998482,0.01471533253788948,0.0014776487369090319,-4.214923858642578,,,
3278,1.2343377890065312,0.1865830875166607,0.02775944210588932,0.001451376941986382,-4.224609851837158,,,
3279,1.1408610278740525,0.10589628184729198,0.031123779714107513,0.0016957029001787305,-4.226433277130127,,,
3280,1.1918444680050015,0.1511495147200107,0.05481325834989548,0.0014356361934915185,-4.228648662567139,,,
3281,1.1384387258440256,0.1076882635946308,-0.006103374995291233,0.0015279887011274695,-4.224494457244873,,,
3282,1.185816366225481,0.14822387886874208,0.003806694410741329,0.0012945587513968349,-4.229145526885986,,,
3283,1.1544305738061666,0.1232622620844559,0.0034107305109500885,0.001473330776207149,-4.233096599578857,,,
3284,1.139992461539805,0.10486187125721055,0.04132550209760666,0.0015821075066924095,-4.229477405548096,,,
3285,1.2274846537038684,0.1586489639952273,-0.003575144335627556,0.0015984881902113557,-4.226444721221924,,,
3286,1.1450622947886586,0.10979455263242927,0.04135891795158386,0.0015919589204713702,-4.234348773956299,,,
3287,1.1953832302242517,0.13923286286925396,-0.006342866457998753,0.0016647444572299719,-4.2385783195495605,,,
3288,1.1330443788319826,0.10254915770588008,0.03682669997215271,0.001476014731451869,-4.236710071563721,,,
3289,1.1373911360278726,0.1107400225567778,0.009263910353183746,0.0013962216908112168,-4.245894908905029,,,
3290,1.19905792362988,0.1587306268221716,-0.008712967857718468,0.0014919432578608394,-4.250277996063232,,,
3291,1.2099682493135333,0.15746033607600252,0.02349654585123062,0.0015879364218562841,-4.253036022186279,,,
3292,1.2043206244707108,0.16023058962974362,-0.004776709713041782,0.001493142917752266,-4.246124744415283,,,
3293,1.1706337612122297,0.12451815870003086,0.035783033818006516,0.001542226760648191,-4.24497652053833,,,
3294,1.2110885735601187,0.1617034397266503,0.02267489768564701,0.001603657379746437,-4.245689868927002,,,
3295,1.2112054247409105,0.16765312383418512,0.04863204061985016,0.0017392552690580487,-4.247147083282471,,,
3296,1.1326571004465222,0.10368859219816334,0.019693227484822273,0.001487363362684846,-4.246322154998779,,,
3297,1.1972658084705472,0.15295450248950435,-0.02398701198399067,0.001531282439827919,-4.239353656768799,,,
3298,1.184299435466528,0.1414081541401574,0.013136282563209534,0.001739068771712482,-4.242020130157471,,,
3299,1.162901284173131,0.12843598239058107,0.05513744056224823,0.001645442913286388,-4.248684406280518,1.1747256806120276,0.2728591994314775,0.13626614660346975
3300,1.1596631966531277,0.13021816296776034,0.020733825862407684,0.0014962354907765985,-4.2532572746276855,,,
3301,1.1816388498991728,0.14315944360769,0.010132520459592342,0.0015811119228601456,-4.263748645782471,,,
3302,1.1577520119026303,0.12347318385779052,0.00034942105412483215,0.0015898611163720489,-4.28056001663208,,,
3303,1.1803133245557547,0.14935361102571626,0.005057891830801964,0.0014993698569014668,-4.286407947540283,,,
3304,1.2106494959443808,0.1686842420806154,6.585195660591125e-05,0.0015094485133886337,-4.286178112030029,,,
3305,1.3380361162126064,0.2572932205115421,-0.020312078297138214,0.0016350309597328305,-4.281567096710205,,,
3306,1.1747688008472323,0.1357174210871622,0.04564677178859711,0.0016083783702924848,-4.283207416534424,,,
3307,1.1837167907506227,0.13967167691073834,0.03018973395228386,0.0016389135271310806,-4.28322172164917,,,
3308,1.1580076506361365,0.12573912933064807,0.04805707931518555,0.0016010388499125838,-4.286213397979736,,,
3309,1.2137391297146678,0.17008868839544913,0.027720395475625992,0.0016008560778573155,-4.29288911819458,,,
3310,1.118599547073245,0.0900050865857598,-0.00338834710419178,0.0015087008941918612,-4.295914173126221,,,
3311,1.1524026598781347,0.12561936883873148,0.09640990942716599,0.001460170024074614,-4.290957927703857,,,
3312,1.190512791275978,0.15634139606860997,-0.05084947869181633,0.0014969647163525224,-4.287609100341797,,,
3313,1.2005327930673957,0.1626339944494969,0.008055060170590878,0.001466817338950932,-4.295647144317627,,,
3314,1.175444532185793,0.1379938478690478,-0.023533640429377556,0.0016435825964435935,-4.3009114265441895,,,
3315,1.2118334164842963,0.17321484553440797,0.003995312377810478,0.0014023918192833662,-4.2978739738464355,,,
3316,1.1583740329369903,0.12361115178650796,-0.009473294951021671,0.0014012883184477687,-4.301025390625,,,
3317,1.1452828170731664,0.10978669771442141,0.034892741590738297,0.0013665470760315657,-4.295902729034424,,,
3318,1.1226895656436682,0.09674365658077563,0.0061050895601511,0.0014881965471431613,-4.287822246551514,,,
3319,1.1090415939688683,0.0770885377090792,0.02952492982149124,0.0014572330983355641,-4.286128997802734,,,
3320,1.1394015876576304,0.1053591398460073,0.0003799162805080414,0.001531630870886147,-4.288123607635498,,,
3321,1.1893710186704993,0.15249331457047519,-0.013384693302214146,0.001386686461046338,-4.292064189910889,,,
3322,1.1627589641138911,0.1300220062681993,0.03313691169023514,0.0014153133379295468,-4.291092395782471,,,
3323,1.1529561271890998,0.11719700317454138,0.04059220477938652,0.0015720509691163898,-4.285095691680908,,,
3324,1.1961110327392817,0.15226758372182037,0.019024383276700974,0.001407660311087966,-4.288746356964111,1.1746601751074195,0.2733561852476584,0.13624483890930672
3325,1.1806783005595207,0.13978334542592055,0.027466431260108948,0.0015854069497436285,-4.286072254180908,,,
3326,1.2286516418680549,0.18483807810617608,0.03453517705202103,0.0015553180128335953,-4.283718585968018,,,
3327,1.22423548810184,0.1667162128669558,0.02733786031603813,0.001588306506164372,-4.282066822052002,,,
3328,1.203596180304885,0.16404335351363844,0.04601756110787392,0.0014332603896036744,-4.286292552947998,,,
3329,1.2135510593652725,0.1720579559384059,0.02485116943717003,0.0015559726161882281,-4.285701751708984,,,
3330,1.168228441849351,0.12692003618978917,0.023613635450601578,0.0016114743193611503,-4.288173198699951,,,
3331,1.144109271466732,0.1128131529432854,0.02844103053212166,0.0015099429292604327,-4.285610675811768,,,
3332,1.1607527136802673,0.13019581987243012,0.02660997584462166,0.0013054412556812167,-4.283156871795654,,,
3333,1.1450180979445577,0.1148005399621333,0.01451624371111393,0.001525016617961228,-4.273579120635986,,,
3334,1.191867315210402,0.1413628268477921,0.06708419322967529,0.0015256783226504922,-4.273197174072266,,,
3335,1.1722406391054392,0.14000192710457388,0.03379271179437637,0.0014687696238979697,-4.271328449249268,,,
3336,1.2178978556767106,0.1738135483983526,0.030327923595905304,0.001514677656814456,-4.2663187980651855,,,
3337,1.170621445402503,0.13920490474261604,-0.023211918771266937,0.0013608240988105536,-4.2659525871276855,,,
3338,1.1407155664637685,0.10874609208048072,-0.016299158334732056,0.0014572044601663947,-4.260138988494873,,,
3339,1.1778878262266517,0.1338063124537523,0.01066816970705986,0.0014146475587040186,-4.253543853759766,,,
3340,1.1161137344315648,0.08625943333458679,0.008559906855225563,0.0016185304848477244,-4.254584789276123,,,
3341,1.1489263996481895,0.11910562396699756,0.014216508716344833,0.00145067204721272,-4.260974407196045,,,
3342,1.2125624176114798,0.1649581791174779,-0.009450736455619335,0.0014522291021421552,-4.25831937789917,,,
3343,1.130533128976822,0.09943197188360822,0.013583152554929256,0.0015546929789707065,-4.260345458984375,,,
3344,1.1590565536171198,0.1307531119497162,-0.0034753456711769104,0.0015357154188677669,-4.2695770263671875,,,
3345,1.1703373417258263,0.12800787777633857,0.01389786321669817,0.001449163886718452,-4.267078399658203,,,
3346,1.1579230930656195,0.12186906862466425,0.03819148242473602,0.0014604877214878798,-4.266163349151611,,,
3347,1.1523770559579134,0.12290202718094975,-0.023537106812000275,0.0015027823392301798,-4.263030529022217,,,
3348,1.2178458124399185,0.17510984237691155,0.04035286232829094,0.001393387676216662,-4.260853290557861,,,
3349,1.1420470997691154,0.11444799822200827,0.022158507257699966,0.0014663230394944549,-4.260456562042236,1.1743769207969308,0.27536826403083237,0.13578975021200168
3350,1.22560681309551,0.17547293215301002,0.020154394209384918,0.001480268081650138,-4.2574992179870605,,,
3351,1.1327598253265023,0.09770418122264837,0.002169523388147354,0.0017478419467806816,-4.269783020019531,,,
3352,1.1995622739195824,0.15637245385221882,0.00981055200099945,0.0015499759465456009,-4.2730255126953125,,,
3353,1.1624963600188494,0.1299215302814163,-0.007016177289187908,0.0013278037076815963,-4.2760772705078125,,,
3354,1.2457171399146318,0.19533615129006637,0.010339748114347458,0.0014486921718344092,-4.27913236618042,,,
3355,1.1750629115849733,0.13088483900853534,0.04130908101797104,0.0013721343129873276,-4.277465343475342,,,
3356,1.2049939334392548,0.16094864047071367,-0.02880103513598442,0.001432928373105824,-4.2815704345703125,,,
3357,1.1909595588222146,0.15369996354586327,0.007297120522707701,0.0014821173390373588,-4.282604694366455,,,
3358,1.1787462988868356,0.13191139948793523,0.018307622522115707,0.0015700480435043573,-4.28416109085083,,,
3359,1.2230959590524435,0.18298796381840854,-0.003176666796207428,0.0014423566171899438,-4.278331279754639,,,
3360,1.2391594350337982,0.1950456127843532,0.031225766986608505,0.0015810292679816484,-4.270213603973389,,,
3361,1.1887875637039542,0.1490954108226883,-0.021698396652936935,0.0016719383420422673,-4.265151500701904,,,
3362,1.1523107895627618,0.11856347775442677,0.0056709288619458675,0.0015195495216175914,-4.265407085418701,,,
3363,1.153026020154357,0.12287467735992705,0.0154345678165555,0.0015591696137562394,-4.2630839347839355,,,
3364,1.2162814987823367,0.16940140029587358,-0.016580931842327118,0.0014390104915946722,-4.264397144317627,,,
3365,1.1603039624169469,0.12466681547058302,0.03560256212949753,0.001749410410411656,-4.265018463134766,,,
3366,1.209489836357534,0.16321474371567105,0.02670764923095703,0.0016707244794815779,-4.258479595184326,,,
3367,1.130701799876988,0.0989195543891013,0.020656613633036613,0.0015409061452373862,-4.26552152633667,,,
3368,1.1733466107398272,0.13321495924677945,0.0036629782989621162,0.001556049333885312,-4.272690296173096,,,
3369,1.19890595972538,0.1546475652811158,-0.04270671308040619,0.0016277723480015993,-4.262233257293701,,,
3370,1.2019547391682863,0.15518178420507647,0.014228949323296547,0.0015332770999521017,-4.2666544914245605,,,
3371,1.1939949691295624,0.14899633282029565,0.010131372138857841,0.0016408804804086685,-4.2718892097473145,,,
3372,1.2064188309013844,0.16724451136017554,0.08124189078807831,0.0014067015144973993,-4.2721781730651855,,,
3373,1.216049806214869,0.17373229897334885,0.05608028918504715,0.0015887303743511438,-4.267166614532471,,,
3374,1.1725074425339699,0.14024640030391783,0.0033849431201815605,0.0014151521027088165,-4.275047779083252,1.1748227505013347,0.2785235022091943,0.1357928176081965
3375,1.1833149623125792,0.1402695454863687,-0.004072113893926144,0.0016177432844415307,-4.281203746795654,,,
3376,1.182029359973967,0.1382794757422148,0.024439657106995583,0.0015034204116091132,-4.286182880401611,,,
3377,1.1550181517377496,0.1239259646654923,-0.010629828087985516,0.0013387281214818358,-4.289348602294922,,,
3378,1.2152519775554538,0.16532682466753568,0.03198792412877083,0.00144703290425241,-4.293899059295654,,,
3379,1.1973279546946287,0.15666679251538568,-0.002587641589343548,0.0014244829071685672,-4.287631511688232,,,
3380,1.2197407661005855,0.17240523426999166,0.005678483285009861,0.0016844334313645959,-4.286731243133545,,,
3381,1.1847133999690413,0.1470796054763272,-0.0031611304730176926,0.0016428290400654078,-4.291205883026123,,,
3382,1.2218030588701367,0.17430994681685452,0.007430085446685553,0.0014839934883639216,-4.288833141326904,,,
3383,1.1647461373358965,0.13606909727837027,0.0625099241733551,0.0014833856839686632,-4.283217906951904,,,
3384,1.1914395727217197,0.15390725592440324,-0.009259224869310856,0.0012624136870726943,-4.284514904022217,,,
3385,1.18237395118922,0.14588354955021005,-0.009613941423594952,0.001307311817072332,-4.2785563468933105,,,
3386,1.1163087850436568,0.07958872991727885,0.016588613390922546,0.0013956495095044374,-4.268153667449951,,,
3387,1.1739398324862123,0.14243135496472767,0.00556542444974184,0.001334373140707612,-4.270709991455078,,,
3388,1.1826037159189582,0.14104535292004525,0.002449444495141506,0.0015223345253616571,-4.27335786819458,,,
3389,1.1263509830459952,0.09705924985456263,0.015363731421530247,0.0014076458755880594,-4.271538257598877,,,
3390,1.1503987265750766,0.11861484338062682,0.03584222123026848,0.0013562912354245782,-4.267497539520264,,,
3391,1.1099753100425005,0.07731144853095354,0.0018629198893904686,0.0013137917267158628,-4.269992351531982,,,
3392,1.1922140633687377,0.15291102137061943,0.0154685378074646,0.0014338631881400943,-4.269119739532471,,,
3393,1.1734905811026692,0.1318997150291321,-0.003351563587784767,0.001576947164721787,-4.274166584014893,,,
3394,1.1796715520322323,0.13761581018328328,0.051476120948791504,0.0016190111637115479,-4.271331310272217,,,
3395,1.164434882812202,0.13336550806355613,0.05336084961891174,0.0015602463390678167,-4.266785144805908,,,
3396,1.219720027409494,0.175659916120089,0.0025983313098549843,0.0014991940697655082,-4.272876262664795,,,
3397,1.1212263582274318,0.09576762010763748,0.0034553678706288338,0.0014843435492366552,-4.266777515411377,,,
3398,1.1620033802464604,0.12469341975269982,-0.006270851008594036,0.0014808698324486613,-4.266025066375732,,,
3399,1.1647112527862191,0.12526633587795788,0.01947365701198578,0.0013504046946763992,-4.267139911651611,1.1733375964686275,0.27561116760339593,0.13503791769588092
3400,1.1369253443554044,0.10988790704563922,0.04260982945561409,0.0014016589848324656,-4.268703937530518,,,
3401,1.1741194734349847,0.13815468191966704,0.011431356891989708,0.0013859880855306983,-4.266594409942627,,,
3402,1.180707256309688,0.14086873997394705,0.014764947816729546,0.0014283329946920276,-4.270556926727295,,,
3403,1.2194524183869362,0.174565100754834,0.009165645577013493,0.0013706553727388382,-4.273604869842529,,,
3404,1.150568432174623,0.12319282475326301,-0.02098875120282173,0.0013528323033824563,-4.272705554962158,,,
3405,1.1376477079465985,0.0986446552576355,-0.004093542695045471,0.001452979980967939,-4.269653797149658,,,
3406,1.1657706880941987,0.13324402953858247,-0.004416708834469318,0.0013686426682397723,-4.268425464630127,,,
3407,1.203881629742682,0.15869752246798904,-0.014315741136670113,0.0015762419207021594,-4.268143177032471,,,
3408,1.1658700471743941,0.1326008568076078,0.04460170865058899,0.001464600907638669,-4.275027751922607,,,
3409,1.2258971389383078,0.17677876180178417,0.005121681839227676,0.0016519466880708933,-4.288261890411377,,,
3410,1.1641354747116566,0.13325675837218862,0.043808579444885254,0.001388576696626842,-4.290935039520264,,,
3411,1.151531451381743,0.12320199133109139,0.03286339342594147,0.0014709869865328074,-4.289581775665283,,,
3412,1.129567800089717,0.10199624676621925,0.03009062260389328,0.0013722117291763425,-4.286689281463623,,,
3413,1.2028607884421945,0.1614803837978082,-0.0048885950818657875,0.0015056522097438574,-4.300044536590576,,,
3414,1.2079699914902449,0.16689353824212433,0.030965402722358704,0.0013219267129898071,-4.293877124786377,,,
3415,1.1860321685671806,0.13365567734633424,0.04661531373858452,0.0015281547093763947,-4.289646625518799,,,
3416,1.2181259244680405,0.18259743308239335,-0.004399875178933144,0.0014777245232835412,-4.284320831298828,,,
3417,1.160849653184414,0.13145318871266876,-0.004410230554640293,0.0013297444675117731,-4.28580904006958,,,
3418,1.255336538888514,0.20292887594359307,-0.009644859470427036,0.0016946792602539062,-4.287486553192139,,,
3419,1.2951228143647313,0.22864830208634773,0.037317901849746704,0.0015550355892628431,-4.2829203605651855,,,
3420,1.1730029685422778,0.13036352061194925,0.04014098271727562,0.0015452371444553137,-4.2815632820129395,,,
3421,1.1516614323481917,0.12530119227429912,0.007516408804804087,0.0013943326193839312,-4.272789001464844,,,
3422,1.1353828683495522,0.10845048332972555,0.04744516313076019,0.001220717211253941,-4.267119884490967,,,
3423,1.2525118784978986,0.19391227339261402,0.05232848599553108,0.0013216708321124315,-4.2733540534973145,,,
3424,1.2211855174973607,0.17660516450931923,0.02658989280462265,0.001440532272681594,-4.2677001953125,1.1722994539886713,0.27286268144137,0.1345818527450608
3425,1.1953695509582758,0.15874909666040127,0.026008715853095055,0.0015189469559118152,-4.264785289764404,,,
3426,1.273645719513297,0.2191979088464489,0.026584705337882042,0.0013889798428863287,-4.2719502449035645,,,
3427,1.174728399142623,0.13557337244856854,0.021715031936764717,0.0014757232274860144,-4.2804179191589355,,,
3428,1.166554537601769,0.13563247613326085,0.01959029585123062,0.0015644902596250176,-4.284534454345703,,,
3429,1.210725974291563,0.1637856195981261,0.021233107894659042,0.001346885459497571,-4.2826762199401855,,,
3430,1.1596299493685365,0.11729240325400361,-0.02801091969013214,0.0015916965203359723,-4.282200336456299,,,
3431,1.1651323633268476,0.13078512307692053,0.009140709415078163,0.001582203432917595,-4.280826091766357,,,
3432,1.1177541501820087,0.08394926118158026,-0.04883324354887009,0.0014186283806338906,-4.2808613777160645,,,
3433,1.1243130238726735,0.0955193683575654,0.0069884960539639,0.0014798351330682635,-4.2820658683776855,,,
3434,1.1048139361664653,0.07603065188110036,0.019489500671625137,0.0015613612486049533,-4.280487537384033,,,
3435,1.1605251673609018,0.12220294398488259,0.015665292739868164,0.0014932631747797132,-4.282894611358643,,,
3436,1.1857601320371032,0.15373995029050633,0.0025456538423895836,0.001435965532436967,-4.2784342765808105,,,
3437,1.2037889454513788,0.1645727696765394,-0.008470765314996243,0.0014476397773250937,-4.281096935272217,,,
3438,1.224906307645142,0.17505637689291811,-0.022957947105169296,0.0014821778750047088,-4.280399322509766,,,
3439,1.2157974215224385,0.17165867960786582,0.052789028733968735,0.0013373105321079493,-4.2802581787109375,,,
3440,1.2197199407964945,0.17370739252792172,0.003842676058411598,0.0014538030372932553,-4.286304950714111,,,
3441,1.1547547420486808,0.12582882066763101,-0.001385614275932312,0.0013529536081478,-4.295536041259766,,,
3442,1.157719169743359,0.13156867299870917,0.02271365374326706,0.0012367276940494776,-4.302382946014404,,,
3443,1.1454966561868787,0.1165505433306858,0.04701299965381622,0.0012894166866317391,-4.310268402099609,,,
3444,1.1687403842806816,0.13297866919787904,-0.007511015050113201,0.0013989161234349012,-4.307750225067139,,,
3445,1.1561911636963487,0.12536398232723606,0.016177156940102577,0.0013122119707986712,-4.303303241729736,,,
3446,1.1720277592539787,0.13663261124234372,0.012933882884681225,0.001473936252295971,-4.29301118850708,,,
3447,1.133281597867608,0.10299664549297041,0.03500285744667053,0.0012411826755851507,-4.2962727546691895,,,
3448,1.1536815110594034,0.12383904842730036,0.03422427177429199,0.0014889140147715807,-4.2955241203308105,,,
3449,1.178450177423656,0.14285023139211236,0.047809284180402756,0.001445793779566884,-4.2959675788879395,1.1728680282831192,0.273076334720106,0.13504394605079353
3450,1.1322956373915076,0.10681265564622813,0.03823138028383255,0.0012986945221200585,-4.299842357635498,,,
3451,1.1292495224624872,0.10335789089365092,0.020320318639278412,0.0013357752468436956,-4.298065662384033,,,
3452,1.187997693195939,0.14896449234474496,0.018814973533153534,0.0014202131424099207,-4.300086498260498,,,
3453,1.1671311724931002,0.12424583815433059,0.040868353098630905,0.0015429144259542227,-4.2990803718566895,,,
3454,1.20313726272434,0.15769707484351886,0.028621017932891846,0.0014605718897655606,-4.2948689460754395,,,
3455,1.1890062848106027,0.1534470098298007,0.006566790863871574,0.0014753284631296992,-4.2911906242370605,,,
3456,1.1672422653064132,0.13461177178622818,0.02252313867211342,0.0012920143781229854,-4.286606311798096,,,
3457,1.1786992829293013,0.1430895915586789,0.009562750346958637,0.0014974332880228758,-4.287548065185547,,,
3458,1.147956458851695,0.11498475432454694,0.01582784578204155,0.0013572248863056302,-4.2785563468933105,,,
3459,1.1188355283811688,0.09235117383535763,0.013226889073848724,0.0014766823733225465,-4.282084941864014,,,
3460,1.1652494696900249,0.1337931737010462,-0.010316205210983753,0.0013738458510488272,-4.28639554977417,,,
3461,1.109077018685639,0.08192624635622012,-0.04227254539728165,0.0013400784227997065,-4.287464618682861,,,
3462,1.1580703100189567,0.12511906800238104,0.016597718000411987,0.0014049623860046268,-4.286796569824219,,,
3463,1.1626045992597938,0.12121110928560477,-0.004195949994027615,0.0014944039285182953,-4.299210071563721,,,
3464,1.203407196328044,0.1597147031680368,-0.0011064223945140839,0.001197255332954228,-4.300853252410889,,,
3465,1.2184472093358636,0.181455393441044,-0.0022886553779244423,0.0014237419236451387,-4.307261943817139,,,
3466,1.1883244402706623,0.15144077442199919,0.03743268549442291,0.0013348473003134131,-4.317142009735107,,,
3467,1.181553853675723,0.14475990912965297,0.036066655069589615,0.0013741044094786048,-4.321597576141357,,,
3468,1.138257802464068,0.10357080181923795,0.046899959444999695,0.0014361541252583265,-4.319622039794922,,,
3469,1.205259737558663,0.16949018472177813,0.02959141880273819,0.0014228521613404155,-4.317698955535889,,,
3470,1.1560814371332526,0.11973285437744574,0.04459812119603157,0.0014212644891813397,-4.317833423614502,,,
3471,1.1977644236758351,0.16322148495951794,-0.01830427721142769,0.0013362412573769689,-4.3144612312316895,,,
3472,1.1680609472095966,0.12714851000195612,-0.035737037658691406,0.001414846396073699,-4.313202381134033,,,
3473,1.1804261654615402,0.1390084049305318,0.03186272829771042,0.001628649071790278,-4.318892955780029,,,
3474,1.1874541686847806,0.14453094072779715,0.0044465139508247375,0.0014898551162332296,-4.320095539093018,1.1703684823587537,0.26437656719349156,0.13410026082379722
3475,1.2048357240855694,0.16212697828120265,0.045697569847106934,0.001491017872467637,-4.315628528594971,,,
3476,1.1526940492913127,0.1234424407816681,0.024237072095274925,0.0014278963208198547,-4.317351818084717,,,
3477,1.1147200493142009,0.08880771577764067,0.01771359145641327,0.0014515976654365659,-4.316845417022705,,,
3478,1.1905224677175283,0.15079423727000216,0.016598619520664215,0.0015449068741872907,-4.3100128173828125,,,
3479,1.1978010646998882,0.14896483351059098,0.0010513663291931152,0.0016240032855421305,-4.306186676025391,,,
3480,1.154016200453043,0.11628371418610053,0.04542943835258484,0.0014362481888383627,-4.306412220001221,,,
3481,1.1643890254199505,0.12254348354293945,0.036303214728832245,0.0014796544564887881,-4.306224346160889,,,
3482,1.142509781755507,0.11115670802320055,0.014736893586814404,0.0013462417991831899,-4.3012166023254395,,,
3483,1.170871950685978,0.13854432015574708,-0.0021903021261096,0.0014711649855598807,-4.304104328155518,,,
3484,1.129088755697012,0.09653864662798103,0.011195886880159378,0.001645873999223113,-4.3131022453308105,,,
3485,1.1667694365605712,0.12677474306244754,-0.0006555318832397461,0.0015736042987555265,-4.31526517868042,,,
3486,1.1666661510244012,0.1359104476962198,0.008858339861035347,0.0015873973025009036,-4.3247294425964355,,,
3487,1.1541058123111725,0.12282329796862429,-0.002418477088212967,0.0015392557252198458,-4.328303813934326,,,
3488,1.1667160093784332,0.12515739696681993,-0.010919440537691116,0.0014623032184317708,-4.324230670928955,,,
3489,1.164127105847001,0.12724818945466299,0.0008677607402205467,0.0016903430223464966,-4.316707134246826,,,
3490,1.2278873324394226,0.17719307429612918,0.016255805268883705,0.001450464827939868,-4.319996356964111,,,
3491,1.1538718789815903,0.12578819681001055,0.01805969700217247,0.0013400650350376964,-4.314384937286377,,,
3492,1.2383738113567233,0.18790140265834215,0.026620185002684593,0.0016398706939071417,-4.311233043670654,,,
3493,1.228447168134153,0.18650635776990826,0.0334659181535244,0.0013555058976635337,-4.312987804412842,,,
3494,1.1545931566506624,0.12159430775049873,0.01900571770966053,0.0014559243572875857,-4.3119730949401855,,,
3495,1.1853233352303505,0.1442911257394372,0.04267234355211258,0.0015242366353049874,-4.31419038772583,,,
3496,1.1908674370497465,0.1565628635279018,0.010399896651506424,0.0014049431774765253,-4.318050861358643,,,
3497,1.2365674953907728,0.19448254478697397,0.0007609203457832336,0.001453707809560001,-4.319790363311768,,,
3498,1.1879073521122336,0.14180330444285427,0.07677464187145233,0.0013298148987814784,-4.317920684814453,,,
3499,1.2074460703879595,0.1500180628177028,0.037361592054367065,0.0017679054290056229,-4.317764759063721,1.1710273185744882,0.2687448261709263,0.13412101745909358
3500,1.1859747897833586,0.15271922703503676,-0.0031799916177988052,0.0013479472836479545,-4.315284252166748,,,
3501,1.1779675828292966,0.14420030395228234,0.04280827194452286,0.001499023288488388,-4.313835144042969,,,
3502,1.1651955228298903,0.12942092349104017,0.044114258140325546,0.0012860307469964027,-4.318569183349609,,,
3503,1.1615553917363286,0.1318988682469974,-0.010331328958272934,0.0012302016839385033,-4.316131114959717,,,
3504,1.206394238397479,0.16700282705991137,-0.0027267606928944588,0.0013644179562106729,-4.3103485107421875,,,
3505,1.1565538523718715,0.11345746577907671,0.038526736199855804,0.0015818638494238257,-4.303161144256592,,,
3506,1.1679217340424657,0.13841603012773165,0.03268016129732132,0.0013912618160247803,-4.300746440887451,,,
3507,1.1177194453775883,0.08410345154287024,-0.004733613692224026,0.0014020230155438185,-4.299526691436768,,,
3508,1.20797894988209,0.16698098565255254,0.02737782895565033,0.0015504930634051561,-4.302009582519531,,,
3509,1.209897848777473,0.16974507633739627,0.02819339744746685,0.0013681926066055894,-4.2965922355651855,,,
3510,1.175833560526371,0.13976503588711953,0.03206055238842964,0.0015380007680505514,-4.291060924530029,,,
3511,1.114477845840156,0.07823436264786995,0.0355306938290596,0.001516498625278473,-4.29695463180542,,,
3512,1.147904989309609,0.11852839845162458,0.017499128356575966,0.0013796841958537698,-4.293663501739502,,,
3513,1.1521938852965832,0.11886733369293992,-0.020832061767578125,0.001544299186207354,-4.293181896209717,,,
3514,1.2115461016073823,0.1681129808656942,0.04784442484378815,0.001420379732735455,-4.292355060577393,,,
3515,1.197760371491313,0.14038273852885863,-0.008219748735427856,0.0017285796348005533,-4.296169281005859,,,
3516,1.1694647073745728,0.14357850802167516,0.03325926139950752,0.001353850238956511,-4.301571369171143,,,
3517,1.1876433286815882,0.15411756521382342,0.06671196967363358,0.0014306242810562253,-4.301158428192139,,,
3518,1.1888087829574943,0.14801840013452883,0.03309226781129837,0.0014623894821852446,-4.303562164306641,,,
3519,1.2197504071518779,0.17392447942657285,0.017425406724214554,0.0015121317701414227,-4.301395893096924,,,
3520,1.2284180102869868,0.17389339247656177,0.037308886647224426,0.0016179686645045877,-4.307091236114502,,,
3521,1.1920387307181954,0.15509950022979363,0.013292860239744186,0.0014331649290397763,-4.307712554931641,,,
3522,1.154107647947967,0.12546437140716707,0.007456462364643812,0.0014349819393828511,-4.306884288787842,,,
3523,1.1636258903890848,0.12993046421922705,-0.005238274112343788,0.0013770413352176547,-4.30936861038208,,,
3524,1.1914130030199885,0.14713798790654248,0.03695311024785042,0.0013844213681295514,-4.310707092285156,1.172588413581252,0.2710921643269078,0.1350665774273509
3525,1.2121818577870727,0.17045183171122763,0.029779033735394478,0.001539113582111895,-4.3048014640808105,,,
3526,1.1404532017186284,0.1119811449468759,0.012890276499092579,0.0014617114793509245,-4.294460773468018,,,
3527,1.1721227373927832,0.1372236847339132,0.014699924737215042,0.0013802777975797653,-4.298676013946533,,,
3528,1.1845401655882597,0.1464588572208328,0.0011591361835598946,0.001394929364323616,-4.303104877471924,,,
3529,1.1891734534874558,0.14650738223594428,0.02526569738984108,0.0012908086646348238,-4.3009562492370605,,,
3530,1.1549280006438494,0.12383482385388794,0.054177265614271164,0.00147458934225142,-4.300727367401123,,,
3531,1.1961031211540103,0.15926241327541055,0.01543109305202961,0.001424344489350915,-4.299865245819092,,,
3532,1.228085638023913,0.1784755926314087,-0.018838364630937576,0.0013312280643731356,-4.294414043426514,,,
3533,1.1844126367941499,0.13949391885610934,0.033891741186380386,0.0015461273724213243,-4.287898540496826,,,
3534,1.2334804954007268,0.18163338621167435,0.03227522596716881,0.0015667469706386328,-4.2869343757629395,,,
3535,1.2015773365274072,0.1600619122871138,0.012865345925092697,0.001515631447546184,-4.285149097442627,,,
3536,1.183716201223433,0.1458220429301704,0.031024092808365822,0.001558908843435347,-4.283706188201904,,,
3537,1.1626506065949798,0.12277515698180262,0.05521510913968086,0.001579074771143496,-4.286064147949219,,,
3538,1.2005848297849298,0.1489975723463975,0.014635254628956318,0.0014345772797241807,-4.280826091766357,,,
3539,1.187352559529245,0.14418437198929734,0.023961476981639862,0.0016766811022534966,-4.2788238525390625,,,
3540,1.1766236573457718,0.1345791895235589,0.0015822090208530426,0.0015170633560046554,-4.273910999298096,,,
3541,1.2141295410692692,0.1667986796268785,0.031149152666330338,0.0015828384784981608,-4.275825023651123,,,
3542,1.2323028082028031,0.17962508364851548,0.07232043147087097,0.0015624937368556857,-4.28328275680542,,,
3543,1.1956226844340563,0.15303201384826287,0.02127993293106556,0.001679569249972701,-4.287094593048096,,,
3544,1.1595552489161491,0.12051041799027475,0.014644073322415352,0.0017205458134412766,-4.284878253936768,,,
3545,1.19027728587389,0.15286401505532288,0.03324176371097565,0.0014824196696281433,-4.281318664550781,,,
3546,1.2260682759806514,0.16563760420085374,0.03411322832107544,0.0017685095081105828,-4.274394989013672,,,
3547,1.1560605140402913,0.1293376274268716,-0.00729620736092329,0.0017845963593572378,-4.277039051055908,,,
3548,1.1617890866473317,0.12717468126639514,-0.01338613498955965,0.0015028355410322547,-4.272922515869141,,,
3549,1.1294585689902306,0.08663464932044307,-0.026764342561364174,0.001698570093140006,-4.268814563751221,1.1741490913555026,0.27184814084527226,0.13616415695526568
3550,1.1710584489628673,0.13583040947816855,0.03292864188551903,0.001427435432560742,-4.262108325958252,,,
3551,1.1813773391768336,0.14455942455384335,0.04460390657186508,0.0015568416565656662,-4.262024402618408,,,
3552,1.1951531954109669,0.15226553326472286,0.055650629103183746,0.0014585497556254268,-4.2711262702941895,,,
3553,1.152514680288732,0.10792802713458173,0.02970118820667267,0.001693800906650722,-4.274150848388672,,,
3554,1.1063926797360182,0.08505442568304103,0.06274668127298355,0.0014786969404667616,-4.279601573944092,,,
3555,1.1874680165201426,0.15381912995793207,0.00683982577174902,0.001472118659876287,-4.277706146240234,,,
3556,1.1731960084289312,0.13637989329629763,0.04544416815042496,0.0013478720793500543,-4.278087139129639,,,
3557,1.180616701953113,0.14518987417769846,0.022439774125814438,0.0014721296029165387,-4.280055999755859,,,
3558,1.1333076944574714,0.0990247123895683,0.031888529658317566,0.0014734228607267141,-4.271331787109375,,,
3559,1.1909550745040178,0.1455886352906407,0.03225875645875931,0.001530122710391879,-4.27130126953125,,,
3560,1.1791381230577826,0.14028197261493583,0.004502454772591591,0.0014712283154949546,-4.28318452835083,,,
3561,1.1409845994785428,0.10303086255340857,0.024166323244571686,0.0017017554491758347,-4.28157377243042,,,
3562,1.155684863217175,0.119888744668916,0.03599480912089348,0.0016849589301273227,-4.277690887451172,,,
3563,1.1172948647290468,0.08997052634697131,0.04409283399581909,0.001402896479703486,-4.284058094024658,,,
3564,1.233146082609892,0.18476698969285799,0.009194389916956425,0.0015867967158555984,-4.2835693359375,,,
3565,1.1519752787426114,0.1217934227868873,0.026717370375990868,0.0015737265348434448,-4.283675670623779,,,
3566,1.1723454296588898,0.14259589644418347,-0.005797708407044411,0.0014153380179777741,-4.285210132598877,,,
3567,1.170461350120604,0.13783360757650379,0.0124452393501997,0.0013741200091317296,-4.284408092498779,,,
3568,1.175896086730063,0.14656305086434304,-0.0170634426176548,0.0013280553976073861,-4.283051013946533,,,
3569,1.1690213792026043,0.1328184663343181,0.037127476185560226,0.0014685069909319282,-4.277877330780029,,,
3570,1.1791512807831168,0.13852456775382607,0.05198125168681145,0.0016937535256147385,-4.271037578582764,,,
3571,1.185073689557612,0.15342638031691974,0.051959749311208725,0.00151087308768183,-4.271595478057861,,,
3572,1.1418735096231103,0.1095042434884876,-0.005830124020576477,0.0015944063197821379,-4.266524791717529,,,
3573,1.155234499834478,0.12417232991587926,-0.009205286391079426,0.0013704531593248248,-4.2693705558776855,,,
3574,1.163997359573841,0.12351547462464132,-0.018533144146203995,0.001358618726953864,-4.273064136505127,1.1723836502060294,0.26478502294599554,0.13555402678715256
3575,1.1651306450366974,0.12941508324752035,0.02135007083415985,0.0014838232891634107,-4.274970531463623,,,
3576,1.1931120296940207,0.14784344077759098,0.04856651648879051,0.0013758840505033731,-4.268440246582031,,,
3577,1.1811913503333926,0.14195695267493535,0.0258578322827816,0.0017565833404660225,-4.274368762969971,,,
3578,1.1896769162267447,0.14715268836322004,0.018144862726330757,0.0016291578067466617,-4.279709339141846,,,
3579,1.2022466603666544,0.15858074148995333,-0.0026564626023173332,0.001676607527770102,-4.278144359588623,,,
3580,1.2484207907691598,0.18620203538870556,0.02907511405646801,0.0017090116161853075,-4.284270763397217,,,
3581,1.1702273758128285,0.1332763859904354,-0.02843305841088295,0.0015818673418834805,-4.282172679901123,,,
3582,1.193655764684081,0.1455807072604323,0.03292210400104523,0.00166031823027879,-4.274101734161377,,,
3583,1.229241218417883,0.1885395989425337,-0.007049867883324623,0.0013996269553899765,-4.266707897186279,,,
3584,1.1997681595385075,0.14596185691771688,0.013400456868112087,0.0016215892974287271,-4.262870788574219,,,
3585,1.176059139892459,0.13558161767608157,0.04699891805648804,0.0015012159710749984,-4.262722492218018,,,
3586,1.1471755150705576,0.110095702215232,0.007701592054218054,0.001638848683796823,-4.264781951904297,,,
3587,1.2262527672573924,0.17985092312489825,-0.006070205010473728,0.0017192161176353693,-4.267441272735596,,,
3588,1.21401462610811,0.1604919873952001,-0.015164349228143692,0.0015473907114937901,-4.264319896697998,,,
3589,1.1528779324144125,0.12128435135464666,0.06443658471107483,0.001528600580058992,-4.2600932121276855,,,
3590,1.1889288183301687,0.1466875471369476,0.02086341567337513,0.0015820324188098311,-4.2581868171691895,,,
3591,1.175599073059857,0.13091852848521712,-0.008122512139379978,0.0015559624880552292,-4.258914947509766,,,
3592,1.1396449273452163,0.10651469765025237,-0.0031326953321695328,0.0015041157603263855,-4.261294841766357,,,
3593,1.1717802649363875,0.137595626218512,0.050471968948841095,0.0014796387404203415,-4.2524943351745605,,,
3594,1.1634499644860625,0.13435816316044574,0.028111809864640236,0.0013995320769026875,-4.2525858879089355,,,
3595,1.1738169770687819,0.13982664064614325,0.011042539961636066,0.0014628020580857992,-4.254875659942627,,,
3596,1.2129912348464131,0.17459716473691422,0.03674649819731712,0.0013476887252181768,-4.255618572235107,,,
3597,1.1439123004674911,0.10984217513364633,0.020291516557335854,0.0014063110575079918,-4.246764659881592,,,
3598,1.1448312317952514,0.11264099654340717,0.016879554837942123,0.0013634375063702464,-4.2425689697265625,,,
3599,1.1934318589046597,0.1534701555210367,0.07097142934799194,0.0014901456888765097,-4.248192310333252,1.1730064759030938,0.26803623897888396,0.13570998172702947
3600,1.1883153961971402,0.14778028237104987,0.04094342887401581,0.0014839844079688191,-4.246779918670654,,,
3601,1.2049521496519446,0.16463368852052768,0.03267521783709526,0.0012439036509022117,-4.2406768798828125,,,
3602,1.140767221339047,0.10596828734697541,0.0202360600233078,0.0015196844469755888,-4.243248462677002,,,
3603,1.137209945358336,0.10743581932391619,0.019985739141702652,0.0015726061537861824,-4.246570587158203,,,
3604,1.1452560843899846,0.10675262374655736,0.035111378878355026,0.0016692818608134985,-4.247935771942139,,,
3605,1.136169422417879,0.1029420127126171,0.0024475231766700745,0.0013164372649043798,-4.250583171844482,,,
3606,1.148682452738285,0.11650035161448387,-0.010845540091395378,0.0015475297113880515,-4.250023365020752,,,
3607,1.1779242334887385,0.14634678239485838,0.02619890123605728,0.0014166078763082623,-4.247730731964111,,,
3608,1.1836148649454117,0.14153696096093632,0.02220197394490242,0.0014804172096773982,-4.239788055419922,,,
3609,1.1700619738548994,0.1367174634575256,0.06842444092035294,0.0014654301339760423,-4.239524841308594,,,
3610,1.1362764304503798,0.1033194659244957,0.06046222150325775,0.001319867791607976,-4.231201171875,,,
3611,1.1728373495861888,0.13667564235539753,0.009571637958288193,0.0014895417261868715,-4.2306742668151855,,,
3612,1.1385261351242661,0.09980275498919794,0.015552722848951817,0.0015831042546778917,-4.231476306915283,,,
3613,1.2185550844296813,0.17585848502556717,-0.019421309232711792,0.00144414440728724,-4.231612682342529,,,
3614,1.2048036167398095,0.15722112418495307,-0.007524454966187477,0.0013806784991174936,-4.227527618408203,,,
3615,1.1492833504453301,0.11441861685918933,-0.006018717773258686,0.0015629575354978442,-4.225639343261719,,,
3616,1.1882658042013645,0.14771648287512212,0.03493677079677582,0.0016459907637909055,-4.226120471954346,,,
3617,1.1646353593096137,0.12143490102236887,0.005574006587266922,0.0016831040848046541,-4.227073669433594,,,
3618,1.1019590105861425,0.06809441489292417,0.02366091124713421,0.0017073163762688637,-4.230815887451172,,,
3619,1.1877740183845162,0.14532925331517338,-0.004632480442523956,0.0018408687319606543,-4.235877990722656,,,
3620,1.1616379246115685,0.1309828137870522,0.014531063847243786,0.001589379389770329,-4.2378764152526855,,,
3621,1.2622207943350077,0.20256301806703572,0.010195499286055565,0.0014935152139514685,-4.244239330291748,,,
3622,1.1791516244411469,0.14306410143050383,0.02905825898051262,0.0014746423112228513,-4.246681213378906,,,
3623,1.192278154194355,0.14782180472376122,0.0024221492931246758,0.0015397705137729645,-4.241734027862549,,,
3624,1.1947705075144768,0.14500928456909679,0.02393910475075245,0.0017355842282995582,-4.248809337615967,1.1720524299889803,0.2648563007390766,0.13524156543470556
3625,1.1949977213516831,0.1459730835944869,-0.006395390257239342,0.0016159439692273736,-4.248802185058594,,,
3626,1.2124398536980152,0.17479683577575197,0.008995335549116135,0.0014449178706854582,-4.248004913330078,,,
3627,1.2086099032312632,0.16368254068180824,0.02283087745308876,0.0015033258823677897,-4.242905139923096,,,
3628,1.207594989798963,0.1586812405035194,0.05101042985916138,0.0015618212055414915,-4.250904083251953,,,
3629,1.1902661798521876,0.14687832627438235,0.016232166439294815,0.0015642325161024928,-4.257068634033203,,,
3630,1.1688732346519828,0.13741860283664237,0.0363318994641304,0.0013973426539450884,-4.255993366241455,,,
3631,1.1714948946610093,0.13638638415847068,0.020605675876140594,0.001445160829462111,-4.262756824493408,,,
3632,1.1937403120100498,0.148791303804314,0.0400325171649456,0.0015297065256163478,-4.266132354736328,,,
3633,1.1701376838609576,0.13532940120906684,0.026257816702127457,0.0014674548292532563,-4.260322570800781,,,
3634,1.1590460715815425,0.12707126073849812,0.04693920537829399,0.0013385002966970205,-4.2596821784973145,,,
3635,1.1710914969444275,0.13651451474788198,0.005878274329006672,0.0014689418021589518,-4.254218578338623,,,
3636,1.2109563294798136,0.1644462907570713,0.01349674817174673,0.0013450701953843236,-4.253020763397217,,,
3637,1.1396015351638198,0.10960315218916583,0.007737963460385799,0.001662174821831286,-4.249579906463623,,,
3638,1.158054563216865,0.1251422128833309,0.01801154389977455,0.0013958604540675879,-4.245201587677002,,,
3639,1.151527571491897,0.12247511715594729,0.06916769593954086,0.0013809001538902521,-4.2484893798828125,,,
3640,1.1271748589351773,0.09776818517205711,0.009944883175194263,0.0013351106317713857,-4.248778820037842,,,
3641,1.2083775075152516,0.15592631818270877,0.005414809100329876,0.0015852366341277957,-4.2479777336120605,,,
3642,1.2018827088177204,0.15645417507597115,0.05566984787583351,0.0016251339111477137,-4.2528533935546875,,,
3643,1.2168660908937454,0.16465185935588444,0.0017724605277180672,0.0015900915022939444,-4.258586406707764,,,
3644,1.1987488511949778,0.15774128625006548,0.019757404923439026,0.0014718171441927552,-4.2544169425964355,,,
3645,1.1337885120883584,0.10106171985555652,0.053861454129219055,0.001566460938192904,-4.250468730926514,,,
3646,1.1574934758245945,0.10836316511937077,0.0036779511719942093,0.0016112185548990965,-4.2433695793151855,,,
3647,1.163009524345398,0.1362115422036635,0.08326330780982971,0.0013866724912077188,-4.254684925079346,,,
3648,1.178378407843411,0.13238971895919943,-0.024341734126210213,0.0015044435858726501,-4.254135608673096,,,
3649,1.2089935401454568,0.16722710639362776,0.03724750876426697,0.0014911956386640668,-4.248771667480469,1.1721415827050805,0.2640522495908385,0.13534239913577198
3650,1.1933534005656838,0.14947119905019965,0.04244837909936905,0.0015315457712858915,-4.25315523147583,,,
3651,1.1929470030590892,0.1542677284517952,0.04373424872756004,0.001712462049908936,-4.247574329376221,,,
3652,1.1870098700746894,0.14618583070022304,0.04757378250360489,0.001496352837421,-4.241580963134766,,,
3653,1.1441772300750017,0.10568928570617363,0.021434910595417023,0.0014304303331300616,-4.2433857917785645,,,
3654,1.2112770834937692,0.15016302866645798,0.03509184718132019,0.0016375231789425015,-4.253169536590576,,,
3655,1.1886470783501863,0.1315550269239304,0.01580730266869068,0.0018178996397182345,-4.251613616943359,,,
3656,1.1552839493378997,0.12302811922309122,-0.009745794348418713,0.0016168064903467894,-4.248176574707031,,,
3657,1.1079966723918915,0.08426526630510749,0.021152950823307037,0.0014817130286246538,-4.254482269287109,,,
3658,1.2490079533308744,0.20355117607013493,0.02722836099565029,0.0014625819167122245,-4.2561492919921875,,,
3659,1.1868583131581545,0.14054509238219204,0.04477030038833618,0.0016710155177861452,-4.254336833953857,,,
3660,1.1850980399176478,0.14563744559938924,0.02466587722301483,0.0016038853209465742,-4.256927490234375,,,
3661,1.1896080235019326,0.15131181117227108,-0.02298012003302574,0.0013592875329777598,-4.259182453155518,,,
3662,1.214286969974637,0.17054040406795318,-0.022003719583153725,0.001574995694682002,-4.249680042266846,,,
3663,1.165423114784062,0.1372412544952745,-0.0009988192468881607,0.0013794918777421117,-4.250511646270752,,,
3664,1.179914902895689,0.13623333213111924,0.013368240557610989,0.0013636928051710129,-4.250983715057373,,,
3665,1.1818567728623748,0.14724228646413962,-0.01262645237147808,0.0013569804141297936,-4.249760150909424,,,
3666,1.2076202016323805,0.16096041185236454,0.02043791301548481,0.001585058867931366,-4.2552337646484375,,,
3667,1.189153485931456,0.15269496839329832,0.0375467911362648,0.0015188740799203515,-4.254077911376953,,,
3668,1.1720215659588575,0.13956378344514214,0.025334259495139122,0.001430116593837738,-4.253296375274658,,,
3669,1.1540855737403035,0.12006335925973169,0.06449487805366516,0.0015455258544534445,-4.257228851318359,,,
3670,1.1583057017996907,0.11443699688963199,-0.03703828901052475,0.0015688147395849228,-4.2574076652526855,,,
3671,1.1672816192731261,0.13090909393861702,0.03560527786612511,0.0016371139790862799,-4.253563404083252,,,
3672,1.203109348192811,0.16260158089051763,-0.006442433223128319,0.0014979623956605792,-4.259140491485596,,,
3673,1.1559945782646537,0.11391561161755931,0.02361375279724598,0.0015531348763033748,-4.2590179443359375,,,
3674,1.1476994631811976,0.11522413402896407,0.024240056052803993,0.0016437156591564417,-4.2577433586120605,1.172714963555336,0.2659059006650771,0.13559325429171787
3675,1.251954996958375,0.1963365997636876,-0.026010233908891678,0.0014219628646969795,-4.271851062774658,,,
3676,1.1692219488322735,0.12605056459228434,0.010795297101140022,0.0014306327793747187,-4.285530090332031,,,
3677,1.1520770816132426,0.11038648433931267,0.017392456531524658,0.0016846071230247617,-4.284992694854736,,,
3678,1.1724853022024035,0.13884155165290182,0.03156650811433792,0.0016042828792706132,-4.280151844024658,,,
3679,1.1837355718016624,0.14873455184173967,-0.01739128679037094,0.001470314571633935,-4.280052661895752,,,
3680,1.1932681929320097,0.15095368687273086,0.0078043448738753796,0.0016547577688470483,-4.283779144287109,,,
3681,1.156495250761509,0.11340096343011744,0.006026426330208778,0.0015216153115034103,-4.2777323722839355,,,
3682,1.1494245985522866,0.11952580671474816,0.0466717854142189,0.0015498045831918716,-4.279857158660889,,,
3683,1.1399172907695174,0.11056666730828223,0.0468679815530777,0.0013854589778929949,-4.283069610595703,,,
3684,1.203822718001902,0.16312111360225257,-0.006805034354329109,0.0016024298965930939,-4.280425548553467,,,
3685,1.1415959121659398,0.11559093243730009,0.02938351035118103,0.0015023781452327967,-4.280457019805908,,,
3686,1.2079483633860946,0.16579852358795436,-0.006981263868510723,0.001537651987746358,-4.285248279571533,,,
3687,1.1729424204677343,0.13595406859446463,0.0462050586938858,0.0016114191384986043,-4.285549640655518,,,
3688,1.2189844297245145,0.17140496354207657,0.02686142921447754,0.0014700210886076093,-4.2848591804504395,,,
3689,1.1776558691635728,0.13720017735170442,0.04870125278830528,0.001466631656512618,-4.287956714630127,,,
3690,1.2066612020134926,0.1684458334298118,-0.0008147610351443291,0.0016555379843339324,-4.28355073928833,,,
3691,1.1725706085562706,0.13935390399032302,0.016024131327867508,0.0013183746486902237,-4.283375263214111,,,
3692,1.2177105378359556,0.17945243153343143,0.014070868492126465,0.001475827069953084,-4.283295154571533,,,
3693,1.1360909435898066,0.10472169175225962,0.024500863626599312,0.0014657678548246622,-4.2808003425598145,,,
3694,1.1928735570982099,0.14624919864487934,0.026971638202667236,0.0015320924576371908,-4.2803874015808105,,,
3695,1.1776912324130535,0.1361932811786417,0.010050158947706223,0.0014449901646003127,-4.279399394989014,,,
3696,1.1813607327640057,0.14818862368409863,0.025067415088415146,0.001562872203066945,-4.278628826141357,,,
3697,1.1507973121479154,0.11281827801071137,0.025617968291044235,0.0014888470759615302,-4.270107269287109,,,
3698,1.1926414836198092,0.1514717580640341,0.0022430280223488808,0.001556280185468495,-4.268826007843018,,,
3699,1.1771689858287573,0.14723815310303073,-0.02102958783507347,0.0014574778033420444,-4.26847505569458,1.1742488034069538,0.2701932267396428,0.13617348961158604
3700,1.215414173901081,0.1657005884604455,-0.0026106033474206924,0.0015244849491864443,-4.264648914337158,,,
3701,1.1750853070989251,0.1370957003290535,0.031628359109163284,0.0016225805738940835,-4.267951488494873,,,
3702,1.2007682081311941,0.15435018942674966,-0.01157582551240921,0.0015979540767148137,-4.263762950897217,,,
3703,1.186361731030047,0.15060192170917008,-0.014955074526369572,0.001544976606965065,-4.262657642364502,,,
3704,1.1588107272982597,0.12116467977344218,0.06779538094997406,0.0014905083226040006,-4.2569661140441895,,,
3705,1.1745869237929583,0.13653567266104538,0.03837636858224869,0.0014924382558092475,-4.25626802444458,,,
3706,1.2127903420478106,0.17023008360182446,0.06200011074542999,0.001626357319764793,-4.259483814239502,,,
3707,1.1570273824036121,0.12598896736875287,0.04000842571258545,0.0016296261455863714,-4.264590740203857,,,
3708,1.2244069082662463,0.1678804459628962,0.044080205261707306,0.0016324665630236268,-4.261723041534424,,,
3709,1.1981277773156762,0.15703031900276976,0.01377640850841999,0.0014799146447330713,-4.26405668258667,,,
3710,1.1630235323682427,0.11995122239496303,-0.04112774878740311,0.0014337191823869944,-4.262546062469482,,,
3711,1.1645443979650736,0.1298747748190678,0.03147530555725098,0.001577100483700633,-4.2595906257629395,,,
3712,1.1908415770158172,0.15334663790465117,0.03962407261133194,0.0014275300782173872,-4.261311054229736,,,
3713,1.1763099813833833,0.1334157492783056,0.024174422025680542,0.0014945399016141891,-4.256774425506592,,,
3714,1.2104269936680794,0.17194260758649307,-0.016880158334970474,0.0015323532279580832,-4.253974437713623,,,
3715,1.1644850755110383,0.12337866310686757,-0.001823538914322853,0.0014045564457774162,-4.252525329589844,,,
3716,1.1593815106898546,0.126912732097915,0.028314001858234406,0.0014478106750175357,-4.2551798820495605,,,
3717,1.1543694641441107,0.12102112970983708,0.04373888298869133,0.001517856726422906,-4.255253314971924,,,
3718,1.1400997377932072,0.10874020663100097,0.02639107219874859,0.0014543157303705812,-4.252406597137451,,,
3719,1.1549876034259796,0.12067465958959331,0.05461850017309189,0.0014731569681316614,-4.2532734870910645,,,
3720,1.1512845670804381,0.11444829477586427,0.03431956097483635,0.0014299083268269897,-4.252471446990967,,,
3721,1.1501345140859485,0.11240502517670117,0.0038527436554431915,0.0015704770339652896,-4.259514331817627,,,
3722,1.123245949856937,0.08848623104804995,0.009383320808410645,0.0015268978895619512,-4.25712251663208,,,
3723,1.1343637313693762,0.09852374900186472,-0.04033324494957924,0.0017438913928344846,-4.253840923309326,,,
3724,1.1772784776985645,0.13983820293993773,0.014459722675383091,0.0015217427862808108,-4.253448963165283,1.1724823461845517,0.265927930399305,0.135343706275935
3725,1.1984169026836753,0.14646035898783696,0.0560934916138649,0.0015772328479215503,-4.2439494132995605,,,
3726,1.1372870299965143,0.1026900107452979,-0.01417453307658434,0.001663415809161961,-4.244110584259033,,,
3727,1.1566538726910949,0.11353504116691382,0.02356766164302826,0.0014465616550296545,-4.240981578826904,,,
3728,1.1906547360122204,0.1404724816856508,0.004018481820821762,0.0018315425841137767,-4.235188007354736,,,
3729,1.2192508205771446,0.17332035599795137,0.007643954362720251,0.0014624595642089844,-4.229328155517578,,,
3730,1.1128670303151011,0.0839452475168267,0.034499749541282654,0.0016425856156274676,-4.229140758514404,,,
3731,1.1523902360349894,0.11707216093867767,0.014239029958844185,0.00167130830232054,-4.2322845458984375,,,
3732,1.1996009731665254,0.16064139005600708,-0.004828889854252338,0.0015027517220005393,-4.234489917755127,,,
3733,1.1993091525509953,0.16539317273854978,0.02207111194729805,0.001568114967085421,-4.23630952835083,,,
3734,1.1678333906456828,0.13426893903007348,0.029101073741912842,0.0014236082788556814,-4.241089344024658,,,
3735,1.255684974603355,0.19839317413632104,0.06566810607910156,0.0015583293279632926,-4.24094820022583,,,
3736,1.1947212554514408,0.14133424470691802,0.020277703180909157,0.001473763957619667,-4.235854625701904,,,
3737,1.1888346020132303,0.15177329435608866,0.025980006903409958,0.0013684449950233102,-4.224990367889404,,,
3738,1.2448818227276206,0.19277477576997853,0.01243510376662016,0.0015165784861892462,-4.236068248748779,,,
3739,1.2123150639235973,0.16916686246233914,0.03017103113234043,0.0014470265014097095,-4.2355570793151855,,,
3740,1.2114896029233932,0.16700138307205314,0.009650679305195808,0.0014554179506376386,-4.232193470001221,,,
3741,1.1529469080269337,0.12429963163424929,0.018322551622986794,0.0014357183827087283,-4.223167896270752,,,
3742,1.1841918556019664,0.1470759162664277,0.017384203150868416,0.001404449576511979,-4.214050769805908,,,
3743,1.2111499486491084,0.16830726092157855,0.0016760015860199928,0.0014412415912374854,-4.219069957733154,,,
3744,1.1349387411028147,0.10882779084907115,0.03046640008687973,0.0014232333051040769,-4.215125560760498,,,
3745,1.1585606951266527,0.12140471016046933,0.0311883557587862,0.0014730216935276985,-4.20703125,,,
3746,1.2149580027908087,0.16611569368161067,0.05033005401492119,0.0014731448609381914,-4.209225177764893,,,
3747,1.1714759282767773,0.13300186676483364,0.004629506729543209,0.0017734860302880406,-4.217453479766846,,,
3748,1.19931810349226,0.15551956618912002,0.056563377380371094,0.0015578333986923099,-4.22212553024292,,,
3749,1.222818867303431,0.167079949955372,0.054549332708120346,0.0016296900575980544,-4.216763019561768,1.1731204269453883,0.267927099641613,0.13563527245595064
3750,1.1303296219557524,0.1014944813435086,0.0433916375041008,0.0015564776258543134,-4.217522144317627,,,
3751,1.1568752266466618,0.12900639534663771,0.007868200540542603,0.0015377040253952146,-4.215912342071533,,,
3752,1.1583981486037374,0.12360384611880476,0.020503323525190353,0.0015606709057465196,-4.214904308319092,,,
3753,1.178985041566193,0.14029568873656342,0.012901675887405872,0.0014558633556589484,-4.206959247589111,,,
3754,1.2246201047673821,0.17454680402884218,0.01615692488849163,0.0014755132142454386,-4.197646617889404,,,
3755,1.1612359201535583,0.12097961982582384,0.01019805483520031,0.001687984331510961,-4.194000720977783,,,
3756,1.1782618192955852,0.1221366368338681,0.04159222170710564,0.0018644229276105762,-4.191592693328857,,,
3757,1.1721225129440427,0.13584326459892548,-0.006331951357424259,0.001492245472036302,-4.189987659454346,,,
3758,1.227006709203124,0.17638750121405922,0.018077565357089043,0.0016555842012166977,-4.190608501434326,,,
3759,1.0982115343213081,0.06966106267042478,0.017939133569598198,0.0014673882396891713,-4.189380168914795,,,
3760,1.1663917154073715,0.1200786349032851,-0.010242456570267677,0.0017966628074645996,-4.18894624710083,,,
3761,1.2310489434748888,0.1714899014722022,0.018569663166999817,0.0017461426323279738,-4.191234111785889,,,
3762,1.1617204323410988,0.13046690169407507,-0.015053453855216503,0.0014915530337020755,-4.185055255889893,,,
3763,1.1357464157044888,0.09824567517304136,0.046979520469903946,0.0015932476380839944,-4.182288646697998,,,
3764,1.142240684479475,0.11429635258043006,0.027912436053156853,0.0015430229250341654,-4.1775593757629395,,,
3765,1.1711524184793234,0.13220130656532433,0.0010193418711423874,0.001438103849068284,-4.182129383087158,,,
3766,1.19492840860039,0.15819900649255453,0.05274137854576111,0.0017462202813476324,-4.1817240715026855,,,
3767,1.1559432037174702,0.11885054000489653,0.0587427020072937,0.0016333769308403134,-4.178199768066406,,,
3768,1.1482282560318708,0.10533705881352758,-0.026817306876182556,0.001565980026498437,-4.186225414276123,,,
3769,1.1704603945836425,0.13204792710947882,0.015317258425056934,0.0015723055694252253,-4.192805767059326,,,
3770,1.2123785428702831,0.1675090686688244,0.009410059079527855,0.0014320738846436143,-4.197932720184326,,,
3771,1.1947655770927668,0.15575614871134974,0.011926519684493542,0.001770483679138124,-4.212296009063721,,,
3772,1.1902601141482592,0.13903755063794693,0.032422129064798355,0.0015978754963725805,-4.220978260040283,,,
3773,1.26577849406749,0.20530449433942646,0.03516734763979912,0.0016617100918665528,-4.2170186042785645,,,
3774,1.1283990619704127,0.10026336629299229,-0.03998628258705139,0.0014840802177786827,-4.206661701202393,1.1732843108475208,0.2712152306903893,0.1353551830010095
3775,1.1910749394446611,0.14819566527791753,-0.0139921884983778,0.0015946937492117286,-4.203845500946045,,,
3776,1.1447731424123049,0.10352869121181549,-0.009189070202410221,0.0017299571773037314,-4.201213836669922,,,
3777,1.1844965480268002,0.1441403956888343,0.027073003351688385,0.0017013141186907887,-4.205780506134033,,,
3778,1.190665070898831,0.14883345563736727,0.01989533193409443,0.001596669782884419,-4.2030792236328125,,,
3779,1.212025229819119,0.17178258706442065,0.04026810824871063,0.001748752547428012,-4.214073181152344,,,
3780,1.140476232394576,0.10303566991367263,0.03790603578090668,0.0016840471653267741,-4.2138590812683105,,,
3781,1.2125181080773473,0.1712695317856217,0.01134257297962904,0.0015089291846379638,-4.205742359161377,,,
3782,1.1741852257400751,0.14444859225600476,0.03432368487119675,0.001426612725481391,-4.2066121101379395,,,
3783,1.2286755936220288,0.18234538871451728,-0.003893735818564892,0.0013502624351531267,-4.199668884277344,,,
3784,1.1933603985235095,0.15567976232497638,0.014904160052537918,0.0013600686797872186,-4.200802326202393,,,
3785,1.1318791415542364,0.09786567755850566,0.02121923118829727,0.0014812753070145845,-4.2026286125183105,,,
3786,1.1691980632022023,0.1262909409719431,0.02330312877893448,0.0016926603857427835,-4.199382781982422,,,
3787,1.1659333556890488,0.13485529324964046,0.02829596772789955,0.0015567503869533539,-4.207489490509033,,,
3788,1.144711321219802,0.11384728265340177,-0.02201489731669426,0.0015556818107143044,-4.2111735343933105,,,
3789,1.2006544219329953,0.15798645485536467,0.004222733899950981,0.001371300662867725,-4.212661266326904,,,
3790,1.1881968881934881,0.14911924719357794,-0.017320772632956505,0.001436520367860794,-4.215965747833252,,,
3791,1.1582042910158634,0.12626100567914422,0.03087061643600464,0.001405123621225357,-4.219177722930908,,,
3792,1.1755727548152208,0.1366661375317888,0.0466332845389843,0.0013219144893810153,-4.221415996551514,,,
3793,1.1652487479150295,0.12758129460861445,-0.025046929717063904,0.0014319829642772675,-4.222747325897217,,,
3794,1.213235443457961,0.1722622902519791,0.0047752149403095245,0.0013941718498244882,-4.218460559844971,,,
3795,1.1134547349065542,0.08397655511165844,0.04645919054746628,0.0013385580386966467,-4.215030193328857,,,
3796,1.1450120890513062,0.10538287636602965,0.05428672581911087,0.001449616509489715,-4.211723327636719,,,
3797,1.124505914747715,0.09671978207029513,0.036812517791986465,0.001326229190453887,-4.217231750488281,,,
3798,1.1652510734274983,0.12436966915834098,0.038874708116054535,0.0015077702701091766,-4.220771789550781,,,
3799,1.1760307801887393,0.13651403203632717,0.029502389952540398,0.0015814740909263492,-4.224995136260986,1.171610857360065,0.265420535006067,0.13462450788283115
3800,1.2140980400145054,0.16293436178184906,-0.027647528797388077,0.0015454331878572702,-4.225837230682373,,,
3801,1.1694249454885721,0.13269481883574286,0.01770218089222908,0.0015667183324694633,-4.2292561531066895,,,
3802,1.1153855910524726,0.09334307874749767,0.008136037737131119,0.001375723397359252,-4.224213123321533,,,
3803,1.1345477504655719,0.10753155146704939,0.0044683655723929405,0.0015191035345196724,-4.217326641082764,,,
3804,1.2204048642888665,0.17084753289354193,0.06017910689115524,0.001583358971402049,-4.21394681930542,,,
3805,1.133220755495131,0.09527566704845214,-0.011118392460048199,0.001496941433288157,-4.216434001922607,,,
3806,1.1753400480374694,0.14499159411959905,0.016146717593073845,0.0015905062900856137,-4.2169952392578125,,,
3807,1.1532323341816664,0.12141920283362573,0.0269332192838192,0.0013639185344800353,-4.222103595733643,,,
3808,1.18520094640553,0.1480214547279748,0.009145130403339863,0.0014934322098270059,-4.226851940155029,,,
3809,1.2391913793981075,0.19511195898816192,0.029568355530500412,0.001418423024006188,-4.226634502410889,,,
3810,1.1678306516259909,0.12966969992980396,0.04072379320859909,0.0015252312878146768,-4.2206196784973145,,,
3811,1.1786226471886039,0.1393985463646361,0.04223160445690155,0.001602807780727744,-4.220778942108154,,,
3812,1.2555115846917033,0.2065747656090277,0.05810553580522537,0.001598318456672132,-4.218510150909424,,,
3813,1.1715007778257132,0.12780062156030372,0.025566253811120987,0.0015560040483251214,-4.216431140899658,,,
3814,1.1722090253606439,0.138664584361741,0.02582692727446556,0.0014036752982065082,-4.213005542755127,,,
3815,1.1417152853682637,0.1104783046371284,0.006365177687257528,0.0015271821757778525,-4.214230060577393,,,
3816,1.1991087356582284,0.16604795323543156,-0.002242256887257099,0.0014803602825850248,-4.214230060577393,,,
3817,1.2111438736319542,0.16959309271289094,0.04976195469498634,0.0013948822161182761,-4.22344970703125,,,
3818,1.1809493908658624,0.1441405792562084,0.018932610750198364,0.0017009067814797163,-4.229953289031982,,,
3819,1.1173885874450207,0.09201617980570687,0.0027705077081918716,0.0013533203164115548,-4.229777812957764,,,
3820,1.1187522783875465,0.08994493416409954,0.014683841727674007,0.001429997617378831,-4.232475280761719,,,
3821,1.1984133254736662,0.1583390973954018,0.055270012468099594,0.0014343321090564132,-4.232055187225342,,,
3822,1.1491764383390546,0.11910772897708885,0.06514295935630798,0.0014993689255788922,-4.236609935760498,,,
3823,1.1296401442959905,0.10610010546161752,0.014859793707728386,0.001493912423029542,-4.237457752227783,,,
3824,1.1851521478965878,0.14542920304088064,0.011515846475958824,0.0015760160749778152,-4.2370147705078125,1.1718861246481538,0.26633274188866707,0.1347203974204578
3825,1.2299061641097069,0.1898351850775658,0.0359005481004715,0.0012600062182173133,-4.236762523651123,,,
3826,1.222237159498036,0.1799817974987734,0.047040510922670364,0.0013097866903990507,-4.235439777374268,,,
3827,1.193547822535038,0.15319310390267182,0.044984057545661926,0.0014764982042834163,-4.242462635040283,,,
3828,1.1899548908695579,0.15205720751593682,-0.01257606316357851,0.001422995701432228,-4.248809337615967,,,
3829,1.2227569920942187,0.1765696000718363,0.018259039148688316,0.0015176339074969292,-4.247313976287842,,,
3830,1.1229183161631227,0.09133900324019549,0.04363977164030075,0.0014010949525982141,-4.246792316436768,,,
3831,1.2271278286352754,0.1651040483077977,0.05174605920910835,0.001511012320406735,-4.24924898147583,,,
3832,1.1857471065595746,0.14049682718206521,-0.0037736520171165466,0.0017766573000699282,-4.246303081512451,,,
3833,1.2490374771878123,0.18992173324546618,0.02632809616625309,0.0015792915364727378,-4.241268157958984,,,
3834,1.219420861452818,0.1787124244267867,0.029101863503456116,0.0014926438452675939,-4.240138530731201,,,
3835,1.1902692075818777,0.15561582140044133,0.023900581523776054,0.0014972491189837456,-4.237445831298828,,,
3836,1.1552971117198467,0.12493412291257304,0.07109250128269196,0.0014502548146992922,-4.2391276359558105,,,
3837,1.1484573343768716,0.11689488986882712,-0.0004122033715248108,0.001375898951664567,-4.2412800788879395,,,
3838,1.1969962026923895,0.15882157373682232,0.04313506931066513,0.0013980141375213861,-4.243927001953125,,,
3839,1.2160724494606256,0.177297349718057,0.004007513634860516,0.0014446532586589456,-4.248447895050049,,,
3840,1.2261837106198072,0.18387105912368162,-0.004219716414809227,0.0016828019870445132,-4.253048419952393,,,
3841,1.247531432658434,0.2004477682424494,0.036168958991765976,0.0015909740468487144,-4.256420612335205,,,
3842,1.1912207109853625,0.150811391713214,0.04398585855960846,0.0013610710157081485,-4.2538228034973145,,,
3843,1.188387637026608,0.1498238975131953,0.00849542859941721,0.0014201522571966052,-4.2477803230285645,,,
3844,1.1613398548215628,0.1221769741202755,0.012636530213057995,0.0014586494071409106,-4.2496490478515625,,,
3845,1.186955171637237,0.14865594878947336,0.010573753155767918,0.0015386274317279458,-4.256725788116455,,,
3846,1.2033675042912364,0.15693218315138996,-0.004477379843592644,0.0016396634746342897,-4.262180328369141,,,
3847,1.2469274429604411,0.1919720079634622,0.05064322054386139,0.0015385709702968597,-4.26401948928833,,,
3848,1.1887127868831158,0.14468003272092617,0.04095758497714996,0.0017541939159855247,-4.263138294219971,,,
3849,1.134411714039743,0.11198069261545758,-0.002541514113545418,0.0014680412132292986,-4.260151386260986,1.1715604532510042,0.26290113372320334,0.13484318379341897
3850,1.17491695843637,0.13844132273496731,0.00577206676825881,0.0014030885649845004,-4.255226135253906,,,
3851,1.1569651812314987,0.12036738153589088,0.029205460101366043,0.0016226988518610597,-4.252171039581299,,,
3852,1.2139747394248843,0.16715771029236612,0.022876162081956863,0.0014212095411494374,-4.248836040496826,,,
3853,1.2307756207883358,0.17710054421460406,-0.008169461041688919,0.0016281543066725135,-4.245502948760986,,,
3854,1.1880941931158304,0.1447891739422478,0.04145050421357155,0.0015812678029760718,-4.247517108917236,,,
3855,1.1842550532892346,0.1411639898539607,0.06173047423362732,0.0016003126511350274,-4.2457051277160645,,,
3856,1.2121327351778746,0.16294245773953636,0.018569571897387505,0.0016452961135655642,-4.241374492645264,,,
3857,1.0851084170863032,0.0639954861212583,0.012860732153058052,0.0014019052032381296,-4.239905834197998,,,
3858,1.1464033592492342,0.10801249688951453,0.020548153668642044,0.0015924593899399042,-4.239426136016846,,,
3859,1.1805104929953814,0.1458544010584307,-0.008093300275504589,0.0014232926769182086,-4.247154712677002,,,
3860,1.1957733454182744,0.15511850441389213,0.01891271583735943,0.001581564312800765,-4.2486796379089355,,,
3861,1.1774009726941586,0.14616641267492955,0.031207410618662834,0.0013654602225869894,-4.253998279571533,,,
3862,1.1299179755151272,0.10591812124606553,0.051010508090257645,0.0012872660299763083,-4.254512786865234,,,
3863,1.1709545562043786,0.13223887370689716,0.037034131586551666,0.001511975540779531,-4.256377696990967,,,
3864,1.1687095863744617,0.13927463535698428,0.015387242659926414,0.0013725621392950416,-4.264149188995361,,,
3865,1.1842520544305444,0.14237380359681007,0.02621721290051937,0.001328711281530559,-4.261397838592529,,,
3866,1.2054720940068364,0.1642267382482432,0.04803605377674103,0.0014291309053078294,-4.2578959465026855,,,
3867,1.1896321326494217,0.1496486155517462,0.017449388280510902,0.0014136910904198885,-4.258556842803955,,,
3868,1.1599057307466865,0.11975699169989454,0.018653374165296555,0.0015290416777133942,-4.256519794464111,,,
3869,1.1638500140979886,0.11860984306398115,0.021459832787513733,0.0015730932354927063,-4.24705171585083,,,
3870,1.2396512757986784,0.19318045932386652,0.00203898549079895,0.0015803271671757102,-4.239295959472656,,,
3871,1.1505318470299244,0.11318410466454018,0.016951464116573334,0.0017390360590070486,-4.237700939178467,,,
3872,1.2266368651762605,0.18035816162315998,0.03246048837900162,0.001505071297287941,-4.236988544464111,,,
3873,1.1564316833391786,0.1218261459461688,0.015906820073723793,0.0017411333974450827,-4.247032642364502,,,
3874,1.1858870098367333,0.14589848869971536,0.044010668992996216,0.0015653526643291116,-4.252705097198486,1.1694330452010036,0.25739895326246975,0.13373057331974225
3875,1.1623546862974763,0.12509968772615832,-0.020286105573177338,0.0016012650448828936,-4.254459381103516,,,
3876,1.1612507794052362,0.12742625383983297,-0.020321335643529892,0.0014860039809718728,-4.253109455108643,,,
3877,1.2156905103474855,0.17738847237560254,0.030900537967681885,0.0013314483221620321,-4.242454528808594,,,
3878,1.1284534856677055,0.10229984350010435,0.015884894877672195,0.0014816876500844955,-4.245994567871094,,,
3879,1.1274644583463669,0.09661234990799143,0.018186096101999283,0.001507755951024592,-4.241012096405029,,,
3880,1.1304367706179619,0.10820412613481202,0.050383709371089935,0.0013254439691081643,-4.234675884246826,,,
3881,1.23362245131284,0.19036890797753875,0.026866797357797623,0.0014794014859944582,-4.228523254394531,,,
3882,1.1673835450783372,0.12711383341261737,0.00849178247153759,0.0016488991677761078,-4.235397815704346,,,
3883,1.0970547161996365,0.07404872679375307,0.015428964979946613,0.0014726035296916962,-4.232887268066406,,,
3884,1.2452447395771742,0.20036490906810506,0.05748395621776581,0.0015335598727688193,-4.235538005828857,,,
3885,1.2364143272861838,0.18418364704575724,0.03802818804979324,0.0016189918387681246,-4.241161823272705,,,
3886,1.209629025310278,0.16447057564588613,0.014570111408829689,0.0017468632431700826,-4.240149974822998,,,
3887,1.228340438567102,0.17919797225722378,-0.0038183676078915596,0.0015684813261032104,-4.243693828582764,,,
3888,1.2387660797685385,0.19404216656336815,0.01841430366039276,0.0013587065041065216,-4.240570545196533,,,
3889,1.113270347006619,0.0913799359293608,0.07653652876615524,0.0016301737632602453,-4.235302448272705,,,
3890,1.1554115358740091,0.1230238302737698,0.044026006013154984,0.0014545999001711607,-4.233643054962158,,,
3891,1.2081480771303177,0.17100690465376295,0.03348895162343979,0.00134086178150028,-4.2223896980285645,,,
3892,1.250609959475696,0.20648478810857268,0.057393744587898254,0.0012203780934214592,-4.2264933586120605,,,
3893,1.163493450731039,0.1274577199841368,0.04082447662949562,0.001474487711675465,-4.223602771759033,,,
3894,1.137079432606697,0.09980229469381581,0.025961589068174362,0.0015061439480632544,-4.225070476531982,,,
3895,1.192098505795002,0.15389386917282968,-0.014108497649431229,0.0016373393591493368,-4.231773376464844,,,
3896,1.1840102467685938,0.14316990087456788,0.013826089911162853,0.0013246089220046997,-4.233303546905518,,,
3897,1.184592085890472,0.15606866788772933,-0.02393212728202343,0.0013900351477786899,-4.231770038604736,,,
3898,1.153922088444233,0.11789934388855672,0.0240822434425354,0.0014560648705810308,-4.2301106452941895,,,
3899,1.1949205631390214,0.15317084446814414,0.02735723927617073,0.001353096798993647,-4.225463390350342,1.1677930736914277,0.2525562076104995,0.13297739924244037
3900,1.212341302074492,0.17027546219112505,0.040248144418001175,0.0014107528841122985,-4.223781108856201,,,
3901,1.1801216565072536,0.1374334754413442,0.01828008145093918,0.0016268283361569047,-4.223320484161377,,,
3902,1.158500055782497,0.12001643779304161,0.04913592338562012,0.0016292418586090207,-4.2219085693359375,,,
3903,1.1927708592265844,0.15213152784173256,0.017819300293922424,0.001632070168852806,-4.222049236297607,,,
3904,1.1375934015959501,0.11023205968397455,0.03923946991562843,0.001552291214466095,-4.217475891113281,,,
3905,1.1720666848123074,0.1348113373375982,0.03313898295164108,0.0015155425062403083,-4.214290142059326,,,
3906,1.2327825305983424,0.18254893667184158,0.022232860326766968,0.0016418546438217163,-4.215602397918701,,,
3907,1.1590663492679596,0.1263354287453286,0.013301395811140537,0.0015439410926774144,-4.216525554656982,,,
3908,1.1704865088686347,0.13086037514616292,0.03961656987667084,0.0014666533097624779,-4.2225565910339355,,,
3909,1.1269896421581507,0.09724297726153669,0.03316829353570938,0.0014149610651656985,-4.232147693634033,,,
3910,1.211934020742774,0.16718890827461763,0.06562548130750656,0.0014320764457806945,-4.2389302253723145,,,
3911,1.2320809504017234,0.17881832106414058,0.012541086412966251,0.0015533551340922713,-4.2365498542785645,,,
3912,1.167376797646284,0.13510260121590886,0.05062370374798775,0.0016179346712306142,-4.2376861572265625,,,
3913,1.1164650106802583,0.0917912240446622,0.025848034769296646,0.0013481711503118277,-4.229584217071533,,,
3914,1.1773725654929876,0.14005570691656588,0.02383025735616684,0.0013356043491512537,-4.228382587432861,,,
3915,1.1705749668180943,0.1353665620160988,0.0038208579644560814,0.0015431524952873588,-4.2247090339660645,,,
3916,1.1772163482382894,0.14110236815507626,0.00826070737093687,0.0015755633357912302,-4.224945545196533,,,
3917,1.140682122670114,0.10608181078267408,0.004865194670855999,0.001429567113518715,-4.2241129875183105,,,
3918,1.1349705131724477,0.11186052641435903,-0.020360391587018967,0.0013720933347940445,-4.224494457244873,,,
3919,1.2345657050609589,0.1841709583369349,-0.024570254608988762,0.0015018124831840396,-4.225833415985107,,,
3920,1.2200100738555193,0.1769418001992616,0.0016371048986911774,0.0015004102606326342,-4.2263407707214355,,,
3921,1.1676968447864056,0.14398001608552874,0.04709015041589737,0.0013125656405463815,-4.229988098144531,,,
3922,1.166534430347383,0.12871205776820877,0.03228988125920296,0.0013550586299970746,-4.232356548309326,,,
3923,1.1164523996412754,0.09595461614095668,0.05933850631117821,0.001321548828855157,-4.238555431365967,,,
3924,1.1986620109528303,0.15515303932233396,0.031527649611234665,0.001404157024808228,-4.2342448234558105,1.1693831263110042,0.2564512486834046,0.13392713820108437
3925,1.1732592480257154,0.1375808816429822,-0.03472534567117691,0.001734718563966453,-4.233886241912842,,,
3926,1.1452785348519683,0.11192555004503671,0.03402237966656685,0.001377241569571197,-4.237572193145752,,,
3927,1.1684111095964909,0.12551561573021802,0.0038089342415332794,0.001446566660888493,-4.236835956573486,,,
3928,1.1991776982322335,0.15483918418318782,0.0445670485496521,0.0017147449543699622,-4.236743450164795,,,
3929,1.2691147979348898,0.2018421243637753,0.01161284651607275,0.0017535605002194643,-4.237197399139404,,,
3930,1.1942620007321239,0.150552667905738,0.002193608321249485,0.0015813352074474096,-4.2350687980651855,,,
3931,1.1617199797183275,0.12512920293367497,0.014842888340353966,0.0014699941966682673,-4.235935688018799,,,
3932,1.1302040619775653,0.0985106499537696,0.02942415326833725,0.001567051513120532,-4.238765239715576,,,
3933,1.1683717342093587,0.13170398287246404,0.014658622443675995,0.0014792635338380933,-4.236114978790283,,,
3934,1.1514158407226205,0.11457133894079308,0.020502258092164993,0.0014866383280605078,-4.237144947052002,,,
3935,1.1813457496464252,0.14685452006879823,0.02008962444961071,0.001596407382749021,-4.233520984649658,,,
3936,1.1548782689496875,0.120781167491683,0.004085799679160118,0.0014119873521849513,-4.214729309082031,,,
3937,1.1375393783673644,0.11025412094758934,0.03584108501672745,0.00139984383713454,-4.210598468780518,,,
3938,1.1793207172304392,0.14259768284795427,0.0014110337942838669,0.00152410170994699,-4.2162017822265625,,,
3939,1.1487781424075365,0.11720385405053693,0.015588652342557907,0.001270385691896081,-4.213656902313232,,,
3940,1.1564367013052106,0.11847904212619353,0.014499867334961891,0.001381615991704166,-4.211329936981201,,,
3941,1.1911937613040209,0.15226445533511207,-0.02628231979906559,0.001636895933188498,-4.209823131561279,,,
3942,1.155776945874095,0.11285073920249832,-0.04357976093888283,0.0016613632906228304,-4.213016510009766,,,
3943,1.180492884479463,0.14756253822894283,0.04303643852472305,0.00145132711622864,-4.207038402557373,,,
3944,1.181841341778636,0.1471450751942326,0.007272361312061548,0.0013014873256906867,-4.199901103973389,,,
3945,1.1744034001603723,0.13653957519837107,0.012373826466500759,0.0015019079437479377,-4.203293323516846,,,
3946,1.1827792143449187,0.14091316016284303,0.041167449206113815,0.0015810017939656973,-4.211018085479736,,,
3947,1.2786153787747025,0.20864775160213284,0.03776726499199867,0.0018127122893929482,-4.215831279754639,,,
3948,1.1407524859532714,0.1109570976899163,-0.005681054666638374,0.0018380986293777823,-4.213832378387451,,,
3949,1.1588016944006085,0.12161321429967374,0.028884584084153175,0.0015795056242495775,-4.211390972137451,1.167852289043367,0.252434425804555,0.13314698694752064
3950,1.2121938960626721,0.17033660749814822,0.02766013890504837,0.001721646054647863,-4.214775562286377,,,
3951,1.1763770217075944,0.14114069955827113,0.06477351486682892,0.001455603982321918,-4.216492176055908,,,
3952,1.1395452059805393,0.11081933474533075,0.008905770257115364,0.0014782649232074618,-4.212513446807861,,,
3953,1.1923574330285192,0.14855845926047787,-0.026830583810806274,0.0014878509100526571,-4.206993579864502,,,
3954,1.170949819497764,0.13040222826630943,0.04575326293706894,0.0013575280318036675,-4.205779552459717,,,
3955,1.1627024970948696,0.1298458255819354,0.04451955109834671,0.0015197506872937083,-4.210865020751953,,,
3956,1.163062614388764,0.12914330217170192,-0.04345245659351349,0.0017066904110834002,-4.213649272918701,,,
3957,1.2158329924568534,0.17321882070109085,0.007241544313728809,0.001412458484992385,-4.210700511932373,,,
3958,1.1977611053735018,0.1438319892062816,0.00787028856575489,0.0015141034964472055,-4.212043285369873,,,
3959,1.1216350067406893,0.09051040254482912,0.02894774079322815,0.0015185201773419976,-4.211838245391846,,,
3960,1.2134400783106685,0.16111071700767926,0.05802299454808235,0.00162743148393929,-4.214087963104248,,,
3961,1.1766993096098304,0.14121898066661137,0.05307469144463539,0.0015989227686077356,-4.211456775665283,,,
3962,1.183938472531736,0.148327548776798,0.011685466393828392,0.0015935705741867423,-4.211334228515625,,,
3963,1.162737232632935,0.1288082756908795,0.03750612959265709,0.0015090674860402942,-4.209736347198486,,,
3964,1.2149074571207166,0.17590051833706544,0.05529634281992912,0.001540791243314743,-4.208343505859375,,,
3965,1.1833250159397721,0.1475376846736855,-0.01879109814763069,0.0016130885342136025,-4.211655139923096,,,
3966,1.236506100744009,0.18223556713939934,0.044938892126083374,0.001695459708571434,-4.209727764129639,,,
3967,1.251911686733365,0.19242147762124193,0.03651180863380432,0.0015845086891204119,-4.2045512199401855,,,
3968,1.1705892300233245,0.1316100591065134,0.05552229285240173,0.0016528626438230276,-4.2014079093933105,,,
3969,1.2129135867580771,0.17541613485337237,0.014475679025053978,0.0014423253014683723,-4.205845355987549,,,
3970,1.2166048716753721,0.1710501210336589,-0.003861311823129654,0.001589620253071189,-4.20259428024292,,,
3971,1.1666042292490602,0.13838040529684903,0.04324738681316376,0.0013727780897170305,-4.201694965362549,,,
3972,1.1529264580458403,0.12008917929959476,0.014441121369600296,0.00143532978836447,-4.2116923332214355,,,
3973,1.2018287647515535,0.16225314899259008,-0.003484165295958519,0.0014873823383823037,-4.220390796661377,,,
3974,1.194971033371985,0.13666635621840076,0.010362491011619568,0.0014872656902298331,-4.219577789306641,1.1666065212339163,0.25046241968835786,0.1323102624178003
3975,1.1597421951591969,0.13171512368899962,0.01772371307015419,0.001684056594967842,-4.2198405265808105,,,
3976,1.217099362052977,0.1752899066714076,0.06516338884830475,0.0013224902795627713,-4.222350597381592,,,
3977,1.2132888492196798,0.17468226569259843,0.019106296822428703,0.0012838890543207526,-4.228649616241455,,,
3978,1.2043923120945692,0.16068204210855752,0.05542225390672684,0.001482062041759491,-4.223877429962158,,,
3979,1.1899145068600774,0.15327907141377672,0.009380130097270012,0.001339945592917502,-4.221973896026611,,,
3980,1.226686980575323,0.1761402777939152,-0.0006910404190421104,0.0015681649092584848,-4.228129863739014,,,
3981,1.1993965106084943,0.15348127662405806,0.0023019779473543167,0.0014730857219547033,-4.230926990509033,,,
3982,1.1871922565624118,0.15583127071975758,0.014421933330595493,0.001561812125146389,-4.233292102813721,,,
3983,1.2138096801936626,0.16637933406575467,0.007515300996601582,0.0015439039561897516,-4.227066516876221,,,
3984,1.1754944287240505,0.14084423788992684,0.022009165957570076,0.001423091278411448,-4.226535797119141,,,
3985,1.1976200509816408,0.15908081866707718,0.0357184037566185,0.0014569051563739777,-4.226097583770752,,,
3986,1.1445427192375064,0.11355916070689884,-0.014917843975126743,0.0015603649662807584,-4.222644805908203,,,
3987,1.1709702843800187,0.13394425771485788,0.00276383850723505,0.0014434901531785727,-4.229079723358154,,,
3988,1.1690495340153575,0.13301872652959107,0.0214568879455328,0.001508499146439135,-4.235245227813721,,,
3989,1.210593861527741,0.16396246674314346,0.015174154192209244,0.0015299638034775853,-4.240333080291748,,,
3990,1.1787001332268119,0.13543711865519642,0.02914060652256012,0.0016671802150085568,-4.242565631866455,,,
3991,1.1768003636971116,0.13662690474235994,-0.011754268780350685,0.0015210724668577313,-4.242477893829346,,,
3992,1.1650128783658147,0.1278074749976943,-0.0019863462075591087,0.0016599800437688828,-4.245921611785889,,,
3993,1.1505581233650446,0.11147398867035137,0.03500309959053993,0.001652895356528461,-4.246417999267578,,,
3994,1.2043579975143075,0.16426166503793221,0.06397257000207901,0.0015877586556598544,-4.243396759033203,,,
3995,1.2068327954038978,0.14648306234943442,0.02640623226761818,0.0014588709454983473,-4.244354248046875,,,
3996,1.1639317385852337,0.12368988612427714,-0.009371967986226082,0.001516335061751306,-4.247497081756592,,,
3997,1.1396769052371383,0.11480635902174512,0.036048773676157,0.001486104796640575,-4.249588489532471,,,
3998,1.1412027906626463,0.10952447021199416,0.03499196097254753,0.0016580603551119566,-4.246554851531982,,,
3999,1.1907294169068336,0.14084745816170424,0.005764167755842209,0.0017686483915895224,-4.247184753417969,1.1679493114352226,0.25234846825470103,0.13312388244977222
