method,mean_terminal,std_terminal,median_terminal,mean_gross_lev,mean_cash_w,mean_turnover
EW,1.0673062317291084,0.27285477639615474,1.0717085530704307,0.9997243450094552,0.0002756549905447567,0.0
MeanVar,1.0026965102265875,0.22611636234930274,0.9812307179345856,1.5014195605829692,0.7630532350998357,0.0
MinVar,1.0678092852633128,0.2616810902109542,1.0651760295335269,0.999614014502388,0.0003859854976121168,0.0
RLMean,1.1693831621437052,0.24768463882302072,1.2045806255291893,1.2848980227684252,0.10788815501659868,0.0
