method,rebalance,leverage_cap,n_paths,mean_terminal,variance_terminal,std_terminal,terminal_sharpe,avg_path_sharpe_ann,p05_terminal,p50_terminal,p95_terminal,avg_gross_leverage,avg_cash_weight
EW,daily,1.5,500,1.0693345809368502,0.0746179829120517,0.27316292375073836,0.25382134582846283,0.2783165004565947,0.6115388364656059,1.0720377353721737,1.5331216618917243,1.0,0.0
MeanVar,daily,1.5,500,1.0033768282369044,0.051157435327852795,0.22618009489752364,0.01492982058582296,-0.01962777720269252,0.6724488099189999,0.9801419346275182,1.3895671420479163,1.5,0.7632772632772652
MinVar,daily,1.5,500,1.069651725359905,0.0686904759099456,0.26208867947690073,0.2657563291131913,0.3008009597604017,0.6479445253293293,1.0651929745699196,1.534425499376018,1.0,-9.304726301620358e-18
RLMean,daily,1.5,500,1.1800473479910143,0.05851888122666521,0.2419067614323031,0.7442840659970557,0.8900734862601847,0.7422307641865382,1.2319155470146546,1.4363780913900428,1.2679470357470308,0.12025596753375137
EW,monthly,1.5,500,1.0652778825213667,0.07442242805525241,0.27280474346178885,0.23928426497653627,0.27023436308945087,0.6077353306785159,1.0692755197230848,1.5267689285640034,0.9994486900189106,0.0005513099810895135
MeanVar,monthly,1.5,500,1.002016192216271,0.05120131793900872,0.2262770822222364,0.008910280247872073,-0.01694542641381419,0.666220578026414,0.9819129270450404,1.3907552127184333,1.5028391211659387,0.7628292069224061
MinVar,monthly,1.5,500,1.0659668451667206,0.06839393570430294,0.26152234264839197,0.2522417186183239,0.2938453863709832,0.6457193883925684,1.0651760295335269,1.5270582407172004,0.9992280290047757,0.000771970995224243
RLMean,monthly,1.5,500,1.158718976296396,0.06407151510358595,0.2531235174842234,0.6270416035376432,0.7786159487023927,0.7385919212101552,1.1780120112854517,1.4432349780287443,1.30184900978982,0.09552034249944598
