method,rebalance,leverage_cap,n_paths,mean_terminal,variance_terminal,std_terminal,terminal_sharpe,avg_path_sharpe_ann,p05_terminal,p50_terminal,p95_terminal,avg_gross_leverage,avg_cash_weight
EW,daily,none,500,1.0693345809368504,0.0746179829120517,0.27316292375073836,0.25382134582846366,0.2783165004565947,0.6115388364656059,1.072037735372174,1.5331216618917238,1.0,0.0
MeanVar,daily,none,500,1.072464014653673,0.07496222483291698,0.27379230236242397,0.26466783042625885,0.2777042029567418,0.6823171948859427,1.0532566567456658,1.5681011297177099,1.447904191616768,-1.7767374872944077e-15
MinVar,daily,none,500,1.0696517253599052,0.06869047590994562,0.26208867947690073,0.26575632911319214,0.3008009597604017,0.6479445253293292,1.0651929745699196,1.534425499376018,1.0,-9.244809503465986e-18
RLMean,daily,none,500,1.1966609099125312,0.03341379505442355,0.1827944065184259,1.0758584666687134,1.2454711318254932,0.7420206995512888,1.280798045010617,1.3071772297961368,1.0871175929014638,0.33517193181123606
EW,monthly,none,500,1.0652778825213667,0.07442242805525243,0.27280474346178885,0.23928426497653627,0.2702343630894509,0.6077353306785159,1.0692755197230848,1.5267689285640038,0.9994486900189106,0.0005513099810895137
MeanVar,monthly,none,500,1.07000720270809,0.07376849613655646,0.27160356429280613,0.2577550957049214,0.2797618233240131,0.6787050212462211,1.053672518436732,1.5628879110575375,1.4468635444095612,0.0007187265657691768
MinVar,monthly,none,500,1.0659668451667206,0.06839393570430294,0.26152234264839197,0.2522417186183239,0.2938453863709832,0.6457193883925684,1.0651760295335269,1.5270582407172004,0.9992280290047757,0.0007719709952242429
RLMean,monthly,none,500,1.1936198448932414,0.037064848507740666,0.19252233249091044,1.00570070177382,1.183046085026885,0.7779508618031588,1.2831967360965373,1.3153282977642062,1.1250449227095514,0.3414230820314438
