{
  "mode": "true_params",
  "seed": 0,
  "iters": 2000,
  "Lambda": 0.1,
  "alpha_theta": 1e-05,
  "alpha_phi": 0.0001,
  "alpha_w": 0.01,
  "omega_update_every": 20,
  "true_params": {
    "mu1": [
      0.25,
      0.18
    ],
    "mu2": [
      -0.73,
      -0.4
    ],
    "Sigma1": [
      [
        0.0484,
        0.011879999999999998
      ],
      [
        0.011879999999999998,
        0.0324
      ]
    ],
    "Sigma2": [
      [
        0.0484,
        0.019799999999999998
      ],
      [
        0.019799999999999998,
        0.0324
      ]
    ],
    "lam1": 0.36,
    "lam2": 2.89,
    "r": 0.0
  },
  "filter_params": {
    "mu1": [
      0.25,
      0.18
    ],
    "mu2": [
      -0.73,
      -0.4
    ],
    "Sigma1": [
      [
        0.0484,
        0.011879999999999998
      ],
      [
        0.011879999999999998,
        0.0324
      ]
    ],
    "Sigma2": [
      [
        0.0484,
        0.019799999999999998
      ],
      [
        0.019799999999999998,
        0.0324
      ]
    ],
    "lam1": 0.36,
    "lam2": 2.89,
    "r": 0.0
  },
  "estimated_params": {
    "mu1": [
      0.25,
      0.18
    ],
    "mu2": [
      -0.73,
      -0.4
    ],
    "Sigma1": [
      [
        0.0484,
        0.011879999999999998
      ],
      [
        0.011879999999999998,
        0.0324
      ]
    ],
    "Sigma2": [
      [
        0.0484,
        0.019799999999999998
      ],
      [
        0.019799999999999998,
        0.0324
      ]
    ],
    "lam1": 0.36,
    "lam2": 2.89,
    "r": 0.0
  }
}