method,rebalance,leverage_cap,n_paths,mean_terminal,variance_terminal,std_terminal,terminal_sharpe,avg_path_sharpe_ann,p05_terminal,p50_terminal,p95_terminal,avg_gross_leverage,avg_cash_weight
EW,daily,none,500,1.0693345809368502,0.0746179829120517,0.27316292375073836,0.25382134582846283,0.2783165004565947,0.6115388364656059,1.0720377353721737,1.5331216618917243,1.0,0.0
MeanVar,daily,none,500,1.097850352977926,1.4008732044557886,1.18358489533104,0.08267286391024614,-0.019627777202692456,0.1475780856461606,0.719180435464967,3.137226154889242,6.336526946107819,2.2204495737678514e-15
MinVar,daily,none,500,1.069651725359905,0.0686904759099456,0.26208867947690073,0.2657563291131913,0.3008009597604017,0.6479445253293293,1.0651929745699196,1.534425499376018,1.0,-9.304726301620358e-18
RLMean,daily,none,500,1.1467816750192301,0.08728600372055856,0.295442047990056,0.49682053051626046,0.6906853157547844,0.6118409754538301,1.2462237828949703,1.4368865946761422,1.5337784434620954,-0.26666665075022594
EW,monthly,none,500,1.0652778825213667,0.07442242805525241,0.27280474346178885,0.23928426497653627,0.27023436308945087,0.6077353306785159,1.0692755197230848,1.5267689285640034,0.9994486900189106,0.0005513099810895135
MeanVar,monthly,none,500,1.080509359016866,1.376182815819433,1.1731081858973762,0.0686291000137211,0.0005391062153080952,0.1026059357878101,0.7228664192897711,3.2288225667467123,6.542421383479733,-0.032493263127109435
MinVar,monthly,none,500,1.0659668451667206,0.06839393570430294,0.26152234264839197,0.2522417186183239,0.2938453863709832,0.6457193883925684,1.0651760295335269,1.5270582407172004,0.9992280290047757,0.000771970995224243
RLMean,monthly,none,500,1.1307511270227117,0.0985277771877022,0.31389134614975006,0.41654900215163465,0.6056233863149678,0.5585862534121057,1.2191107665953784,1.4419470474244858,1.5802574463907757,-0.30078053593376397
