{
  "mode": "estimated_params",
  "seed": 0,
  "iters": 2000,
  "T": 1.0,
  "dt": 0.003968253968253968,
  "a_max": 1.0,
  "cap_mode": "component_tanh",
  "r": 0.01,
  "x0": 1.0,
  "p0": 0.5,
  "z": 1.2,
  "Lambda": 1.0,
  "alpha_theta": 0.0003,
  "alpha_phi": 0.0001,
  "alpha_w": 0.01,
  "omega_update_every": 10,
  "critic_steps": 1,
  "advantage_norm_eps": 1e-08,
  "omega_ema_beta": 0.5,
  "g_p_dep": true,
  "actor_mix_tail": 0.3,
  "cov_scale": 0.1,
  "lr_step_every": 2000,
  "lr_gamma": 0.5,
  "policy_params": {
    "mu1": [
      0.36947984797170585,
      0.21857697400806084
    ],
    "mu2": [
      0.02647984797170587,
      0.015576974008060823
    ],
    "Sigma": [
      [
        0.05061954328046514,
        0.012012120497582058
      ],
      [
        0.012012120497582058,
        0.033212604324383874
      ]
    ],
    "lam1": 0.28384771344897497,
    "lam2": 1.6744186046511629,
    "r": 0.01
  },
  "true_params": {
    "mu1": [
      0.25,
      0.18
    ],
    "mu2": [
      -0.73,
      -0.4
    ],
    "Sigma": [
      [
        0.0484,
        0.011879999999999998
      ],
      [
        0.011879999999999998,
        0.0324
      ]
    ],
    "lam1": 0.36,
    "lam2": 2.89,
    "r": 0.01
  },
  "filter_params": {
    "mu1": [
      0.36947984797170585,
      0.21857697400806084
    ],
    "mu2": [
      0.02647984797170587,
      0.015576974008060823
    ],
    "Sigma": [
      [
        0.05061954328046514,
        0.012012120497582058
      ],
      [
        0.012012120497582058,
        0.033212604324383874
      ]
    ],
    "lam1": 0.28384771344897497,
    "lam2": 1.6744186046511629,
    "r": 0.01
  },
  "estimated_params": {
    "mu1": [
      0.36947984797170585,
      0.21857697400806084
    ],
    "mu2": [
      0.02647984797170587,
      0.015576974008060823
    ],
    "Sigma": [
      [
        0.05061954328046514,
        0.012012120497582058
      ],
      [
        0.012012120497582058,
        0.033212604324383874
      ]
    ],
    "lam1": 0.28384771344897497,
    "lam2": 1.6744186046511629,
    "r": 0.01
  }
}