method,mean_terminal,std_terminal,median_terminal,mean_gross_lev,mean_cash_w,mean_turnover
Center+DNNBand,1.2078759194635258,0.2915403200379778,1.1950026376384089,1.3441717747900097,0.1337815381919655,0.04535523906612036
CenterOnly_Daily,1.1225621813376507,0.26644522971202056,1.1570235085004028,1.3102201987326954,0.089100817283046,0.10990566725196255
CenterOnly_Monthly,1.138091579726442,0.25828058489321687,1.1525885177402286,1.3195938358544512,0.07927719376607358,0.02609389115910716
EW_Monthly,1.0516254165147805,0.2696440891742581,1.0556256634529588,1.0,0.0,0.005881027678569911
