iter,loss,mean_terminal,avg_turnover,avg_gross_lev,gap_l2_pen,qvi_prior_pen,switch_residual_pen,boundary_gap_pen,mean_utility,mean_lower_gap,mean_upper_gap,lr,val_loss,val_terminal,val_utility,val_turnover,val_gross_lev,val_gap_l2,val_qvi_prior,val_switch_residual,val_boundary_gap
1,-0.2057820219773333,1.2958486005053713,0.06602367329172067,1.689260392396891,0.050933573030010414,1.0271694182351339,0.0003644582504256291,0.033011836645860326,0.21610726518275875,0.1489981535999472,0.15857789065781475,0.001,-0.1271072567556752,1.2365537302401735,0.137015181670181,0.07663058524160846,1.6650418643575131,0.050404654186940956,0.9848835214069316,0.000412398917210573,0.03831529262080423
2,-0.12931939750645827,1.2248072326120614,0.0825742296892421,1.6397986784204435,0.05312016974778766,0.9835333785148805,0.00047990199884870993,0.04128711484462105,0.1392172154132244,0.15090556833517688,0.15976801100356594,0.001,,,,,,,,,
3,-0.22217843663753284,1.3474093617482406,0.08536808179723447,1.6345510787963802,0.05386625682144165,0.9427085561264394,0.0004663779883039409,0.04268404089861724,0.23166921553036685,0.15237406087272443,0.15993356128387054,0.001,,,,,,,,,
4,-0.12141495010032416,1.21009525968279,0.05811785671522191,1.727134418492243,0.04337305670506522,0.9148137652718471,0.0002943448471897286,0.029058928357610956,0.13061236147405705,0.13877616660102704,0.14806781508026912,0.001,,,,,,,,,
5,-0.08855854177294498,1.1806166835337317,0.07293333872301436,1.6954069461778518,0.04507168525166629,0.8791414369427368,0.0004123319111326662,0.036466669361507185,0.09740750020030697,0.1405674617156753,0.14865333638794415,0.001,,,,,,,,,
6,-0.13125025756667688,1.2158392236643398,0.06907328165724841,1.692215632015626,0.04692817072471558,0.8457391012152713,0.0004028162620766391,0.034536640828624204,0.13976313553859915,0.14340763531399503,0.15023312269426722,0.001,,,,,,,,,
7,-0.21263842353717322,1.3083764056026481,0.05893013684684038,1.726805922777161,0.041892329011585516,0.8076482036472501,0.0003199982740284418,0.02946506842342019,0.22076483868403723,0.13656060748432836,0.1441121890881945,0.001,,,,,,,,,
8,-0.16431843983416378,1.2647056688480958,0.06445179680879212,1.7227532316001404,0.04295197791736078,0.7825591590362122,0.00033841292512204246,0.03222589840439606,0.17219686898449754,0.13780542144087476,0.1444767024851503,0.001,,,,,,,,,
9,-0.0008395509260154081,1.0569525627232133,0.09951366915087129,1.6541405833571643,0.043428351359323165,0.7572924196020161,0.0005541500196028845,0.04975683457543565,0.008484314862640603,0.13784696673304356,0.1425504176959804,0.001,,,,,,,,,
10,-0.0613511431510811,1.1644694897741137,0.09045995069065735,1.6838814759145468,0.04180968220196837,0.7245955763796703,0.0005351197963157678,0.045229975345328674,0.06866451890294543,0.13552989680956287,0.14016007258542112,0.001,,,,,,,,,
11,-0.13543275538572233,1.1966538980422756,0.07471549796608448,1.713509000399564,0.040321592951936755,0.698873320105207,0.00039789557484452967,0.03735774898304224,0.1424799603815099,0.13418107650782804,0.13880864647922977,0.001,,,,,,,,,
12,-0.1445197229333745,1.2258987825480712,0.07165034118664906,1.7183378730925005,0.03943361605971342,0.6646967522090795,0.00036002057319221674,0.03582517059332453,0.15122329921052147,0.13279280190235532,0.1365067167682979,0.001,,,,,,,,,
13,-0.14936931507625817,1.2369746255918819,0.06481792265622066,1.7466536244996842,0.03595271561442405,0.6421777961614767,0.00037460585505447175,0.03240896132811033,0.15584471459399657,0.1273011704577909,0.13241743590204644,0.001,,,,,,,,,
14,-0.09056628656579932,1.1528915062693004,0.06275395844449094,1.7619072351576923,0.035828239816430164,0.6182797761277719,0.0003609889669181876,0.03137697922224547,0.09680169026832006,0.12743010849989722,0.1317749252804867,0.001,,,,,,,,,
15,-0.006250612151577378,1.077144094735357,0.08660676685152686,1.7090267217061754,0.03672814630164686,0.6023152595668402,0.0004559177766304163,0.04330338342576343,0.012338717575654905,0.1283558163706271,0.1307292217295596,0.001,,,,,,,,,
16,-0.11738862381645046,1.172361403090711,0.07439733499559432,1.7248797144657824,0.035974538663002646,0.5715079647616652,0.0004298368734713763,0.03719866749779717,0.1231624492974443,0.12760890439791206,0.1296957592588032,0.001,,,,,,,,,
17,-0.12812515539315172,1.237143690159812,0.103942262679283,1.652685059935905,0.041158924686409165,0.5520365875585398,0.0005790403790675904,0.051971131339641506,0.13371980965446678,0.13679497288574588,0.13282061276198465,0.001,,,,,,,,,
18,-0.07678401653292585,1.1424514253868505,0.06712917644974166,1.7731929113212748,0.033182511560319594,0.5213700416769013,0.00037977639610181613,0.03356458822487082,0.08205281123099398,0.12345651913943806,0.125234266106297,0.001,,,,,,,,,
19,-0.04757839189925747,1.0883663485659691,0.08517942152766989,1.709467621764639,0.037306373680444,0.505090729925188,0.0004865863455141232,0.04258971076383494,0.05269384944894598,0.13090360923634053,0.1277621964435267,0.001,,,,,,,,,
20,-0.1767281344351761,1.2430905397996836,0.06525120041356144,1.759523241177988,0.03385010047085124,0.47446617933592,0.0003834538694257296,0.03262560020678073,0.18152685159984813,0.1253216777532505,0.12376006836159592,0.001,,,,,,,,,
21,-0.0895259917104118,1.151353206139573,0.0672291449573083,1.7711811311785797,0.03202794508626708,0.45809552428517863,0.00038673584005402827,0.03361457247865415,0.09416214069545457,0.12224089874074721,0.12094642859409348,0.001,,,,,,,,,
22,-0.01794177471091119,1.0874109482682588,0.09322255444347127,1.7113853953154012,0.03252416396547434,0.44390940361464704,0.0005327815440332644,0.046611277221735636,0.02244992169367288,0.12324147162199314,0.11920485151589223,0.001,,,,,,,,,
23,-0.08145575076824266,1.1900705263924616,0.10263137747514739,1.694595712462867,0.031994807788260526,0.4184468193651901,0.0005255079630745044,0.051315688737573695,0.0857137356873875,0.12220205429691186,0.11655481179594962,0.001,,,,,,,,,
24,-0.19965185494458593,1.299676795771249,0.059462467129786326,1.7814986862442868,0.029145160743208606,0.38760768285172953,0.0003204930481213223,0.029731233564893163,0.20357868292401174,0.11790698893947346,0.1149065522660738,0.001,,,,,,,,,
25,-0.15075014509697754,1.230957242818275,0.08299951401659125,1.73732025978547,0.03128040554705387,0.3794654946737407,0.00044090803715554183,0.041499757008295626,0.15460808208369264,0.12199364912609828,0.11554080340291012,0.001,,,,,,,,,
26,-0.15239591610534334,1.2334886687647832,0.08789499789834981,1.7172697186344705,0.030778004608510955,0.3608334850505104,0.0004708959299338034,0.04394749894917491,0.15607008011128332,0.1212093336005731,0.11367278515197761,0.001,,,,,,,,,
27,-0.07038544266068836,1.1518478656729405,0.08850995147387958,1.7459030755545868,0.029245009334574683,0.3422322811431887,0.0004752626835049316,0.04425497573693979,0.07387423210544779,0.11807116507985947,0.11114054309448303,0.001,,,,,,,,,
28,-0.20188163388019822,1.3117907693568984,0.07223297449038374,1.7605349601445073,0.028452251501751003,0.31331961531619257,0.0004101342089931065,0.03611648724519187,0.20507265321229673,0.11694307784066801,0.11000998134105704,0.001,,,,,,,,,
29,-0.1536367243104519,1.2762050726387928,0.07159783558270365,1.766277269243837,0.028204753125352342,0.2969799183773903,0.0004222152888505458,0.03579891779135182,0.15666420733759806,0.11714805242034783,0.10950921177438824,0.001,,,,,,,,,
30,-0.16775104472222038,1.2756616505494205,0.07838176831214458,1.7636201155172218,0.025586327667210043,0.2746708997898051,0.00044788936398527907,0.039190884156072296,0.1705590596990695,0.11134722132513529,0.10510944165613355,0.001,,,,,,,,,
31,-0.09522417111172789,1.145802295055515,0.09016256916971288,1.7332774341767359,0.02858263108012972,0.2744612739102169,0.0005455770883911782,0.04508128458485644,0.0980366536806406,0.11791303910908713,0.10746959891283733,0.001,,,,,,,,,
32,-0.07608074461910139,1.1584559424197538,0.08501101037709546,1.7505210169704986,0.024573164915650404,0.2521259322230165,0.00047510945358517006,0.04250550518854773,0.07866676575122564,0.10911831165226049,0.10226635597207491,0.001,,,,,,,,,
33,-0.18997804745664673,1.3044211756638162,0.07517163907544991,1.773811126098174,0.025164737236088128,0.22711178787429703,0.0004347308181061695,0.03758581953772496,0.19230883657436948,0.1108205044780195,0.10224405595496079,0.001,,,,,,,,,
34,-0.1889114498407738,1.2965528342405457,0.08084696472747933,1.757739981546076,0.02543655129526352,0.21861478243003815,0.0004280852266350732,0.04042348236373967,0.19115987939951973,0.1115529945170815,0.10193018690674785,0.001,,,,,,,,,
35,-0.10172448237544003,1.237822328757633,0.1023293864540103,1.7252903196643352,0.024818108655501575,0.2133882375681115,0.0005690578913581543,0.051164693227005155,0.10393247292645837,0.10988474819736094,0.09980919016173477,0.001,,,,,,,,,
36,-0.20776441464256268,1.3124962218699285,0.06086106756182392,1.7995279913711166,0.02402670008556717,0.18350625320433533,0.0003321235024801695,0.03043053378091196,0.20965122422332547,0.10875995202728306,0.09959387963865099,0.001,,,,,,,,,
37,-0.20283111255579836,1.325006002884042,0.0819749228941064,1.7564657418058212,0.02360353366107632,0.17918501795708885,0.00048331850617114075,0.0409874614470532,0.20468634803929608,0.10746767915020722,0.09763175584041439,0.001,,,,,,,,,
38,-0.14341164139384824,1.2460411509695222,0.08081732823471204,1.7768662369126007,0.021466109592969067,0.16393269703847885,0.0004421483457192476,0.040408664117356025,0.1451135671741767,0.10231662452780188,0.09480949760684347,0.001,,,,,,,,,
39,-0.13125178155597617,1.2025951326117268,0.08251034436521971,1.7763231283040852,0.02195532319310943,0.15507062837764182,0.0004445703709932984,0.04125517218260985,0.13286595194692818,0.10359590811318523,0.0949147923165215,0.001,,,,,,,,,
40,-0.13455718196522684,1.2456819916134352,0.08794791544728493,1.7664959405404033,0.02156407814165701,0.14800528080114272,0.0004924451777942112,0.043973957723642466,0.13610379814214524,0.10248983443014799,0.09357900009180503,0.001,,,,,,,,,
41,-0.07187583580182064,1.1654692548027272,0.09957386377622446,1.7496098968531322,0.02178081314218524,0.1480093317884602,0.0005958604691271747,0.04978693188811223,0.07342917075525314,0.10312219040475477,0.0934674364051088,0.001,,,,,,,,,
42,-0.18841729747270208,1.283931147552495,0.07191007556552434,1.8005683588712207,0.01936956366997944,0.12094189118808465,0.0003860673101952749,0.03595503778276217,0.18968453777905636,0.09743502772891452,0.09082946104417883,0.001,,,,,,,,,
43,-0.15364691006485265,1.211442838756529,0.06842442226247758,1.8051286396796682,0.019481014333961943,0.11668860668770055,0.000387374558503468,0.03421221113123879,0.15486993337484273,0.09760845824915934,0.09083048100024985,0.001,,,,,,,,,
44,-0.2578809443461906,1.4435262951379988,0.07573133018790282,1.7861328219487849,0.019977283485392815,0.10992758720745818,0.0003924293444055231,0.03786566509395141,0.25903987150502267,0.09873871737174092,0.09046335603857163,0.001,,,,,,,,,
45,-0.14349678465890744,1.27424239563125,0.09808117660005056,1.7477799022636709,0.022023097298046246,0.12233424625538275,0.0005679984368281995,0.04904058830002528,0.1447923254931522,0.10366211426790767,0.0921779691459026,0.001,,,,,,,,,
46,-0.2768196621977429,1.3838936349495792,0.054929080394818385,1.829751494616794,0.017091914981909033,0.08213621696023106,0.00027560633570162683,0.02746454019740919,0.2776895424858458,0.09158472521294339,0.08707758027179474,0.001,,,,,,,,,
47,-0.11621831507691371,1.2044356437837611,0.07595397582766243,1.8117360247076297,0.016732137547631355,0.08589279787659795,0.00042391913605910195,0.037976987913831216,0.1171375765952012,0.09031546553236464,0.08615478741449198,0.001,,,,,,,,,
48,-0.16098794944296474,1.2660999642074693,0.08374097841599804,1.7855702941301228,0.01798894575197125,0.090095940107088,0.0004607473597268095,0.04187048920799902,0.1619532425097822,0.09342222303527196,0.08703848631626442,0.001,,,,,,,,,
49,-0.12019920344888455,1.167530393003891,0.06631517247506737,1.826280740593645,0.01862999952911833,0.08275655091066733,0.0003272579815524785,0.03315758623753368,0.1210814619314502,0.09501968728969547,0.08849238972728754,0.001,,,,,,,,,
50,-0.11248720514538887,1.2462594308840949,0.11617466772312843,1.7338933526857851,0.020321850961933688,0.10090395825177689,0.0006288380310478342,0.058087333861564214,0.11357795937560553,0.0987886874287809,0.08814740092043864,0.001,-0.14613488784126627,1.261756549229143,0.14704578935012425,0.08860725281056121,1.7816729521963532,0.018863785898810093,0.08440647367060794,0.00047164162246463666,0.044303626405280606
51,-0.15093622483961067,1.2377637314281265,0.0737542073695324,1.817784256686266,0.01580581753199642,0.06633142357087705,0.00042490680043724086,0.036877103684766196,0.15165884308957547,0.08737388723000589,0.08416445186212598,0.001,,,,,,,,,
52,-0.2226235490680802,1.3262700894374835,0.07165215068963912,1.812959403330907,0.017965570042101454,0.07177163097207459,0.0004051977677794829,0.03582607534481956,0.22339927302485688,0.09279982388009585,0.0862546844178714,0.001,,,,,,,,,
53,-0.19763079434719866,1.2922900909892476,0.06842543872578669,1.8187685311297392,0.017927594603353213,0.06773142749525145,0.00035259894470101905,0.03421271936289334,0.1983640350162724,0.09262610515144352,0.08627087965752399,0.001,,,,,,,,,
54,-0.2571322526845645,1.3670120206054763,0.059814924052679935,1.8291884105966831,0.016866362004564872,0.06005891438588143,0.0003539709870704519,0.02990746202633997,0.25778458088442624,0.09005226407174012,0.08507794864513735,0.001,,,,,,,,,
55,-0.16375649013896845,1.2760975252943876,0.0827327049457524,1.8019300438988946,0.01624356759162942,0.061731306715995124,0.00046345677759997156,0.04136635247287619,0.1644378234268163,0.08798180615827324,0.083387000431278,0.001,,,,,,,,,
56,-0.2713185660870509,1.4781604297093969,0.07073461833320287,1.8215851940716057,0.01608307493967533,0.05488013207687845,0.00036522711013797077,0.03536730916660144,0.27192460284002834,0.08753521501194614,0.08316352777295452,0.001,,,,,,,,,
57,-0.05709582319223333,1.1506669822258153,0.07309269513284697,1.828532233170434,0.015299365646357966,0.052643913137071036,0.00038998970893012287,0.036546347566423484,0.05768099389059147,0.0853572745947683,0.08255108235489243,0.001,,,,,,,,,
58,-0.016964411700992874,1.075056053437968,0.10631458396309396,1.7614957384731667,0.019314307708648233,0.0834181712320517,0.0005766233727974154,0.05315729198154698,0.017875131896407638,0.09541975281029653,0.08599697628912145,0.001,,,,,,,,,
59,-0.14900786278169903,1.2544210235117357,0.07711127731946879,1.8054872667933162,0.017922485722955406,0.062212944850399444,0.00045098244245319637,0.03855563865973439,0.14969111256595521,0.0919224712677854,0.08503176017033892,0.001,,,,,,,,,
60,-0.1867550904562649,1.281431035812166,0.073718337624086,1.8188623295282225,0.017176054462140624,0.05538663612639189,0.00043566878241953406,0.036859168812043,0.18736836129746037,0.08981839749295634,0.08388021660583246,0.001,,,,,,,,,
61,-0.16131835960743157,1.2505749742881591,0.08252766275151,1.8027787051556157,0.018147150648340223,0.06581279154294656,0.0004301513547235661,0.041263831375755,0.16204008065483558,0.09242045796444406,0.08455979335833208,0.001,,,,,,,,,
62,-0.16615918164583482,1.24508772606096,0.06820754036413836,1.8252765965494266,0.018130939088149653,0.061343706855827095,0.00040277675063254346,0.03410377018206918,0.16682900301804698,0.09232246987114959,0.0847919343291321,0.001,,,,,,,,,
63,-0.13353895139970895,1.2138212052500097,0.05792037633014162,1.860380594364064,0.015212803801002156,0.04000128095019014,0.00029233040741190325,0.02896018816507081,0.13398945150739366,0.08458799530464313,0.08177202872764402,0.001,,,,,,,,,
64,-0.2515123679361737,1.3888041837997835,0.07518373886087645,1.7993567281908822,0.017443115526834346,0.05968583846691814,0.00043252375188659355,0.03759186943043823,0.25216913699507415,0.09036677007422567,0.0831472086489356,0.001,,,,,,,,,
65,-0.12293995844525528,1.2186997988539903,0.0825567281452394,1.8074117587816954,0.016049546011500063,0.05410450215136753,0.00047320290250003774,0.0412783640726197,0.12354508797745437,0.0864216392588012,0.08126674984068538,0.001,,,,,,,,,
66,-0.10624313474196374,1.1990767647074114,0.09308018235278775,1.780027406747362,0.019376039998271997,0.07829895453871094,0.00050004078409077,0.04654009117639388,0.10709546506043563,0.09491120338964854,0.08405396072430023,0.001,,,,,,,,,
67,-0.15776206840426243,1.245611008647432,0.0914549476442533,1.7911752378998376,0.01827606072840118,0.06854222184586153,0.00052461229376826,0.04572747382212665,0.15851637597185986,0.09180410809347547,0.0829697131201695,0.001,,,,,,,,,
68,-0.15386357387246075,1.2570568134677722,0.07938989598139337,1.8127009326347723,0.016464026369422,0.06020849181721462,0.0004201534121703532,0.039694947990696686,0.15452768228207162,0.0877396770639615,0.08160522926971771,0.001,,,,,,,,,
69,-0.06053794709409845,1.148257963507087,0.09079473041534805,1.7965491760460126,0.01745556211986493,0.06954258961737372,0.0004839449825017318,0.045397365207674026,0.061301575297065335,0.08977884063155248,0.08166496561477167,0.001,,,,,,,,,
70,-0.10931200525181667,1.2325906906395763,0.09851189145085314,1.78073465765043,0.01923239927153303,0.08339921629095319,0.0005501676041058835,0.04925594572542657,0.11021856238306921,0.09444008825590625,0.08351685100172185,0.001,,,,,,,,,
71,-0.21287126040698007,1.32056300216833,0.08838627161544221,1.783730856188284,0.020259164759918822,0.08737765001512587,0.0005179239402694848,0.0441931358077211,0.21381224659090364,0.09700984443581333,0.08437716763516788,0.001,,,,,,,,,
72,-0.19243075398617837,1.2932718664891083,0.06808196618339687,1.8318779760967012,0.016713929460890942,0.057074735312298064,0.0003573558935037515,0.03404098309169844,0.19305743466108904,0.08796102980488102,0.08148395564519831,0.001,,,,,,,,,
73,-0.0547905070206831,1.1193075876013192,0.08874209457764815,1.8025506220297007,0.01625229132590494,0.06578486507639601,0.0004897709509373756,0.04437104728882407,0.05551564993446556,0.08654758176178012,0.07985379942521867,0.001,,,,,,,,,
74,-0.19112338751277638,1.3305343795264077,0.06800265464743013,1.8237026278663293,0.017120173162542315,0.06503036511416646,0.00037454658382093703,0.034001327323715066,0.19182967498335862,0.08851392843074812,0.0806827784092504,0.001,,,,,,,,,
75,-0.20666618143831506,1.2855750897420561,0.07565720636016884,1.8100297481207408,0.019328245593391198,0.08493656403463172,0.0003777546009691772,0.03782860318008442,0.20757525352533235,0.0935150160312775,0.08202156648974221,0.001,,,,,,,,,
76,-0.22157527950166506,1.3064552871184971,0.06245222346255393,1.8389652450781178,0.016275334151582128,0.05552120567421398,0.0003351958677737565,0.031226111731276963,0.22218345928126698,0.08634428629450178,0.08027684195565336,0.001,,,,,,,,,
77,-0.0447850881744903,1.1124425495870995,0.1012476214969126,1.7648377871715049,0.020985831188174594,0.11963687581134747,0.0005371902121075849,0.0506238107484563,0.046055101023345035,0.09707529929144494,0.08181137794289237,0.001,,,,,,,,,
78,-0.19575825541028213,1.280657088558048,0.09508779983574349,1.7631508309369313,0.02462304157661037,0.14585744931807584,0.0005043573269788083,0.04754389991787174,0.19728704888495993,0.10511128825826078,0.08438575080580676,0.001,,,,,,,,,
79,-0.1841450075694338,1.3021387871645826,0.07755165466324929,1.7996813366424955,0.022028020438342275,0.11438981343440989,0.00039677172292891196,0.03877582733162465,0.18534964606170526,0.09944739537887953,0.08350570650255251,0.001,,,,,,,,,
80,-0.11073597861782523,1.158165131956327,0.1022652931234482,1.7759334623735266,0.021896753777152174,0.12932395825834414,0.0005727238089158158,0.0511326465617241,0.11210383741968329,0.0986094992456426,0.082165365589349,0.001,,,,,,,,,
81,-0.19704845041988345,1.3037856504410004,0.08935899955812798,1.778178583984269,0.02553537019302322,0.1498750715428152,0.00047360379961687403,0.04467949977906399,0.19861439845892667,0.1061954121541345,0.0844995501502625,0.001,,,,,,,,,
82,-0.06340884812472952,1.1255731826466722,0.07429637368621668,1.8151645327104489,0.02178333134740472,0.12046447704648913,0.0004215506342997056,0.03714818684310834,0.06467300823370764,0.09788533749314093,0.08214430795348164,0.001,,,,,,,,,
83,-0.12787497211288162,1.2042984094808913,0.08702900971074015,1.7907768512283306,0.023135088528163827,0.13941473671327295,0.0004985334372368053,0.043514504855370076,0.12933552708775437,0.10084792043105202,0.0825912356231865,0.001,,,,,,,,,
84,-0.1496052047826725,1.2663856404632217,0.09398729385058409,1.7878445256901532,0.021058766355228083,0.12292123492865209,0.0005697853773466888,0.046993646925292044,0.15090498707791472,0.09580264529956531,0.0806101683261533,0.001,,,,,,,,,
85,-0.08667036183501972,1.1919441059534672,0.08943710157202675,1.7925925874754194,0.020442039573859806,0.12002789819211607,0.0004627114954824273,0.044718550786013375,0.08793791240855646,0.0948120428306115,0.08074516210119803,0.001,,,,,,,,,
86,-0.21259299270179302,1.3126919636465058,0.055770723338070996,1.8460867893336685,0.01968935492071726,0.09071404991631879,0.0003042019675035851,0.027885361669035498,0.2135495214501936,0.0930001877836089,0.08105737709473754,0.001,,,,,,,,,
87,-0.10474293844040668,1.201949448424268,0.08268381505525617,1.8098286257818286,0.016450449427450088,0.08197957106122983,0.00043111140424048,0.041341907527628084,0.10562648545884684,0.08596140734354352,0.07804122313567277,0.001,,,,,,,,,
88,-0.08765742881411967,1.1469700698843057,0.08849081228742167,1.7931142619691964,0.02041702517628737,0.12120042027369363,0.00048791667905449804,0.044245406143710836,0.08893648873241056,0.09504819328935504,0.08057412298071953,0.001,,,,,,,,,
89,-0.20081819360960504,1.3131615078065635,0.051796988662093146,1.8608203911808028,0.016207143484970106,0.06050505532903352,0.0003345558541290049,0.025898494331046573,0.20147109641967953,0.08590523329718787,0.07921731017435632,0.001,,,,,,,,,
90,-0.1248232731272249,1.2017525565509306,0.09631008569756974,1.7716723679871753,0.025577358518642363,0.17529458699183315,0.0005139196876618137,0.04815504284878487,0.1266472299605485,0.10667679932088178,0.08335415652862176,0.001,,,,,,,,,
91,-0.24940994728343274,1.3542583247433069,0.06021146366937407,1.8401537601301343,0.01814899982019623,0.08601084874597065,0.0003221102384389762,0.030105731834687035,0.2503217841427128,0.09054148534758812,0.08050364452442813,0.001,,,,,,,,,
92,-0.10606820230026662,1.1905484608117884,0.09803739131987901,1.768905533628777,0.021114562706326168,0.1372601263544263,0.0005209349676384242,0.04901869565993951,0.10751272066448349,0.09739429364745775,0.0808783857629307,0.001,,,,,,,,,
93,-0.2155541291295039,1.2984759723895551,0.06682040806650175,1.8306884190737476,0.017048096372894266,0.07660929882686951,0.00041374652287032635,0.03341020403325087,0.21637607667122524,0.08810579680667338,0.07971090727996397,0.001,,,,,,,,,
94,-0.23778226929917365,1.3175963548672498,0.059286944350944386,1.8482416737033853,0.016118697472664624,0.07189234442786682,0.00036160296609083877,0.029643472175472193,0.23855293466202573,0.0862900743945396,0.07932550640050774,0.001,,,,,,,,,
95,-0.12855707568283703,1.194391055666325,0.06591048909336795,1.8331066465801193,0.016925257765052697,0.08236036679126144,0.00038707747590887534,0.03295524454668398,0.12943583643652123,0.0884846084319451,0.07995521387636813,0.001,,,,,,,,,
96,-0.1863906847629706,1.3109256850439974,0.0752391718643698,1.8180754710158915,0.01779267720888778,0.09562819326380152,0.00044853674620994467,0.0376195859321849,0.18740725240371303,0.09049726404459746,0.0801441687681505,0.001,,,,,,,,,
97,-0.1598395387407987,1.2778504110262312,0.08013616908881269,1.7997657383038832,0.01843237327101259,0.10644029747993562,0.00044983778595466184,0.04006808454440634,0.16096650583538505,0.09206510761519945,0.08030796099851131,0.001,,,,,,,,,
98,-0.14283634099448425,1.2508991470865425,0.08055456113581128,1.8012788768202879,0.018235932724391987,0.10481469664519079,0.00041664834226214797,0.04027728056790564,0.14394694451369489,0.09191249063528037,0.08056435907246672,0.001,,,,,,,,,
99,-0.15671275955804725,1.2649561547168733,0.07552729827340521,1.8031547495276996,0.02099388297650029,0.12938475672397182,0.00041120074524691677,0.037763649136702604,0.1580665143293714,0.09865275689525754,0.08294066039213634,0.001,,,,,,,,,
100,-0.1873248931481734,1.307899632342629,0.07863217771340877,1.8049904083890536,0.0186662057262459,0.10610754294030972,0.0004472301869640858,0.03931608885670439,0.18844780687238671,0.09318671680654282,0.08160798014561094,0.001,-0.14947596569038002,1.2664226276236703,0.1507195090531057,0.0874455406420753,1.7903719310135613,0.01939217797093813,0.1177295957225738,0.00046209158687498956,0.04372277032103765
101,-0.015651466995218175,1.0914355590789302,0.11152032537139202,1.7599912267586602,0.020908889436727165,0.14220130753386762,0.0006261557642249853,0.055760162685696,0.01715310170315239,0.0983746721152424,0.08195609832439876,0.001,,,,,,,,,
102,-0.18092989580756805,1.2600961641768533,0.0712021305882915,1.8176241638143433,0.016166065939067192,0.08390057897945137,0.0003376946924059797,0.03560106529414575,0.1818260558512189,0.08720836070698643,0.07949317048929297,0.001,,,,,,,,,
103,-0.07643691626057747,1.1605036827727144,0.09357892410789308,1.7754759956653445,0.017388472044763216,0.10943691314845755,0.0004984272327588546,0.04678946205394654,0.07760081388640025,0.0906919477985836,0.07989798440532128,0.001,,,,,,,,,
104,-0.14924793766930744,1.3013481112686631,0.09026855799076235,1.7872530208300874,0.01772926164076041,0.09888387636349236,0.00047594634781952073,0.04513427899538117,0.1503045427056242,0.09152194843341996,0.08086145664934681,0.001,,,,,,,,,
105,-0.14437387166941795,1.2735165019266623,0.08280643613384388,1.7892312603898324,0.017309321005320587,0.10139877863610124,0.0004549874704300368,0.04140321806692193,0.14545170486115408,0.09084319164883019,0.08043819256398047,0.001,,,,,,,,,
106,-0.11356746676527678,1.2034766283891916,0.07981592004136347,1.8003795983484623,0.018044684761717326,0.09518639173225535,0.0004509710198473631,0.03990796002068173,0.11458175214880198,0.09278709296862447,0.08233513148878285,0.001,,,,,,,,,
107,-0.20115479531973426,1.3275681292948103,0.07012392861231354,1.8268600382748703,0.015303625934749623,0.07339075186042485,0.000389178286816296,0.03506196430615677,0.20194592518589558,0.08565617726620425,0.07954691327011243,0.001,,,,,,,,,
108,-0.04892824704529543,1.1174972917059196,0.08281852444327059,1.8127077511903167,0.015271843784462523,0.07863292815003552,0.0004498341755241786,0.041409262221635296,0.04977861100828456,0.085369863182864,0.07924937257696263,0.001,,,,,,,,,
109,-0.20009853846255637,1.2859461943036599,0.0660223403071532,1.8200937518456766,0.016883216938239187,0.07695764386260726,0.0003969317265048203,0.03301117015357661,0.2009232963261195,0.08978960954238645,0.08158754570827753,0.001,,,,,,,,,
110,-0.10894818020198485,1.1948112048165165,0.07595563455606928,1.809191971280495,0.017487553000360513,0.09034285971337933,0.0003954656128134643,0.037977817278034634,0.10991163319223761,0.0914256054065554,0.08195960903262225,0.001,,,,,,,,,
111,-0.15570318851748813,1.2550376222399229,0.0807561786115821,1.799119105774737,0.01689698115421795,0.09629593269752185,0.000489323876618757,0.04037808930579105,0.15672941036359306,0.0900258192821456,0.08081703824380841,0.001,,,,,,,,,
112,-0.21614323127131962,1.3030466935714382,0.05291397986819857,1.8525444683647225,0.014826572034552205,0.060075742453584734,0.00029972408989461163,0.026456989934099284,0.21679196837137213,0.08428525894405292,0.07949749879068996,0.001,,,,,,,,,
113,-0.15834698581610432,1.2527258801020906,0.07875940051237998,1.7935371959336792,0.01876364005700147,0.11595698740183816,0.0004186600443073972,0.03937970025618999,0.15956805736278132,0.09489435117278541,0.08276598308282054,0.001,,,,,,,,,
114,-0.03136269064463074,1.1257783266303931,0.10037493050731601,1.7689450176623733,0.018669743929424554,0.12848657721164025,0.0005689158596752363,0.050187465253658005,0.03272112249077416,0.0945193135049722,0.08145199298270633,0.001,,,,,,,,,
115,-0.13641373589569497,1.2275429294811855,0.0874092868470425,1.788366805436895,0.018377169607179764,0.12029171658503188,0.0004855316939376077,0.04370464342352125,0.13768309668996256,0.09369811454031471,0.08149450416303068,0.001,,,,,,,,,
116,-0.1682746859279457,1.2462754432690035,0.09146857200838004,1.773544345509745,0.020782701282008563,0.1450215778927437,0.0005178428618392814,0.04573428600419002,0.16979354986495082,0.10005105517710373,0.08378897078261463,0.001,,,,,,,,,
117,-0.12921600684341034,1.2287451191706231,0.07726146344583203,1.8020814462515586,0.01778326054826349,0.11203230753264892,0.000426264021036763,0.03863073172291601,0.13039724410513265,0.09252402869660628,0.08109495086271062,0.001,,,,,,,,,
118,-0.20905125103005356,1.3182428460147577,0.07501499624173907,1.802273701429423,0.017418580342652965,0.11157604986540581,0.0004004781427395011,0.03750749812086954,0.21022654654527015,0.09169204524223816,0.08083967833039907,0.001,,,,,,,,,
119,-0.19131091052647975,1.291942008908813,0.07350770184533444,1.8099116464518183,0.01837448355350939,0.11010422016182128,0.00040362047130646764,0.03675385092266722,0.19247084190019825,0.0939930480961044,0.08195266929696693,0.001,,,,,,,,,
120,-0.11869151430966295,1.1819362871575518,0.0638930921927355,1.826264597156276,0.017214620564386076,0.09620562742211068,0.00034004802094899115,0.03194654609636775,0.11970718025616148,0.09125439406047686,0.0815090758869632,0.001,,,,,,,,,
121,-0.1374586406561617,1.2331900285349666,0.09512823185380817,1.7597624843750994,0.02020475672555016,0.14702472584115883,0.0004970158201968316,0.047564115926904085,0.1389990198135459,0.09948412572473214,0.08323471742078789,0.001,,,,,,,,,
122,-0.17449179066737275,1.2948068389822915,0.09129049451223883,1.7629615641099967,0.020163164703441868,0.14461657821361504,0.0005280112473180648,0.04564524725611941,0.17600651142487933,0.09945847218440393,0.08323453767201036,0.001,,,,,,,,,
123,-0.10495930428105398,1.206376079170171,0.09414536342445065,1.7687078740484687,0.019571900775225415,0.14200047363505133,0.0004815335183305144,0.047072681712225325,0.10644888411304052,0.097894359782883,0.08263441981651856,0.001,,,,,,,,,
124,-0.1549109502414015,1.2335510439304578,0.07127285692468316,1.8157446456571735,0.016633528233532816,0.1095910333979758,0.00036158439443677683,0.03563642846234158,0.15606427029424452,0.09052931742727904,0.08057143170107336,0.001,,,,,,,,,
125,-0.06513575716256095,1.1674216542459657,0.09482574692739447,1.781768849085343,0.01700664615963595,0.1347706368491951,0.0005597497228944455,0.04741287346369723,0.0665542915902364,0.09138842227485496,0.07925476936214193,0.001,,,,,,,,,
126,-0.11218934424216101,1.1776952442334188,0.07179425819318691,1.8216180479553366,0.017506740634526497,0.12097164564392174,0.0004063192546914439,0.035897129096593455,0.11345723720072327,0.09278916336154536,0.08101459212000423,0.001,,,,,,,,,
127,-0.12725568363901757,1.2411836458265155,0.10197216179797863,1.7432761841579956,0.021157087009185907,0.17973463802269757,0.0005471560687597449,0.050986080898989324,0.12912692042267274,0.10224670878761759,0.08249244079387034,0.001,,,,,,,,,
128,-0.07549545630172007,1.1668941849935004,0.09544909190049668,1.761121048572245,0.021320468024932787,0.17370772608552196,0.0004776764555877135,0.04772454595024833,0.07730264608356713,0.10277385876552118,0.08318964098989419,0.001,,,,,,,,,
129,-0.11518454976223486,1.1946456661675295,0.08970583401367846,1.7649883167126252,0.021877212225432943,0.18566707977992689,0.0005319856576922158,0.04485291700683923,0.11710904321678503,0.10444354527214572,0.08338357682648705,0.001,,,,,,,,,
130,-0.23211230357975096,1.375512117787804,0.08276991517564691,1.7821088526677393,0.019177218141895297,0.14989452035803652,0.00046830028796204174,0.04138495758782346,0.23367513783232546,0.09807291983542876,0.08172133441074536,0.001,,,,,,,,,
131,-0.08390468074803857,1.1648373167922483,0.08389987518186884,1.7829239532059336,0.01795912855328973,0.15906057574331467,0.00048488529095803946,0.04194993759093442,0.0855599145355043,0.0956668197350085,0.08011136579210781,0.001,,,,,,,,,
132,-0.05267614799059843,1.115428477942491,0.08893388250361867,1.77924253028425,0.018403495505833093,0.16344471980986613,0.0004913248855252339,0.04446694125180933,0.054377767804107,0.09746831742382814,0.0806294916451955,0.001,,,,,,,,,
133,-0.04038484180252124,1.1467064856760634,0.11024848486118513,1.7303618463788086,0.01978507884399776,0.20908779381633152,0.0006052406459390071,0.055124242430592565,0.042554200008038334,0.1019080253986723,0.08058005414966443,0.001,,,,,,,,,
134,-0.0985723736454644,1.1766586354131345,0.08267461912213725,1.7688930430451397,0.020113791902917656,0.19699396334684205,0.00043870604698212064,0.041337309561068625,0.10060572657939415,0.10387892654272175,0.08202048987043939,0.001,,,,,,,,,
135,-0.12612543217381922,1.2154331355915482,0.08079483457162506,1.7645044828040612,0.02103012271182366,0.23084953126213284,0.00043412409938227946,0.040397417285812524,0.1284963111895482,0.10742472393325986,0.08193186466781593,0.001,,,,,,,,,
136,-0.12496719680112271,1.2285884511681233,0.07341306216818352,1.762816374434745,0.019758478245678234,0.2743974636470478,0.0003835522568062205,0.03670653108409176,0.12776934165498968,0.10597455483794807,0.07875095868233478,0.001,,,,,,,,,
137,-0.16710141940522688,1.256457742581245,0.07543046963067472,1.7552227590448797,0.022686060337944562,0.2767294266909205,0.00037987083256355714,0.03771523481533735,0.16992777984286747,0.11309084812000643,0.08270343180553506,0.001,,,,,,,,,
138,-0.17146625745087393,1.2829792199045458,0.08046229582674788,1.7474395184107683,0.02201951975477819,0.29228243009024524,0.00044233183004653174,0.04023114791337394,0.1744512106131743,0.11180200137720564,0.08094675903618768,0.001,,,,,,,,,
139,-0.11272807597084762,1.1822319588114325,0.08650260951028535,1.750204200299819,0.021118475632927812,0.280004767622285,0.00048242490011234383,0.043251304755142675,0.11559370124282974,0.10901603075818941,0.08074894068123017,0.001,,,,,,,,,
140,-0.16049799323973574,1.233138814063746,0.08226389103062282,1.7578300577065895,0.02081447931363599,0.23392599505735584,0.0004356953962151818,0.04113194551531141,0.16290032039036384,0.10710177462663419,0.08216116435010105,0.001,,,,,,,,,
141,-0.16145532529431675,1.2567758091566577,0.08397489184492551,1.7578427771700622,0.01984482791447318,0.22341104502775577,0.00044570625410247775,0.04198744592246276,0.16375345868082952,0.10453093694496997,0.08077831743391042,0.001,,,,,,,,,
142,-0.20847253661574894,1.2900848646208112,0.07561956383656487,1.7708497371570988,0.019932325771322635,0.19089434273126749,0.00044308321784381583,0.03780978191828244,0.21044142915452987,0.10377955895480542,0.08240613951772047,0.001,,,,,,,,,
143,-0.16832688247947236,1.2995086989312927,0.0684705864256576,1.7940424307227736,0.018730268549867153,0.16276109599970945,0.00038558419430668507,0.0342352932128288,0.1700105249989326,0.10002838489250035,0.08192963225683081,0.001,,,,,,,,,
144,-0.26358410604394444,1.3942525413446982,0.07103002889585716,1.7749579398011046,0.020263412096302443,0.1612109000107146,0.0003506011802382338,0.03551501444792858,0.2652529856496999,0.1038848382405889,0.0843706403809234,0.001,,,,,,,,,
145,-0.05237588483988685,1.1238030447041436,0.07680141880001481,1.786272212812595,0.01767098475847311,0.16593478432797093,0.0004334355137631105,0.03840070940000741,0.05409583046983234,0.09715838738899335,0.07990968622474419,0.001,,,,,,,,,
146,-0.05925675828285784,1.1200568476072101,0.08510387464019331,1.7724086035335485,0.01860049454570084,0.1886475886230185,0.00044612586482362565,0.042551937320096656,0.0612079714510917,0.09991781175655336,0.08068912849765489,0.001,,,,,,,,,
147,-0.17761886438481106,1.2781671623589859,0.07860048609245923,1.766889118160365,0.02004278013056532,0.20252403522804938,0.0004218788391746708,0.039300243046229616,0.17970529265971114,0.10440105260117521,0.08234031807907082,0.001,,,,,,,,,
148,-0.20136053411364796,1.277263945331705,0.07251993476950411,1.770899121588334,0.02107568819751927,0.24342046425494707,0.0003871026087742216,0.036259967384752054,0.2038525787408858,0.10772333102539156,0.08175411415609296,0.001,,,,,,,,,
149,-0.18926350463365557,1.3051003816747773,0.07064592372920314,1.769479412891506,0.021461801701029355,0.265166988634815,0.00039435549087124034,0.03532296186460157,0.19197213583090594,0.10911705508026692,0.08113380699731867,0.001,,,,,,,,,
150,-0.11246560675090968,1.1857498267464162,0.06923526364782258,1.7800304640626163,0.020509448018718728,0.26223850009170335,0.0003489436378124669,0.03461763182391129,0.11514389912466938,0.10647850993969846,0.0798829909536955,0.001,-0.15517445496822285,1.2674691942309062,0.15801085220971228,0.0833057535256319,1.7461450836871706,0.02209445555253383,0.27728377781922486,0.00044451356975081944,0.04165287676281595
151,-0.18931083293027584,1.2952336433459686,0.05709856683635528,1.7930263481325508,0.0207967226340001,0.23482883879612734,0.00030333780608507075,0.02854928341817764,0.1917086342431975,0.10683213292155658,0.08150907166786706,0.001,,,,,,,,,
152,-0.178662482431859,1.308067067593756,0.06873718554702662,1.7819061498260345,0.02012337555985064,0.21906911560154996,0.0003707864239344209,0.03436859277351331,0.1809090691063856,0.10452335843878965,0.08122804048811844,0.001,,,,,,,,,
153,-0.2349974669959507,1.3512727168473644,0.06612479873493747,1.7824252518979704,0.019922855972875235,0.2052804341901211,0.000357164700979722,0.033062399367468735,0.23710472963674817,0.10353640548380161,0.08172215763270958,0.001,,,,,,,,,
154,-0.21636125386572486,1.2996319597696664,0.07863494545704602,1.7611759483018044,0.02036039727370901,0.20342629970827764,0.00045069426058901127,0.03931747272852301,0.21845695303762502,0.10428444316988014,0.08217582831323327,0.001,,,,,,,,,
155,-0.10752695599438837,1.1774717516769118,0.09325597425031251,1.735590235202867,0.02038327087263847,0.24401551788297116,0.0005512323468623856,0.046627987125156256,0.11003660738616389,0.10515486530260218,0.08075943095666321,0.001,,,,,,,,,
156,-0.27229568955825684,1.412406937061529,0.06963625787648665,1.774529400484968,0.02080733493239906,0.22696070530629098,0.0003730199580309706,0.03481812893824333,0.27462159023384314,0.10582174707968688,0.08188599771012077,0.001,,,,,,,,,
157,-0.15658552895426958,1.2560507452535319,0.06428267762608368,1.7924376029569795,0.01950990981337436,0.23852227275563104,0.00034245360980645446,0.032141338813041834,0.15902424193276657,0.10263440577235611,0.07911705396809908,0.001,,,,,,,,,
158,-0.13727375923226337,1.2304673636792551,0.07510539962028559,1.7682710828428752,0.0212504669300553,0.2599397803569491,0.0004326367382767694,0.037552699810142795,0.13993271881385422,0.10729746524139058,0.0807646052820668,0.001,,,,,,,,,
159,-0.1623740139238874,1.2570178282011655,0.0887642971343513,1.727084659074011,0.02453587545517115,0.2784286789176211,0.0004995756760455776,0.04438214856717565,0.16522494946498195,0.11576084710305093,0.0854518891062481,0.001,,,,,,,,,
160,-0.15976338140933677,1.2591710997812393,0.07540388653920908,1.7528414618630637,0.023264439804294913,0.2946737893065294,0.0004199847487156271,0.03770194326960454,0.16276954950777744,0.1127268445304605,0.08197418569523993,0.001,,,,,,,,,
161,-0.1893202387257843,1.28368938888413,0.06793882619419693,1.757758286463506,0.023588074082956836,0.3018358716679107,0.0003990984580471086,0.03396941309709847,0.19239413542300565,0.11388320414012135,0.08199686001542314,0.001,,,,,,,,,
162,-0.1692194519810463,1.2696801764445849,0.07597661613417411,1.7504995284760179,0.02505753214930881,0.3105915751678004,0.0004391827306929443,0.03798830806708706,0.17238525286338308,0.11750480454177495,0.08354955213352967,0.001,,,,,,,,,
163,-0.14308019801343333,1.2364372486140922,0.07896126510066057,1.7440847419574625,0.024085426704456167,0.3174108665595264,0.00042545386710387666,0.03948063255033028,0.14631548269766953,0.11481369003156516,0.08180748552608744,0.001,,,,,,,,,
164,-0.12035408388587367,1.1970772278743733,0.08147488926659513,1.7392551254285464,0.02583921730010132,0.31969321753359914,0.0004715053450586701,0.04073744463329756,0.12361386111054781,0.11919296640667533,0.08440637043901222,0.001,,,,,,,,,
165,-0.32169833486961286,1.470464347301378,0.03868131041399424,1.8259481716850245,0.01988875019092963,0.20545169401320376,0.00020802968382247703,0.01934065520699712,0.32379253224350696,0.10210837227831798,0.08012701920412699,0.001,,,,,,,,,
166,-0.07102644065027179,1.1475480929877937,0.08607860284503674,1.745413475288442,0.02299395281958457,0.29454345373793306,0.0005050965986647053,0.04303930142251837,0.07403741958981319,0.11098579441669293,0.08105428651199345,0.001,,,,,,,,,
167,-0.21300344811789182,1.3515765874445522,0.07326331951164303,1.769504673559842,0.02241315303565257,0.23611568751273448,0.00040299139634295163,0.03663165975582151,0.21542296161347402,0.1084846613104449,0.08263379607298216,0.001,,,,,,,,,
168,-0.19588171229311743,1.2647448815001185,0.05869968446658034,1.809852211793061,0.019927025054501148,0.20486527925969783,0.0003538552030081343,0.029349842233290173,0.1979813520020957,0.1012918118822561,0.08064297602587805,0.001,,,,,,,,,
169,-0.13171244572868968,1.2225390481665401,0.06922604503910738,1.787981023214175,0.02082891927985737,0.21422608132682291,0.00038550580081414445,0.03461302251955369,0.13391105443271772,0.10372373533483802,0.08121833299408086,0.001,,,,,,,,,
170,-0.2024437990484998,1.3018631052477314,0.062071043059053754,1.7968190448836978,0.021227621597878638,0.2088718771864925,0.000327479430376792,0.031035521529526877,0.20458479632664683,0.10447998986419665,0.08228764835893833,0.001,,,,,,,,,
171,-0.17911670121127896,1.2784346607738324,0.06665718187731456,1.7871014050902025,0.020719667927800355,0.22769636188806036,0.00036770686777345496,0.03332859093865728,0.18144854150382686,0.103662277025312,0.08045436748967612,0.001,,,,,,,,,
172,-0.0832705486881108,1.146272893233755,0.08609554575195091,1.74884763168137,0.02334524141180233,0.26141543021188446,0.0004580477020960094,0.04304777287597546,0.08594981971644342,0.10988298700625745,0.08217605752446164,0.001,,,,,,,,,
173,-0.1348761484418779,1.1997816776965087,0.08465656108751157,1.7638764193743073,0.022724966531041377,0.2516431355494878,0.00046910122386314886,0.042328280543755786,0.1374572378543489,0.10790029534746026,0.08191870552474059,0.001,,,,,,,,,
174,-0.12078856921186075,1.2017767884022572,0.08773357078625055,1.7418125667299482,0.02522444682439249,0.2939784473163039,0.0005042934722722044,0.043866785393125274,0.12379468153080696,0.11487925582630465,0.08362972184592773,0.001,,,,,,,,,
175,-0.21244045714283166,1.3796814452482113,0.06107069605096144,1.780833334505429,0.022766268756791316,0.2566944330516252,0.00035409421886435557,0.030535348025480722,0.2150592860969071,0.10869938649168494,0.08185771418055725,0.001,,,,,,,,,
176,-0.11590293264176409,1.1769521969478298,0.06716095409207033,1.7745283594275227,0.024405209369725726,0.306806796195873,0.00036553827635063497,0.03358047704603516,0.11902598174712661,0.11270802577222724,0.08134361984360877,0.001,,,,,,,,,
177,-0.1335207767807679,1.2575661874780981,0.07061126376375106,1.746023029755791,0.02708224947336555,0.36685328476174095,0.0003851029947302362,0.03530563188187553,0.13724592652051207,0.11952565289786798,0.0810392820975618,0.001,,,,,,,,,
178,-0.15580535300476253,1.2135841686679048,0.060455709141269964,1.7446734691017975,0.03096102281102233,0.438088804997197,0.0003275294693059821,0.030227854570634982,0.1602371909386892,0.12857632447753145,0.08218635814225779,0.001,,,,,,,,,
179,-0.1536391074411405,1.242933958857399,0.07009864965939283,1.6952074999256568,0.03703275269590835,0.5907794919174434,0.00038254826004348536,0.035049324829696415,0.15960272924274432,0.14312632487562282,0.08102553075727872,0.001,,,,,,,,,
180,-0.08030374049567934,1.1745497167265067,0.07373838552150698,1.636913081922363,0.04812941667082816,0.8149551674914606,0.0003954066407109378,0.03686919276075348,0.08851048456058104,0.16924438054504262,0.08237162144093263,0.001,,,,,,,,,
181,-0.15393290246773406,1.2498281455527454,0.06647342096455484,1.654632389885953,0.04781726512755743,0.7836297115899542,0.0003489057483890804,0.03323671048227742,0.16182247167549862,0.16793065965680615,0.08322802457276927,0.001,,,,,,,,,
182,-0.10968475482994021,1.1886124790298558,0.0732595001671609,1.6619887210775266,0.043684094921907696,0.6875707429006124,0.00038825018110909867,0.03662975008358045,0.11661759439805178,0.15804325794005097,0.0834027856921383,0.001,,,,,,,,,
183,-0.1774373734219804,1.2807319234752688,0.058939076424794276,1.7202890115146987,0.03568077782878089,0.5189933154611615,0.00034370565114457785,0.029469538212397138,0.18267741606143104,0.13808387632871638,0.08269019711384648,0.001,,,,,,,,,
184,-0.17576969899350292,1.278748289593293,0.06674366027212923,1.7308292097254336,0.032489938484154136,0.44408514577012126,0.00034459898937504115,0.033371830136064616,0.18026467656333123,0.13061602420677226,0.08318582489552588,0.001,,,,,,,,,
185,-0.2262937067372638,1.3076043263661739,0.05178429730225758,1.7931127949527252,0.02572867333069372,0.27012620716790064,0.00026564416913393916,0.02589214865112879,0.2290414485272348,0.11286670196439628,0.08344219410354237,0.001,,,,,,,,,
186,-0.11348071119430865,1.1740920609184318,0.0796257892848776,1.7617222165066757,0.02448607243556789,0.2538125155171954,0.00046444132887263584,0.0398128946424388,0.11608091087957687,0.11043084149176732,0.08340259534102767,0.001,,,,,,,,,
187,-0.21235980153762138,1.3501111847480036,0.06063314147288568,1.8124369374353326,0.018744004366260884,0.14581897229803037,0.00034004213022449057,0.03031657073644284,0.21386983262201473,0.09491933608537173,0.08095981882739176,0.001,,,,,,,,,
188,-0.11613487417133626,1.2153308243060503,0.06527160775568026,1.8157514777610322,0.017247343493430427,0.1321428831505584,0.0003433353066676673,0.032635803877840125,0.11751052967456396,0.09058398024342534,0.07925224703688527,0.001,,,,,,,,,
189,-0.15900095487652527,1.2425381615271944,0.07809567921699366,1.783358157215852,0.01955713962670581,0.1710799778098071,0.0003938561671045889,0.03904783960849683,0.16077257463747505,0.09646761373925822,0.08067191252952496,0.001,,,,,,,,,
190,-0.13079107011411034,1.1737891915452565,0.06741537118806666,1.822404479947752,0.016932324515937812,0.12792897521216498,0.0003811387957673251,0.03370768559403333,0.13212610298458316,0.08922459913986183,0.07915534051158774,0.001,,,,,,,,,
191,-0.17131405569444852,1.2595156557520606,0.05564918689107942,1.8437896398883165,0.016149262036782033,0.10027561974985963,0.00031094011712405265,0.027824593445539714,0.17236618378296276,0.08702373429889942,0.07987505895268182,0.001,,,,,,,,,
192,-0.22581725468301336,1.34965877400905,0.07590920180567245,1.7914250829941833,0.018926756111022153,0.14642756177409544,0.00038881123060909045,0.03795460090283623,0.2273412872647932,0.09443768542515091,0.08109011033821711,0.001,,,,,,,,,
193,-0.11145895623936326,1.1628554970299652,0.07498136096341394,1.813329811805416,0.017291246213163657,0.13233993400956345,0.00040553653486156776,0.03749068048170697,0.11284203492340729,0.08977352852001438,0.07949220404400699,0.001,,,,,,,,,
194,-0.06550952410686006,1.1768504505582558,0.08675881496304959,1.7943963604916586,0.017195677691975185,0.1508857378583473,0.0004832485212588988,0.04337940748152479,0.06708453734174258,0.08944736537677958,0.07847817760188788,0.001,,,,,,,,,
195,-0.13717608041532456,1.2208343679604825,0.08270906966176503,1.7820717067140213,0.018699697755944183,0.13599368582936014,0.00044703306562115814,0.041354534830882514,0.13859966285617237,0.09346918380323035,0.08135581894639113,0.001,,,,,,,,,
196,-0.15539827822823213,1.2480452012156968,0.08415979895537842,1.7801861825106327,0.019047586493344287,0.14147701710816113,0.00043426740389109733,0.04207989947768921,0.15687727283465547,0.09435856753027688,0.08184547740741333,0.001,,,,,,,,,
197,-0.062035133679610936,1.1011325819707536,0.08631576276537153,1.7900126640301708,0.01892855031802205,0.15275719256186485,0.00048524345123985814,0.04315788138268577,0.06362861604776497,0.09418296591703561,0.0808994750382784,0.001,,,,,,,,,
198,-0.12710463395688443,1.2185098798809053,0.08983446826672295,1.777124814478737,0.01950970961725842,0.15605094622043875,0.000486927945631965,0.044917234133361475,0.12873270118082325,0.09573966705971193,0.08223511741661342,0.001,,,,,,,,,
199,-0.15211835827998976,1.2346460878443652,0.07740879822286822,1.802584975989457,0.01761968019745556,0.12711423351034956,0.0004078348738711662,0.03870439911143411,0.15345030921270328,0.09060601469898738,0.0803532240101705,0.001,,,,,,,,,
200,-0.14859153893752494,1.2577965862404046,0.0801671093270199,1.8004138660398938,0.01745470222005075,0.14236533762829695,0.0004442601006065146,0.04008355466350995,0.15007772260813787,0.08998615466715615,0.079602113374794,0.001,-0.15280138237946933,1.2700042769757922,0.1543590722304256,0.08374655485516902,1.7888903518302484,0.01881123762902692,0.14934622425900151,0.00044654274204093767,0.04187327742758451
201,-0.05323086056512186,1.140438044350152,0.07464189703823945,1.8321554935307447,0.015833785922504267,0.1160880760081341,0.00039326653915482807,0.03732094851911972,0.054451316494049176,0.08566811509131597,0.07893695276008997,0.001,,,,,,,,,
202,-0.2392607165567201,1.3680717886547038,0.07286962121991378,1.8030002032328938,0.018479314230897194,0.12520697610367665,0.00040970699642280724,0.03643481060995689,0.2405713482003634,0.09270552599356169,0.08213748488976289,0.001,,,,,,,,,
203,-0.20732839440119677,1.323229860304402,0.06527185495214535,1.8179848837292982,0.017342740177685972,0.11708961335625366,0.0003891010360016383,0.03263592747607267,0.2085539973214327,0.08984465264636132,0.08077086169152878,0.001,,,,,,,,,
204,-0.18282539769152367,1.2776041413292578,0.07447799404070059,1.8101663314493903,0.017489307107475018,0.13145781864181363,0.00038909437986195736,0.037238997020350294,0.18419920748207527,0.09028845488485927,0.08008593516927215,0.001,,,,,,,,,
205,-0.11185900760816392,1.1857504245388002,0.08331202323884813,1.7927835641228853,0.01914204673995684,0.15100335993379152,0.0004502525002769788,0.04165601161942406,0.11343312757976526,0.09484549479337864,0.08207132048528223,0.001,,,,,,,,,
206,-0.17002872534851043,1.287027554912871,0.06611866531191649,1.8243297707155197,0.016768551604372184,0.11664864095076287,0.0003644573288923491,0.03305933265595824,0.1712501589616701,0.08822326412367178,0.0795484219315182,0.001,,,,,,,,,
207,-0.2492314118172752,1.3810052612990504,0.05252611917900343,1.8382913601054862,0.017100342198430346,0.09873888962103278,0.0002879656285476567,0.026263059589501717,0.25026632634296153,0.0890013240431764,0.0815602350155366,0.001,,,,,,,,,
208,-0.06251346928131699,1.1618772398839332,0.08849342929281907,1.7819384141495522,0.018310530659840965,0.15746590339588828,0.0005311949437660688,0.04424671464640954,0.06415550636350144,0.09262622144179788,0.08041392145031309,0.001,,,,,,,,,
209,-0.20858370202924698,1.3232472976006517,0.07163321183057779,1.8035697701567543,0.01923575907597528,0.1460020055844264,0.00039493686013021036,0.0358166059152889,0.21010152375730945,0.09497574650348306,0.08197327697901324,0.001,,,,,,,,,
210,-0.07175128578646545,1.1607120091322431,0.10060005849551798,1.7521924016390942,0.020261067724757567,0.2040840792196748,0.000564104119752215,0.050300029247759,0.07386558957312386,0.09818301583679284,0.0811840178415956,0.001,,,,,,,,,
211,-0.17592999951461644,1.279042481409127,0.07313443778167415,1.7975309655665117,0.019604467567625794,0.15605354423047918,0.0003970370005949212,0.036567218890837076,0.1775490478554737,0.09604389191772844,0.08255161042018672,0.001,,,,,,,,,
212,-0.10351267837919678,1.1845192550838661,0.07287935632639497,1.8062860334148434,0.018509096129743146,0.14725174760831203,0.0003881456518506461,0.036439678163197486,0.10504357985029575,0.09293377890020726,0.08101453888632151,0.001,,,,,,,,,
213,-0.17083390259657866,1.2245081401007285,0.06037806256898201,1.8238605497331044,0.017901506738492657,0.14020487268562765,0.0003497601717559032,0.030189031284491005,0.17228787656193434,0.091827762818963,0.081337750298646,0.001,,,,,,,,,
214,-0.1745278547095386,1.2696074214604012,0.08359647463889786,1.772560254470371,0.020926418238901123,0.19156362086048942,0.00043891893189547534,0.04179823731944893,0.1765074039473266,0.1000695244987397,0.08339518941186051,0.001,,,,,,,,,
215,-0.16193846289538655,1.2700242831921633,0.06702275715567851,1.8113939200665525,0.020186137532454497,0.1758985754691978,0.00036000887415160336,0.03351137857783926,0.16375267405659857,0.09791367910830764,0.0831069895237723,0.001,,,,,,,,,
216,-0.17987275695263807,1.2887420562283647,0.06727923136711639,1.7964014909693986,0.021631993547571313,0.19211399981848265,0.000340812469995476,0.033639615683558194,0.18184890870611609,0.10229621590485734,0.08444511803607038,0.001,,,,,,,,,
217,-0.12300646077908794,1.2243717421842948,0.06765154522430945,1.7971636010607308,0.019714457999439855,0.22098606270261018,0.0003664602443202242,0.033825772612154734,0.12527178341718,0.09731999167599273,0.08002963203987551,0.001,,,,,,,,,
218,-0.17139952435167233,1.2889163168091116,0.0925303619915461,1.713961933396346,0.028989401743804787,0.35123144541404316,0.0005293213862698563,0.046265180995773036,0.17498053682000517,0.1218217681892446,0.08638582414470689,0.001,,,,,,,,,
219,-0.10018848630655341,1.1673602871515307,0.07681878523373308,1.746692900762009,0.028920999904589337,0.36225138469484364,0.00043497475261743075,0.03840939261686654,0.10387122622265249,0.12179562178691652,0.08590611614864929,0.001,,,,,,,,,
220,-0.19959930496454895,1.3186055524507543,0.07677466958573842,1.7328588422135396,0.02958707466959587,0.3868943223185668,0.0004142216172774331,0.03838733479286921,0.20352810632712243,0.12283613693259958,0.0844623673879896,0.001,,,,,,,,,
221,-0.12716830348233893,1.2097466598491053,0.08821563322822762,1.689104717938571,0.03498666893484634,0.49089664892993556,0.0005436457853618585,0.04410781661411381,0.1321437052932854,0.13662832421803062,0.0863581991746758,0.001,,,,,,,,,
222,-0.23199973101190138,1.3331159960735373,0.05899861740722147,1.74435175093695,0.03294721862601115,0.45483778151265175,0.00029098551100519937,0.029499308703610734,0.23659796150835094,0.13044836850748115,0.08427962745124512,0.001,,,,,,,,,
223,-0.176256426982628,1.2686048897651425,0.048046823198588336,1.7552776904120493,0.03357077833309185,0.4924198719273128,0.0002725251127076087,0.02402341159929417,0.1812249271415316,0.13208065486026901,0.08328218498248044,0.001,,,,,,,,,
224,-0.20650029438745826,1.310832687665131,0.06495473250472145,1.7185323834748847,0.034184198517112505,0.5045855473743279,0.0003520246838296724,0.03247736625236072,0.21159933279812693,0.1342458536920561,0.0841601743496485,0.001,,,,,,,,,
225,-0.23246925337287752,1.3289367329709454,0.0705513740151204,1.7214590481309981,0.03233327324528758,0.43956949953691726,0.0003973419205181832,0.035275687007560196,0.23692141206494075,0.12999315322909458,0.08590729869422532,0.001,,,,,,,,,
226,-0.1458784056849569,1.2267342744325966,0.07390668209523349,1.7332601688464844,0.030940978190490433,0.42372865558233963,0.0003731206798182154,0.036953341047616745,0.15017370939031455,0.12659786977961068,0.08496672120540681,0.001,,,,,,,,,
227,-0.14226262783535334,1.2017859155315638,0.06937388669551103,1.7522884467283544,0.027614931530322396,0.37011945665440044,0.00039074648606807606,0.03468694334775552,0.14601993969457305,0.11823649423753418,0.08360642001684442,0.001,,,,,,,,,
228,-0.16418347483705337,1.2458736457005495,0.07175274244700028,1.7524534406786492,0.026747785251183875,0.35165574608564243,0.0003697815112766444,0.035876371223500146,0.16775713101865283,0.11591801270731121,0.08322919725246172,0.001,,,,,,,,,
229,-0.14804496456780977,1.2490201085085824,0.06818456880367244,1.765349252450896,0.025658089406124608,0.34159930006219474,0.00038039107525910916,0.03409228440183622,0.15151650725611066,0.1133427723438768,0.08267916777584566,0.001,,,,,,,,,
230,-0.12438316993467011,1.2265335985991033,0.07936021836601748,1.7458785350799784,0.025611767057221617,0.3472983970649523,0.000409242501401546,0.03968010918300874,0.12791738522486745,0.11349716773615387,0.08202624309357032,0.001,,,,,,,,,
231,-0.26488315911663723,1.3722044496532968,0.05632710761445939,1.7802515386586277,0.02429262459166853,0.29680208847644285,0.0003159425654174349,0.028163553807229694,0.2679003054962496,0.10922860119006977,0.0825246449203697,0.001,,,,,,,,,
232,-0.16527450448668507,1.2899213241063574,0.06744359704885357,1.7686467288182106,0.024350438122577797,0.3071848900061091,0.000344649477886904,0.033721798524426784,0.16840120814733767,0.10961497342626633,0.08230329726843591,0.001,,,,,,,,,
233,-0.09259984140013977,1.150949443192839,0.07699297754472985,1.7525622961877654,0.026111112627128116,0.350733625214043,0.0003974477237395402,0.03849648877236492,0.09616717424125183,0.11392310269487634,0.08262047767907475,0.001,,,,,,,,,
234,-0.1801041166002019,1.3044758808638193,0.0879012042870765,1.7184622937386727,0.027730596856889025,0.3665307841456061,0.00048022780737520983,0.04395060214353825,0.1838353619448126,0.1188989536317539,0.08478657422740939,0.001,,,,,,,,,
235,-0.07921438509847485,1.1391911953257376,0.06587562762834814,1.769890824067967,0.025682458419814855,0.3471777557599736,0.00035392589107418064,0.03293781381417407,0.08274033863704018,0.11223274919438564,0.0817944546872428,0.001,,,,,,,,,
236,-0.09091529270209828,1.179186431175984,0.09589709123885992,1.697959682782867,0.02966278697185845,0.43817214742641036,0.0005407001668065402,0.04794854561942996,0.09536734932047768,0.12305161074424316,0.08324523633012254,0.001,,,,,,,,,
237,-0.18433774743217068,1.2670178439310242,0.07021176552788767,1.7427232677593105,0.02861794730498319,0.36229399966054665,0.0004026720690275987,0.035105882763943844,0.18801724726490798,0.1197025436605633,0.0852325768470063,0.001,,,,,,,,,
238,-0.08310320287048054,1.1535905093188632,0.07686339132184881,1.7199744621167599,0.030672842646562448,0.45243025492934386,0.0004236532326081237,0.03843169566092441,0.08768737339238213,0.12451598804575292,0.08260703320675195,0.001,,,,,,,,,
239,-0.043061514874152496,1.1262779559814065,0.08463274019895867,1.7009007437793224,0.03377532590700587,0.4843219999679278,0.0004757608732972456,0.042316370099479333,0.04796881786010202,0.13208398034202168,0.08528825455139055,0.001,,,,,,,,,
240,-0.16581709548291598,1.272269960985812,0.06836667663292614,1.7188059305063854,0.03371723286284838,0.4886121629800002,0.00038831940428131495,0.03418333831646307,0.1707584717043803,0.13149638706715377,0.08441350075028861,0.001,,,,,,,,,
241,-0.13992370506750423,1.1984811237322632,0.06427882215990918,1.746019370739737,0.0312228511289524,0.44647857335828095,0.00035209878577004583,0.03213941107995459,0.1444416113937321,0.12533950015885337,0.08344932499892335,0.001,,,,,,,,,
242,-0.18055668189121998,1.2854768517664201,0.06208642581261964,1.7477010168262457,0.031194581575279285,0.4303681446870675,0.0003211726923316139,0.03104321290630982,0.18491209528808858,0.1249786213419062,0.08406121159220048,0.001,,,,,,,,,
243,-0.1468526040301806,1.2730782615153657,0.07974115965499937,1.6983263560914497,0.03409201270175055,0.5075255423601742,0.0003881782418186167,0.03987057982749968,0.15198859507958895,0.13265133033280369,0.08432370712780343,0.001,,,,,,,,,
244,-0.079390861297323,1.1720639797005694,0.081250719022302,1.704023409200756,0.032628978027896306,0.5020412345247117,0.00045348473997747544,0.040625359511151,0.08447347408357306,0.12871513954763836,0.08201644094411953,0.001,,,,,,,,,
245,-0.05163232095572637,1.0976868079212216,0.09594453053774693,1.6665580028632319,0.037170528608161134,0.5749931164443969,0.0005292886725926494,0.047972265268873465,0.057452182852193764,0.14050551935973155,0.08509019484267524,0.001,,,,,,,,,
246,-0.18490745127056232,1.3066072962396056,0.07729268212904514,1.7038929647972854,0.03264834213746916,0.49307153112530566,0.0004076800234607514,0.038646341064522576,0.18989792865276248,0.1287785053959965,0.08300394728650984,0.001,,,,,,,,,
247,-0.09203108607922654,1.1507321495479381,0.08199455296858635,1.6909298789869904,0.034864465861590276,0.5283106449117649,0.00047634081590121953,0.040997276484293174,0.09737686251177735,0.1344236035758245,0.0838270177100254,0.001,,,,,,,,,
248,-0.16598374876016256,1.2534748140755712,0.0713034278958609,1.725671186016048,0.03266787866853926,0.4750355940458661,0.0003720685746409523,0.03565171394793045,0.17079073381217574,0.12862196231061868,0.08370465206909578,0.001,,,,,,,,,
249,-0.10132561871809073,1.1517139249820934,0.05470518725720723,1.7695715881080787,0.030092472686703252,0.42885666911251435,0.0003255163217455001,0.027352593628603615,0.10566248888194303,0.12144141475692542,0.08236343137320587,0.001,,,,,,,,,
250,-0.17179688930653803,1.2863380097208974,0.06941931117779841,1.7402018738638574,0.03139367406091762,0.44274578492586536,0.00037747980871811614,0.03470965558889921,0.17628023362821138,0.1252778503100912,0.08351199680954899,0.001,-0.16485447171431702,1.2778644842353486,0.1694885133990427,0.07631094145832047,1.7194623617749263,0.0316067943042892,0.4574602284988417,0.00040893053903211186,0.038155470729160236
251,-0.1897883375091457,1.2808262523282925,0.06132789573853086,1.7531785980102665,0.030876040537409964,0.4178617843515183,0.00031665251573178925,0.030663947869265427,0.19401831761166755,0.12354429322073751,0.08379790786718982,0.001,,,,,,,,,
252,-0.11036671271718268,1.180210412110453,0.0871490481277511,1.7103545028427238,0.030441799501023756,0.44596941590437456,0.00048272101606476045,0.04357452406387555,0.11489191215547939,0.12392645338253978,0.08311714804982126,0.001,,,,,,,,,
253,-0.17217645774029294,1.2599982687935967,0.0847955142192835,1.71703915764926,0.030150358178779417,0.4237522651890565,0.00044142151378852713,0.04239775710964175,0.17647796275600755,0.12268008724150069,0.08348187422973402,0.001,,,,,,,,,
254,-0.0756573928663018,1.1527281794393422,0.08345082110521107,1.7290555668550236,0.027333791532665096,0.3996209416442983,0.00045965754675337406,0.041725410552605535,0.07971721482443347,0.11596837295216289,0.08127342516040723,0.001,,,,,,,,,
255,-0.27675262101077946,1.3894432903989467,0.0493113433596582,1.79062517247709,0.025137099812419506,0.30167918444006536,0.00027399221884914104,0.0246556716798291,0.27981471470077324,0.1095780295168066,0.08228463907447697,0.001,,,,,,,,,
256,-0.24299149001977655,1.3929515214647195,0.07157086437420064,1.7464308030023454,0.02632875464453801,0.3370417039275353,0.0004030671832753542,0.03578543218710032,0.24641918747110178,0.11315697735277269,0.08262636191371503,0.001,,,,,,,,,
257,-0.1415293593311725,1.2396855802713191,0.06876923481412078,1.766908080623139,0.02397338740987707,0.3066801639409278,0.0003849752792952617,0.03438461740706039,0.14465206442158804,0.10716613784038595,0.08111142145243408,0.001,,,,,,,,,
258,-0.1424976236536385,1.2116050590227796,0.06520743070711915,1.7842275607334597,0.023828226991285905,0.2759766497286822,0.0003668852314747614,0.032603715353559576,0.14531150499420098,0.10618583173830493,0.08251315110346435,0.001,,,,,,,,,
259,-0.11436640954605468,1.197682601420902,0.07260652449839178,1.7619768739410906,0.023788905191931387,0.29399781980932405,0.0003747075060909878,0.03630326224919589,0.11736405785019743,0.10665152550546028,0.08204074954918814,0.001,,,,,,,,,
260,-0.22730546224230297,1.39355586524923,0.0650440385343803,1.774158649390006,0.02398813610521499,0.29290425896613437,0.00032201761592316736,0.03252201926719015,0.23028798861388464,0.10705326344322522,0.0814816195268923,0.001,,,,,,,,,
261,-0.1002688974021636,1.1648293947666564,0.08573026789025288,1.7275109451331325,0.02619523241729678,0.3443564004966422,0.0004935842449978374,0.04286513394512645,0.10377753749297648,0.11359087547724506,0.08330485346220437,0.001,,,,,,,,,
262,-0.054557896304920875,1.1236369895305904,0.0699330407912106,1.767433167127257,0.02598409813932373,0.3524552846974363,0.00039175399720439935,0.0349665203956053,0.058139007543934154,0.11217168355888317,0.08157987781473468,0.001,,,,,,,,,
263,-0.21220094222280592,1.3165177711731728,0.056217788705262076,1.7907260210897136,0.024532432821315155,0.30205551408781656,0.00031618388085726033,0.028108894352631038,0.21527067535705616,0.10782434798467422,0.08097481014992298,0.001,,,,,,,,,
264,-0.23085255108104963,1.3550043063044497,0.07692159130458738,1.7254308418326414,0.028006102403174055,0.3516210049897913,0.00046534780575643045,0.03846079565229369,0.23442912971307575,0.1175987688023056,0.08512823674199307,0.001,,,,,,,,,
265,-0.08742938039238579,1.1769716119893836,0.08366144626614828,1.713904916812408,0.029257384376354965,0.4284879579549121,0.0004529252111999766,0.041830723133074135,0.09177775899634809,0.12034014702672949,0.08115305662471312,0.001,,,,,,,,,
266,-0.09183036479395543,1.173072227225671,0.0793171977610378,1.7218246733155158,0.030277977133415606,0.4379103040367456,0.0004223297353872367,0.0396585988805189,0.09627056797729043,0.12294525275426343,0.08245816509427817,0.001,,,,,,,,,
267,-0.25586987684756984,1.3926186128354585,0.06285306480129531,1.7671500554576083,0.026664761934038765,0.3353518776090387,0.0003599806413096793,0.031426532400647654,0.25927609346302855,0.1133402731340635,0.0823820258050916,0.001,,,,,,,,,
268,-0.2157986079262447,1.328929711279651,0.06701506002444216,1.7533373285026457,0.02698411184917194,0.35219158398833356,0.0003598162773972054,0.03350753001222108,0.21937516283219927,0.11489061618784785,0.0827296014604687,0.001,,,,,,,,,
269,-0.1488194465635138,1.2177495809205827,0.05819579617592737,1.7823428640635721,0.02720036285637526,0.35471477452002154,0.0003016999566299036,0.029097898087963685,0.15241653263500896,0.11486074982367715,0.08289604229968853,0.001,,,,,,,,,
270,-0.17638245384306192,1.277230646041326,0.068950493169746,1.744274077396902,0.028208727801890432,0.40155494497019917,0.00038011499052325676,0.034475246584873,0.180453722430028,0.11789218873190295,0.08145783078498425,0.001,,,,,,,,,
271,-0.2603312605262745,1.3764516659162833,0.06101378065767662,1.7714175289956373,0.026246480684495834,0.3340495652794231,0.00032915302293538357,0.03050689032883831,0.2637232687749169,0.11249583654387824,0.08206132652951605,0.001,,,,,,,,,
272,-0.11051146064951209,1.2208022655952955,0.08067793340930982,1.7233386531174752,0.028899489879377134,0.41663256231230045,0.00045193462225020197,0.04033896670465491,0.1147398779720934,0.11986309050818086,0.0815161003126797,0.001,,,,,,,,,
273,-0.14162524832517176,1.2075574022865876,0.05977630506830599,1.7616128186216755,0.02801792246833421,0.3884238676872801,0.00033189782588603734,0.02988815253415299,0.14556031026102378,0.11697355850508048,0.08118852424181294,0.001,,,,,,,,,
274,-0.10587695419661361,1.1876497622298483,0.06947427229582506,1.7619462775994026,0.02650858467707215,0.36219989907845873,0.00038614253716629616,0.03473713614791253,0.10955517121169375,0.1133223803554377,0.08102432197343451,0.001,,,,,,,,,
275,-0.07009041387921125,1.1249656262784375,0.07608940959681612,1.715646564806411,0.032998978276555235,0.4978574819288157,0.0004443329212820003,0.03804470479840806,0.0751286331981587,0.12982951086276295,0.08279460295920099,0.001,,,,,,,,,
276,-0.11248357589325221,1.173107372250345,0.08552783491484893,1.703558329479058,0.03262004903009487,0.4968684778711625,0.0004793776339846591,0.042763917457424465,0.11751685394905588,0.12933701142259119,0.08290724628134964,0.001,,,,,,,,,
277,-0.11434657661418957,1.2070086426811582,0.07455396857634272,1.6915377722891378,0.03699336684128415,0.6079073137843568,0.00039795831679420216,0.03727698428817137,0.12048382169721213,0.1393282200593089,0.08113675613252694,0.001,,,,,,,,,
278,-0.16727625467292245,1.2732000345941596,0.06359805628752167,1.739936717190469,0.033070237617503946,0.4921776084724163,0.0003519677549921656,0.031799028143760844,0.17225074883051222,0.12924992797935803,0.08219013432279876,0.001,,,,,,,,,
279,-0.2142212921435384,1.360076079773149,0.0765840985911801,1.6830741357825816,0.03659235024401468,0.5571569263599593,0.0004044804588709172,0.03829204929559005,0.21985202900238013,0.13868722165609915,0.08441053708181345,0.001,,,,,,,,,
280,-0.10150130736532025,1.1912101695778368,0.0746742690056253,1.6933565217295432,0.03507963701055554,0.5580396683556766,0.0004247392465322466,0.03733713450281263,0.10714022214106245,0.13523218525151495,0.0815423182546873,0.001,,,,,,,,,
281,-0.10153825799182298,1.1737173669239356,0.08058511671284146,1.6839954474892798,0.03736416490417568,0.5993930826044678,0.0004487533651109794,0.04029255835642073,0.10759380886435008,0.1404794598620377,0.08300434723335942,0.001,,,,,,,,,
282,-0.12322946965400777,1.2423369859749025,0.06748285915153465,1.7022425855460264,0.03683313840451579,0.59235568165833,0.00034883008043248793,0.033741429575767326,0.12920727862682663,0.1383467957499151,0.08105169057169709,0.001,,,,,,,,,
283,-0.15273295666615463,1.2350524588030667,0.057405087863987146,1.7261876505045564,0.03472909267371141,0.5561860499784923,0.00032009015737422236,0.02870254393199357,0.15834398248795034,0.13363910554889208,0.08052103805115937,0.001,,,,,,,,,
284,-0.15399801519342599,1.2432560054577113,0.06768302051422612,1.7195559573073846,0.03550203888107406,0.4936103601889489,0.00039525371872696307,0.03384151025711306,0.15898910840233293,0.13542119197304042,0.08679290919460689,0.001,,,,,,,,,
285,-0.16480192823180884,1.2334681839440746,0.06436796863547023,1.728666538967452,0.032608002129750444,0.4858491416088238,0.00035227274001405865,0.03218398431773512,0.16971341302500462,0.12835960985801004,0.08175266496452382,0.001,,,,,,,,,
286,-0.14206887945626445,1.2151987938575277,0.06835598585611807,1.7091219563323157,0.03501125938193841,0.5316060075619741,0.00037610039214560855,0.03417799292805904,0.147439969748297,0.13430123741843095,0.08279739709973355,0.001,,,,,,,,,
287,-0.15699381611846044,1.2313219684972077,0.04988729243523191,1.7644916238228414,0.031712357333203614,0.46049605922827824,0.00028070410363797895,0.02494364621761596,0.16164417231423545,0.1258843944824477,0.08153890157261787,0.001,,,,,,,,,
288,-0.14610671016890103,1.2096740072208265,0.05743783133592824,1.7427136444549054,0.032599738159564455,0.47681059268417936,0.0002968860050753333,0.02871891566796412,0.1509239310079061,0.12875182585180167,0.08287113060217949,0.001,,,,,,,,,
289,-0.22529373723502968,1.346042672960838,0.05342242539974601,1.753426329458415,0.031200686012528563,0.4568711368249371,0.0003208398675565498,0.026711212699873005,0.22990990247794907,0.12487300208705632,0.08128027796767431,0.001,,,,,,,,,
290,-0.15873307671351597,1.2721726989975464,0.0667231993136288,1.745062766521599,0.029373410977736828,0.4315184630846016,0.0003778134541272912,0.0333615996568144,0.16310285170622532,0.12062697076028056,0.08051781803796962,0.001,,,,,,,,,
291,-0.23706439345241426,1.3350016983051274,0.0701014556641795,1.7595826357252973,0.026180353568059977,0.33765396318968544,0.00039717024345409214,0.03505072783208975,0.24049755134093498,0.11304965013520601,0.08252803745378176,0.001,,,,,,,,,
292,-0.12972661997990886,1.2435846165962205,0.07853031463966179,1.730592698596448,0.02863713049991863,0.4251517440056831,0.00043168561403059987,0.03926515731983089,0.1340390253604118,0.11936427850635646,0.08089368538328395,0.001,,,,,,,,,
293,-0.019520093918231642,1.0662957848114272,0.07941095677701496,1.7555520988643292,0.025681347795150716,0.3412723302894266,0.00042503069614211185,0.03970547838850748,0.022994328527464494,0.11181098668361389,0.08140566771071893,0.001,,,,,,,,,
294,-0.23650286685014305,1.3319521428282335,0.06429682262982374,1.7744961627636624,0.023846034138065894,0.2984704685837863,0.0003836007877291601,0.03214841131491187,0.23954130091680073,0.10775929000026657,0.08146622760393399,0.001,,,,,,,,,
295,-0.03249831982588855,1.0986802303279206,0.08139046830259372,1.759481789843307,0.023692753591007438,0.3003294840363149,0.00044697528541916585,0.04069523415129686,0.03556437447115563,0.10702538673338025,0.08117401545300745,0.001,,,,,,,,,
296,-0.2232356060245177,1.3234455634825133,0.07136978731366131,1.772993523769619,0.022252248765279595,0.2549190814755594,0.00040557840159442045,0.035684893656830655,0.22584226745218378,0.10352960180907195,0.08185007042573092,0.001,,,,,,,,,
297,-0.09121698745309836,1.1977414515839901,0.08922392713160948,1.7466233477973838,0.02336154666269425,0.2789801818761905,0.0004936042398077214,0.044611963565804734,0.09407380351130212,0.10689398729767788,0.0829891970781464,0.001,,,,,,,,,
298,0.015618912797566345,1.0646228514932543,0.10248898542490192,1.7307936683238772,0.022392962841799376,0.2827634837758743,0.0005462365813991239,0.05124449271245096,-0.012717263164597911,0.10481578202474418,0.08175588896030009,0.001,,,,,,,,,
299,-0.23824436448651726,1.3352105518486166,0.04482212110569493,1.8434110279400657,0.01709149977149977,0.1382236215613064,0.00022226373721126387,0.022411060552847466,0.23966966851033467,0.08971074651602735,0.07979109501608875,0.001,,,,,,,,,
300,-0.20313623785286727,1.3376684654345852,0.08396545335857472,1.760338877281219,0.021617322800010892,0.22028507492805205,0.0004696990984789641,0.04198272667928736,0.20540337170858464,0.10212642321756821,0.08346750377576756,0.001,-0.15607579987918624,1.2729388292044144,0.15823909078596843,0.08149642163239028,1.7769388148803593,0.02000143461277654,0.21004144641144565,0.0004358843702744024,0.04074821081619514
301,-0.0785774274786311,1.149613469287368,0.0861003688041321,1.7647353060637077,0.02029774072606879,0.21198652325594647,0.00042828704981540106,0.043050184402066045,0.08076227311915142,0.09884902928881348,0.08173960821775993,0.001,,,,,,,,,
302,-0.09313932677531797,1.180747791546588,0.08599527733731628,1.7753809762394646,0.01944495637252735,0.22134657233788615,0.0005031762127051893,0.04299763866865814,0.09541857570925494,0.09665887220263039,0.07982399331001397,0.001,,,,,,,,,
303,-0.25945765343708005,1.3720110683931313,0.060164865400882006,1.8126034335205332,0.018975118130565672,0.16749181739751606,0.0003559424057916964,0.030082432700441003,0.2611843395021488,0.09498470490930282,0.08165363174146453,0.001,,,,,,,,,
304,-0.24306844745584627,1.3557146503567703,0.05496272167258485,1.8297899427869848,0.018026430210457377,0.1568452340279779,0.0002813494158334822,0.027481360836292424,0.24468549255054856,0.09223803190773609,0.08064112498904855,0.001,,,,,,,,,
305,-0.23974367837880328,1.3717389943557428,0.06383948556163453,1.8091221720587545,0.019238178230022364,0.17136947401712463,0.0003429041536443301,0.03191974278081727,0.2415108131250124,0.09549152223284535,0.08164642892717519,0.001,,,,,,,,,
306,-0.13975352368360092,1.2398342034998522,0.07531621525759868,1.7887875125265342,0.019785735048611086,0.2058527928374284,0.0004071313021709178,0.03765810762879934,0.141871668907751,0.0972154322048661,0.08096666495794275,0.001,,,,,,,,,
307,-0.19068389964661386,1.301012464420074,0.060914974636678165,1.8094415378716795,0.01926102998588535,0.18539444916489264,0.00032013004692875506,0.03045748731833908,0.1925895973414291,0.0958033017622554,0.08125585949691189,0.001,,,,,,,,,
308,-0.052756991295149123,1.13277261669266,0.08717434391362172,1.7584770878214169,0.02232556013417688,0.25787215761897087,0.0004581961944351226,0.04358717195681086,0.05540146677611821,0.10444574970096293,0.08245295447159576,0.001,,,,,,,,,
309,-0.18803571626640636,1.2567176026077695,0.06965327236205916,1.785166785180155,0.021790233932030945,0.23382886790845028,0.0003748659110414423,0.034826636181029574,0.19043043190863407,0.1022481182193688,0.0824200737998732,0.001,,,,,,,,,
310,-0.18783371639729712,1.2645622544876765,0.0631137395860979,1.789815663572216,0.021866419901097604,0.2398704067427848,0.0003159667576410549,0.03155686979304895,0.19028503515873013,0.10275321382659151,0.08217801784350945,0.001,,,,,,,,,
311,-0.21488086154044028,1.301777824518779,0.07905757532830168,1.733236359185331,0.027579160800582807,0.35840028021992254,0.0004730153533283227,0.03952878766415084,0.21852645564742876,0.11785812140506939,0.08420481482460099,0.001,,,,,,,,,
312,-0.09893118758492381,1.185931087536387,0.06637409238851075,1.7788432974935704,0.023591558405065223,0.2971215570583269,0.00036243005742990584,0.033187046194255373,0.10195700293525056,0.10658141065673445,0.08095002531384951,0.001,,,,,,,,,
313,-0.08942787410875382,1.1843576271258154,0.09054615217606854,1.7123633117388017,0.028280463654962992,0.40581811080169905,0.0005084575247021955,0.04527307608803427,0.09355353650122325,0.11966885116731452,0.082782022257221,0.001,,,,,,,,,
314,-0.2069547142161048,1.3758019075398744,0.08015030186999528,1.7437812847993883,0.0260531294359514,0.35557366172438987,0.00046076916425997724,0.04007515093499763,0.21057257148877428,0.11337407988544188,0.08163867000250923,0.001,,,,,,,,,
315,-0.17226651352283448,1.2721193561635338,0.07384557177468737,1.752516694639008,0.026841711677412658,0.36508375608744215,0.0004347041256375119,0.036922785887343684,0.175976146077799,0.11567554215470585,0.08295978060190759,0.001,,,,,,,,,
316,-0.1338215620011633,1.266691223694472,0.07617155528988712,1.7294594683479236,0.029739356398088203,0.41926363158978297,0.00042813250016167966,0.03808577764494356,0.1380738600143912,0.12244075763473569,0.08311228616717564,0.001,,,,,,,,,
317,-0.07814698261693602,1.1733571524496547,0.07947708077775523,1.7299581163152769,0.02963586832409126,0.4666410300296267,0.0004387559978422974,0.03973854038887761,0.08287481859876276,0.12223546867150495,0.0806753933148312,0.001,,,,,,,,,
318,-0.19533141164679838,1.287222774327704,0.07488330965515744,1.734899954717105,0.029698422766276288,0.4224843135171723,0.00042392903497234476,0.03744165482757872,0.19961528472669457,0.12220971614116324,0.08302989998837224,0.001,,,,,,,,,
319,-0.11305618849258961,1.1916001905680127,0.07815797558420975,1.7239125749218864,0.030439809987382938,0.45165885604245104,0.0004247823261752517,0.03907898779210488,0.11763334298981716,0.12431940128814482,0.08257034245638434,0.001,,,,,,,,,
320,-0.06793429920108568,1.149929639552552,0.07717026583332245,1.7031192851573582,0.03344980294670425,0.5340740626605425,0.00040854454983940984,0.03858513291666123,0.07333474159895773,0.13175673963991585,0.0817165184976246,0.001,,,,,,,,,
321,-0.1710569113441244,1.2443765710625359,0.0712408813724976,1.7243484557390394,0.03271108699838812,0.5009121479608589,0.00040651496921616963,0.0356204406862488,0.1761229618986688,0.12917051368539606,0.08206374821183723,0.001,,,,,,,,,
322,-0.20315697990722792,1.3151351679076453,0.0627815194365497,1.7465577632574951,0.03038491526071567,0.4557318321824765,0.00034009337825976777,0.031390759718274854,0.20776655550018613,0.12356354832963398,0.0812238927887099,0.001,,,,,,,,,
323,-0.19221472195532094,1.2862394953869778,0.07114864062190555,1.7290169128076023,0.03161928582654692,0.46785400664169835,0.0003809871076904558,0.03557432031095278,0.19694993638225386,0.12641309761980762,0.08270389835142711,0.001,,,,,,,,,
324,-0.12684053988677363,1.2210417292056785,0.06697551611609905,1.7489450106474238,0.030496404858982196,0.4638556694672046,0.0003893085434461379,0.03348775805804952,0.13153396687504465,0.12360211604012195,0.08118069245673892,0.001,,,,,,,,,
325,-0.1842974264789446,1.2912426326135327,0.07330642472097747,1.7240387561983144,0.03105392253927114,0.4444386790759778,0.0004249581368978665,0.036653212360488734,0.18879995645099582,0.12540500117292835,0.08375632685718701,0.001,,,,,,,,,
326,-0.1767181350757699,1.2879707729614,0.06984419383421239,1.733475888386926,0.030328664349190196,0.4329260079340509,0.0004065083377310481,0.034922096917106196,0.1811037170942887,0.12333338993051254,0.08303770910476926,0.001,,,,,,,,,
327,-0.0667587553615683,1.1281237142167115,0.09190149683497924,1.7008550512081526,0.03059657797134617,0.48029132054775375,0.0005541774646672618,0.045950748417489626,0.0716301696406221,0.1250161164062153,0.08235415286381248,0.001,,,,,,,,,
328,-0.19737417115943018,1.2939291460738476,0.06570191193914773,1.7398257100434038,0.02953281257184715,0.41496111616315534,0.00042249954643321184,0.03285095596957387,0.20157825652959604,0.12145854552417795,0.08354879599003062,0.001,,,,,,,,,
329,-0.13467160562280356,1.2457093731071003,0.06743722365683037,1.756602374748162,0.026769866806847203,0.39645970339302944,0.000363137047886581,0.03371861182841519,0.13869111866278863,0.11455088520500109,0.08042597460164405,0.001,,,,,,,,,
330,-0.1690047673945002,1.291208017059418,0.08413500103960414,1.7286947454606065,0.027102633809587662,0.36923303936976953,0.0004730756272678039,0.04206750051980207,0.17276118299244497,0.1156435791452123,0.08303051734778207,0.001,,,,,,,,,
331,-0.16391218122116213,1.227253092732146,0.05465309576197591,1.7918545240244488,0.02378697688332456,0.2984276416815477,0.00030059107405159413,0.027326547880987956,0.16694470864183936,0.10647642195891924,0.08135765811809377,0.001,,,,,,,,,
332,-0.09022956621832892,1.1742624069492424,0.0836285606960634,1.735794754515807,0.02611089980983384,0.34027583724318944,0.0005004214694056798,0.0418142803480317,0.09369650103334806,0.11327368564733184,0.08388949328722414,0.001,,,,,,,,,
333,-0.24649791113614922,1.368054708429947,0.07706356575793177,1.7382042663257817,0.025853917092368107,0.34069116740661376,0.00044002603803992217,0.03853178287896589,0.24996513689613803,0.11228460494208842,0.08270451126220131,0.001,,,,,,,,,
334,-0.023662939971535568,1.130729361024169,0.09706344405226994,1.7135772669085498,0.02631263685752145,0.36076759005828174,0.0005570815682333003,0.04853172202613497,0.027341854182495923,0.11379204086882037,0.08259558377997567,0.001,,,,,,,,,
335,-0.14145059214798505,1.2129926308646894,0.06024475219776324,1.7891498669272807,0.023205145701329682,0.29051813408457117,0.0003410079593881731,0.030122376098881624,0.1444071974431928,0.105194677520687,0.08127555907884032,0.001,,,,,,,,,
336,-0.24935789543025272,1.3468022625227163,0.06054036829447514,1.7868452281369838,0.023315325212728364,0.2852407192043973,0.0003569946008746181,0.03027018414723757,0.252262011204734,0.10545510764377322,0.0815815408661647,0.001,,,,,,,,,
337,0.029213109848554387,1.0344068582456138,0.0842726242000155,1.740972275989714,0.025021978139537493,0.34901169803871046,0.00045891795060023534,0.04213631210000775,-0.02565885765380138,0.11070457678188414,0.0821361763251957,0.001,,,,,,,,,
338,-0.12092002693353458,1.233609045077964,0.06717793713207183,1.7714404671733666,0.02366259477726341,0.30674504064292385,0.0003737585577764499,0.033588968566035916,0.12404251829877935,0.10638722006412034,0.0809934982497309,0.001,,,,,,,,,
339,-0.10463880014028401,1.1663687797317441,0.0623602675719345,1.7866566022262291,0.023280155402857505,0.30169655210721447,0.00034833302831862575,0.031180133785967252,0.10770829569144758,0.1049090141808704,0.0803486765088561,0.001,,,,,,,,,
340,-0.1314584054688457,1.2063736105376015,0.07034923079837344,1.7702435953273024,0.023680817685228492,0.27736635882063176,0.0003713135321467704,0.03517461539918672,0.13428865924372596,0.10626831480597432,0.08353589640769675,0.001,,,,,,,,,
341,-0.2320879640835932,1.3168738903762591,0.055115931789976945,1.796234972911166,0.023326344984043314,0.2935217820300197,0.0003033393758152157,0.027557965894988472,0.23507173561327566,0.10500115082064776,0.0807275274574113,0.001,,,,,,,,,
342,-0.20485755041708503,1.2939643129890765,0.08215135387797792,1.7393491358868283,0.025133072745789537,0.34265131164025076,0.000455584860830355,0.04107567693898896,0.20834708855039372,0.11053292751430573,0.08194543041442132,0.001,,,,,,,,,
343,-0.11173310390603508,1.174368145038794,0.05306815581506988,1.810877277649982,0.02232512137004514,0.2586830759436201,0.00027439674422319055,0.026534077907534936,0.11436732148359756,0.10206097180267004,0.08131317836126592,0.001,,,,,,,,,
344,-0.14614308222274508,1.2038519766499172,0.06622399731212392,1.769418918000155,0.02760288754393475,0.3698067260500445,0.0003391930337558038,0.03311199865606195,0.14989534760141912,0.11525210980747722,0.08322615238416442,0.001,,,,,,,,,
345,-0.1698064506953859,1.2878026759089054,0.0771317515574014,1.7333409761420002,0.027705306923321783,0.3835104938803163,0.00042680119459333345,0.0385658757787007,0.17370172293167516,0.11615652977402079,0.0829504066778394,0.001,,,,,,,,,
346,-0.1314329535491507,1.2484216346668255,0.051825297279609106,1.7916709928610635,0.027588775521210886,0.3937738584306754,0.0002488428643266387,0.02591264863980455,0.13541700992066913,0.11459451977205706,0.08030004581025191,0.001,,,,,,,,,
347,-0.10804566145371525,1.2124664683031137,0.07573684286273857,1.7134653949797132,0.032399085669388525,0.5014914815995845,0.000418007676007462,0.03786842143136929,0.11311975942185235,0.12784774598268905,0.08255681192913888,0.001,,,,,,,,,
348,-0.09902759911915668,1.189841495827939,0.0876410793300474,1.6843656478703264,0.033768445119834255,0.566785062539176,0.0004858381284049552,0.043820539665023694,0.10476097232197623,0.13138594640665802,0.08153479823817972,0.001,,,,,,,,,
349,-0.12124408629962621,1.1938687104151429,0.056704255361082014,1.7285633213639948,0.036832832277839955,0.5675777136443267,0.00031669909652808266,0.02835212768054101,0.12696866818792896,0.13756498425879243,0.0836864529953602,0.001,,,,,,,,,
350,-0.17015268793352356,1.2442801881373513,0.059108350870693216,1.7324395575198483,0.035437093483626,0.5662424026097836,0.00033377164404321,0.029554175435346608,0.17586532824707235,0.1343871231274917,0.08179385862924125,0.001,-0.16408198964834342,1.276415009798924,0.1702827377820298,0.0746643824313938,1.686521138545488,0.03783888195740349,0.6142539428354896,0.0004011302730298549,0.0373321912156969
351,-0.12183617408080079,1.1872987738630305,0.05950501115263578,1.7323629577194928,0.03631543859197102,0.5744881355614149,0.0003315409014214324,0.02975250557631789,0.12763144698058265,0.13629090088564413,0.08327741321357052,0.001,,,,,,,,,
352,-0.0792867995231357,1.1519533125026675,0.05775789334758784,1.7413512478016782,0.0355263396604328,0.5432096000388005,0.0003206488225771866,0.02887894667379392,0.0847683944709013,0.13428760505991705,0.08359607549040704,0.001,,,,,,,,,
353,-0.10189418924925914,1.1760551310798806,0.06467834403034271,1.7306787563358732,0.034533514260772204,0.5387437137423343,0.00037106820548187246,0.03233917201517136,0.10733498302831582,0.13213464973614003,0.0825694399496022,0.001,,,,,,,,,
354,-0.20923488173528787,1.3348030258185415,0.05786997365334543,1.7450349215972325,0.03282082867681689,0.5009240790915828,0.00031494364554833845,0.028934986826672712,0.2142936572987018,0.12739323249313983,0.08132281233815741,0.001,,,,,,,,,
355,-0.00901964448692537,1.0796231724422936,0.07523162209236177,1.7129146820056862,0.03425680059370401,0.557924490148264,0.0004287189407412557,0.037615811046180885,0.014657921535681667,0.13185926767727751,0.08212029378771284,0.001,,,,,,,,,
356,0.04734017838384617,0.9968969318680682,0.07601064130152903,1.715164495087338,0.034149610839553014,0.561522081497267,0.0004232475176143862,0.038005320650764514,-0.04166556812809573,0.13125235344230032,0.08161747040942058,0.001,,,,,,,,,
357,-0.21084843796352654,1.326927338487673,0.06201111241967451,1.74647619786934,0.030163376004722218,0.4268651191237456,0.00035162875483481183,0.031005556209837255,0.21516907576050087,0.12144771387997455,0.08272510294008018,0.001,,,,,,,,,
358,-0.10938688468424759,1.1620816034805102,0.07296842799095683,1.746551457385179,0.027995731266763406,0.3979246752484871,0.0003927352819545854,0.036484213995478416,0.11342400851812133,0.11627311916922647,0.08238372189893482,0.001,,,,,,,,,
359,-0.19683092409904138,1.297414887482757,0.06034745241398942,1.7806489183542604,0.025382248901804225,0.34603346725731543,0.0003245876174449036,0.030173726206994718,0.20034248486317952,0.10936159684983973,0.08095717875953386,0.001,,,,,,,,,
360,-0.2227966716871191,1.309176759180329,0.07052167002057894,1.7502949245785988,0.02645017076329903,0.3456076447409666,0.00036705679299096406,0.03526083501028947,0.22630918248671478,0.11245566767927112,0.08355226688266082,0.001,,,,,,,,,
361,-0.16957657258454156,1.247307536091789,0.06328752185354702,1.774680100544265,0.0253937436792109,0.3449082485399554,0.0003279119767973187,0.03164376092677351,0.1730783247516413,0.10988842080923836,0.08146558756432046,0.001,,,,,,,,,
362,-0.1266101302189874,1.2036479233623107,0.07498231130348337,1.7621053638487754,0.024066250479037356,0.31348862787214005,0.0003798844542111249,0.03749115565174169,0.12980392755154116,0.10651590142480068,0.08161262516504132,0.001,,,,,,,,,
363,-0.17582820041243669,1.2389790978693018,0.07465134285589725,1.7593162473296198,0.024844896590183446,0.3104195426662405,0.0004457678825708356,0.03732567142794862,0.17899177235182606,0.10881694928941306,0.08405289694552885,0.001,,,,,,,,,
364,-0.17308550346845697,1.2813839671145373,0.06276323277990604,1.7947969601880929,0.022057357299417782,0.2637240598215578,0.0003646463978111593,0.03138161638995303,0.1757757201166425,0.10117841653209918,0.08132435075829227,0.001,,,,,,,,,
365,-0.20300372138056877,1.2867935015313914,0.06496891242253314,1.7744118347823348,0.023527390295173888,0.2922109208755713,0.0003487986973104289,0.03248445621126657,0.2059795471508567,0.10504915522540098,0.08207536395503318,0.001,,,,,,,,,
366,-0.23172708474164166,1.3370684853769481,0.06202811649185952,1.7937347661990277,0.02378606754245529,0.2743461682025299,0.0003436439286920411,0.03101405824592976,0.23452293426886184,0.10549539285298676,0.08351795413926465,0.001,,,,,,,,,
367,-0.224161943551149,1.3428427711703392,0.05192269534803469,1.819128012562639,0.021401688735486937,0.23618492054489262,0.0002692358740031035,0.02596134767401735,0.22657063774313763,0.09955772997964624,0.0823946817544685,0.001,,,,,,,,,
368,-0.07614362335448457,1.1602462936777742,0.08476598639993299,1.7466659675797915,0.02529265953229358,0.3310141659022372,0.0004779830411576991,0.042382993199966496,0.0795183944967943,0.11010560901452862,0.08370761282496143,0.001,,,,,,,,,
369,-0.24671112835192607,1.3525736649037992,0.0689639465965596,1.7735249312694261,0.02320154448706399,0.2670760538326203,0.00039606793859969,0.0344819732982798,0.24943806679224922,0.10420119503709667,0.08358998114854835,0.001,,,,,,,,,
370,-0.20966193721760096,1.3049991800074834,0.07134019148162218,1.7499263286753683,0.026617755640557635,0.3334571863346296,0.00038708193979226696,0.03567009574081109,0.21305354925937275,0.11303896034379562,0.08557798062605779,0.001,,,,,,,,,
371,-0.10224245383823864,1.1960473682766168,0.07277361800219162,1.7710328872116057,0.02311000140668975,0.3041974582538599,0.0003957400612293959,0.03638680900109581,0.10534248295926273,0.10389164915153261,0.08171862537616016,0.001,,,,,,,,,
372,-0.24908352371687326,1.3850641820844185,0.06290023644992528,1.771853995355878,0.02446692409944047,0.3137460105050156,0.00033887297558747565,0.03145011822496264,0.2522735412098578,0.10671497005042091,0.08187513850359338,0.001,,,,,,,,,
373,-0.20829104671903648,1.3145801743151495,0.059580938944783196,1.7792537139245561,0.025896637956908858,0.3167948889772443,0.0003470371855655535,0.0297904694723916,0.2115100489872762,0.10978446294571564,0.08436842826315248,0.001,,,,,,,,,
374,-0.21627031026216115,1.3312883809646316,0.07449380062780131,1.742433890054644,0.026233259181011548,0.34613778255321237,0.0004554196341549664,0.037246900313900655,0.21979091352324925,0.11185037971350245,0.08411650853264568,0.001,,,,,,,,,
375,-0.08684147569593735,1.1623226485895801,0.07380825076591824,1.759838354778987,0.025463816772900955,0.3402903650542365,0.00042969050209004076,0.03690412538295911,0.09030317876043134,0.10929845940689965,0.08320482381533334,0.001,,,,,,,,,
376,-0.03935178539546193,1.0906048329352958,0.08158894218960874,1.7581505797270718,0.025223583602679393,0.3716032080802619,0.00043889676849575416,0.04079447109480437,0.04313058242084159,0.1085056286629558,0.0816409456872326,0.001,,,,,,,,,
377,-0.0972388802705875,1.1827417549897903,0.09879970093506239,1.7013082760162759,0.028198340089119645,0.4015374148236601,0.000545488350222611,0.049399850467531196,0.101326122235554,0.11707605635647522,0.08529632919943997,0.001,,,,,,,,,
378,-0.1327774650925801,1.224611428914004,0.09296053103719656,1.7185049951304239,0.027850930059775087,0.3853054124480123,0.0004997928699040994,0.04648026551859828,0.13669918246122914,0.11604014003462912,0.0856319106481555,0.001,,,,,,,,,
379,-0.17149613975884892,1.2788695312172293,0.06473774975477589,1.7685251361438075,0.02655810652710261,0.3650334874679231,0.00032701359290760585,0.032368874877387946,0.17519979889569604,0.11155842923992013,0.08339115981567606,0.001,,,,,,,,,
380,-0.05608021371482248,1.1465363946401994,0.09029300683659698,1.7092110067128337,0.029760005750178817,0.456260683310754,0.0004724736064526722,0.04514650341829849,0.06070978389747997,0.12074318894607694,0.08379213062831192,0.001,,,,,,,,,
381,-0.10839242408048332,1.1640730048101102,0.07336130843882631,1.7412620103756615,0.029285945599712024,0.41930930561434787,0.00041989732760610763,0.036680654219413154,0.11264380938422602,0.11875810276207786,0.08532214469058144,0.001,,,,,,,,,
382,-0.1486563720705798,1.2423942124656122,0.07648601296249094,1.7395181813339398,0.028070316124662632,0.4252340109703926,0.0004011090317403936,0.03824300648124547,0.1529683614588957,0.11588928981672582,0.08194499994456657,0.001,,,,,,,,,
383,-0.13699812289844499,1.2433858290986022,0.08214983335074194,1.7140553742730695,0.03123662655700143,0.49667497832076224,0.000445876460179647,0.04107491667537097,0.14202754691667244,0.12377922969391159,0.08297004244887463,0.001,,,,,,,,,
384,-0.08932111206922719,1.1397141605881602,0.07486298274707938,1.7211819589552353,0.032876312831091055,0.49724935651318236,0.00038958143883006957,0.03743149137353968,0.0943521447597104,0.12807213533693967,0.08582625954428294,0.001,,,,,,,,,
385,-0.13379007764431697,1.1971821590614504,0.05861206118397662,1.7548105343852884,0.033565754671192716,0.495472614960001,0.00034794961877788045,0.02930603059198831,0.1387951374260406,0.12843503440110554,0.08528259786259837,0.001,,,,,,,,,
386,-0.05011397412144625,1.1147135013959053,0.07346125424180218,1.7242702512263737,0.03379379428363927,0.5361500952728863,0.00038431600929160926,0.036730627120901096,0.055533291563901195,0.13012163539983984,0.08429541210241855,0.001,,,,,,,,,
387,-0.19677366195339224,1.3187398958542371,0.06193285609943158,1.7382161674208458,0.03214307863829886,0.4942793964356209,0.0003288417417060452,0.030966428049715784,0.20176809292488943,0.12552152695089167,0.08347220801949432,0.001,,,,,,,,,
388,-0.10298739444493483,1.1568486616001554,0.06216520780373347,1.743773888240841,0.03370037863544852,0.5194583197363074,0.0003265583433729806,0.031082603901866734,0.10823376356851591,0.12910323384514988,0.0843940630536352,0.001,,,,,,,,,
389,-0.13490332890755796,1.2158230190571255,0.06812327752350736,1.7142616330605405,0.03561456267359292,0.5533333083964583,0.0003644809251030962,0.03406163876175368,0.14049151105586594,0.13419485314135432,0.0848034745416324,0.001,,,,,,,,,
390,-0.2286820249507379,1.3388164193028802,0.053107169716562916,1.7596698156793238,0.032365374911364805,0.4733866229792781,0.00028679226906149727,0.026553584858281458,0.23346290938623637,0.12606518723968296,0.08420484042533383,0.001,,,,,,,,,
391,-0.1933719636384959,1.264765040580943,0.05892872297867441,1.723994386944963,0.03624348273769597,0.5826130041540489,0.00032336996386163005,0.029464361489337204,0.1992480316850338,0.13604491608286173,0.08372445986186901,0.001,,,,,,,,,
392,-0.14343242513074064,1.2342779791308838,0.060395947902884974,1.723609636752954,0.03609187328470879,0.5857773937739008,0.00033536875692329147,0.030197973951442487,0.14934098682636787,0.13550904319275148,0.08344321313097394,0.001,,,,,,,,,
393,-0.13832138313807418,1.2354082034924525,0.06894827615934553,1.7187177971425116,0.03564263764471387,0.5640211628338558,0.0003942128863246172,0.03447413807967276,0.14401719821132708,0.13467464787662192,0.0847406375274076,0.001,,,,,,,,,
394,-0.15430941656437022,1.220781703985574,0.04669631628092457,1.7672655818061513,0.0337534902013478,0.5206683714646284,0.00026567938164688223,0.023348158140462285,0.1595597778867915,0.1291231851013251,0.08363366429328845,0.001,,,,,,,,,
395,-0.20460806010174187,1.2847319901368377,0.07254268037807403,1.7085723755907691,0.03348269319967699,0.4952128697055624,0.00043323690222248876,0.036271340189037014,0.20961787823176464,0.1299586574156269,0.08582448515495025,0.001,,,,,,,,,
396,-0.18503069554308255,1.274551499348194,0.07034935224795073,1.7268681484242796,0.0324703737088196,0.5039414199790411,0.000371075116051032,0.03517467612397537,0.19012626385164166,0.1269687117499419,0.0835986801026787,0.001,,,,,,,,,
397,-0.1417946948921679,1.226950087753416,0.07045816514415058,1.7425972989971181,0.030018332033295656,0.4509303746068827,0.00039694018313565956,0.03522908257207529,0.14636062309563014,0.12083270346953962,0.08327007612732396,0.001,,,,,,,,,
398,-0.1712750906802593,1.2420892766821146,0.05273800611560274,1.7848208453848387,0.029038075062205675,0.41135579981549797,0.00026919391671246764,0.026369003057801373,0.17543555782909304,0.11750863489690735,0.08390874898895626,0.001,,,,,,,,,
399,-0.13133774250213065,1.2009278295685326,0.06940753204538597,1.7420451193977682,0.029448787385063062,0.42817612055135246,0.00034257529191257486,0.03470376602269298,0.13567505367777996,0.11942014299478423,0.08406996470847444,0.001,,,,,,,,,
400,-0.32850369671568536,1.4489027911822783,0.06269971357758658,1.7569325701099292,0.02814679322186485,0.3689258175896186,0.00032902181202015726,0.03134985678879329,0.33224516429219164,0.11621321166032582,0.08545372626484454,0.001,-0.1658456032780278,1.2807361882973751,0.17016027076000073,0.0765162060008035,1.7333837516680193,0.029276530380795217,0.42549744781247856,0.0004101063331062292,0.03825810300040175
401,-0.07396446984903544,1.1755308039658638,0.10107788113876097,1.6733974047925875,0.03127116876771105,0.4926747661740749,0.0006223093030941685,0.050538940569380485,0.07896471351842443,0.12529653295143411,0.0843903775617741,0.001,,,,,,,,,
402,-0.10655992469834039,1.181214535093649,0.06558409069672097,1.7580534230295006,0.02801635253024366,0.3937556426320662,0.0003431268250731351,0.032792045348360485,0.11055128497249042,0.11552410412721983,0.08366553818928761,0.001,,,,,,,,,
403,-0.16405483238868718,1.2633401243472315,0.08252260913128703,1.7325995614313698,0.027559461493143433,0.394257296337884,0.0004608145876752014,0.04126130456564352,0.16806060079812268,0.1151242843686058,0.08375368108781464,0.001,,,,,,,,,
404,-0.24268843647078245,1.3438449752287207,0.0626827033144148,1.7768341943772348,0.024810495492316426,0.33185104441193425,0.00033782746759729174,0.0313413516572074,0.24605943488317875,0.10796205192990818,0.08255850042040716,0.001,,,,,,,,,
405,-0.13441016476118886,1.2283086303459894,0.07966487404596428,1.7539037919230867,0.02619592533738101,0.33705633138280683,0.0004576813588528227,0.03983243702298214,0.1378426763635477,0.11164438182491061,0.08558228669470536,0.001,,,,,,,,,
406,-0.2726844097959476,1.3762898667606556,0.06888919127292266,1.7654133949329216,0.025644511249257554,0.33237532470119524,0.0004121570591505766,0.03444459563646133,0.2760643833431368,0.10994056885197566,0.08434166789050018,0.001,,,,,,,,,
407,-0.17504786784107285,1.2550763872325639,0.04787362464072829,1.8049495346636066,0.025182915003062526,0.3128527252034635,0.0002698436710692458,0.023936812320364147,0.17822107983748514,0.10763007047131318,0.08320806337116504,0.001,,,,,,,,,
408,-0.12043572066341035,1.1801833643707833,0.06562736375506477,1.7748617460253735,0.02472730720555634,0.3321551915240872,0.0003517580257712304,0.03281368187753239,0.12381135245824673,0.10771413511654719,0.08309603599714416,0.001,,,,,,,,,
409,-0.0532554969144423,1.1332486950653424,0.0897706369652051,1.7294394620298297,0.026905634834298756,0.37836859731447625,0.0005241489221434269,0.04488531848260255,0.05710660408991139,0.11385954003226884,0.08401335099777513,0.001,,,,,,,,,
410,-0.2105403783496534,1.3357260822376684,0.05996749210445854,1.7865692434253764,0.023565802563992183,0.2807826099504324,0.00034049682332180074,0.029983746052229268,0.21339945885587744,0.10433110611215256,0.08345772121651876,0.001,,,,,,,,,
411,-0.05651129658489609,1.1316579440544414,0.07818433461787158,1.7646064509284427,0.023102149898607538,0.30140600483443797,0.0004488147447855348,0.039092167308935784,0.05958658301250655,0.10389321970813666,0.08259750874905036,0.001,,,,,,,,,
412,-0.3750348149437877,1.5641264583512824,0.04191858918930423,1.8360381831923593,0.019539252416903765,0.19864109145426997,0.00020723967953393968,0.020959294594652116,0.37706261793155227,0.09404360014135713,0.08129330160279137,0.001,,,,,,,,,
413,-0.11356445622765286,1.1668277973195524,0.058696556042183275,1.8108516235618275,0.02145463761872831,0.26030002192246526,0.0003202067923612799,0.029348278021091637,0.11621811530905785,0.09897920505752239,0.0815505581959963,0.001,,,,,,,,,
414,-0.2833109353112027,1.406300705414906,0.061893322954492194,1.7895459913467597,0.022354042875775446,0.26261256943384415,0.00033454802761177305,0.030946661477246097,0.285989248607208,0.101537599257494,0.08249092530877185,0.001,,,,,,,,,
415,-0.185670895261338,1.2508775045088587,0.055964563239400536,1.8049490725698594,0.022604625077734624,0.26409890376592604,0.0002957749374153839,0.027982281619700268,0.1883608738207168,0.10173778776190409,0.0829920093983821,0.001,,,,,,,,,
416,-0.21826209829879212,1.311418685907778,0.08071035940073165,1.7451477484876052,0.02444598753785568,0.2838638931389324,0.00044010977799924364,0.040355179700365826,0.22116294498514666,0.10730858016240129,0.08585255326212682,0.001,,,,,,,,,
417,-0.15896746738505027,1.2299214437697106,0.08055843053126467,1.7469587651892535,0.024893957555552303,0.32026708703905016,0.00047437978430989,0.040279215265632336,0.16223263085620138,0.10855367646995463,0.08398698502228051,0.001,,,,,,,,,
418,-0.28809627785361563,1.4222294396814914,0.06496752885788061,1.7737892609825114,0.0233473586258058,0.2826115065634399,0.0003764137081824065,0.03248376442894031,0.2909763787133707,0.1041255527567507,0.08305426606530346,0.001,,,,,,,,,
419,-0.15469238078080094,1.2245032691459286,0.06407547022358785,1.7836810985214318,0.023645055096000865,0.29498563610240947,0.0003802381692452959,0.032037735111793926,0.1576959140696145,0.10451774751952023,0.08317552669023145,0.001,,,,,,,,,
420,-0.15842975877091783,1.2378656093976241,0.06456234138591307,1.789362316756417,0.023136214435017934,0.2792511694018134,0.000371069090736843,0.03228117069295654,0.16127615594970382,0.1032269625789118,0.08337300102372444,0.001,,,,,,,,,
421,-0.22663364750887544,1.303340023442135,0.06981042563011103,1.7653696273886024,0.02501018998843144,0.31072306547641965,0.0003953705281747766,0.03490521281505551,0.22979739077801034,0.10838395792766051,0.08472756491419922,0.001,,,,,,,,,
422,-0.12032034296981865,1.1855238636073147,0.08496935367422025,1.7426141516745133,0.025182943000888032,0.34363792075418204,0.00046536689217755047,0.04248467683711012,0.12382128666463607,0.10931528989212559,0.08358232538840327,0.001,,,,,,,,,
423,-0.3103646492196494,1.4600589521876222,0.052918807416555344,1.8057805697717568,0.02219384725382785,0.26268406684604717,0.00029498443685503314,0.026459403708277665,0.31303895694188444,0.10043903842865462,0.0822403192643656,0.001,,,,,,,,,
424,-0.12491882444068372,1.1965856833102742,0.06059159225826743,1.79151088319057,0.023771785803264143,0.3166399546117752,0.0003092320195829686,0.030295796129133714,0.12813652721195834,0.10474946368974682,0.0824817561296007,0.001,,,,,,,,,
425,-0.17037330929716324,1.2861382205076932,0.07276852111320097,1.7626646323093274,0.026100885241596376,0.3319461214304855,0.0003903164202375424,0.03638426055660048,0.17375068458255016,0.11039398389658289,0.0855575126748106,0.001,,,,,,,,,
426,-0.28124619955165564,1.4025187844233413,0.06118079369984077,1.7948554670743757,0.02375201837550324,0.28378835313272244,0.0003216281958490961,0.030590396849920386,0.284135838316462,0.10447306420035178,0.08382931306863026,0.001,,,,,,,,,
427,-0.0671041981290331,1.1101780153283536,0.0845371493426353,1.7280500955419766,0.028319204682489878,0.38016805332328485,0.00045385144831841463,0.04226857467131765,0.07096996625237587,0.11683522913757072,0.0862621145072699,0.001,,,,,,,,,
428,-0.14124492268663813,1.218523088416902,0.07150635536108593,1.7686400944671736,0.025270402982912568,0.3217298554251704,0.00040276852725177465,0.035753177680542966,0.14451968850478758,0.10842527606803828,0.08462926788518424,0.001,,,,,,,,,
429,-0.1587141580667077,1.262917585614538,0.06243509499448695,1.7798292052475486,0.02456135098672932,0.3184651046767268,0.00034653192161547314,0.031217547497243477,0.1619512902722408,0.10665395602323155,0.08310344027640325,0.001,,,,,,,,,
430,-0.12894647810100227,1.20635393333767,0.07727207782475011,1.7569567487576678,0.02464765512678196,0.3389010624886222,0.00040881164757445595,0.038636038912375055,0.13239578244876415,0.10733142892140907,0.08336893884010628,0.001,,,,,,,,,
431,-0.1047055259193082,1.18624113119802,0.07435089892154573,1.7587551223761182,0.025384542152891952,0.3573225730093121,0.000419695505846013,0.037175449460772864,0.10833771160514433,0.10928527385356254,0.08342684238293716,0.001,,,,,,,,,
432,-0.20817413304330426,1.2668905340573535,0.04974350356948796,1.8114546883096951,0.023174211323156967,0.27632193386761905,0.00024535279108436566,0.02487175178474398,0.21098279220855914,0.10277109668914496,0.08369721908389925,0.001,,,,,,,,,
433,-0.18691249121531944,1.2627173777515208,0.05846296050261357,1.7961123230760365,0.024043389240709714,0.29484976482468184,0.00034465145602428546,0.029231480251306785,0.18991162798160857,0.10505263835026366,0.08409592022775993,0.001,,,,,,,,,
434,-0.16244416157470495,1.246386876243425,0.05244707229245503,1.8029767127720358,0.024348854605643004,0.3247836555298447,0.0002940076846319263,0.02622353614622752,0.16573919151012367,0.10569761433471841,0.08284375672531274,0.001,,,,,,,,,
435,-0.15696087287801197,1.2336808237294523,0.0670036762601682,1.7783317618553545,0.024878834279930324,0.34846614993880276,0.0003713113762460773,0.0335018381300841,0.16050053264691108,0.10744795881874177,0.08255214960838292,0.001,,,,,,,,,
436,-0.28288798992781194,1.3932461153140998,0.04356446893568486,1.8249475265934605,0.02229851957325365,0.25110818610600477,0.0002261175606835281,0.021782234467842432,0.2854413646742126,0.10018444962597664,0.08303637746007192,0.001,,,,,,,,,
437,-0.14662710983847205,1.2760199908723968,0.07100991962769032,1.7767970692119328,0.02427493632957963,0.3261996513074932,0.0003716448642921672,0.03550495981384516,0.14994609573069587,0.10601910013478225,0.08352026971277325,0.001,,,,,,,,,
438,-0.1294920389022464,1.2141524654787266,0.07551684603566147,1.7656579581254848,0.02465366367760779,0.31558093272198523,0.00043035762977089583,0.037758423017830736,0.13270756680836304,0.10708466729485522,0.08431326109207946,0.001,,,,,,,,,
439,-0.147054443941519,1.2118362625448145,0.07122783611833297,1.7649733079479406,0.025421268945527473,0.333392216997204,0.00040948104271800476,0.035613918059166486,0.15044572457305688,0.10937195090999292,0.08510437454505085,0.001,,,,,,,,,
440,-0.03481265054348668,1.0860447443778394,0.0950855943527236,1.7296869984551138,0.02589875509608497,0.3573422089886784,0.0005006277461971232,0.0475427971763618,0.03845591857799635,0.11065535490109704,0.08467549340127536,0.001,,,,,,,,,
441,-0.07309448386756523,1.14809717552391,0.08321062170713694,1.728377987013312,0.028728157983795216,0.42894527488239664,0.00045401888671738684,0.04160531085356847,0.07744736589598009,0.1177690684674861,0.08418620315566167,0.001,,,,,,,,,
442,-0.23427211803555759,1.3332884434925698,0.061735863306830605,1.765216039572219,0.026971585253707395,0.3581416795258295,0.0003333593229905478,0.030867931653415302,0.23790538851609494,0.1129284695387803,0.08533263446413707,0.001,,,,,,,,,
443,-0.1730629745621292,1.2978790916733747,0.06228526645375911,1.7701551129713633,0.028265537308444055,0.3694505726200505,0.00031137337037434024,0.031142633226879556,0.17680943820639003,0.11561649074364433,0.0861276947352076,0.001,,,,,,,,,
444,-0.2798057061747625,1.3915812310123137,0.04964641701808477,1.7864934390351643,0.028423337361227038,0.37267266199293925,0.0002601719074140205,0.024823208509042384,0.2835777226566655,0.115488295674574,0.0854960322539361,0.001,,,,,,,,,
445,-0.1914363032302822,1.3164316603256867,0.06212987992242372,1.7789858096377484,0.026140898797531294,0.3624009959381651,0.0003447304010094121,0.03106493996121186,0.19511261529173152,0.11000784625668786,0.08374443535741252,0.001,,,,,,,,,
446,-0.11223715046972266,1.1756702975485467,0.0700686474891144,1.7602795607012223,0.027690321886620343,0.40268696119731195,0.00043653967316631566,0.0350343237445572,0.11632102259777899,0.11407787041726808,0.08412496269485917,0.001,,,,,,,,,
447,-0.22685486059915022,1.372320511129372,0.06782739126912463,1.7429293935131622,0.029583328334699767,0.4263485382004208,0.000353688778739979,0.03391369563456231,0.23117322585851152,0.11892100842276439,0.08466206137522116,0.001,,,,,,,,,
448,-0.12325253582667664,1.198853348565243,0.07043062508600831,1.7467998471800803,0.029355188813898273,0.42638062778504005,0.0003853201411775653,0.035215312543004154,0.1275728786169536,0.1184508845575433,0.08510780274475578,0.001,,,,,,,,,
449,-0.22931115472738148,1.323920021856526,0.06906264353333136,1.7375215393883896,0.029959230754592704,0.4131064071693945,0.00037120152687100715,0.03453132176666568,0.23349783735150467,0.12034160001944912,0.08661744183419057,0.001,,,,,,,,,
450,-0.2908862979078984,1.4242551106153125,0.05040085658842536,1.7877893114182175,0.02707729988240068,0.3510644517397293,0.0002573920672458096,0.025200428294212682,0.29444259466737654,0.11226662566232312,0.08551742199669096,0.001,-0.16584851529534245,1.2809117722472276,0.170218230092125,0.07632980357605024,1.7335987048812675,0.0295068368847445,0.43101246280743744,0.00040892798713211526,0.03816490178802512
451,-0.15223782252087312,1.2529847060764938,0.0572210174983481,1.781786631202377,0.02666671832381947,0.37265511662309114,0.0003003480813576397,0.02861050874917405,0.1560138055429788,0.11118296929885951,0.08385430536367561,0.001,,,,,,,,,
452,-0.2493292431134132,1.3600087100299252,0.049442973329393736,1.7924478538275723,0.02710648444947353,0.345511863742915,0.0002943677173336932,0.024721486664696864,0.2528299513932187,0.11194167750338313,0.08546481328223743,0.001,,,,,,,,,
453,-0.12156506363812704,1.187345889657134,0.06436633417092623,1.7654712228723688,0.02796654274696636,0.4037116387739256,0.0003478016787657618,0.032183167085463114,0.12565549592196812,0.11489140728422348,0.08451402204048014,0.001,,,,,,,,,
454,-0.16435416573339623,1.2493323409240042,0.059012499406234285,1.77654141386554,0.026684448071912593,0.3425368101833382,0.0003036743177422176,0.029506249703117143,0.16782984224224878,0.11137134801714489,0.08538643245466758,0.001,,,,,,,,,
455,-0.1741072925204465,1.2543001712036252,0.08137500522763617,1.7276154302607596,0.029130608998554703,0.39995748213851506,0.0004749139587112135,0.04068750261381809,0.17816958013833517,0.11838975696364008,0.08698849555240518,0.001,,,,,,,,,
456,-0.17436383748983908,1.255207990566314,0.05825493592360148,1.7923397198333382,0.025789800474816132,0.32584776236622504,0.0003139526051451386,0.02912746796180074,0.17767250550471292,0.1089982557041976,0.0861871642194808,0.001,,,,,,,,,
457,-0.16072746757583878,1.2674429066644544,0.08265536097273056,1.7354401599023042,0.02673179860496988,0.3628896945091268,0.00048584654826456993,0.04132768048636528,0.16441990506849807,0.112713357095487,0.08599580436526322,0.001,,,,,,,,,
458,-0.1373471964366453,1.2030953633881427,0.07705647044142575,1.7421320648252079,0.027586633959874585,0.4083880792280608,0.000443786705224981,0.03852823522071287,0.14149146465184714,0.114418039007392,0.0845802322338335,0.001,,,,,,,,,
459,-0.13157175648200906,1.2316056198855403,0.06572240609970095,1.7647788889496558,0.02770846747797602,0.3748160755225235,0.00035723815730553054,0.032861203049850476,0.13537399861074667,0.11379651234044062,0.08602082252230693,0.001,,,,,,,,,
460,-0.22197968509152444,1.3311167396657086,0.06686598950651228,1.745589304518722,0.028784005033862407,0.38503944703025755,0.00038380607113256587,0.03343299475325613,0.2258848065103368,0.11737728095760272,0.08739762152921829,0.001,,,,,,,,,
461,-0.092033518339487,1.1461496017293782,0.0747453715029476,1.7511324983042411,0.027314655203788937,0.3874464494861092,0.0004160374438677645,0.0373726857514738,0.0959670272195213,0.11321482448155505,0.0849943837438425,0.001,,,,,,,,,
462,-0.19758251438684582,1.3276022837862986,0.06623117426039982,1.753191407868181,0.027336811161663928,0.38917112588089664,0.00036989476651848427,0.03311558713019991,0.20152857209452882,0.11327599374875026,0.08419452587637319,0.001,,,,,,,,,
463,-0.14111637145025296,1.2456988326355922,0.08926639282581904,1.7048798589365775,0.0307224691324975,0.4519621890712716,0.0005271731827430548,0.04463319641290951,0.1457029470677954,0.12260656796149905,0.08779674783497754,0.001,,,,,,,,,
464,-0.16040739973216253,1.2388464922318205,0.060767949349375884,1.776321743984512,0.026889321390948004,0.3374287276146991,0.00034927932489247997,0.030383974674687945,0.16383332699367298,0.1117210187728756,0.08696270203223982,0.001,,,,,,,,,
465,-0.24464997453546536,1.3893442685129331,0.06377683798181764,1.7664274511195521,0.027294666406321277,0.36333353705004895,0.000344826764073323,0.03188841899090882,0.24833631086710867,0.11258982248550761,0.08600690612109527,0.001,,,,,,,,,
466,-0.15857808092835335,1.2364491991020312,0.060952375151214766,1.7816385329245166,0.026417201482080866,0.35101414850601265,0.0002935969235737582,0.030476187575607383,0.16213945095555407,0.11078741503448514,0.08511267037930836,0.001,,,,,,,,,
467,-0.10059673807940947,1.1967119760364882,0.07712437271804222,1.7379564344075118,0.02934758417217113,0.447269669941994,0.00043848298999267033,0.03856218635902111,0.10512976135943244,0.11847322782709209,0.0847082383639253,0.001,,,,,,,,,
468,-0.11326642330662245,1.186718439443423,0.05781952434253319,1.7906655744746272,0.02671601987264338,0.3675230356180049,0.0003461193276972066,0.028909762171266597,0.11699193127399546,0.11107772409174747,0.08431380753390347,0.001,,,,,,,,,
469,-0.13509411015654177,1.1989853003380335,0.06369395930846389,1.786083949621717,0.026422123533681556,0.3611240749475813,0.0003573980874737277,0.03184697965423195,0.13875863270604277,0.11031527395762308,0.08503746017035393,0.001,,,,,,,,,
470,-0.17505408906807274,1.2550661693663676,0.05717643264963149,1.7855735048586172,0.026228076632508063,0.3571407134411758,0.00031639322106378196,0.02858821632481574,0.17867510408606851,0.11016419162540855,0.08462964841134296,0.001,,,,,,,,,
471,-0.15143339622813512,1.249383921110526,0.06992554621076429,1.7428970360150788,0.028745815610532195,0.4241879895797619,0.0003728380041606791,0.03496277310538214,0.1557313962474399,0.11740417978583267,0.08507163558426976,0.001,,,,,,,,,
472,-0.1098520548119606,1.1973532983946324,0.07920452484161308,1.7366230069091448,0.028645068560818054,0.4135481101614047,0.0004342651278273639,0.03960226242080654,0.11404884705734283,0.1177552392957754,0.08622034001599202,0.001,,,,,,,,,
473,-0.14298798391979564,1.2277887415015805,0.08611320679596332,1.6985208744521239,0.03254665480332766,0.4902734113227613,0.0004992150931327404,0.04305660339798166,0.14795575199609706,0.12779934086112588,0.08816349131651616,0.001,,,,,,,,,
474,-0.14846658077799915,1.2399011528422448,0.06601742830143502,1.7543692629741248,0.027800668887254562,0.37535320927942695,0.0003466328263808943,0.03300871415071751,0.1522741316058377,0.11477184773132934,0.08610416066721953,0.001,,,,,,,,,
475,-0.17514764899531082,1.2717936771566782,0.06740998527384848,1.7648292855762575,0.025273630755597746,0.3391547647752212,0.00038116931821424634,0.03370499263692423,0.1785943616217379,0.10850641155323036,0.08450856607799248,0.001,,,,,,,,,
476,-0.09699531372088438,1.188773971612425,0.07082522485817372,1.7598034256166928,0.02668054724958934,0.3632722251315941,0.0003830204288843064,0.03541261242908686,0.10068487682317442,0.11204886474886525,0.08577381591413252,0.001,,,,,,,,,
477,-0.13737842570167488,1.2321412988265892,0.07324061407525412,1.7445239768213334,0.028627140178737343,0.39253739552011735,0.0003946002066354668,0.03662030703762706,0.14136181120574826,0.11754162154386452,0.08676759564784142,0.001,,,,,,,,,
478,-0.20329603363920104,1.3003655361419715,0.06695993376404508,1.7699614982529985,0.0253052113964427,0.32832929001685124,0.0003894196588255054,0.03347996688202254,0.20663440031782232,0.10866072141851102,0.08489442840609235,0.001,,,,,,,,,
479,-0.21860048375223384,1.2976962591567944,0.05402892610145266,1.7893637475033073,0.025630987382329898,0.3245327849421722,0.00027358615723895496,0.02701446305072633,0.2218934555637537,0.10928255763337068,0.08436716567340041,0.001,,,,,,,,,
480,-0.08215540774501559,1.1611188612011005,0.07638118627679727,1.7552269784494523,0.025770915892557367,0.35272245572089,0.00038771605882873135,0.038190593138398635,0.0857422523257357,0.11054203254453401,0.0846151610397778,0.001,,,,,,,,,
481,-0.14902328414221527,1.2129290082616846,0.0735793309778168,1.7584899338831437,0.025859213214233498,0.3278158439521879,0.0003948094799221943,0.0367896654889084,0.1523597652413641,0.11078759535109742,0.08608794153037715,0.001,,,,,,,,,
482,-0.09971217235774346,1.189188850922559,0.08568498667411538,1.7392602850932029,0.02548812811473153,0.3506401440113319,0.00048162913395759314,0.04284249333705769,0.10328362518538434,0.1104881816666999,0.08441808819308363,0.001,,,,,,,,,
483,-0.23805881090514536,1.3495569500282873,0.06458672895254562,1.7758484309371367,0.02364569358944562,0.27854516384703243,0.00033533649093012375,0.03229336447627282,0.24089766775731064,0.10522165753267645,0.08476147060765099,0.001,,,,,,,,,
484,-0.20217230036902967,1.2793334738055855,0.06136253749442413,1.7938093876914905,0.02325654862506735,0.2755019115689755,0.0003320695267301791,0.030681268747212064,0.20497925954261087,0.10398238471291299,0.0839697143263591,0.001,,,,,,,,,
485,-0.1759322159809508,1.2551546421788222,0.06234276669371083,1.7849879220955627,0.024287348110226092,0.30899173653205503,0.0003528029386640492,0.031171383346855416,0.1790746826382258,0.1064329233574682,0.08272076612868677,0.001,,,,,,,,,
486,-0.15770651032517236,1.2499682359102995,0.07010343645775735,1.763674051476003,0.025987191964637092,0.3399113438554038,0.00038566800939023943,0.035051718228878675,0.16116216890256393,0.1110181355572003,0.08424729831414055,0.001,,,,,,,,,
487,-0.1622372909942315,1.2524603056638286,0.0730464209309078,1.7626429814317472,0.024731882951359696,0.3059004296007799,0.00038307799772904755,0.0365232104654539,0.16535427571049638,0.10735905209726113,0.08390130646728271,0.001,,,,,,,,,
488,-0.12184312650887469,1.1817890436910359,0.0720332603223762,1.7672643951323916,0.025513323903050097,0.34173983958859544,0.00038177321606347925,0.0360166301611881,0.1253180319110338,0.10985367105644579,0.08340529417555037,0.001,,,,,,,,,
489,-0.11884115065830358,1.2226362110960585,0.07815377111580601,1.748186220795667,0.025640670722202726,0.34980936302742616,0.0004033667784945535,0.03907688555790301,0.12239983670412868,0.11025669511784336,0.08278446016435646,0.001,,,,,,,,,
490,-0.2794820917902954,1.4073302183662548,0.06606955732080279,1.7609690556381672,0.026352256776181502,0.31258801001672387,0.00036992112064622917,0.033034778660401394,0.28266231557088584,0.11209739408557107,0.08655265479854495,0.001,,,,,,,,,
491,-0.11237351820805014,1.207837632580656,0.08003769969970172,1.7351770895495626,0.028309119009644834,0.37332076781686396,0.00045021389606752127,0.04001884984985085,0.1161685986459248,0.11719545586664352,0.08591362443963102,0.001,,,,,,,,,
492,-0.19856650923005784,1.3303815924902673,0.06175365535491075,1.7769299416600186,0.027514807623879006,0.32747642851044934,0.00034387613879130106,0.030876827677455376,0.2018933584036443,0.11459064933226562,0.08712592575666989,0.001,,,,,,,,,
493,-0.13180647015824673,1.2274310723355564,0.06294167693125323,1.7562665029620104,0.02979827145597217,0.42569793390066124,0.00034421685137813964,0.031470838465626615,0.13611592516926235,0.12000161147869504,0.08401789657930614,0.001,,,,,,,,,
494,-0.21554351747816725,1.2852908650437334,0.0551772446445438,1.7752846816486278,0.027810924271898785,0.36550570632893264,0.00031749347175623875,0.027588622322271897,0.21924709094531292,0.11486632275972891,0.08427329382738706,0.001,,,,,,,,,
495,-0.21500162091601271,1.3424719926316686,0.0722326019009455,1.7347306623731475,0.029715400975425882,0.4323543786643163,0.0004241807382936569,0.03611630095047275,0.219382870117613,0.12037810789670084,0.08369976251937514,0.001,,,,,,,,,
496,-0.11252882350581078,1.1865943210727843,0.07799103716193272,1.7425401109143632,0.028435078985476807,0.4003422171291385,0.00042049596736867226,0.03899551858096636,0.11659287155646597,0.11727849994895967,0.08459595428559907,0.001,,,,,,,,,
497,-0.16364669239244567,1.2569886561906598,0.07693513344595498,1.7222554554307021,0.030804477896236932,0.4570742151279362,0.00043129784978346915,0.0384675667229775,0.16827743764350014,0.12328790757695185,0.08397770011240387,0.001,,,,,,,,,
498,-0.0585489214048174,1.1323420117338396,0.07241449356244228,1.747179740267366,0.028530985930316364,0.42486775363894425,0.00040088392010811794,0.03620724678122114,0.06285528682459181,0.11713346769541388,0.08295516948334708,0.001,,,,,,,,,
499,-0.09869963241170655,1.1728365006904666,0.07353698312164694,1.7419752201910992,0.02860302756830789,0.43963085217207354,0.0003831811600874599,0.03676849156082347,0.1031539609887909,0.11721110448262993,0.08217760172217653,0.001,,,,,,,,,
500,-0.20869778678799494,1.3135234173628785,0.06251683450183765,1.7633903020905768,0.027385543130090964,0.3825544878240002,0.00034394423240575805,0.031258417250918824,0.2125756634288308,0.1139230758303116,0.08279965163735356,0.0005,-0.16545343335400045,1.280768898948137,0.16961704347336395,0.07650783738852676,1.7373790071300395,0.02843613184375062,0.4103879589770985,0.0004102820826967084,0.03825391869426338
501,-0.10616674751597407,1.217306972805086,0.08132456082618379,1.73500835552692,0.028172463312853023,0.4012641356476738,0.00043844464695216113,0.040662280413091896,0.1102417856828887,0.11676119474628874,0.08374845924054833,0.0005,,,,,,,,,
502,-0.24350776540630314,1.3623656502918056,0.0609381152777123,1.7655000522624806,0.026943729782020923,0.34311188977661244,0.00035709034550034915,0.03046905763885615,0.24699057926568574,0.11306695776728293,0.08462563461544431,0.0005,,,,,,,,,
503,-0.13924894942277066,1.2156083834196054,0.07044843188324633,1.7662717246587776,0.02533277102223028,0.3303418597054927,0.00036011115046712854,0.035224215941623165,0.1426088560645185,0.10940256633824495,0.08391564033885827,0.0005,,,,,,,,,
504,-0.24071511016897618,1.3580528798065377,0.07869725128311317,1.745776337622139,0.026201369454300714,0.35794294386848396,0.00041336873758277416,0.039348625641556584,0.24435547968405463,0.11192574364498152,0.08399476693678812,0.0005,,,,,,,,,
505,-0.19678436886870648,1.3062447144260543,0.057490462180430184,1.7946952425015543,0.02481634850568608,0.3069542877021497,0.0003376407114102529,0.028745231090215092,0.1999039803363573,0.10749509761830903,0.08408811590414175,0.0005,,,,,,,,,
506,-0.1829177777731732,1.287613972784415,0.0748203785115043,1.753312594123233,0.026648577201027625,0.35629664002151645,0.0003763520643478099,0.03741018925575215,0.18653945100922883,0.11301436851045613,0.08412067937578212,0.0005,,,,,,,,,
507,-0.14939943504638012,1.209913383022287,0.07756281400350346,1.7608731171302794,0.02542571403076378,0.36479377998424173,0.00041085000773250657,0.03878140700175173,0.1531078714844729,0.10960820549154973,0.08240637359954886,0.0005,,,,,,,,,
508,-0.11370154398443891,1.1830716083071735,0.06867049995847802,1.7675690545754315,0.025334429193889174,0.3423615368656392,0.0003654187584527935,0.03433524997923901,0.1171808244812048,0.1090417855544734,0.0830952984154686,0.0005,,,,,,,,,
509,-0.1582792983807605,1.2429714945972932,0.06879405984652541,1.7733310404270788,0.02390706171023338,0.31214597079285933,0.0003711855508258537,0.034397029923262705,0.16145660028452485,0.10545206935173654,0.08226020180462937,0.0005,,,,,,,,,
510,-0.1742421703278932,1.2803510674965746,0.06854224961080052,1.7738439830950044,0.023536135173342652,0.3162681149022384,0.00038149413424888405,0.03427112480540026,0.17746067598289436,0.1047519026667641,0.0819188212317421,0.0005,,,,,,,,,
511,-0.06394055615615032,1.1121862324790377,0.09287661710479478,1.7103468005575317,0.02723220045952573,0.4033984381326439,0.0005351175708583823,0.04643830855239739,0.06804343348974332,0.11504639716971382,0.08337093208300557,0.0005,,,,,,,,,
512,-0.2162681167438119,1.3023331277454244,0.050058460158290054,1.8054322099525253,0.024031519718005295,0.2986805087670449,0.00030107947873802383,0.025029230079145027,0.2193010161784484,0.10540087012237559,0.08262485783229949,0.0005,,,,,,,,,
513,-0.27615892980337425,1.3959925850197603,0.0597940596567523,1.7871229615077606,0.024024915296996855,0.2885887646318137,0.00031805228048466515,0.029897029828376154,0.27909576623194066,0.10574630535931148,0.083781539181549,0.0005,,,,,,,,,
514,-0.18656083201509924,1.2692221457540498,0.062237402467233784,1.775809910336609,0.02490837424450839,0.31709784968814014,0.00035686580918208407,0.031118701233616892,0.18978425597040943,0.1080827722904366,0.08383008202101778,0.0005,,,,,,,,,
515,-0.17981211748142817,1.272727884419971,0.08234926432571382,1.739585465883081,0.024914565846544993,0.3303281746471995,0.000471388405995761,0.04117463216285691,0.18317868359878184,0.10866712379546711,0.08334315701770309,0.0005,,,,,,,,,
516,-0.14881483528771877,1.2184911556884106,0.06900775881793454,1.7793006853224629,0.023705347773957948,0.32489261128410796,0.000379122053683926,0.03450387940896727,0.15211984950735885,0.10507733492407051,0.08174896895342831,0.0005,,,,,,,,,
517,-0.16451949470315164,1.2974662403296195,0.0739824845864618,1.7646754416426127,0.024799332561747947,0.3092894659147992,0.00042086625422292395,0.03699124229323089,0.1676712360215515,0.10806061734234851,0.084922514419695,0.0005,,,,,,,,,
518,-0.2336267325041133,1.3165616689502462,0.05351407724634112,1.8053409127073283,0.02306852735357623,0.26125390914283164,0.00028231966819610723,0.02675703862317056,0.2362869052399738,0.10287624359557357,0.08389687405667501,0.0005,,,,,,,,,
519,-0.08109957211178423,1.15456736430122,0.08188159382936283,1.742899442264011,0.025171499282889892,0.35408324352030873,0.00045069938000828617,0.040940796914681415,0.08470328133212472,0.10923522706939828,0.08309311101055189,0.0005,,,,,,,,,
520,-0.16510292084742964,1.2658977686194035,0.06210041912788439,1.7819710574513485,0.024137302408723145,0.33695238635805813,0.0003374003739482323,0.031050209563942194,0.16852468863488815,0.1054053032335116,0.08087631416136801,0.0005,,,,,,,,,
521,-0.023681219384651408,1.0772408788247492,0.10349036568058631,1.6939322614323966,0.02771604702385265,0.4192571055298849,0.0005452831594154184,0.051745182840293155,0.027947927776999025,0.1166051841633268,0.08367436833354241,0.0005,,,,,,,,,
522,-0.10945080194654089,1.1932290302395967,0.08960484500405234,1.7169739242225,0.02660449017343614,0.3761421281946127,0.0004937881456456907,0.044802422502026165,0.11327913327168773,0.11334858050004218,0.08429338369898609,0.0005,,,,,,,,,
523,-0.23138601777860782,1.3357804765076196,0.06464137400989624,1.7612578603018352,0.025636900369014577,0.35503947034009853,0.00034850456075837395,0.03232068700494812,0.23498983079322433,0.11004931114794708,0.0820979185274495,0.0005,,,,,,,,,
524,-0.1385046425388647,1.2089968121216683,0.0712685053490689,1.7554505374477813,0.02640241317325571,0.37003204301979825,0.0003956047442871017,0.03563425267453445,0.14226210777455453,0.11177384031945978,0.08328554912503464,0.0005,,,,,,,,,
525,-0.17416643697739675,1.2902528079335125,0.0687724226892813,1.7583842084447832,0.027008419415127247,0.3680251893537376,0.0003682523423483027,0.03438621134464065,0.17790234144778672,0.11294647296932625,0.0837318798684191,0.0005,,,,,,,,,
526,-0.14028818938562765,1.2406563989413442,0.08478926072348725,1.7127347280376375,0.030038566149451836,0.4551240209687968,0.0005096764336293761,0.042394630361743624,0.14490404833729403,0.12136387688353711,0.08425358971546279,0.0005,,,,,,,,,
527,-0.14855201255810532,1.2356641718979213,0.0708862452958248,1.7441612637692268,0.02771584281426355,0.3766337116339269,0.0003902839934841226,0.0354431226479124,0.15237513724966506,0.11557277625510629,0.08524025853549905,0.0005,,,,,,,,,
528,-0.13011538472884113,1.2171822868783821,0.0720303697606536,1.7571243890523247,0.02727905988892225,0.39364231263539423,0.0004078116742848467,0.0360151848803268,0.13410947240070875,0.11373945413370193,0.08281846634196333,0.0005,,,,,,,,,
529,-0.20370099710897027,1.314208448581574,0.05661038420721184,1.7772885834072714,0.027913594478649773,0.3900849205904159,0.00029067400174939543,0.028305192103605922,0.20765083113282962,0.11456847335132966,0.08312311799037328,0.0005,,,,,,,,,
530,-0.1780216173672472,1.3015566865613537,0.06675578620611822,1.7565239198805698,0.027078405064221538,0.3567058788826145,0.00035443833794325584,0.03337789310305911,0.18164316367175465,0.113197165516681,0.0847660083197738,0.0005,,,,,,,,,
531,-0.11733538246766227,1.173904259375116,0.07194343435838357,1.7380920926588008,0.02928873385975692,0.4401119720427325,0.0004101437546678726,0.03597171717919179,0.12179395626374206,0.11915533736344834,0.08381376203055202,0.0005,,,,,,,,,
532,-0.21158572646857562,1.3230626254441402,0.061869625622688496,1.7584849311966388,0.02897451748208887,0.4179538591258364,0.00031728509302195965,0.030934812811344248,0.21581695757288752,0.11807407036944112,0.08352476921416452,0.0005,,,,,,,,,
533,-0.12370744050026948,1.208975321377829,0.07032468708364138,1.7435179249462358,0.02975819901408104,0.4266978756509082,0.00034374097432400324,0.03516234354182069,0.12803045418931308,0.12020318583718399,0.08523736805516467,0.0005,,,,,,,,,
534,-0.14684367391347786,1.2253810803523006,0.07011768702771769,1.7447403977148075,0.028817561198768844,0.43633813293988183,0.0003754409737568858,0.035058843513858844,0.15126331590010528,0.1175928492494677,0.08298127924454814,0.0005,,,,,,,,,
535,-0.16779635456219866,1.26918758940444,0.07534138826937986,1.735759017694771,0.027695821759930808,0.3879326761413656,0.00044533420123710047,0.03767069413468993,0.17173516294993635,0.11567451386381983,0.08515767536195358,0.0005,,,,,,,,,
536,-0.1692551644843781,1.27415998589212,0.05257417960022134,1.7841392306374704,0.02831097186593742,0.3893746621357557,0.0002845075273493063,0.02628708980011067,0.17319588466311567,0.11540209064882351,0.08369439028551809,0.0005,,,,,,,,,
537,-0.2096157787797388,1.343884423267359,0.06246086865441081,1.7795467048327918,0.025782785907008852,0.35588255629991683,0.0003153901125241761,0.031230434327205406,0.2132267841452387,0.1099808970255324,0.08293838789801436,0.0005,,,,,,,,,
538,-0.09465886268120866,1.1489838355835618,0.07642649436136237,1.7322134379030092,0.029996350907400694,0.4406742486856396,0.00042108433023220915,0.038213247180681184,0.09912535139292708,0.12082317802090188,0.08538833688371644,0.0005,,,,,,,,,
539,-0.15833647989773933,1.2808548112928122,0.06891940588353708,1.747992234997493,0.02774389446067637,0.387129701357301,0.00038376684018165354,0.03445970294176854,0.1622635542050059,0.11505780102028665,0.08439652119269517,0.0005,,,,,,,,,
540,-0.08843517080400158,1.175990813278177,0.07202938854842983,1.7509142687667292,0.027484579827013664,0.39321644591593097,0.0003858849865006371,0.036014694274214915,0.09242471794998779,0.11418031948895918,0.08353548246222653,0.0005,,,,,,,,,
541,-0.24814618100231067,1.3587124158254513,0.0723349338797388,1.7432454190043232,0.027203493626187406,0.38487791701136453,0.0004093521539909044,0.0361674669398694,0.2520526536150941,0.1137511482049644,0.08328247937911784,0.0005,,,,,,,,,
542,-0.09376186517409914,1.193393046248729,0.08411204338711471,1.722491264065768,0.028751266261764406,0.4167366398470451,0.0004245649104741989,0.04205602169355735,0.09799275815600855,0.11818541384779654,0.08571990261288842,0.0005,,,,,,,,,
543,-0.0392240750918805,1.1123826153953598,0.08361307830636566,1.7335826663647689,0.02674271923417547,0.41025123513734696,0.0004731456598991168,0.04180653915318283,0.0433904612656698,0.11299323126396069,0.08191988913455606,0.0005,,,,,,,,,
544,-0.23589712107824892,1.3493710064215725,0.060492113988874475,1.7806008213788556,0.024233187268224307,0.29977807399612805,0.00036632338650218556,0.030246056994437238,0.23894661711728343,0.10603004014825497,0.08422591193798118,0.0005,,,,,,,,,
545,-0.13649753309242946,1.2275574922164665,0.06975133695838649,1.7622555067935295,0.026392935762086043,0.36148165845402397,0.00037450137271997686,0.034875668479193246,0.14016859291424402,0.1115251884793166,0.0845235126945165,0.0005,,,,,,,,,
546,-0.16589205246066482,1.2749140639149608,0.056579678585674635,1.7936382533901445,0.02461075890450143,0.3213674679059377,0.00032314540322008053,0.028289839292837318,0.16915518481558312,0.10671137420835154,0.08334875369249287,0.0005,,,,,,,,,
547,-0.13806140611681064,1.2673481307015086,0.06938875598620275,1.7665650010809584,0.02547894109703288,0.34983912253041255,0.00035843045321074483,0.03469437799310138,0.14161574167465074,0.10927473725293346,0.08337742636808934,0.0005,,,,,,,,,
548,-0.0653916901225476,1.1408082596418527,0.08608023815149826,1.728899285451655,0.027329193029788663,0.4022179232011084,0.0004633993450111906,0.04304011907574913,0.06947883245993909,0.1146612610568474,0.08376156843338686,0.0005,,,,,,,,,
549,-0.1603452395360162,1.2441755832954162,0.07701610904997798,1.753860970466063,0.02657094488754675,0.3810473061847544,0.00045125423727700805,0.03850805452498899,0.16421627180446616,0.11197265748407348,0.08319787817684021,0.0005,,,,,,,,,
550,-0.23318812060619382,1.3210230464549868,0.0606701605741568,1.7663581985125392,0.028484000992134585,0.3901325855306764,0.00034163757929406876,0.0303350802870784,0.23714086149956576,0.11619586422001574,0.08452604211243739,0.0005,-0.16589235648645984,1.2810258124602572,0.17020901399425864,0.07610174895583746,1.7337666898044568,0.02900690844714112,0.4257191217710756,0.0004077748712081724,0.03805087447791873
551,-0.1577860009531587,1.2508773358946643,0.05200346015664205,1.8063814795889643,0.024518806005521115,0.31781619254862514,0.00029881588708785404,0.026001730078321024,0.16101121658239004,0.1057892163454229,0.08300263996013785,0.0005,,,,,,,,,
552,-0.0805416478845951,1.178117311277594,0.06378193327294931,1.7647317355299257,0.02801966099115112,0.42040565047685036,0.0003565117047766796,0.03189096663647466,0.08479880779040312,0.11492560190948675,0.08236064818582778,0.0005,,,,,,,,,
553,-0.22565689486488472,1.2996434426731431,0.06020551483647993,1.7640935183480604,0.02861539479903772,0.39288260448167034,0.0003373703542455808,0.030102757418239964,0.22963683830584555,0.11658312679894109,0.08462410575548795,0.0005,,,,,,,,,
554,-0.18669340199979356,1.272667878872551,0.06785720640725115,1.7534914065458946,0.02928557696464376,0.4009396823512448,0.000378744127602878,0.033928603203625576,0.19075804978185112,0.11855169347572932,0.08566651787253513,0.0005,,,,,,,,,
555,-0.13813014758573328,1.2411566374840386,0.08491612130406676,1.7095543533881417,0.029484662085051738,0.4255272195647948,0.00044329228906737184,0.04245806065203338,0.14244940630845782,0.11980416702998012,0.08564043212459277,0.0005,,,,,,,,,
556,-0.08937913267551104,1.1767233566885509,0.07410702992151427,1.7270800200861678,0.030889238157812984,0.4581615237733695,0.00041600588659882273,0.037053514960757136,0.09401923228727231,0.1227639237632904,0.08597066366259234,0.0005,,,,,,,,,
557,-0.1674642766804884,1.2563485567931891,0.06558939846111494,1.750940272999488,0.027598144929419227,0.3857250704090342,0.0003454423163920775,0.03279469923055748,0.17137528590970325,0.11423699025861837,0.08375683370853379,0.0005,,,,,,,,,
558,-0.07208551032279385,1.1324411959237768,0.07795567242692147,1.7227246941549503,0.030214885818079094,0.47193195405200455,0.0004234980961521916,0.03897783621346074,0.07686526992743044,0.12122299555589222,0.08438228445929312,0.0005,,,,,,,,,
559,-0.25626869433502686,1.3937452125785148,0.054588676602855046,1.7603455333831601,0.029005663071388087,0.39368806538427636,0.0003172388250746372,0.027294338301427523,0.2602536451707556,0.11714200837636572,0.08498953460945263,0.0005,,,,,,,,,
560,-0.25346756251359925,1.3782040909944646,0.046822068053613636,1.7875128421953033,0.02705645457157553,0.38052799815581995,0.00025443399521431225,0.023411034026806818,0.25731667299755834,0.1121815527403763,0.08258082946864288,0.0005,,,,,,,,,
561,-0.2858341192116405,1.413130334185844,0.05859045953699618,1.74177504268168,0.03284289414287074,0.4672865109503438,0.0003181819159521663,0.029295229768498087,0.29055687912049877,0.1268021859329878,0.08595431532910747,0.0005,,,,,,,,,
562,-0.10659404475514137,1.1870017165611566,0.07960891125408495,1.716744210168009,0.032349980069726975,0.49958796904966873,0.00045984890305874053,0.039804455627042476,0.11165149483239736,0.12636830953109635,0.08585658438220375,0.0005,,,,,,,,,
563,-0.14616579408357067,1.2298839638416434,0.07288327345609145,1.7210185708844807,0.0342451142036079,0.5348877493622156,0.000393300777550212,0.03644163672804573,0.15157225640740524,0.13059961386371954,0.08583807127666572,0.0005,,,,,,,,,
564,-0.11112120759995431,1.2081701694973463,0.061905542121214394,1.7457507323318175,0.033523414340355676,0.527387797193794,0.00033723858665740355,0.030952771060607197,0.11644686823614274,0.12824547572361217,0.08397449465634274,0.0005,,,,,,,,,
565,-0.09874604866359489,1.191099042459047,0.07146883582998034,1.722672613188366,0.03357812566974078,0.5345094594630637,0.00038047844128993473,0.03573441791499017,0.10414790918668532,0.12899154913793848,0.08461213145792815,0.0005,,,,,,,,,
566,-0.11455968659949689,1.1834185186518598,0.08415843791186095,1.6810758553080165,0.036794471148248326,0.5990422912233382,0.00048323155515114184,0.04207921895593047,0.12061383180479081,0.13758149117514404,0.08574510299018723,0.0005,,,,,,,,,
567,-0.1823209012446132,1.305397772890923,0.07009281109861244,1.7256170638566757,0.03185257488091305,0.49353654614463505,0.000347207717998909,0.03504640554930622,0.18731204135942742,0.12504371859416885,0.0842054897842863,0.0005,,,,,,,,,
568,-0.13610486094987656,1.2490206655314902,0.06166049239007107,1.745400237753708,0.03235168026417221,0.49660987189627875,0.0003376713864528729,0.030830246195035535,0.14112262063127642,0.12551273613590944,0.08476449026400984,0.0005,,,,,,,,,
569,-0.054709072200797716,1.1326306388512264,0.09659701618910059,1.6518376029322304,0.03753940554383374,0.6426098910909642,0.000501073927867583,0.048298508094550295,0.0612049987351099,0.1402013210234399,0.08547318202526455,0.0005,,,,,,,,,
570,-0.19996051100315132,1.295931708637374,0.06530181338234035,1.7518931996306233,0.029864279345914596,0.43539142315550294,0.00037682551752919074,0.03265090669117018,0.20436836332856909,0.11959487809322061,0.08505106043753169,0.0005,,,,,,,,,
571,-0.06590502558989572,1.1494358874935642,0.08878500094997162,1.7034544893854582,0.032509906114014595,0.5277233236497264,0.0005241695143574472,0.0443925004749858,0.07124892756690539,0.12764851568452906,0.0852228316395486,0.0005,,,,,,,,,
572,-0.1564423603137545,1.232252033252999,0.06474808604455493,1.7430286390245855,0.03109868576620014,0.4620008297245665,0.0003596813338782549,0.03237404302227746,0.16111576975375147,0.12273812617755045,0.08545320600201867,0.0005,,,,,,,,,
573,-0.13896347127212483,1.2135649134337108,0.0756012915341209,1.7254373990089824,0.03125785719520196,0.4608252706288235,0.0004129744367518441,0.03780064576706045,0.14363090874253778,0.12348468578672911,0.0858300242553717,0.0005,,,,,,,,,
574,-0.1749735161651904,1.2617138456893517,0.06359573903545308,1.766745311806011,0.028627929688135368,0.40696715332020883,0.00034393662428426543,0.03179786951772654,0.17909609238727114,0.11618970037215576,0.08480924604967133,0.0005,,,,,,,,,
575,-0.13913279741317724,1.2171421413465395,0.06241417259026525,1.7666814349936466,0.027998729015365924,0.4008427410063208,0.00035377495701471905,0.03120708629513262,0.14319363647345568,0.1145628649815284,0.08377530898543573,0.0005,,,,,,,,,
576,-0.1782692743465461,1.2884739426743486,0.07501803735654902,1.734325307330269,0.029838554936616656,0.4550689336421423,0.00045363877623695646,0.03750901867827451,0.18287935234248143,0.12024527451244958,0.08425661555237167,0.0005,,,,,,,,,
577,-0.13494053672976514,1.2047147704017467,0.08032405879608268,1.7395568166883053,0.02813783638523497,0.4151285813807937,0.0004825816498846945,0.04016202939804134,0.1391542059576369,0.11602037712196206,0.08447112917103128,0.0005,,,,,,,,,
578,-0.21953176847209072,1.3354626208744471,0.06734061153708004,1.7552725093092674,0.027781808385148796,0.3805598474315717,0.0003829902196305908,0.03367030576854002,0.22339241987946437,0.11461782126151689,0.0847979157281781,0.0005,,,,,,,,,
579,-0.27109463881792417,1.4361150263027493,0.050883599765763565,1.8057102088383545,0.023991534252974157,0.31826982633911804,0.0002639802296970668,0.025441799882881783,0.2743234757855836,0.10466034659171133,0.0825916506313387,0.0005,,,,,,,,,
580,-0.18820825560516175,1.2928545975381804,0.07061945880320873,1.7551755668508944,0.026593095885669424,0.36409926557883365,0.0004209514010491337,0.035309729401604366,0.19190631926003068,0.11165331940289289,0.08477863458131969,0.0005,,,,,,,,,
581,-0.2176304894745623,1.3067435127291418,0.06008324477869897,1.785813752078144,0.02511989993238921,0.31609856886111276,0.0003357113010967515,0.030041622389349484,0.2208427320360945,0.10761992512405345,0.08495201779262967,0.0005,,,,,,,,,
582,-0.1459618778865992,1.2391905975405124,0.07812541785999061,1.7384588308416662,0.02773350076027808,0.37911750513619197,0.00048462302030638916,0.039062708929995305,0.1498143464654026,0.11512045922881209,0.08655377158639499,0.0005,,,,,,,,,
583,-0.19465319120683672,1.276059330197026,0.059353357592783824,1.7976327938991843,0.02433465398196354,0.3018885930104315,0.0003309644310341581,0.029676678796391912,0.19772303978798675,0.10534896514507587,0.08505166226765404,0.0005,,,,,,,,,
584,-0.16232913254623088,1.280979010068709,0.07303540455614621,1.7640320114387142,0.025672826348382416,0.3379091772401991,0.00044061131021663264,0.036517702278073105,0.16576678845412748,0.10916416415145637,0.08586860818448723,0.0005,,,,,,,,,
585,-0.16257956545720256,1.2459672536703077,0.06338822115236661,1.777835797660233,0.024572717405939894,0.2880735601691519,0.00033261442596191706,0.03169411057618331,0.16551309967170647,0.10652140407739935,0.08733967259216141,0.0005,,,,,,,,,
586,-0.18056566731862717,1.271039942689338,0.06809986632456999,1.7777010688537436,0.024779264681952278,0.31200710369380596,0.00036164221618617185,0.034049933162284995,0.1837411817215779,0.10644765387239899,0.08614058074716066,0.0005,,,,,,,,,
587,-0.28728973115231266,1.431346941856554,0.08501848313424608,1.7247001590335,0.02665176667941666,0.3373556836832986,0.0004562094554089912,0.04250924156712303,0.2907276063268571,0.11279201313983221,0.08828660166520119,0.0005,,,,,,,,,
588,-0.154971213726269,1.2461733502492047,0.07812752357899849,1.749562364183567,0.025837171999027332,0.35490936069522894,0.00042256060657663917,0.039063761789499246,0.15858109232471837,0.10957526619310766,0.08666709582988516,0.0005,,,,,,,,,
589,-0.07948356167017102,1.1772654802923288,0.07746282527523124,1.7658496102173018,0.02375385646396927,0.3113220585257861,0.00042451839193056974,0.03873141263761563,0.08265741734808799,0.10421503282954085,0.08588056891421553,0.0005,,,,,,,,,
590,-0.2054454302449748,1.288867805672201,0.0526342381397702,1.8161274282179545,0.02207573853299865,0.26553747695398844,0.00028827952314190285,0.0263171190698851,0.20814816620309817,0.09898742110559507,0.08483165835370149,0.0005,,,,,,,,,
591,-0.08334231377977631,1.1472149342941045,0.08236455091147843,1.7612048646093315,0.023582825198683707,0.30963753246692205,0.00040964649197099454,0.041182275455739215,0.08650157989346707,0.10399555005542796,0.08643608980573445,0.0005,,,,,,,,,
592,-0.2221867783252992,1.3011140966300343,0.05305269358127815,1.8124855806344264,0.022575534554378045,0.269028684919853,0.0003023594210284853,0.026526346790639074,0.224924739971305,0.09997222269503109,0.0860063437053209,0.0005,,,,,,,,,
593,-0.08101110108638063,1.1467323152570623,0.06671021465072385,1.7914284495904762,0.023867752812843084,0.31505489032774786,0.0003771632722133572,0.03335510732536193,0.08421669101420151,0.10321056526078903,0.08562593732296495,0.0005,,,,,,,,,
594,-0.11401336397801057,1.1864935110791164,0.059923256683998775,1.802707659418493,0.024487474240792846,0.31149897767637175,0.0002952332579668709,0.029961628341999388,0.11717929479229014,0.10478529646107036,0.0873336506224544,0.0005,,,,,,,,,
595,-0.11354494834179574,1.190125133923046,0.07358089397466978,1.7622431657842297,0.02590439094378447,0.33466278965187934,0.0004063866780719491,0.03679044698733489,0.11695005298374042,0.10889152580442962,0.08847502111230962,0.0005,,,,,,,,,
596,-0.1835526377814248,1.2618793339895185,0.07004589050748752,1.7674686252954683,0.025297226724699057,0.33372798014468297,0.0003489071224276441,0.03502294525374376,0.1869461042856026,0.10736283587972306,0.08728070515302401,0.0005,,,,,,,,,
597,-0.15232176501446845,1.2247656991751255,0.05590606950764398,1.8015886663975782,0.024546346623476684,0.30998607564133457,0.0002766098222332045,0.027953034753821986,0.15547036079052193,0.10431819345837498,0.08786799564765674,0.0005,,,,,,,,,
598,-0.19690840129374731,1.286560603850326,0.06875563047295946,1.7644464781569669,0.026418625673357204,0.3686523160317402,0.000368777385691748,0.03437781523647973,0.20065063450793968,0.11000350363322842,0.08713334590254106,0.0005,,,,,,,,,
599,-0.08585789692489287,1.1536689121308905,0.07573573542774213,1.7540571272719976,0.026915583722519787,0.39180566882086765,0.00042728347085074564,0.037867867713871066,0.08983563488679666,0.11102418792138033,0.08702992983841125,0.0005,,,,,,,,,
600,-0.14721182024352036,1.2440245967788672,0.08015268714455481,1.7355333647017244,0.02773892539058335,0.4003876340006666,0.00043635945448302146,0.040076343572277406,0.1512774918552912,0.1133851749648593,0.08782036979704352,0.0005,-0.1653519244344959,1.281242409958647,0.16943011874211203,0.07622242911669513,1.7436641780825082,0.027870834050080583,0.4018562265223111,0.0004084186053857188,0.03811121455834757
601,-0.1910553846503661,1.2828717863251846,0.0549626243986482,1.8001796978283986,0.02537059247579059,0.3200009698348665,0.0002926849007736827,0.0274813121993241,0.19430380430690009,0.10586665367014944,0.08840143051867536,0.0005,,,,,,,,,
602,-0.2033384201676453,1.2950281090844038,0.06283987042250173,1.772261887900349,0.025901124619167888,0.3320313567919087,0.0003641257321913625,0.03141993521125087,0.20671151754697653,0.10848901162750549,0.08838643586082846,0.0005,,,,,,,,,
603,-0.14184849472807465,1.2220328708443358,0.07848229204575534,1.7360040348613484,0.028199595884835785,0.3952801367300524,0.00044095961042944434,0.03924114602287767,0.14586230687785098,0.11451837316547872,0.08862795911408872,0.0005,,,,,,,,,
604,-0.1964064411723465,1.289259349970406,0.06727985562498688,1.7612158715514918,0.026580914125948374,0.37828079454567065,0.0003863283094160179,0.033639927812493434,0.20024436448742539,0.10998262285392013,0.08679727790399658,0.0005,,,,,,,,,
605,-0.19925133213278465,1.314536378803536,0.05999156573975882,1.7823528564340798,0.025706216295872393,0.3372049805948223,0.00028725584789992365,0.02999578286987941,0.20267407380864608,0.10737199777491493,0.08791450593744213,0.0005,,,,,,,,,
606,-0.22839662135901562,1.305782483341871,0.058479475187282984,1.7849769639589148,0.025621701689410643,0.3178502879032965,0.0003125345203258585,0.029239737593641492,0.23162533909048505,0.10706261475862586,0.08867193408556004,0.0005,,,,,,,,,
607,-0.2145754654641444,1.3359472682805587,0.049122097994868344,1.8103470696876167,0.02526242239896034,0.3234002638563127,0.00025773717799671715,0.024561048997434172,0.2178547099941818,0.10550133495099043,0.08758721671019608,0.0005,,,,,,,,,
608,-0.14519465104602358,1.227732316582966,0.07254314288294134,1.751617016966864,0.027739184946670464,0.40649622424169984,0.0003909432139569518,0.03627157144147067,0.1493173104621913,0.1127714420390243,0.08740455886897175,0.0005,,,,,,,,,
609,-0.14562336745051951,1.2200356451805248,0.06374540984607678,1.7695549860436954,0.02695377275468219,0.37227041781285203,0.0003271491329607264,0.031872704923038384,0.14939891137476113,0.1107605154783603,0.08820148087465779,0.0005,,,,,,,,,
610,-0.2188115544163318,1.3431364087484838,0.0725608026651953,1.7463505211448418,0.027314962106961257,0.39003223901705397,0.0004197145524269857,0.03628040133259765,0.2227698178585706,0.11180305700210652,0.086538004699247,0.0005,,,,,,,,,
611,-0.15583886392421809,1.2280341427066834,0.06836953246279434,1.77204597230241,0.026454889243296642,0.36533139061078734,0.0003625369706394212,0.034184766231397164,0.15954770842598676,0.10949084466760758,0.08809422312802102,0.0005,,,,,,,,,
612,-0.21772448934132954,1.3305433997833958,0.0662290388945382,1.7544564500250497,0.028162858264182817,0.41564665795757105,0.0003701245732060154,0.033114519447269106,0.22193531625058482,0.1140985796720345,0.08635416923511567,0.0005,,,,,,,,,
613,-0.18708144492746043,1.2691135353765444,0.053817659063657576,1.7873666015598682,0.025934802858779565,0.33624788117671633,0.0002973863106528312,0.026908829531828788,0.19049168009788153,0.10805018653328169,0.08750964960166607,0.0005,,,,,,,,,
614,-0.21316074937551943,1.296862606760691,0.06638565349092304,1.763771880929123,0.026902140876052368,0.38566408533954327,0.00036415114024963586,0.03319282674546152,0.21707186228587214,0.1107223705829466,0.08619478535240027,0.0005,,,,,,,,,
615,-0.16254995332743644,1.2398024602051576,0.06331258239722576,1.760892372901142,0.027516324297468964,0.3824995349737288,0.00030805153398445425,0.03165629119861288,0.1664272944074412,0.11254286572986359,0.08759980695197077,0.0005,,,,,,,,,
616,-0.07865180989043682,1.1339685495055372,0.06193713537208499,1.7921419108145673,0.025472472959669944,0.3498327595930915,0.00032762384193940353,0.030968567686042493,0.08220230371158133,0.10617020950247943,0.08681930105601338,0.0005,,,,,,,,,
617,-0.20158060852281087,1.2989476691762498,0.06943527186091293,1.756804725509621,0.025531481444635837,0.35483247888295766,0.00038195135367248805,0.034717635930456466,0.2051850385083627,0.10779564218843132,0.08588769128128175,0.0005,,,,,,,,,
618,-0.16101031699281643,1.2228532470502367,0.07293678247163778,1.7631398436948786,0.02576807147292545,0.3513196242866966,0.00041068932226749817,0.03646839123581889,0.16458171991857884,0.10867257515426865,0.08724157744499056,0.0005,,,,,,,,,
619,-0.2374248636542396,1.3286830882217227,0.05908705703979161,1.7979618052160058,0.02405891807110075,0.29592120468763894,0.0003204781506535036,0.029543528519895806,0.2404348036291946,0.10362985671155445,0.08682178230712895,0.0005,,,,,,,,,
620,-0.22825021183761876,1.3369095454133053,0.053685482593336026,1.8077178804819563,0.023885188913733008,0.2889811540628411,0.00029239537041956816,0.026842741296668013,0.23118786725205287,0.10305592146091351,0.08600776021213768,0.0005,,,,,,,,,
621,-0.19542744577480575,1.3026933627084145,0.06433310192890652,1.7910799622583247,0.02375650279012164,0.31480990183449564,0.00037601963879153465,0.03216655096445326,0.19862938234012567,0.10319034071190379,0.085098201584564,0.0005,,,,,,,,,
622,-0.03222845771493179,1.0777722129558909,0.07458339264105279,1.7741946324306772,0.025192690730725508,0.3411446292496094,0.0004242811307901607,0.0372916963205264,0.03569918046138062,0.106532885237965,0.08737942676492877,0.0005,,,,,,,,,
623,-0.2342646752421767,1.3286417559955408,0.06298613512659045,1.7952901061227795,0.022272079479268743,0.2517577188772328,0.000352774226882288,0.03149306756329522,0.23683522614184238,0.09989465368882641,0.08623397913834878,0.0005,,,,,,,,,
624,-0.2478337542518561,1.3882938312255855,0.06375257002794595,1.7847518805388165,0.02313830892986094,0.2793597812751785,0.00034157588325858134,0.03187628501397297,0.2506804916272598,0.10229146658144878,0.08592592458283686,0.0005,,,,,,,,,
625,-0.20511439740057658,1.3247369557059434,0.07252628219974683,1.7591737561416316,0.02439754963421601,0.2961281222607838,0.0003914342203103948,0.036263141099873414,0.20813344784404883,0.10555907848260307,0.08697066038220787,0.0005,,,,,,,,,
626,-0.10203502487052869,1.1795380720199624,0.053284975034080605,1.8255827262747912,0.02086255085395053,0.23753279463321242,0.00027306150581588723,0.0266424875170403,0.10445798174669875,0.09560178788455115,0.08448137686405824,0.0005,,,,,,,,,
627,-0.07196309877422585,1.1295666538804912,0.07640676900299151,1.7547084530270538,0.02506568860513029,0.34632870847240804,0.0003992499154430049,0.038203384501495755,0.07548612882713612,0.10756572018878971,0.08545548886252334,0.0005,,,,,,,,,
628,-0.15699914416731325,1.2534880023348485,0.06603801413496367,1.7739910284459204,0.024135276677126064,0.3307270581994167,0.0003834660287335747,0.033019007067481836,0.16036100832694666,0.1050916205183817,0.08393213490749826,0.0005,,,,,,,,,
629,-0.0822841072708464,1.1419543112722204,0.05985316903155975,1.8090798601982254,0.02266688353244693,0.2850295174002473,0.0003233702416089578,0.029926584515779876,0.08518565353038274,0.10093839929831691,0.08490311560136612,0.0005,,,,,,,,,
630,-0.0122657497926465,1.0741643877629192,0.09572122043661832,1.7242561946123622,0.02563460549358906,0.37915247629258364,0.0005124840558960657,0.04786061021830916,0.016127502568295714,0.1093297248897463,0.08439056185422707,0.0005,,,,,,,,,
631,-0.22198012704677805,1.3730269049292105,0.05813819683848167,1.7983741974194825,0.022099009091273134,0.2623563941064561,0.00030426712083194405,0.029069098419240835,0.22465378649944437,0.09978729938917863,0.08425876988187339,0.0005,,,,,,,,,
632,-0.016755707310398993,1.1026195351163992,0.08841618218776517,1.7467977760139635,0.02451349799930151,0.3371302485038101,0.0005132890590314749,0.04420809109388259,0.020193818754881437,0.10621521782074787,0.08505474836662319,0.0005,,,,,,,,,
633,-0.1260781092807016,1.2080532151650663,0.09494048858181259,1.7020142934175015,0.026970533818027217,0.39474965699190306,0.0005337206496606191,0.047470244290906294,0.13009543344434232,0.11373122743860459,0.08522211801677694,0.0005,,,,,,,,,
634,-0.12765589291649432,1.191701020125533,0.06000448289030687,1.794253685357364,0.023965520868224663,0.30361050427577907,0.00033602297772769053,0.030002241445153434,0.1307433029673281,0.10458878558727358,0.08440358940826148,0.0005,,,,,,,,,
635,-0.19898594994424673,1.2908491421968646,0.06594453239851082,1.7674279426207258,0.02695965568779643,0.36538333812306895,0.000347499603441083,0.032972266199255404,0.2026939048671373,0.11215768820294912,0.08466442084234875,0.0005,,,,,,,,,
636,-0.22223199033666166,1.341098847483861,0.05644644837457264,1.8024907057354134,0.024943298398059637,0.3283102293262773,0.0003104181411092236,0.02822322418728632,0.22556444494258018,0.10672736117209433,0.08421518061969926,0.0005,,,,,,,,,
637,-0.10752973843911826,1.1786275378541338,0.06033600160236672,1.7898056089058652,0.0248889894176386,0.33451150490467063,0.00033116575560022043,0.03016800080118336,0.1109262312026112,0.10656789740698222,0.08383159696384543,0.0005,,,,,,,,,
638,-0.23351281418770675,1.3485771655104681,0.051154398964632836,1.804149617294323,0.023697161642893833,0.30981293279422356,0.0002780167603030941,0.02557719948231642,0.2366573423789073,0.10380773211997059,0.08301560925600313,0.0005,,,,,,,,,
639,-0.1953983799141602,1.270199193307782,0.05794297282736581,1.7873987887840572,0.025828862452093086,0.34895785832655835,0.0003037500209721291,0.028971486413682905,0.19893784147193702,0.10914587522210867,0.08388319325477911,0.0005,,,,,,,,,
640,-0.13490683193627503,1.2368075047107658,0.09184643816905275,1.7023961751946315,0.029088872824009543,0.42393038368619285,0.0005384769744538247,0.04592321908452637,0.13921446772371798,0.11856311547326881,0.08575002706325763,0.0005,,,,,,,,,
641,-0.09668434049286889,1.1712087437924994,0.08098588482526839,1.7334070075685686,0.028430888876548863,0.41511670728871836,0.0004511863168730797,0.040492942412634195,0.10089784644141314,0.11650755009603497,0.08558874973919277,0.0005,,,,,,,,,
642,-0.13977415309719218,1.2291938687936144,0.07453384819602452,1.7436472757051509,0.02867679949543058,0.4098490293082544,0.0004397546717005572,0.03726692409801226,0.14393174433384676,0.11695008707730489,0.08501199772810811,0.0005,,,,,,,,,
643,-0.18291629261403633,1.273751482275962,0.06372495465678436,1.7643795585562727,0.029423089339491892,0.42738624152903565,0.0003426631392356397,0.03186247732839218,0.18724308793363298,0.11790707332038315,0.08499386810742177,0.0005,,,,,,,,,
644,-0.047394429009897654,1.1290721102904144,0.07765434274057868,1.7363797919319883,0.030797572110565885,0.47223281209230816,0.00040620949087523113,0.03882717137028934,0.052177010195019094,0.12159703562703505,0.08524193994354168,0.0005,,,,,,,,,
645,-0.22276614709236095,1.330905914447528,0.05709964791066813,1.750504785310397,0.03198465162254167,0.460956535221867,0.00031154044411106613,0.028549823955334064,0.22742488272082917,0.12446258238480357,0.08572166086907823,0.0005,,,,,,,,,
646,-0.00811113288077512,1.066097650598227,0.08590235087724415,1.6931645364882826,0.03483071535093779,0.5708502659166235,0.00044997040693640607,0.04295117543862208,0.013884018064814225,0.1318874197004795,0.0851875641616495,0.0005,,,,,,,,,
647,-0.11676086911646431,1.1870288619553215,0.07674597739044937,1.7183494790419498,0.032536525701846876,0.4999134437030158,0.0004027002698706923,0.03837298869522468,0.12181958703967885,0.12635988932118947,0.08540284179086882,0.0005,,,,,,,,,
648,-0.2620031689777475,1.3919126638144523,0.0803779515365748,1.707726812455508,0.03160701465974344,0.46648631069852897,0.00046378910818959556,0.0401889757682874,0.2667299362197075,0.12462264691734845,0.08606748964183836,0.0005,,,,,,,,,
649,-0.2273091922001918,1.3315021842341623,0.051975930554276205,1.7534646576363238,0.03241987205468829,0.4827114647040854,0.0002557591650814875,0.025987965277138102,0.23218238705073696,0.12532455367370293,0.08379339074093564,0.0005,,,,,,,,,
650,-0.16834867209512994,1.2442186422791253,0.07006599618087217,1.7282582522146412,0.032354604099501194,0.47044942430366354,0.0003897058320546837,0.035032998090436085,0.17310937897709971,0.125706092827332,0.08664345479270295,0.0005,-0.16679303160696207,1.2811853692242345,0.17211601090747738,0.07452371234069916,1.71350517630201,0.03343879062373621,0.526459392267579,0.0003988469906181289,0.03726185617034958
651,-0.07648275962529166,1.1710716029071397,0.09572616954052643,1.6610197393609365,0.035813437897844844,0.5865632428123141,0.0005237701583510596,0.04786308477026321,0.08241810303716217,0.13537302800351558,0.08620238083212914,0.0005,,,,,,,,,
652,-0.14704848296741074,1.2368848030356097,0.06628018229377083,1.7312815635743046,0.03213651238956364,0.4964887901842621,0.00037266689384502785,0.03314009114688542,0.15206755044497444,0.12514355082111298,0.08363435332553415,0.0005,,,,,,,,,
653,-0.13499590040942006,1.2109494364601496,0.059456452820079386,1.75378688660676,0.031058744157210307,0.4571800670256495,0.00032117972144997593,0.029728226410039693,0.13961817897216716,0.1220136027472299,0.08440025161416974,0.0005,,,,,,,,,
654,-0.1127880634238809,1.1947800203077379,0.061192323505545744,1.7584818846634809,0.03044242541904353,0.45859312517709283,0.0003103415126655938,0.03059616175277287,0.11742527907137788,0.1203443724960036,0.08402670604034193,0.0005,,,,,,,,,
655,-0.21512775153997193,1.3438780408120725,0.05943323879303429,1.7459364758036369,0.0316758287423285,0.47097536214331315,0.0003457661576058901,0.029716619396517145,0.2198881388071357,0.12395858026004512,0.08476124503787202,0.0005,,,,,,,,,
656,-0.20259353791386292,1.3301077717849612,0.058664189651956786,1.752049706258439,0.03079263675003087,0.463809999146089,0.00031394954925203643,0.02933209482597839,0.2072816299927049,0.12142259258621735,0.0831139385929004,0.0005,,,,,,,,,
657,-0.08965814293729919,1.145457424770405,0.07117676682602998,1.7375174419327477,0.031375438376951045,0.45929457637692783,0.0003567074543834011,0.035588383413015,0.09430761933344467,0.12313655724603478,0.08585555605543632,0.0005,,,,,,,,,
658,-0.16380858601203763,1.2418379396926222,0.07236662342666512,1.7231739034578224,0.03249725862731748,0.5020216452818526,0.0003999136735957365,0.03618331171333256,0.16888621665234002,0.12660629940765372,0.08520167231266418,0.0005,,,,,,,,,
659,-0.0970289183410887,1.1680413434212031,0.05383203866432361,1.7609688253000435,0.031767026441630625,0.479933089664335,0.0002893051970676542,0.026916019332161804,0.10187566799728791,0.12370120465526414,0.08329924319611973,0.0005,,,,,,,,,
660,-0.28603184504669277,1.4178312276141878,0.057405982922941745,1.7742644676722956,0.027358668428874196,0.36930605171957426,0.00031045104272510015,0.028702991461470873,0.28977445571045396,0.11302429579747833,0.08402916483518702,0.0005,,,,,,,,,
661,-0.011037667998400582,1.0827545179732132,0.07341327264741149,1.7415518187588637,0.0300208547476352,0.480143956741687,0.00045452149312167765,0.036706636323705744,0.015897774935259967,0.11976439164899616,0.08249075731586297,0.0005,,,,,,,,,
662,-0.14615662476564648,1.228217655852288,0.06666596483726837,1.7450026252579462,0.030435401766401627,0.449005276685224,0.00034424637539019363,0.03333298241863419,0.15070090300492384,0.1210756139300385,0.08458615888259297,0.0005,,,,,,,,,
663,-0.23823917216979468,1.3449909848723995,0.04719424259000387,1.7964636816044044,0.026527368677136023,0.3358217088937173,0.0002566795310215002,0.02359712129500193,0.24164151781215312,0.11046604056200102,0.0838192983668192,0.0005,,,,,,,,,
664,-0.16376120950718337,1.2404256311271653,0.06732984906980019,1.7499756175980596,0.02761738331435667,0.3771131810197006,0.00036860616964382904,0.033664924534900095,0.16758719205978767,0.11428567840303548,0.08527270671968024,0.0005,,,,,,,,,
665,0.02714678307319385,1.020246715337889,0.08105474019974584,1.73046411393919,0.02916486530692009,0.44581737977278957,0.0004341662118333052,0.04052737009987292,-0.022626435602108353,0.11797287698745434,0.08404559875165374,0.0005,,,,,,,,,
666,-0.22051208142274759,1.339590039239025,0.07425755287858267,1.7507374790213985,0.02520341558194304,0.3530995848920395,0.0004126177264216643,0.037128776439291335,0.22410183960016164,0.10871007752494136,0.08295904995880406,0.0005,,,,,,,,,
667,-0.17746065430991703,1.2641720390213849,0.058711309706546186,1.7847182049491328,0.02561951376153654,0.33848150989978,0.0003323418721000458,0.029355654853273086,0.18089599566453862,0.10887250116053987,0.08338541488315568,0.0005,,,,,,,,,
668,-0.12384473945391626,1.2222438998540004,0.06340986971257903,1.7669609733061549,0.025936283780980472,0.36224234477872996,0.00035264449901107025,0.031704934856289516,0.127520063891283,0.1098924687551102,0.08303421916076692,0.0005,,,,,,,,,
669,-0.10595311594028534,1.1943490847759803,0.07524937175527727,1.744606877664404,0.027839561905684346,0.42457258960946304,0.00040119268018528643,0.03762468587763863,0.1102579245178361,0.11456199623632647,0.08273927067580376,0.0005,,,,,,,,,
670,-0.2115472025121099,1.3080124824071766,0.06487810496102192,1.7542344791551296,0.026627632321365252,0.37480526620348054,0.00036153806476659585,0.03243905248051096,0.21534885195206444,0.11181135136367909,0.08268435863679136,0.0005,,,,,,,,,
671,-0.1886963671352831,1.2959835078842463,0.06652907036171538,1.7587507493952828,0.02732802599517674,0.3790661421108777,0.0003746314053542255,0.03326453518085768,0.19254162691312027,0.11307638468425472,0.08399034527547422,0.0005,,,,,,,,,
672,-0.24427007196868025,1.3566571050984444,0.06080795853794115,1.7538315072949728,0.029008493172019492,0.38604630199176915,0.00034018458028210323,0.030403979268970576,0.24818187912874268,0.11750252541893849,0.08597840170770991,0.0005,,,,,,,,,
673,-0.24198381291312981,1.3601161140516251,0.06641905295989496,1.7537287676983513,0.02729216051412464,0.3930073966281742,0.0003683643522327349,0.03320952647994748,0.24596831733709082,0.1132104491101641,0.08331314713148807,0.0005,,,,,,,,,
674,-0.24929056284598178,1.3574867598675726,0.05625042945311495,1.7679597716553643,0.027622017529778397,0.365250299119049,0.0003032143061943092,0.028125214726557476,0.25299190279267736,0.11355522189696951,0.08458982425522307,0.0005,,,,,,,,,
675,-0.15840497061973996,1.2455816781034552,0.0700828678019297,1.7358224349824112,0.029720665043071862,0.4031953774887491,0.00040619023039159617,0.035041433900964855,0.16249338595518215,0.1196629819856802,0.08788803181934415,0.0005,,,,,,,,,
676,-0.12411089944320076,1.2193645513672835,0.06598062664578874,1.7606489727973265,0.02869736300312594,0.43330757277387777,0.00035241718375212007,0.03299031332289437,0.12849809614582794,0.11584567558701414,0.08297100204249319,0.0005,,,,,,,,,
677,-0.11358090255688053,1.2156618454024528,0.07467785459736265,1.7333561290848971,0.03036849131316511,0.4726310088048974,0.0003938129662975809,0.037338927298681324,0.11836582326318199,0.12084740335605582,0.08410173523526768,0.0005,,,,,,,,,
678,-0.16695865407621008,1.294182203452955,0.06436310846604856,1.7459774953971798,0.03027764554104668,0.4058970642875838,0.0003855009309351456,0.03218155423302428,0.1710711210575823,0.12001007785117696,0.08771258321013742,0.0005,,,,,,,,,
679,-0.0856845304845788,1.1566369752475234,0.07198361012460033,1.740928971250517,0.028172948428856114,0.42545880995257124,0.00039526475905040856,0.03599180506230017,0.08999647232646982,0.11565346623080558,0.08439146110972903,0.0005,,,,,,,,,
680,-0.1809959579328639,1.2575743280107918,0.0713446956702716,1.750210738939943,0.027163096299618116,0.3825426238037275,0.00044865009475241423,0.0356723478351358,0.18487904512707323,0.11357840721415799,0.08533053358576995,0.0005,,,,,,,,,
681,-0.19911651898309302,1.3172957436769983,0.051212281907915505,1.7844041833098707,0.027402581564042176,0.3742500426366588,0.00024320196198055052,0.025606140953957753,0.20290490161186647,0.11261981728382989,0.08427973376482698,0.0005,,,,,,,,,
682,-0.17522037015761163,1.2619572075731442,0.0660001031890581,1.7491203868941534,0.029337544944368542,0.41455723671651656,0.00034231908583801486,0.03300005159452905,0.17941985697109863,0.11800175143096699,0.08545804723060521,0.0005,,,,,,,,,
683,-0.2625460021807364,1.3690792445394702,0.060120956425813624,1.7566461742329704,0.029535725827084088,0.41151498555065796,0.0003438692162685404,0.030060478212906812,0.26671221766836095,0.11851216355451473,0.08581210894864605,0.0005,,,,,,,,,
684,-0.1701277856079243,1.2614378010043739,0.08315375078997764,1.7044546963773883,0.03155719704785902,0.4592397440355023,0.0005363654830862442,0.04157687539498882,0.17478416812546899,0.12443755514218083,0.08792862875854054,0.0005,,,,,,,,,
685,-0.003760506848078698,1.0837808539301124,0.07674890819034856,1.744071408167295,0.02995458178172342,0.4754942078510529,0.00042889439302558026,0.038374454095174274,0.008575553038696324,0.11905796922693859,0.08407196221436944,0.0005,,,,,,,,,
686,-0.07517945560849365,1.1351225460653835,0.07262604833849695,1.7290485275193426,0.031922783965664545,0.480467290849651,0.00038174757368678844,0.03631302416924848,0.08004154950217147,0.12481037324557252,0.0860454756979463,0.0005,,,,,,,,,
687,-0.0819762246722186,1.1509184472056415,0.05611610485491614,1.7787442775658229,0.02871415169058337,0.43353739626642246,0.00029364239751160105,0.02805805242745807,0.08636038055406105,0.11565130863823728,0.08363920848792827,0.0005,,,,,,,,,
688,-0.26020328284165745,1.3770413643829946,0.06797555358116242,1.7383928882623823,0.029207713609761723,0.42259937867836406,0.000370158678860477,0.03398777679058121,0.26448434992090286,0.11834414971732826,0.08596076272877133,0.0005,,,,,,,,,
689,-0.11274300973043933,1.1822283082963259,0.08497990609070408,1.6749695461247145,0.03656408539350421,0.5969560188946005,0.00046593045238350385,0.04248995304535203,0.11877646887241577,0.13676315411673698,0.08644666390994508,0.0005,,,,,,,,,
690,-0.15920019907878893,1.252454187841382,0.06051045387434468,1.756141168640874,0.032153216903306456,0.4677243941294815,0.00034429377707053766,0.03025522693717234,0.16392870259647804,0.12409392140511796,0.08669178568787275,0.0005,,,,,,,,,
691,-0.22005104742924414,1.3181361421884188,0.06651989512727172,1.7355282441735271,0.03138847696836099,0.47342042109561366,0.0003776445698784499,0.03325994756363586,0.22483964331590447,0.12335524890172793,0.08510854389104627,0.0005,,,,,,,,,
692,-0.10560966835747226,1.201101920073919,0.08448662471623111,1.699257855583766,0.03365916092569777,0.5335044453277846,0.00046720272084978617,0.042243312358115556,0.11100862072887256,0.12939703886798187,0.08684482053989119,0.0005,,,,,,,,,
693,-0.15996159024648965,1.2534355683874119,0.06700818888456103,1.7398863286704858,0.032044680666283645,0.4938329170695742,0.00034826269842964583,0.033504094442280516,0.1649543050018987,0.12466242430723468,0.08499823437305198,0.0005,,,,,,,,,
694,-0.16365191322446732,1.2502825367765324,0.06193381344320492,1.7432460902849163,0.0324471929874327,0.5118617440173259,0.0003560536235580169,0.03096690672160246,0.16882249056850063,0.12525639773008257,0.08482858339656221,0.0005,,,,,,,,,
695,-0.08950728830133838,1.161112158045369,0.06485896672412426,1.7288199228438779,0.035581612145812604,0.5806021722654511,0.0003485034224718909,0.03242948336206213,0.0953665127408081,0.13293718221716977,0.08507241056371408,0.0005,,,,,,,,,
696,-0.1866317225104716,1.3002031184811615,0.08700918220581616,1.6935572365933997,0.03427485501704347,0.5470716473790556,0.0005236945528148053,0.04350459110290809,0.19216811609325918,0.13126496637230084,0.08732765491342495,0.0005,,,,,,,,,
697,-0.2110827760882415,1.2859041327447733,0.06882303841330187,1.7071696908002156,0.03558195889908191,0.5499795951846461,0.00037209354243202734,0.034411519206650934,0.2166377761916269,0.133640100232172,0.086933926354587,0.0005,,,,,,,,,
698,-0.1677306392540532,1.2568129303173534,0.05566356937024153,1.7390376436702057,0.035210310961443024,0.5536387568426884,0.00029462996646322675,0.02783178468512076,0.17331519528326655,0.13129687926469347,0.08419478131406269,0.0005,,,,,,,,,
699,-0.21023928848522233,1.3474540053381316,0.04642935948997493,1.7557880277386344,0.035210728307091266,0.5308436730105028,0.00025228070268881373,0.023214679744987463,0.2155910205823766,0.13096873951805385,0.08569043384300973,0.0005,,,,,,,,,
700,-0.12885515103280765,1.2060295584769265,0.0703320310478769,1.7232888108529298,0.03412280254928556,0.5384733981965133,0.00039536513804289326,0.03516601552393844,0.13429623756978568,0.1295930432892263,0.08584882680663211,0.0005,-0.16539197603445838,1.278916485184977,0.171375684761097,0.07350551203138025,1.6995131330869113,0.036316158496203725,0.5926014489701956,0.00039463495901255203,0.03675275601569013
701,-0.15021484788349523,1.2439121917131188,0.06717601574447304,1.7082819715672215,0.03646122219922909,0.5935282842499765,0.0003617199718675191,0.033588007872236515,0.15620441875330157,0.13542908363148912,0.08496337095647077,0.0005,,,,,,,,,
702,-0.17021151288573094,1.2543461947655632,0.06849223060339713,1.699034332312554,0.037285123476147916,0.5903069054909956,0.00037050936976151246,0.03424611530169857,0.1761695234929633,0.13757603215362013,0.08694186982532465,0.0005,,,,,,,,,
703,-0.20472272178687276,1.3343764039609,0.06340166250350562,1.7279747409997337,0.033442210629289315,0.5249718087656776,0.0003339137567336012,0.03170083125175281,0.21002475959075861,0.12803211467254155,0.08461255643107224,0.0005,,,,,,,,,
704,-0.17746521977248045,1.291181755593801,0.07360392259713974,1.716920007794517,0.03347067764924079,0.5303433533403776,0.0003902637639450248,0.03680196129856987,0.1828265271049002,0.12868897644281307,0.08553761004235516,0.0005,,,,,,,,,
705,-0.20809901169723366,1.3172896770447493,0.06470492613023912,1.721011538194476,0.03345596591899908,0.5133259112352264,0.00035221168436096553,0.03235246306511956,0.2132853555048766,0.12827525148405144,0.0851695599936633,0.0005,,,,,,,,,
706,-0.20749590318251337,1.3263308364270028,0.05393677443755489,1.7820717146619491,0.028438108610611308,0.3923751341899245,0.00028777416697104417,0.026968387218777444,0.21146732137044771,0.11496375402763385,0.0851817172226266,0.0005,,,,,,,,,
707,-0.12079134892449193,1.1842923010364201,0.0704207529520319,1.725613653086723,0.03244912027543624,0.4973361833425711,0.0003989273692042685,0.03521037647601595,0.12582116654461659,0.12588753053639684,0.08511154176852559,0.0005,,,,,,,,,
708,0.01654134388491062,1.041007132807953,0.07972715327289223,1.7221982308975003,0.030822762979915465,0.4771212162096806,0.00042780001654526114,0.039863576636446116,-0.011708768163702941,0.12172315679394435,0.08536746000817512,0.0005,,,,,,,,,
709,-0.17482900063233403,1.266072917149518,0.050605449526971755,1.7771923378652705,0.028703890241994098,0.426245727423217,0.00026431396115715193,0.025302724763485877,0.17913717569431992,0.11613659249268103,0.08321590196708706,0.0005,,,,,,,,,
710,-0.2582428224262667,1.3973762477311675,0.06794632864068909,1.7420029511481272,0.02797526240811632,0.39684442637203843,0.0003934781608564209,0.03397316432034454,0.26226659466542757,0.11520460553965571,0.08436634926742773,0.0005,,,,,,,,,
711,-0.1589556279482408,1.2568121675337582,0.062474218673374,1.7684425583147663,0.026171228439210603,0.38769121523815,0.0003519621609097117,0.031237109336687,0.16288498125715126,0.11004643559303415,0.08200826332183572,0.0005,,,,,,,,,
712,-0.14254200527447247,1.2156510622364818,0.06429167512829562,1.7595239067657862,0.027587135345063254,0.39425193914266166,0.0003689397418529203,0.0321458375641478,0.14653795513994944,0.1133945613934757,0.0838039295909829,0.0005,,,,,,,,,
713,-0.12175241150746285,1.2066694210051756,0.07254122241845547,1.7540848665013082,0.02620567816076098,0.3640904061127107,0.0004094798650774071,0.03627061120922774,0.12545122182711496,0.11059178895241976,0.08451326122888903,0.0005,,,,,,,,,
714,-0.06844410282718422,1.1329593132704647,0.07823217611617056,1.7510531955227182,0.026144561230941554,0.37353616962702524,0.00042136384235955484,0.03911608805808528,0.07224030478189136,0.11061706370706323,0.08452977929864364,0.0005,,,,,,,,,
715,-0.15458931810309787,1.242662714165224,0.0693136053711357,1.7631486474738023,0.025463823701475655,0.35240385350698783,0.0003840804304347879,0.03465680268556785,0.15816948573163242,0.10862463960379004,0.0832434454702004,0.0005,,,,,,,,,
716,-0.07247302056096627,1.1979931906749397,0.08885548213104885,1.7225520766130338,0.026680427052258468,0.3939239551510322,0.0004931363976548939,0.044427741065524426,0.07647884473828478,0.11212227138494499,0.0844425182529642,0.0005,,,,,,,,,
717,-0.2457881283257663,1.384298448236073,0.07318248656045043,1.763804526734389,0.024511118640306306,0.311742815495883,0.00038541135384836283,0.036591243280225214,0.24896363988281123,0.10661309410080672,0.08457077839099635,0.0005,,,,,,,,,
718,-0.10574792010421015,1.1773924862150629,0.06390824335563133,1.799399191429611,0.0219023703097698,0.2763317392829071,0.0003660778233244271,0.03195412167781567,0.10856484638886459,0.0992445369935327,0.08252838595310387,0.0005,,,,,,,,,
719,-0.21844015004894923,1.3081113499813934,0.06347175052512552,1.7698470166877145,0.025648838821192118,0.3364139548318844,0.00032224441399017527,0.03173587526256276,0.22185694638683737,0.10911453014760339,0.08389762173503323,0.0005,,,,,,,,,
720,-0.09824181039029349,1.1681471983228242,0.06870472674718148,1.7788225285949393,0.02399962422977189,0.3300193436726905,0.0003762753994310128,0.03435236337359074,0.10159790716967426,0.10515142649022333,0.08214375124093498,0.0005,,,,,,,,,
721,-0.18267496243614031,1.2718845499914213,0.07024672771732578,1.7626485990601384,0.02536253194672073,0.3369951926922403,0.0003962501733935647,0.03512336385866289,0.18610162671464592,0.10866594019976668,0.08434977289353597,0.0005,,,,,,,,,
722,-0.19314737314092092,1.2982542012408296,0.08108575291539999,1.7362631792219942,0.02640418556162001,0.35491410278918634,0.000490088412114982,0.040542876457699994,0.1967593205611839,0.11179194181804804,0.08534908935030175,0.0005,,,,,,,,,
723,-0.1421972708354996,1.2529305414324037,0.0727028929448019,1.7558428151908292,0.024185653903808446,0.33228807428875334,0.0004028118576755435,0.03635144647240095,0.14557808957158824,0.10582966631496264,0.08251084944309087,0.0005,,,,,,,,,
724,-0.11306240313113027,1.2067423775779125,0.08634203435005217,1.736236709005579,0.024865680621478904,0.3412424099219388,0.0004876748752862849,0.04317101717502609,0.1165402373633676,0.10796748288927183,0.08425613599152987,0.0005,,,,,,,,,
725,-0.19601042901798688,1.3025367726188029,0.05603867803606089,1.8001888122200067,0.0229987297122021,0.2896232584159313,0.0003071388354590689,0.028019339018030446,0.19895575421764103,0.10233590257940592,0.08194183470073053,0.0005,,,,,,,,,
726,-0.07454455113129735,1.1702880281567667,0.08620829901260652,1.7318134363751851,0.02615546638721747,0.3717737440775993,0.000476909213598901,0.04310414950630326,0.0783274799480794,0.11117136034260083,0.08454467754408534,0.0005,,,,,,,,,
727,-0.1002657070571267,1.1772616853518603,0.09183835116364619,1.7252125660132511,0.024710094390669436,0.32185980059914454,0.0005360037350210863,0.045919175581823096,0.10355283640171031,0.10807083291209982,0.0858990580815846,0.0005,,,,,,,,,
728,-0.1837169640185105,1.2628274593692677,0.06534775245336359,1.7816900352671867,0.022939494420430438,0.2853566437587364,0.0003764861889340872,0.032673876226681796,0.18662478609456656,0.10272780667124434,0.08372580312555325,0.0005,,,,,,,,,
729,-0.11307938148192717,1.2221135658574278,0.07798494708403461,1.7481288269950475,0.024334885398684114,0.33540240154872947,0.00043948967698432,0.038992473542017306,0.11649427415599625,0.10661843361878719,0.08368816789091868,0.0005,,,,,,,,,
730,-0.25785254013567593,1.3729248467743078,0.06604826070159793,1.771933467030177,0.02370024512596752,0.2812788058556781,0.0003232986253232397,0.033024130350798965,0.2607193046455071,0.10452427633475082,0.08438347793519832,0.0005,,,,,,,,,
731,-0.09246692226983735,1.1609958462529097,0.07935741111538788,1.7503063528533567,0.023695681360565362,0.3305570181091342,0.0004571259625392772,0.03967870555769395,0.09583424547964031,0.1050139701405893,0.08277740603400638,0.0005,,,,,,,,,
732,-0.16118477955745797,1.2258449975657588,0.06809437254267495,1.76816674672747,0.024154821171289788,0.30695360576062747,0.00038224473841989766,0.03404718627133747,0.16430986691618704,0.1055974559311276,0.08386043083042347,0.0005,,,,,,,,,
733,-0.005520357112895026,1.0641176571596231,0.07735475605719176,1.7635203469367646,0.024402456067269478,0.3497488695254519,0.0004515461624318899,0.03867737802859588,0.00907867385127182,0.10613273828826218,0.08352981603069262,0.0005,,,,,,,,,
734,-0.19313141709848153,1.2700055787541698,0.060955326630818006,1.7871707164979236,0.024089512541317026,0.31379443325737455,0.000352124721954762,0.030477663315409007,0.19632123204875523,0.10533146878222216,0.08338901037133288,0.0005,,,,,,,,,
735,-0.16508702915016485,1.2635656006723526,0.06609448678157234,1.7790261627992534,0.02284441234412254,0.29433996210197166,0.000367238095854362,0.03304724339078617,0.1680849386571619,0.10203402755865086,0.08328403674158236,0.0005,,,,,,,,,
736,-0.15970327420470315,1.2499545930526392,0.08987912990537428,1.7166308149174734,0.026488469230759065,0.3666352240673068,0.0005144943103561072,0.04493956495268714,0.16343687726158163,0.11170375689916608,0.08644530629931878,0.0005,,,,,,,,,
737,-0.05417134494044277,1.1119172079507256,0.07726379420481133,1.7544144791483651,0.025388493298194786,0.34899682455213665,0.00044052919061125177,0.038631897102405666,0.05772189451976414,0.10806422585217881,0.08493061556427975,0.0005,,,,,,,,,
738,-0.13084615726944845,1.2180321012026063,0.06640943665444929,1.7711665475085505,0.024874082707492723,0.3448289588468642,0.00032915599933914033,0.033204718327224644,0.1343486548017128,0.10677815419077957,0.08428700692618973,0.0005,,,,,,,,,
739,-0.1669352073853127,1.2782662381864034,0.0769752852793146,1.7285785774211433,0.028450353819387375,0.404508322539729,0.0004413459861982228,0.0384876426396573,0.17104047749898582,0.11628822509310044,0.08649292752769194,0.0005,,,,,,,,,
740,-0.23273082254764194,1.3661066653787655,0.055529895713408765,1.7906163854471677,0.02515854829101081,0.32240114881845017,0.0002857159777306824,0.02776494785670439,0.23600336230731492,0.10677674727219014,0.08473412396645322,0.0005,,,,,,,,,
741,-0.16410836128649706,1.2418805472762144,0.06608286285609681,1.7570712704936078,0.027164231932506132,0.3762477294821979,0.0003815220602378104,0.033041431428048405,0.16792526594605442,0.11211370843125959,0.08502908664742093,0.0005,,,,,,,,,
742,-0.222241113621446,1.3449930271438304,0.056015351238138875,1.7886628519134502,0.024923763679289175,0.3322547291885537,0.00031772788579721223,0.028007675619069437,0.22561273249632768,0.10607612353442472,0.08425623362871482,0.0005,,,,,,,,,
743,-0.15157853945073735,1.2459836495940158,0.06857974728727248,1.7544336707370638,0.027005220504802814,0.38859897726587367,0.0003777053534583469,0.03428987364363624,0.1555201404872817,0.11157786692021884,0.08528441824408742,0.0005,,,,,,,,,
744,-0.22496146968218375,1.3415169586606246,0.05914548077264345,1.7702562677223077,0.027507355659056786,0.3835512355501671,0.0003326650999888053,0.029572740386321718,0.22884758399174887,0.11236020551133236,0.08551934675145886,0.0005,,,,,,,,,
745,-0.16523971901996454,1.2852460307393048,0.0850244181526396,1.7153264383111226,0.029288865641289526,0.41439725274579464,0.00047295749946555207,0.0425122090763198,0.16944808659587657,0.11787496261599495,0.08840344357751545,0.0005,,,,,,,,,
746,-0.20360908832470925,1.2911500982734663,0.0754764486813387,1.725976351709734,0.02906147986851066,0.41097514166483107,0.00042979397241467237,0.037738224340669355,0.20777813566893946,0.11726336941609869,0.087312664139826,0.0005,,,,,,,,,
747,-0.12382299863192503,1.2025064990112304,0.06433181698469274,1.7645657564395432,0.027882263222382082,0.40260063490869286,0.00037253622619639264,0.03216590849234637,0.1279025419093307,0.11329516821317168,0.08591891461608027,0.0005,,,,,,,,,
748,-0.22179516957723663,1.3366996686310137,0.07115969065874991,1.746331387898415,0.02872526151602416,0.39998655273066597,0.0003755730352885512,0.03557984532937496,0.22585183399410452,0.11559995365313702,0.0873178154186989,0.0005,,,,,,,,,
749,-0.1332807235028996,1.239675555905817,0.08632290208150857,1.714398144729627,0.028207989153451612,0.4297160350924246,0.00048558441637160327,0.043161451040754285,0.13764304513047562,0.11526855022981064,0.08647556237573074,0.0005,,,,,,,,,
750,-0.1683965488239417,1.2819608381201202,0.08146144918413772,1.7080065536396782,0.03224416651552289,0.48835293312828193,0.00045709290661055885,0.04073072459206886,0.17334245987441904,0.1253331820199416,0.0883350938256511,0.0005,-0.1657211965817872,1.2811928595371003,0.17020324664495537,0.07475210440039935,1.7337851407541165,0.02950434135420162,0.44233301150785564,0.00040060444818985956,0.03737605220019967
751,-0.1871971997825408,1.2998394732919425,0.05923211784679305,1.7811030089996023,0.026591613947770355,0.36560645638326406,0.0003334896998974584,0.029616058923396527,0.1909040263323858,0.1101403806186762,0.08617682199487549,0.0005,,,,,,,,,
752,-0.11355103865549077,1.2026103080475337,0.07354371439463618,1.7379654631664851,0.029113810164596413,0.4498360453306276,0.0003983253014182486,0.03677185719731809,0.1181075338736402,0.11655800207938868,0.08618506308928825,0.0005,,,,,,,,,
753,-0.17666206061721712,1.3050314630962356,0.06092197865430112,1.7665917848081847,0.028674599303431043,0.420317892656179,0.0003425593962062347,0.030460989327150564,0.18091679204491617,0.11511126209386163,0.08601817907953319,0.0005,,,,,,,,,
754,-0.16605407088905005,1.2360523639765666,0.07264521764621727,1.7359263126203959,0.029941608065505283,0.43358864091155364,0.0004303037987516137,0.03632260882310863,0.17044794220810244,0.1192878956940599,0.08758684040860869,0.0005,,,,,,,,,
755,-0.17108045485084983,1.2681267834648762,0.07412921300479286,1.741515072178336,0.02903113233383771,0.4347949188683098,0.00043372353064236166,0.03706460650239643,0.1754872210320635,0.11705615229079674,0.08559753843694845,0.0005,,,,,,,,,
756,-0.14600778786306617,1.2298405096206633,0.06266766193962323,1.766795733822442,0.028017561729419695,0.4118223009612492,0.0003810463868961276,0.031333830969811606,0.15017882312485564,0.11389129861802832,0.08515206342361212,0.0005,,,,,,,,,
757,-0.06195172662637143,1.1263436622478822,0.07300540944062106,1.740601629042878,0.02963933629732928,0.43682625123647245,0.00041964084321543214,0.03650270472031053,0.06637809426817906,0.1185770646315541,0.08704272619594469,0.0005,,,,,,,,,
758,-0.19269714830074225,1.2724825371437398,0.05076677129243873,1.797833741105122,0.026946102418885065,0.3440977370768033,0.0002756164506862661,0.02538338564621936,0.19618424355907443,0.11088863490508093,0.08675515981443867,0.0005,,,,,,,,,
759,-0.11636130036887704,1.2082191206356612,0.08201659441253394,1.726036763880992,0.029662409635691334,0.46471076412082946,0.00045717755232906174,0.04100829720626697,0.12107124845045368,0.1185931727661873,0.08638624599179326,0.0005,,,,,,,,,
760,-0.12637820489638232,1.2251145461763058,0.06948196575967883,1.7528787535533268,0.0291131753098704,0.42896151168485674,0.0003958442601012977,0.03474098287983941,0.13072404822624728,0.11668815982683241,0.08652121243806243,0.0005,,,,,,,,,
761,-0.1313124779076756,1.2286273146378421,0.06667912499401217,1.7574115725020947,0.02854795524812006,0.4177396796092697,0.0003891979592519758,0.03333956249700608,0.13554468036158285,0.11552330202975632,0.08643197524583161,0.0005,,,,,,,,,
762,-0.17168817379534967,1.2442477291334324,0.07059650712462398,1.7474244737831033,0.02957534172120058,0.4291745717414192,0.00038836122796656434,0.03529825356231199,0.17603657562334368,0.11788953632698099,0.08619433446199029,0.0005,,,,,,,,,
763,-0.14792096479899525,1.2543900118077342,0.0949293622709236,1.6746499000595625,0.03302094813810606,0.5291762409362737,0.0004912223281339542,0.0474646811354618,0.15328185061177538,0.12797194628719955,0.08711235474083717,0.0005,,,,,,,,,
764,-0.054821394536467075,1.1262603127070692,0.07355241596619366,1.7394747768875076,0.029389642255876376,0.46479406185751004,0.00040332573911890264,0.03677620798309683,0.05952753936818535,0.1174850208926846,0.08567677422098727,0.0005,,,,,,,,,
765,-0.2680090681286117,1.4130866962575905,0.05756119164514105,1.7635447877918438,0.02969094367077696,0.42094278384259565,0.0003188859127201006,0.028780595822570525,0.27226810086986536,0.11800826274934863,0.08601349209160264,0.0005,,,,,,,,,
766,-0.21908349333986193,1.3442612361985253,0.07481062761178751,1.7189660996544243,0.03215417072343311,0.48629947125111417,0.0003903062895265931,0.03740531380589376,0.2240049860900708,0.1250247790402823,0.08780779046061937,0.0005,,,,,,,,,
767,-0.2108179863661402,1.3424588864567069,0.0575305847096338,1.7677055967881192,0.02984223575983317,0.43910871343320157,0.00031854884495722895,0.0287652923548169,0.21525870133724445,0.11801565766421032,0.08573879374839663,0.0005,,,,,,,,,
768,-0.15573150390666685,1.2647849154017092,0.06871422102788724,1.7440943249973153,0.03109561814811272,0.4641217895864709,0.0003730537739941051,0.03435711051394363,0.1604282503940354,0.12151566111280941,0.08706859150222244,0.0005,,,,,,,,,
769,-0.03459428272260355,1.1017027339668788,0.07062816091169756,1.7396230378160962,0.03208773325456259,0.5116985978297668,0.00041766770742257076,0.03531408045584879,0.03976815568880946,0.12384316356871711,0.08617992350125962,0.0005,,,,,,,,,
770,-0.16169574081212262,1.2279383325338857,0.07021973388464388,1.7402523700567352,0.030639137583485132,0.4651645891861037,0.00037354468907515253,0.03510986694232193,0.1664036345415173,0.12073348527099571,0.08677731090114996,0.0005,,,,,,,,,
771,-0.13533431844610128,1.2141184587567206,0.08260326391439143,1.6926860710191831,0.03447451505434266,0.5434809513565184,0.00047349948840102866,0.04130163195719571,0.14083209144721787,0.1309177578162159,0.08816677412982193,0.0005,,,,,,,,,
772,-0.12659072474250463,1.1803438853683024,0.06654003198828895,1.7252630403603515,0.03370990570768702,0.5380325740188668,0.00038905803665177316,0.033270015994144475,0.13202546370945756,0.12835922086908258,0.08671214850000264,0.0005,,,,,,,,,
773,-0.14278055673246554,1.2217881675237527,0.0620942830510963,1.7571819898748242,0.030178603597940237,0.4378045146409897,0.0003432241288468805,0.03104714152554815,0.14721065308158815,0.11889389546739844,0.0866482362393201,0.0005,,,,,,,,,
774,-0.19523674573876,1.2782988350426914,0.0539595538636711,1.7756862781958607,0.02919588129532636,0.4129343881551375,0.0002860226234027381,0.02697977693183555,0.19941368648625918,0.11639959615899365,0.0859056095086249,0.0005,,,,,,,,,
775,-0.17581321853982224,1.2699991375239652,0.0484195046489166,1.7998386631481074,0.027818483339849792,0.38856611538551694,0.0002886914312458671,0.0242097523244583,0.1797439747469458,0.1121816203997468,0.08641404777346887,0.0005,,,,,,,,,
776,-0.14873752404356108,1.2594827440068326,0.06963089538414119,1.7472609821792835,0.031124696666147103,0.4741484096967033,0.00037683675900649835,0.034815447692070595,0.153535064565632,0.12128370533019987,0.0875469798808369,0.0005,,,,,,,,,
777,-0.22155301815357784,1.3332813644895367,0.06419481341699276,1.7479106926056787,0.030146787716911212,0.43743620946365847,0.0003400528650800057,0.03209740670849638,0.22598035729049978,0.11898978203952616,0.086938982708909,0.0005,,,,,,,,,
778,-0.2254236558454605,1.3826170832073315,0.07627954788628585,1.724326287561672,0.031205956911219045,0.44900741623177887,0.0004168829058872411,0.03813977394314293,0.2299732818736559,0.12165927091090395,0.08990736438589642,0.0005,,,,,,,,,
779,-0.26662667583671684,1.4043865597262093,0.0657426420083964,1.7520965785571905,0.02847083968103986,0.4151654547484953,0.00035797623023371217,0.0328713210041982,0.27083230243329387,0.11451555707542505,0.08734680109470955,0.0005,,,,,,,,,
780,-0.1268428192097159,1.2253629216227377,0.06805189164405254,1.747504964888111,0.030185006746754364,0.4570159127369428,0.0003659924698005545,0.03402594582202627,0.13146813925725426,0.11790829193360855,0.08893721669398755,0.0005,,,,,,,,,
781,-0.20391629938125527,1.3267473754007084,0.06030498707181388,1.7736211031496723,0.027397176440572164,0.3954761721781205,0.00033537626172479805,0.03015249353590694,0.20792230357022112,0.11068113852358308,0.08722065666495338,0.0005,,,,,,,,,
782,-0.13638561019568937,1.2312728373544968,0.06694534350385481,1.7521350202536774,0.0317729303551593,0.4765917320894573,0.0003541396760218525,0.033472671751927405,0.14120606293529864,0.1209281008286035,0.09141104054567445,0.0005,,,,,,,,,
783,-0.1034020621174415,1.20458645617377,0.07767609572032591,1.7247312081675534,0.03140046255588206,0.48589881579127603,0.00041958446357534844,0.038838047860162955,0.10832133147993182,0.1208366747429539,0.08984522177468422,0.0005,,,,,,,,,
784,-0.12213964104139419,1.2210112294780788,0.08367198847534278,1.7273103326860801,0.030497634394604116,0.4810172750648123,0.0004433916893294981,0.04183599423767139,0.12701335680650017,0.1184350297490289,0.09081548781522114,0.0005,,,,,,,,,
785,-0.17330026355625894,1.2398590600150914,0.06175590995779574,1.7570398894491437,0.030100724245658524,0.4543924372304339,0.00036726782294340375,0.03087795497889787,0.1778963089606661,0.11713863668914223,0.08945555161697497,0.0005,,,,,,,,,
786,-0.13738649777715267,1.2052580134867883,0.0833433044811453,1.7110470223111793,0.0330355907561698,0.512185153084889,0.0004236807476960153,0.04167165224057265,0.1425713682379422,0.12484345470936611,0.09186627666901061,0.0005,,,,,,,,,
787,-0.0990936922307134,1.17441792777291,0.07117294422700257,1.7300817918409979,0.03291788823298154,0.5199196186669215,0.0003779809970505191,0.035586472113501286,0.10434955551738503,0.1229327431956942,0.09091238887876252,0.0005,,,,,,,,,
788,-0.10967690646107835,1.1832675034429188,0.07179439649319186,1.7317776401904497,0.03318767319607502,0.5306247834285671,0.000403798352313947,0.03589719824659593,0.11504040725353568,0.12387800771495727,0.09127156937705624,0.0005,,,,,,,,,
789,-0.15493985341215294,1.253077396217454,0.05756840280281589,1.7714773646670365,0.031103522324465276,0.4725203037416422,0.00031844695333443885,0.028784201401407944,0.15971473989415078,0.11818162421635095,0.09043731834371248,0.0005,,,,,,,,,
790,-0.25639673749134717,1.3688450802467829,0.05679713900397251,1.7732972638403806,0.029118348004600315,0.4213681687759073,0.00030616525117689797,0.028398569501986257,0.26065961237375845,0.1137195761623402,0.08985664878534701,0.0005,,,,,,,,,
791,-0.10549610237553914,1.1681419970256526,0.061107729293468006,1.770019678892708,0.030740961558532703,0.47655820871312815,0.00032866709248456595,0.030553864646734007,0.11031322519503095,0.11705043709181301,0.09032096596163887,0.0005,,,,,,,,,
792,-0.10970596617177714,1.1974423657085007,0.0664734421398059,1.7468143968399437,0.03153602177737379,0.5205608385021034,0.0003657408185193987,0.03323672106990295,0.11496593683002168,0.12023904365145452,0.08900871795363119,0.0005,,,,,,,,,
793,-0.15710722152395748,1.244700212704144,0.07014579684471256,1.7389835234762017,0.031116181830212183,0.4895217191013187,0.0004085951632163132,0.03507289842235628,0.16205898740025995,0.11970478334875023,0.08925306308024333,0.0005,,,,,,,,,
794,-0.07479242382167853,1.1567073667973484,0.08006766288441237,1.714787521218791,0.03292251048697996,0.5210724147597195,0.0004468586809384397,0.040033831442206194,0.08006479826273952,0.12459084818415374,0.09082772364813767,0.0005,,,,,,,,,
795,-0.14068580721532112,1.21970474372967,0.07988576732249303,1.709014337105507,0.031931818262776634,0.5159708843721575,0.00042358163126891184,0.039942883661246514,0.14590678490238768,0.1223320574934113,0.08952865793154914,0.0005,,,,,,,,,
796,-0.19515959199207583,1.2802991833516617,0.07177952654629433,1.7315192113987177,0.03128504795067863,0.4676671622945191,0.0003971818007380217,0.03588976327314716,0.19989344038841556,0.12121408978225184,0.08972907378141404,0.0005,,,,,,,,,
797,-0.20940093621516875,1.3072763654085229,0.06845800782022654,1.7433343387415803,0.03139985396261649,0.45785973894023035,0.0003651222040837213,0.03422900391011327,0.21403484717390936,0.12085095630553228,0.09023664018807886,0.0005,,,,,,,,,
798,-0.02616913701885435,1.0977579359993426,0.08252473231156637,1.7096295443532856,0.033339290926364853,0.556623479552818,0.0004743465895204057,0.04126236615578319,0.031798473941877056,0.1259749947347233,0.08832256698403027,0.0005,,,,,,,,,
799,-0.22409665203714668,1.3157417019542703,0.0479296652462265,1.7906808211606884,0.028494599861385188,0.3776215469291377,0.0002534978445578411,0.023964832623113247,0.22791727412571838,0.11353705963348837,0.08823436123718856,0.0005,,,,,,,,,
800,-0.13701337014232223,1.2120292506592076,0.07235133927656978,1.7225887874169963,0.03241939929337129,0.4994592760282221,0.00043662441340639217,0.03617566963828489,0.14206573070425094,0.12439164426501956,0.08826272639527771,0.0005,-0.16661774233074883,1.281560244733031,0.17154457798022238,0.07370754917969238,1.7249514182562082,0.031344630170204654,0.48687834125062907,0.00039489481948379415,0.03685377458984619
801,-0.18462676150192925,1.2871624314626726,0.06420254553708846,1.7486794495270712,0.029573945291830526,0.4394409344464917,0.00035507827335196004,0.03210127276854423,0.18907430969639147,0.1175181364322257,0.08607259132720652,0.0005,,,,,,,,,
802,-0.09448394408395584,1.1612612754799134,0.0698867956034416,1.7538735285524087,0.028370480615284133,0.42597900388718646,0.0003447845400266865,0.034943397801720795,0.09879966410131522,0.11393009391465188,0.08646503438386466,0.0005,,,,,,,,,
803,-0.20432369934177166,1.3116420170258343,0.05560923567535575,1.7844924144917402,0.026169840194189307,0.3743373970285316,0.0002994211224836787,0.02780461783767787,0.20811571706526438,0.10859940777665356,0.08468168557638009,0.0005,,,,,,,,,
804,-0.20751507090184096,1.2883194211157072,0.048544816315478814,1.7779536275710712,0.030159169838445944,0.42709528916419764,0.00026060531281699465,0.024272408157739407,0.21183068179104456,0.11879040454031609,0.08664693632732424,0.0005,,,,,,,,,
805,-0.08557150578482309,1.1735106499361203,0.07725854601597026,1.7394234732931833,0.02920068866005065,0.43513073168066624,0.0004318593766369983,0.03862927300798513,0.08998315520313704,0.11619406870681964,0.08783395821278506,0.0005,,,,,,,,,
806,-0.19191901245179446,1.2829959676767222,0.04874709522490239,1.7953154764540138,0.02742973629853484,0.38901722730532934,0.0003027425899973489,0.024373547612451196,0.19585453885312465,0.11116816683319541,0.08471134856374918,0.0005,,,,,,,,,
807,-0.09905571190783635,1.1775671057980297,0.06650977358363172,1.7521449984650785,0.02974694928472369,0.4432628390737312,0.00037893605043444315,0.03325488679181586,0.10354290599585447,0.11712805058097782,0.08740230020295411,0.0005,,,,,,,,,
808,-0.23336518484128646,1.3371463799180616,0.06411768221745398,1.761864224684175,0.02692788397498844,0.35979024391035774,0.0003511698111772826,0.03205884110872698,0.23701627646185738,0.11090507348151359,0.08706604606768442,0.0005,,,,,,,,,
809,-0.1476957757564098,1.262136601545017,0.07326402423908827,1.741802047876937,0.026725529834655273,0.4050742403085713,0.00042865285821629503,0.03663201211954414,0.15180485472067595,0.11040284846407522,0.08536762013435484,0.0005,,,,,,,,,
810,-0.1948961205831746,1.3059025654480023,0.050062025125347465,1.7910969676138104,0.02648640097072525,0.3601732868587984,0.00026789915861084163,0.025031012562673732,0.1985434744255875,0.10921092788309023,0.08530674268407891,0.0005,,,,,,,,,
811,-0.18639648758920868,1.277796941124924,0.06389630715308432,1.7655761105703707,0.027003012052232607,0.36521387709811176,0.0003370793728756867,0.03194815357654216,0.1901016010686008,0.11111379689296362,0.08719808147987612,0.0005,,,,,,,,,
812,-0.158000333762363,1.207836590310006,0.05917643586483115,1.7724119407128744,0.02717637021082022,0.3742483055067102,0.00032226293653981523,0.029588217932415575,0.16179335178413504,0.11164377877465245,0.08730172735690367,0.0005,,,,,,,,,
813,-0.20222364936918796,1.3069613468035546,0.07926870505497301,1.7340726956270403,0.02651361802151967,0.35990254422617285,0.0004622712839971914,0.039634352527486504,0.20588427260377345,0.11027076533031532,0.08823664193158648,0.0005,,,,,,,,,
814,-0.21911960805732722,1.3204980408139855,0.05992259943309497,1.7751061555348349,0.025893227563820752,0.34400112612663725,0.00032216721501717956,0.029961299716547485,0.22261055335201566,0.10814011541544757,0.0868320463120475,0.0005,,,,,,,,,
815,-0.1441165767924975,1.227812656115058,0.08166195507670881,1.733006767790529,0.027605149319054445,0.42078220178762926,0.000441813630240552,0.040830977538354414,0.1483869779918925,0.11290854653524823,0.0854078622492016,0.0005,,,,,,,,,
816,-0.16991463123564438,1.2466188420458435,0.0640565063071672,1.7715717446710406,0.02532616329671747,0.333643792473366,0.00034243092990343953,0.0320282531535836,0.17330423744027737,0.10722868873952139,0.08657962890332613,0.0005,,,,,,,,,
817,-0.21699240390486885,1.3081612705383567,0.06758992992443141,1.7643399026034818,0.02473495611578325,0.32041362097625437,0.00037946611775742085,0.03379496496221571,0.22025177313979719,0.10565529801686019,0.08692950342198237,0.0005,,,,,,,,,
818,-0.09003764548282026,1.1824783229705456,0.08608048349648255,1.71876148533698,0.02779672427772289,0.44496714940102366,0.0004888744010115722,0.043040241748241274,0.09455243357744222,0.11358917538042186,0.0848995244816782,0.0005,,,,,,,,,
819,-0.07733919231346253,1.164578239774418,0.07053797749015647,1.7652735690582437,0.026174180620944502,0.38327790788636606,0.00039948688406513057,0.03526898874507824,0.08122888798560252,0.10923916283965268,0.08597299277469625,0.0005,,,,,,,,,
820,-0.25669482971891566,1.4160080502029986,0.06367706269839628,1.7701966959565558,0.025738562866854536,0.34089056249958566,0.00034693889541171415,0.03183853134919814,0.26015674523117444,0.10792965564049256,0.0864035484732997,0.0005,,,,,,,,,
821,-0.15140046770766472,1.238932016317103,0.0662076271258831,1.7772603240293903,0.025082262282994712,0.3435811187012203,0.0003571232442809005,0.03310381356294155,0.15489072654392294,0.10635750112306618,0.085207938684188,0.0005,,,,,,,,,
822,-0.19672648728302577,1.2960695540489764,0.0727438849036242,1.7566119693273312,0.02650076733909907,0.3836561265893772,0.000384228051437939,0.036371942451812106,0.20062082889157903,0.11021040003971097,0.08651254208022109,0.0005,,,,,,,,,
823,-0.13497647118487754,1.2168703691378282,0.051768133777572375,1.80985783429221,0.02407400190024112,0.32182128736541005,0.0002704197447667545,0.025884066888786188,0.138241370901211,0.10322854414181297,0.08452860040527135,0.0005,,,,,,,,,
824,-0.24554013367538116,1.3338539994058136,0.03766372926623992,1.8391655693582232,0.022337790354786717,0.2554646072237821,0.00019728827015716956,0.01883186463311996,0.24813397615064725,0.09890496681642154,0.08474248667424428,0.0005,,,,,,,,,
825,-0.10861850232716137,1.1999343377514884,0.06796154597039478,1.7696416180511199,0.02501680159273344,0.35946101674439884,0.00036311223679250744,0.03398077298519739,0.11226842080613901,0.10593990042976792,0.0849469835793179,0.0005,,,,,,,,,
826,-0.14748116794115926,1.2464173610721487,0.0789170258459155,1.7566164735026786,0.024606682200067998,0.3198042180964935,0.0004367168062780444,0.03945851292295775,0.15074060196784494,0.10547538304621987,0.08775201087802037,0.0005,,,,,,,,,
827,-0.17350664960999068,1.2746100296978862,0.06898137379660041,1.7703054102787394,0.024203347121492632,0.3116574730077978,0.0003942704115724941,0.034490686898300205,0.17667936078518548,0.10437641886682443,0.08676727543721735,0.0005,,,,,,,,,
828,-0.10882393184620373,1.1606103366368674,0.07068135579451397,1.7675414455488707,0.02565071042463891,0.33418270974075526,0.0003763068428789795,0.035340677897256985,0.11222253810439281,0.10802517590667328,0.08863808330219333,0.0005,,,,,,,,,
829,-0.21901932175689098,1.3080834660431653,0.06077511005692657,1.7805150922730413,0.025478453153075738,0.3083761801146043,0.0003333414410651497,0.030387555028463284,0.22215460967839887,0.10734543391942747,0.08830532352825118,0.0005,,,,,,,,,
830,-0.11217179846999292,1.2013110342243052,0.08431008395335775,1.7378337736964058,0.025752034576178248,0.37372643702698927,0.0004778261265996335,0.042155041976678874,0.11597337448124247,0.10800393441398017,0.08702423629799443,0.0005,,,,,,,,,
831,-0.2578766908008985,1.3691865082760932,0.054855671539342316,1.794293784633299,0.023475166896577505,0.2745298341329713,0.0003105737105718614,0.027427835769671158,0.26067046565294993,0.10247233382908338,0.08704094315075964,0.0005,,,,,,,,,
832,-0.1413838792472004,1.1993078892573619,0.06977999325604632,1.7753875511108053,0.023876702057733803,0.3142612967615821,0.00038779859958814017,0.03488999662802316,0.1445830140729512,0.10367431268551552,0.08695528577884601,0.0005,,,,,,,,,
833,-0.08711208835358059,1.1776375434001298,0.08514716488130511,1.737062308075529,0.02605915996423248,0.3561787137939963,0.0004793372731137894,0.042573582440652555,0.0907386130697731,0.10862685419204499,0.08908568654474036,0.0005,,,,,,,,,
834,-0.1845319076445634,1.2746411001882016,0.08326896118268194,1.73574166633014,0.02532768687398492,0.3329850621014398,0.0004718241614323365,0.041634480591340964,0.18792546840444674,0.10773827635913488,0.0887843747004339,0.0005,,,,,,,,,
835,-0.18417730803421725,1.3019502316788663,0.06662564369100962,1.7716476591652826,0.025076420421905075,0.33559080934406404,0.0003754129230459915,0.03331282184550481,0.1875879995553255,0.10604508040525452,0.0877927646407641,0.0005,,,,,,,,,
836,-0.20868174246499793,1.3280345329603263,0.053432356613659464,1.800174376032851,0.0229425096227859,0.2960774823361429,0.00027581820790273116,0.026716178306829732,0.21168999339250555,0.10013217627861215,0.08595613615079431,0.0005,,,,,,,,,
837,-0.225721002468483,1.3347845266134701,0.0684337423111245,1.759973099463483,0.026446605082928898,0.356699915937701,0.00036482416101538877,0.03421687115556226,0.22934346647162035,0.10938312907350148,0.08848779587019376,0.0005,,,,,,,,,
838,-0.21261389318876545,1.3038328190107489,0.0613121088934241,1.7834340164274975,0.02490615253333555,0.32184371705648945,0.0003298004447941235,0.03065605444671205,0.2158841187583893,0.10509419735208927,0.08839848548087072,0.0005,,,,,,,,,
839,-0.272204537937197,1.398286166438459,0.05329258720801538,1.7978323315865898,0.024099676615808002,0.312879745808598,0.0002686008833393903,0.02664629360400769,0.27538064602103624,0.10301292923398538,0.0862484442368418,0.0005,,,,,,,,,
840,-0.11870568276286779,1.1883780033225926,0.05582951374393946,1.7899417425715631,0.026663945235056656,0.3749922396605887,0.0002926060489609,0.02791475687196973,0.12250434539426097,0.10845424037505938,0.08790106704718827,0.0005,,,,,,,,,
841,-0.10293028204883586,1.198748667333029,0.08051987015201306,1.7421330377015252,0.0288123552402414,0.4384612954699487,0.00043757068232609566,0.04025993507600653,0.1073769519758116,0.11399930926210353,0.0895756191354472,0.0005,,,,,,,,,
842,-0.14829121807798656,1.2637813676845964,0.0796559555120091,1.7295602516491724,0.028031138478417053,0.4375698149835033,0.000415001194698796,0.03982797775600455,0.15272818982004108,0.1130000764567243,0.08897527007046144,0.0005,,,,,,,,,
843,-0.0645186489934776,1.1494357437753098,0.08792314676029891,1.7198315263493393,0.030821864466068716,0.46668260318923405,0.0004928231852083132,0.04396157338014946,0.06925156314586567,0.11853171450632885,0.09326654307891373,0.0005,,,,,,,,,
844,-0.15788531675613676,1.2769688575939844,0.05974088490657301,1.7850570851890795,0.027489198644557022,0.3868436615250398,0.00032925733946721455,0.02987044245328651,0.16180476695808702,0.10970330886201983,0.09012229213875889,0.0005,,,,,,,,,
845,-0.10384356197647665,1.1700163696224866,0.07953203017415292,1.7249930170786012,0.030743508266610663,0.4842826582649965,0.0004557432032519326,0.03976601508707646,0.10874796193641698,0.11849361884600683,0.09064820988232322,0.0005,,,,,,,,,
846,-0.14448848799653247,1.2197220981758043,0.07151274264895104,1.7455113277306697,0.029204115513771146,0.43587288669447277,0.0003639056671838223,0.03575637132447552,0.14890406740475082,0.11514701317214068,0.09094009638562106,0.0005,,,,,,,,,
847,-0.18490383132372037,1.295331402249389,0.06474033406337695,1.7730958100345116,0.02697902719356158,0.36920271017037554,0.00035439702395879323,0.03237016703168848,0.18864950352079574,0.10885865509746018,0.09080391146286082,0.0005,,,,,,,,,
848,-0.18097513428772766,1.2510137258416132,0.06158777183079643,1.7657114898905983,0.02877768663748481,0.4217866955073535,0.00031548213883933224,0.030793885915398216,0.1852446070650039,0.1137477649399257,0.09015142865198514,0.0005,,,,,,,,,
849,-0.0708197242389251,1.1539704890440583,0.08339489375356468,1.7209734213274528,0.030450668093504663,0.4791252278974281,0.0004822039749530038,0.04169744687678234,0.07567470573873897,0.11810017197210271,0.09158750012877143,0.0005,,,,,,,,,
850,-0.0757643541317203,1.1468231950829266,0.08547164071121549,1.7207306213825602,0.029894731567671008,0.4883545531788374,0.00046518812651802295,0.042735820355607745,0.08071249467134328,0.11590992066383271,0.09025102125380713,0.0005,-0.16570411117459488,1.2816332319928918,0.1705225776545055,0.07331330242135317,1.734683773346105,0.030723812391314647,0.47605280580383885,0.00039349329281055214,0.036656651210676586
851,-0.19870910004326167,1.2939366770911682,0.07119539798617165,1.7428602458358944,0.02992634565260599,0.42219054369908127,0.0003832269120490144,0.035597698993085826,0.20298786405082442,0.11634074424373743,0.09214772428485485,0.0005,,,,,,,,,
852,-0.19670009357014306,1.2977636900909526,0.06575582889829773,1.7544301119120398,0.03057244491905193,0.43339922171693246,0.0003817388006131294,0.032877914449148865,0.20108832539088678,0.11778443022490445,0.09273300647977728,0.0005,,,,,,,,,
853,-0.1131418308891507,1.2213360633172443,0.07803953426739596,1.7318718348088291,0.031356972913795675,0.49246231796576573,0.00043107078596667253,0.03901976713369798,0.11812710326214979,0.11985911093022436,0.09234195664367043,0.0005,,,,,,,,,
854,-0.14379086187773832,1.214611192381474,0.07816629852088912,1.7258465157320928,0.031816186020948906,0.5095005501012545,0.00038935165037219796,0.03908314926044456,0.14894610250967233,0.12132914845192147,0.09022198424425316,0.0005,,,,,,,,,
855,-0.27427767328225,1.404326704495912,0.06930444103189662,1.7360381622259171,0.030145997087377516,0.46274711261377144,0.00035355295796933464,0.03465222051594831,0.2789606925401056,0.1176864991636106,0.08925140303692514,0.0005,,,,,,,,,
856,-0.15610611615410208,1.249979199155697,0.06265008089597729,1.7571916170932713,0.029876039238038,0.4697521661817411,0.00032766495825101594,0.031325040447988645,0.16085581142212096,0.11559384884743043,0.08965979919695104,0.0005,,,,,,,,,
857,-0.15233248576462532,1.2349879286274232,0.06260478827291265,1.7675292605703208,0.030357572277629814,0.4502514935771992,0.00036186920365440314,0.03130239413645632,0.15688759707917602,0.11685626251575405,0.09143391471457628,0.0005,,,,,,,,,
858,-0.07499520344973279,1.1299942542195458,0.07364410885515263,1.7349946016151283,0.0325337428680319,0.5241513503811223,0.0003903870588062845,0.036822054427576315,0.08029479282457579,0.12214189897398608,0.09195160422116619,0.0005,,,,,,,,,
859,-0.08480227029273465,1.1783052722071368,0.07957057279678492,1.7333674272184978,0.030962467784568654,0.4957665730602351,0.00045788485439231025,0.03978528639839246,0.08982163383255148,0.11805556790928037,0.09157315358340812,0.0005,,,,,,,,,
860,-0.06335578380038051,1.1259534610263233,0.07912335140749346,1.716394588293884,0.03150966735596747,0.516110812975132,0.0004679753821773668,0.03956167570374673,0.06857829730554028,0.12097344090993103,0.09038225008212883,0.0005,,,,,,,,,
861,-0.15574921389963903,1.2469860024409738,0.06342882716044576,1.7613753543645163,0.03066278504703597,0.47778638271595636,0.0003418394489451084,0.03171441358022288,0.1605798242884119,0.1175872321399937,0.08987501632388106,0.0005,,,,,,,,,
862,-0.1266104600118236,1.228994876340056,0.08238793985170498,1.707858119897793,0.032118843205618725,0.5108197526945426,0.00044445719418769467,0.04119396992585249,0.13178137466183576,0.12334797320156421,0.08873115358125752,0.0005,,,,,,,,,
863,-0.17060617596039468,1.2877093195653426,0.062467220147307614,1.7716593734903305,0.027927967100409554,0.39747497712183344,0.00036364726145584323,0.031233610073653807,0.17463351240803612,0.11158280726844441,0.08993806897561767,0.0005,,,,,,,,,
864,-0.19185041126504596,1.2784051841786412,0.06292100666776232,1.7506674785433185,0.029826223342946195,0.43857002654033805,0.00039298421319519574,0.03146050333388116,0.19628900855070064,0.11761809073079282,0.08832104036347388,0.0005,,,,,,,,,
865,-0.10282385169008329,1.193592903934889,0.0586239720281755,1.7638371860018505,0.030447513119760166,0.47247019067912704,0.0003295075093968823,0.02931198601408775,0.10759879902984265,0.11832410535674198,0.08713213081430292,0.0005,,,,,,,,,
866,-0.1672573668658075,1.2709053471577842,0.0630489952795932,1.752271097847534,0.03008237724980974,0.4621075047154256,0.0003556505940866171,0.0315244976397966,0.17193104562752087,0.11740879503542062,0.08734619158020664,0.0005,,,,,,,,,
867,-0.20767401552812842,1.3366737274588296,0.06068323662899041,1.7643802229773782,0.029337821026996724,0.4502117569316453,0.00036106271138199324,0.030341618314495205,0.21222772914510296,0.11623270069618447,0.08675322726292542,0.0005,,,,,,,,,
868,-0.2349050130162128,1.3520848046914606,0.06602089393814649,1.7493356429803386,0.029770113837868904,0.41979422073658323,0.00040282107128318013,0.03301044696907324,0.2391574872376903,0.11806829945868555,0.08965970621384142,0.0005,,,,,,,,,
869,-0.06426215912633466,1.1291217271606881,0.06530663916114035,1.7625930710322246,0.029099585441487465,0.43238775615922903,0.00037621941072623504,0.032653319580570175,0.06864007813232512,0.1153156510681912,0.08759982776058507,0.0005,,,,,,,,,
870,-0.1670630788724064,1.243917549461882,0.0751196844402672,1.7320229890779286,0.03075574017452438,0.4646688311650663,0.0004242997245962831,0.0375598422201336,0.17176889025341396,0.12045421758136757,0.08852150395630654,0.0005,,,,,,,,,
871,-0.1560535295308583,1.2372553568296083,0.07052400876752893,1.7484554400359062,0.0283453640273771,0.4223880663201997,0.00042056170775121735,0.035262004383764464,0.16033436236992193,0.11477320427326791,0.08643044866513659,0.0005,,,,,,,,,
872,-0.09727195122482733,1.1609367857451867,0.07184317851141674,1.7540176990803455,0.029113411400497505,0.43352945178272206,0.00042385514354534597,0.035921589255708375,0.10166494606033653,0.11600602264273119,0.08750362343804607,0.0005,,,,,,,,,
873,-0.13973817027199847,1.240288500258354,0.07250797073010727,1.749387757071771,0.026734167752450126,0.38240211890625275,0.00040945407619325804,0.03625398536505364,0.1436200338647587,0.11077613337381012,0.0871728216603276,0.0005,,,,,,,,,
874,-0.1359249174067976,1.2054326917650537,0.06818972726728559,1.763619069268473,0.026444328461594533,0.37308070938004384,0.0003611813632605705,0.034094863633642794,0.13971106736855698,0.10991962716242973,0.08672591285854653,0.0005,,,,,,,,,
875,-0.10614324224664823,1.2141223285863314,0.08129570333539171,1.7372759170420098,0.02715530471344131,0.40125105207655054,0.00044178316809953164,0.040647851667695856,0.11021819120993284,0.11163225204827419,0.0864919198395892,0.0005,,,,,,,,,
876,-0.0705076055923651,1.1417545875435544,0.07383871993393332,1.7623226596193813,0.025750587205433544,0.38015366111049387,0.00041193311911809675,0.03691935996696665,0.07436780412122439,0.10741405920872346,0.08569010948913235,0.0005,,,,,,,,,
877,-0.23186396546927476,1.3424791216997904,0.06164787430735656,1.777725677581118,0.02512162906140931,0.32128371419052554,0.000318202237019421,0.03082393715367828,0.2351285858274797,0.10705912962720056,0.0860237620533464,0.0005,,,,,,,,,
878,-0.1627834786974458,1.2489471293575622,0.061303678318600396,1.783881249526636,0.024653217076135138,0.3171751973264415,0.0003181654037017704,0.030651839159300198,0.1660069029764018,0.10557042336289738,0.08617305766588326,0.0005,,,,,,,,,
879,-0.2819660863978525,1.415760502674349,0.052791079530629045,1.8035380977488016,0.02264831686147347,0.26033195039800233,0.0002803069598862796,0.026395539765314523,0.28461663989217423,0.10064080478286708,0.08540140952152223,0.0005,,,,,,,,,
880,-0.1479760657012989,1.2239777117694204,0.08186052661526828,1.744992986272913,0.02457293038219821,0.33868319530473967,0.00046824025618189756,0.04093026330763414,0.15142596025007848,0.10576765510984448,0.08628628460065554,0.0005,,,,,,,,,
881,-0.12915503973198347,1.2290890465570206,0.06619060026202794,1.776665263035957,0.02376350052982612,0.305534044394012,0.00035246795999803655,0.03309530013101397,0.13226476680828494,0.10344273522274139,0.08581144814330322,0.0005,,,,,,,,,
882,-0.11170645669904175,1.1984943042770904,0.07101639848653106,1.768192956467847,0.02455601977466728,0.35175782676182643,0.0004002944067954864,0.03550819924326553,0.11528122803953594,0.10550434154671537,0.08432760972893155,0.0005,,,,,,,,,
883,-0.017620456390485675,1.0692804451514615,0.07556961919995205,1.7580483592879412,0.02427163046275876,0.336453867911403,0.00045555056410194873,0.03778480959997602,0.021044915868433597,0.10461893118106935,0.08606858945268538,0.0005,,,,,,,,,
884,-0.12584441386154954,1.21813391558844,0.06896616365810251,1.7649868239631803,0.02502774490761025,0.36690578913488503,0.00036078615474845546,0.03448308182905126,0.12956921256451454,0.10688497557205984,0.08456771313666289,0.0005,,,,,,,,,
885,-0.20451825294460724,1.2852636343855384,0.06048243049005861,1.779752211611021,0.023677128841604722,0.30584069835266364,0.0003591840917545933,0.030241215245029304,0.20762829050641257,0.10361740580677159,0.08514496863994876,0.0005,,,,,,,,,
886,-0.15761924025264828,1.2251293368647973,0.07162065331927141,1.7534907603695398,0.026611408462483083,0.3704631522065885,0.0004184669653528692,0.035810326659635704,0.16138140167863102,0.11052531714750473,0.0869252435666081,0.0005,,,,,,,,,
887,-0.21502637217727816,1.3121719584351625,0.06733206614093518,1.7697016748426346,0.024355449247121116,0.33188175329269476,0.0003846813770736514,0.03366603307046759,0.2184003995737947,0.10510087555970654,0.08494603412172048,0.0005,,,,,,,,,
888,-0.08210236286245177,1.1711840923264902,0.07740708932770177,1.7450569499761235,0.027642785603197866,0.42178142774874006,0.00041545846091838804,0.03870354466385088,0.08638048583871197,0.11298595608980286,0.08664277076924345,0.0005,,,,,,,,,
889,-0.18029506844086785,1.2662571878368534,0.06942627722136183,1.7552216212328384,0.025446664501330835,0.349100900702198,0.00040565190783165803,0.03471313861068091,0.18384239932179114,0.10795047273832475,0.0857692458786633,0.0005,,,,,,,,,
890,-0.10127419638886498,1.1954510765687725,0.08245640445092754,1.744355012601388,0.026262495164460595,0.37951332850817476,0.0005153328195874837,0.04122820222546377,0.10513315475449407,0.10950267389046142,0.08719996170121276,0.0005,,,,,,,,,
891,-0.031359660745261926,1.0996531031800738,0.08634052250978816,1.7269739318466801,0.027129617897422985,0.41053746587311696,0.0004672205302713668,0.04317026125489408,0.03553014760986916,0.11184801855041585,0.08725476504299282,0.0005,,,,,,,,,
892,-0.10614909772894746,1.194162913831043,0.06757686340914928,1.7593577970147647,0.027407759452298258,0.3875448996718915,0.0003702846640339705,0.03378843170457465,0.11007963158198142,0.11196142009226656,0.08764440899963746,0.0005,,,,,,,,,
893,-0.26014549208523663,1.3990433630021795,0.0697987156887134,1.7487730741255445,0.026954743590995464,0.37473443021597475,0.00037581214066160064,0.0348993578443567,0.26394898159738855,0.11173794485148958,0.08616247058166028,0.0005,,,,,,,,,
894,-0.2055986314886952,1.3068065389946841,0.05465031337566513,1.791208435694043,0.02597074570860049,0.36394685398630433,0.0002879387398755088,0.02732515668783256,0.20928621665700176,0.10796368385884658,0.08507312523702679,0.0005,,,,,,,,,
895,-0.13218219717135687,1.243680076983864,0.08204785920492083,1.723087747337578,0.028157032883560952,0.42861697312157865,0.00044136410835796493,0.041023929602460416,0.13653103535073208,0.11421956156155005,0.08717892160061602,0.0005,,,,,,,,,
896,-0.18841735214880867,1.3155004024791044,0.060598807907628616,1.7668775549483446,0.028370187035657787,0.39901473940100673,0.0003349651715726558,0.03029940395381431,0.19245881737403778,0.11439495113573238,0.08689868794813377,0.0005,,,,,,,,,
897,-0.16304529882615296,1.2459911933866405,0.05624871213037191,1.776612652850507,0.027562995602041562,0.390777981242083,0.00031943121312042475,0.02812435606518595,0.1670021634332987,0.11238492305327456,0.0861002091775886,0.0005,,,,,,,,,
898,-0.23574091900278038,1.3828988350046647,0.04918856759753709,1.781318948111469,0.02863245648474086,0.4007777842096522,0.0002637019381930058,0.024594283798768546,0.23979374133753867,0.11416351433200063,0.08610987216448848,0.0005,,,,,,,,,
899,-0.0915982137438034,1.1589480249093647,0.06821429485886608,1.7586805103827894,0.028681285165066926,0.41408275639457426,0.000365732210013621,0.034107147429433035,0.09579439258238254,0.11430165927767147,0.08866151750702238,0.0005,,,,,,,,,
900,-0.2525835196933602,1.3922588917402132,0.05347004695635934,1.778238846737974,0.027723319175550747,0.37460840680024066,0.00029343563689242263,0.02673502347817967,0.2563770555296771,0.11253550467952755,0.08717169432537063,0.0005,-0.16642878982659653,1.2816754942661572,0.1712117097536307,0.07315248635414087,1.729158005397039,0.03039470923965641,0.47251304874157946,0.0003921616387341859,0.036576243177070436
901,-0.14452934523415167,1.2355632893578643,0.06536638285856129,1.750092359850046,0.030391918111171513,0.4639406083905913,0.0003565793711268958,0.03268319142928065,0.14922250122679664,0.11894860636314157,0.08731220705883999,0.0005,,,,,,,,,
902,-0.2205899430920275,1.3478425991204686,0.06783523267742612,1.7479194476046838,0.029034244944754827,0.4605607854261167,0.0003767461831543321,0.03391761633871307,0.22525071521893497,0.11595349362498508,0.08540025947246849,0.0005,,,,,,,,,
903,-0.20670306675378522,1.320930760539193,0.05749421960918786,1.7649807268830602,0.029318516321663695,0.43668426778092423,0.00030325155636611175,0.02874710980459393,0.2111193388642315,0.11606025007958515,0.08608489604428045,0.0005,,,,,,,,,
904,-0.16439575977370527,1.2536181901526096,0.06330032198904206,1.7392453397635161,0.03081998347012014,0.4985123423765217,0.0003652137341421805,0.03165016099452103,0.1694335779492041,0.12049599075508524,0.08561426752311066,0.0005,,,,,,,,,
905,-0.18219342507167874,1.2520523760738338,0.05087794306194275,1.773309964229325,0.03049512843337572,0.43790182018371043,0.0002908231588462303,0.025438971530971376,0.18661852357627756,0.1185607761826662,0.08734320307542905,0.0005,,,,,,,,,
906,-0.1757527000114767,1.2577536233028224,0.0704558351609893,1.7481514876325144,0.029135558002989746,0.45326959889721363,0.0004086361625166087,0.03522791758049465,0.18034219179453084,0.11591164755702402,0.08605884155993179,0.0005,,,,,,,,,
907,-0.13222769980091947,1.2347668324898073,0.05392368699966787,1.7935547584260405,0.027792509741352805,0.403012635549434,0.00029209835775163866,0.026961843499833937,0.1363056445310754,0.11092451577065932,0.08842661848068782,0.0005,,,,,,,,,
908,-0.18446929629409242,1.2771956691273072,0.0644223613603912,1.7611915083671374,0.027793471826254367,0.4016567996613867,0.0003437190816971844,0.0322111806801956,0.18853912457728714,0.11226945231755008,0.08707826869477098,0.0005,,,,,,,,,
909,-0.05798224387854733,1.136516069454355,0.0763054135236102,1.743749548343555,0.028392761145509017,0.4350563416466035,0.00043942635640112696,0.0381527067618051,0.062392791760822616,0.113141373852748,0.08948225625343853,0.0005,,,,,,,,,
910,-0.09764704401195319,1.2443482485703918,0.06047535144934438,1.7743896108084982,0.028567835433531023,0.4288141830737352,0.00034362252289881786,0.03023767572467219,0.10198660363975229,0.11256201213997663,0.08835383363243828,0.0005,,,,,,,,,
911,-0.2858843145839141,1.437265277762865,0.06270420279873247,1.750368172647344,0.02807880344672761,0.41693540573782983,0.000349548113526343,0.03135210139936624,0.2901060199055535,0.11292054528350924,0.0867641315271127,0.0005,,,,,,,,,
912,-0.18759462598030874,1.275943958665248,0.05941675924529449,1.7704127312918891,0.025624224693174373,0.3400533617394108,0.0003368489502565798,0.029708379622647246,0.19104594059414098,0.10672564092034857,0.08836702767058292,0.0005,,,,,,,,,
913,-0.20867236950051715,1.2968493145219502,0.06302191739057175,1.7557932809677075,0.029274375356091814,0.4268693637227596,0.00034937013176857565,0.031510958695285876,0.21299362573056743,0.11577891080688849,0.08882023802652944,0.0005,,,,,,,,,
914,-0.046345541258467154,1.1575116756594936,0.09442758805127183,1.6826182711487359,0.03134084225422605,0.5228435879000817,0.0005282545218301048,0.04721379402563591,0.0516432996594234,0.1206438799980401,0.08993000701207562,0.0005,,,,,,,,,
915,-0.16524981816113954,1.2251128752059943,0.06440094072320968,1.7687330598743318,0.028463345616083928,0.4214115961025795,0.0003711969499951976,0.03220047036160484,0.16951753389262564,0.11296176260938781,0.0888929647346792,0.0005,,,,,,,,,
916,-0.21907975851863523,1.3503467454520846,0.05604451040055965,1.7927923955603557,0.026340110903735427,0.38057940939618456,0.0003160475423483533,0.028022255200279823,0.22293466326717643,0.10797055834412819,0.08594461463352923,0.0005,,,,,,,,,
917,-0.12180533770988546,1.208293265775021,0.06656037297395545,1.7702676331011484,0.026423996893839327,0.3823403346535741,0.00037467103575655985,0.03328018648697772,0.12568347062959676,0.10795053929763193,0.08799714632810188,0.0005,,,,,,,,,
918,-0.10987676270376914,1.2278970391036161,0.07474320503918497,1.760867457115273,0.025784742192868793,0.3809468154501004,0.00037804844614588485,0.03737160251959248,0.11374499161982235,0.10654219187611182,0.08723402631620983,0.0005,,,,,,,,,
919,-0.28652627741988923,1.423968073571352,0.07094424937952298,1.7365738142686489,0.027492818959791547,0.38404671045246386,0.0003656321605796214,0.03547212468976149,0.2904232387088521,0.11206387678271265,0.08770996329679626,0.0005,,,,,,,,,
920,-0.2297039328239135,1.3315741540821489,0.06716814473131524,1.7499824492551643,0.026669526976232753,0.35378741839068617,0.0003831838528152153,0.03358407236565762,0.23329672274320673,0.10969187502318539,0.09012680913010666,0.0005,,,,,,,,,
921,-0.20416616537952414,1.2895218365226921,0.06646017421468042,1.7756197537237668,0.025617590187537148,0.3424605170789834,0.0003630248845095158,0.03323008710734021,0.20764538708380362,0.10651855962088719,0.08888702720907238,0.0005,,,,,,,,,
922,-0.10241368615011726,1.2025063406555625,0.0738743952655642,1.7539532176346442,0.02667841477483859,0.3825833466994846,0.0004063755306434479,0.03693719763278211,0.10629806010222767,0.10830053450287741,0.0893607954631076,0.0005,,,,,,,,,
923,-0.14040680634535224,1.2468937641719546,0.06177011244783624,1.7915980568296606,0.02381552464978275,0.3205481060509314,0.00035304536571136675,0.03088505622391812,0.14366461889631088,0.10177193820911934,0.08717555275484835,0.0005,,,,,,,,,
924,-0.1611935320146121,1.2535169541976658,0.06237406336060428,1.781103422401309,0.0252075997144333,0.34077979630945177,0.0003491643939584839,0.031187031680302138,0.1646538196875505,0.1056252533956305,0.08732152391235128,0.0005,,,,,,,,,
925,-0.22613801757145385,1.318572669472787,0.05578538077015083,1.796007741099217,0.024216729273159508,0.31436577960434126,0.0003018098054925018,0.027892690385075414,0.22933054623334823,0.10373944166475053,0.08678766689955231,0.0005,,,,,,,,,
926,-0.18021234521164745,1.267291324641647,0.06969862837326989,1.7546619510111432,0.026341562336573778,0.35289565134107853,0.00037764507782847177,0.03484931418663494,0.18379747410953326,0.10908988378456003,0.08904087877262482,0.0005,,,,,,,,,
927,-0.23890160019179385,1.3792309398821854,0.06492371795412487,1.7590058611022725,0.026668992393753192,0.36352746760222326,0.00033221517819782896,0.032461858977062434,0.24259024893718617,0.10944584450335565,0.08730510316193421,0.0005,,,,,,,,,
928,-0.2676061873246014,1.4201459221339616,0.07488725676936768,1.7417070717909642,0.026160013197619715,0.34812257550256287,0.00038661586923249315,0.03744362838468384,0.271146139937422,0.10940631887167865,0.08798160012437051,0.0005,,,,,,,,,
929,-0.15018353434767823,1.2628588532160505,0.07898229255894662,1.7451310543695202,0.02605603162756774,0.3917995662691889,0.0004280223728224076,0.03949114627947332,0.1541627526909215,0.10866445629075258,0.08603300006876025,0.0005,,,,,,,,,
930,-0.05281477141546256,1.0981245522246166,0.07613484734097645,1.7468328599364094,0.027321039444870333,0.3975326326842128,0.0003921878820926233,0.038067423670488224,0.05684955537339548,0.11158496192764943,0.08779353269748992,0.0005,,,,,,,,,
931,-0.14693200197765777,1.2532804494464647,0.06509829607243382,1.773233601674106,0.02651493429584312,0.35686774096090385,0.00035560166692421387,0.03254914803621691,0.15055451688798904,0.10913481500250267,0.08743387279696416,0.0005,,,,,,,,,
932,-0.1461159864491163,1.2238386573375226,0.048374201262948405,1.8086998002007872,0.02477110081241744,0.3259330331775996,0.0002508211333816414,0.024187100631474202,0.14942009909085963,0.10504761364984173,0.08508384637731226,0.0005,,,,,,,,,
933,-0.2903233760573023,1.437205779931776,0.07204589947941689,1.7433695428989537,0.026511739784046306,0.3701479877833832,0.00040236962414861557,0.036022949739708446,0.29408233627654634,0.11062638489255996,0.08640267838801374,0.0005,,,,,,,,,
934,-0.17275446335566877,1.2933272685810042,0.08269939532504683,1.7167767613228029,0.027797063436614665,0.4115822720972834,0.0004718842764823556,0.041349697662523416,0.17693352238468218,0.11338092015098193,0.08729302447490835,0.0005,,,,,,,,,
935,-0.054530240914281804,1.157786531240802,0.08162657099949061,1.7292254087792744,0.027922068536495072,0.423418831292289,0.0004297062920912294,0.040813285499745305,0.05882683182971315,0.11337465259167659,0.08858586419875172,0.0005,,,,,,,,,
936,-0.07952913954382879,1.163582972305684,0.0856827590101912,1.7165095802266226,0.02920993959933733,0.45291113238678327,0.0004628717133205824,0.0428413795050956,0.08412288606013721,0.11647498394452153,0.08868425046450724,0.0005,,,,,,,,,
937,-0.1695275429255615,1.2509251948359785,0.056869130121996805,1.7820816811290403,0.02584807586266135,0.35253021315831945,0.0003305474368057199,0.028434565060998403,0.17310240591338505,0.1074918445598711,0.08610753946452755,0.0005,,,,,,,,,
938,-0.1796678032710392,1.238011266844614,0.06782927927358559,1.76272868326634,0.027128767260055364,0.39964817037060496,0.0003543198424272153,0.033914639636792795,0.183719370099639,0.11138414226354096,0.08684763147933929,0.0005,,,,,,,,,
939,-0.08491296802473211,1.138432970081873,0.06494433858320973,1.7722446438038904,0.025974252159257284,0.36290957328690987,0.000367765746468878,0.03247216929160487,0.08859593603079552,0.10722159230993517,0.08698526150179395,0.0005,,,,,,,,,
940,-0.0059174658480086045,1.0413317885051958,0.08828991631123793,1.7282253123918907,0.027302946785987596,0.44983320824780243,0.0004857193305124385,0.04414495815561897,0.010482082335071294,0.11130170814279472,0.08699230654136035,0.0005,,,,,,,,,
941,-0.10816911798812803,1.1853671836006507,0.0596441874018252,1.7960261378157,0.02473918517896864,0.34553854466600564,0.00031851561278177347,0.0298220937009126,0.11167547094599498,0.1043008856920701,0.08630812997091714,0.0005,,,,,,,,,
942,-0.25101336728844614,1.3521580275303453,0.06265109545327077,1.762383064255927,0.026682934573939603,0.36401869920638064,0.0003410062281184876,0.031325547726635386,0.25470591372116025,0.11076366439855934,0.08752172603755028,0.0005,,,,,,,,,
943,-0.20305556358796653,1.3205916372132536,0.056167237506977594,1.7966519542821189,0.024968410801553632,0.3419447671167237,0.00035243902881467663,0.028083618753488797,0.20652458578771823,0.10513918212231728,0.08573456964306761,0.0005,,,,,,,,,
944,-0.18403919624156775,1.2700605760089658,0.08565549810567771,1.7087978734584075,0.02857773885432799,0.41794326308737406,0.0004961099783900756,0.04282774905283886,0.18828350570001284,0.11554891846404755,0.0897724379163547,0.0005,,,,,,,,,
945,-0.1855781330013599,1.2912769225864422,0.07287641111033327,1.751129898209534,0.026732562813931264,0.38379956418529504,0.00042614612893403833,0.036438205555166636,0.18947433960903942,0.10976789791730501,0.08843481435910122,0.0005,,,,,,,,,
946,-0.15451913403643963,1.2462200039718756,0.0750216951218271,1.7399946142958493,0.027304827952269312,0.4189795556648422,0.00040580420294761895,0.03751084756091355,0.15876789842882144,0.11110629086199744,0.0863761837114522,0.0005,,,,,,,,,
947,-0.1658410895494471,1.2144981255881597,0.047303351722388975,1.808972017598117,0.026840911837009616,0.36301191090393603,0.0002735627790828527,0.023651675861194488,0.16951568568231445,0.10940169779825751,0.08764310213756786,0.0005,,,,,,,,,
948,-0.12814085671531428,1.2276659626740607,0.04882301339475686,1.8177626211361895,0.02435263599307086,0.3260573653107589,0.00024198757194708928,0.024411506697378425,0.13144643937705008,0.10214650165653943,0.08653574434794041,0.0005,,,,,,,,,
949,-0.1753570717166857,1.2778679807707123,0.06634429918139795,1.7615633224648384,0.02546071459610711,0.3506125179893874,0.0003874474036966801,0.033172149590698974,0.1789178591534319,0.10665815643320643,0.08706409911034481,0.0005,,,,,,,,,
950,-0.12298413396758066,1.1771586104539815,0.059232851892317494,1.7933621131540793,0.025473485660408024,0.35355011649042406,0.00033885925979786237,0.029616425946158747,0.12657057377216058,0.10475577212002095,0.0891974555667731,0.0005,-0.1652206076532423,1.2816254078527634,0.16934050712597307,0.0737212388269527,1.7476743593532245,0.027404138739353663,0.4061606638570073,0.0003955471153683411,0.03686061941347635
951,-0.21970655337712566,1.3583226312502217,0.056066411374058024,1.7915203301925509,0.0235064488736478,0.31105766426382997,0.00031457158468388164,0.028033205687029012,0.22286622414459972,0.10117647644535495,0.08630901450390838,0.0005,,,,,,,,,
952,-0.1629042478778287,1.277573072516252,0.06478158957474173,1.7809305725937472,0.025151268473393606,0.34229908844713997,0.00036348061877241624,0.032390794787370863,0.16638107366900112,0.10467139173080639,0.0887536070905601,0.0005,,,,,,,,,
953,-0.1461906105388927,1.2317728879602037,0.07718406126859154,1.754489268815526,0.026090437542101136,0.37672742654082225,0.0004457103758138617,0.03859203063429577,0.1500184788313815,0.10763107679618,0.08935690237805222,0.0005,,,,,,,,,
954,-0.1301691524841866,1.1872401725962365,0.06603183524254866,1.7799235502120676,0.02408206181853939,0.30341722844402064,0.0003665015396071851,0.03301591762127433,0.13325780493714623,0.10284219689339937,0.08857536459425255,0.0005,,,,,,,,,
955,-0.07214599056095629,1.1858108115184711,0.08314241236459774,1.7382561436764663,0.025760395791582714,0.38687365399995477,0.00045311024128090444,0.04157120618229887,0.07607821197098769,0.10710067788767239,0.08740668481652011,0.0005,,,,,,,,,
956,-0.14262490786023752,1.2382889059378641,0.06083611870963399,1.793831451126941,0.023079768277903586,0.2994986408097581,0.0003460499365052329,0.030418059354816993,0.14567171114156624,0.0999933334946331,0.08663382465963254,0.0005,,,,,,,,,
957,-0.2121152914743139,1.309802449387473,0.06559223100218126,1.7669370234746982,0.02475383585845778,0.3151741722793995,0.00033393885428184,0.03279611550109063,0.21532083807138658,0.10562579103304451,0.08785902924209396,0.0005,,,,,,,,,
958,-0.17905304527299754,1.2963691774822816,0.045335629840253855,1.8349764286185604,0.02108739851975826,0.24381598742019628,0.00025888069536469195,0.022667814920126924,0.18153481153335943,0.09578820019858944,0.08469337126379185,0.0005,,,,,,,,,
959,-0.23281852974559467,1.3453762418014406,0.04752137759792181,1.828912285476725,0.02272966931991914,0.27827550299676673,0.00025506966500059725,0.023760688798960906,0.23564588528386604,0.09976971684640888,0.0857095327441084,0.0005,,,,,,,,,
960,-0.15926161591116472,1.2337743311040574,0.05408349454133551,1.8085407349332696,0.022616509146209156,0.2704687271301039,0.00030170398513563166,0.027041747270667753,0.1620144473769371,0.09947294611202849,0.08620694274132741,0.0005,,,,,,,,,
961,-0.1388340537412616,1.2618248397591478,0.07248478177531094,1.7627169936975313,0.02425630268670964,0.3320969920367061,0.00035176459059635574,0.03624239088765546,0.14221241086835926,0.10402881735717907,0.08701877366034394,0.0005,,,,,,,,,
962,-0.17286676770291687,1.2693715496435156,0.0568796187745018,1.7980551793805297,0.024201032335123385,0.31608119226626985,0.00032240083331526686,0.028439809387250898,0.17607722399509376,0.10370745493201086,0.08619989995992146,0.0005,,,,,,,,,
963,-0.20667762488743946,1.3041824169699359,0.06464311606408406,1.7747865978455748,0.024181598051655873,0.30198114327345205,0.0003462757894763423,0.03232155803204203,0.20975096850207922,0.10416233228080593,0.08658884640548542,0.0005,,,,,,,,,
964,-0.14504045474377325,1.2120303050229837,0.0697248620274436,1.7642787638663784,0.024584960932555987,0.3406564394590013,0.0003845216237001621,0.0348624310137218,0.14850336957325266,0.10527835105348363,0.08611966247034464,0.0005,,,,,,,,,
965,-0.13743768853239563,1.220234568422375,0.06820027007474913,1.7753426813268998,0.024281422759075307,0.33437866039535935,0.0003663903797019552,0.034100135037374565,0.1408369926019969,0.10470028002281204,0.08548562152327138,0.0005,,,,,,,,,
966,-0.11749125046689324,1.2119496136193737,0.06456798841828049,1.7780394203726004,0.02449786696123954,0.3234797288101554,0.0003648014496225318,0.03228399420914024,0.12077976015790388,0.10460098552597961,0.08720526696476871,0.0005,,,,,,,,,
967,-0.049861695787907986,1.1278844785643791,0.07815658516852525,1.7463719555766806,0.026730114764886376,0.3705175751238139,0.00045136382658981047,0.039078292584262625,0.053627927189552074,0.11021442599566228,0.0886286234079427,0.0005,,,,,,,,,
968,-0.20874442025095902,1.2710594951470884,0.053485094613839615,1.8014165954743357,0.023703025817097698,0.3044760122950173,0.0002804839124738766,0.026742547306919807,0.21183674192629562,0.10312634920024044,0.08483355802653723,0.0005,,,,,,,,,
969,-0.22043008546042542,1.3106750781430003,0.049740322756940826,1.809795085222782,0.023239027375759842,0.28527024209366564,0.00026566090513704363,0.024870161378470413,0.22332841260264416,0.10182299251951313,0.08438374684742683,0.0005,,,,,,,,,
970,-0.056077043359327935,1.1116327621425475,0.07223532432473637,1.759147791453775,0.027290476740415567,0.41469955870136077,0.00041700744733372676,0.03611766216236819,0.060281918160891776,0.11126274182031219,0.08625000075218234,0.0005,,,,,,,,,
971,-0.11279426301618195,1.2128131378095195,0.08731185803018135,1.7016047029966814,0.029635898876430675,0.4579561192849259,0.0004931570848716389,0.043655929015090675,0.11743942775592499,0.11813347402187041,0.08799397208256399,0.0005,,,,,,,,,
972,-0.23021678137099977,1.3603258810741516,0.053731927717568594,1.7932685688070968,0.023769724327163233,0.3165461021858144,0.000292829984284395,0.026865963858784293,0.23342996934224755,0.10335553905077224,0.08392675006371617,0.0005,,,,,,,,,
973,-0.09861764482802728,1.217193202206036,0.06490142875378568,1.7653540514754769,0.02799408170885349,0.4276326295227405,0.0003548670955349152,0.03245071437689284,0.10294762404910165,0.11311410947450795,0.08540527912879875,0.0005,,,,,,,,,
974,-0.1436911577321901,1.209585810888773,0.07866747234493038,1.7222747377565417,0.029658937077205266,0.4887083130413006,0.00041919367356383627,0.03933373617246518,0.14863898928288877,0.11799650706199818,0.08586154428345377,0.0005,,,,,,,,,
975,-0.22405209103632584,1.3166033691506909,0.07226952104799264,1.7262969193810946,0.02995833222195471,0.4619810168066229,0.0004262638801729629,0.03613476052399632,0.22872956157291158,0.11854099643630896,0.08627235079293569,0.0005,,,,,,,,,
976,-0.23331429343973564,1.3821799183492103,0.05706745225225372,1.753896307153707,0.031382797981995614,0.47423618674899237,0.00033190442326723447,0.02853372612612686,0.2381060470406559,0.12145344190444603,0.08710817217113057,0.0005,,,,,,,,,
977,-0.15830008864826534,1.2762357650057785,0.07648862317835955,1.710760837562441,0.03302126010947076,0.5287212584973962,0.0004062597635637545,0.03824431158917978,0.16364671575083975,0.12591231947973971,0.08870388817576699,0.0005,,,,,,,,,
978,-0.1419625756456324,1.2441380417830898,0.08168571576416256,1.6894389451682912,0.03440007664390561,0.6176263385071146,0.00045908471541538704,0.04084285788208128,0.14820116712519144,0.12948333706395648,0.0856564709197581,0.0005,,,,,,,,,
979,-0.13002062330058123,1.2007081156882624,0.06547662501712936,1.71983997173571,0.034880441123082015,0.5644745900760596,0.00034016626167216314,0.03273831250856468,0.13571870757618448,0.13019991593049335,0.08705017837362264,0.0005,,,,,,,,,
980,-0.1438385099613847,1.2272499807922734,0.06408370814999541,1.717645724355176,0.035636175680998076,0.5771970337922915,0.00037466923806989464,0.032041854074997704,0.14966344530300685,0.1318473754376401,0.0883268207735794,0.0005,,,,,,,,,
981,-0.13576836238934253,1.2330484638313233,0.08051640761010503,1.680177029650214,0.03583489649121017,0.5836096026200474,0.00044167737021183115,0.04025820380505252,0.14166593516334666,0.13319043926773194,0.08939533821484767,0.0005,,,,,,,,,
982,-0.2160709819315621,1.3073739633085757,0.03984209272386008,1.790261543146771,0.031329958459857504,0.45263916258140535,0.00021322820454177586,0.01992104636193004,0.22063732950121492,0.12100906662590535,0.08609955301587632,0.0005,,,,,,,,,
983,-0.1421094904973195,1.2147211740463209,0.0551857632642989,1.7774132996570704,0.029152528962979762,0.4374521069308118,0.0003173434339028404,0.027592881632149444,0.1465325520155954,0.11555582965457808,0.08526068621846984,0.0005,,,,,,,,,
984,-0.11608310435476712,1.2068484147354432,0.0649947119578583,1.7453003554515407,0.03158945273734857,0.49594050219047314,0.0003463759525080278,0.03249735597892915,0.1210959234957304,0.12181043888594464,0.08593223604244868,0.0005,,,,,,,,,
985,-0.23478530400457054,1.383586738055814,0.06411113870861385,1.7248151342016502,0.032914650499179555,0.5227480747858084,0.0003130727282156699,0.03205556935430692,0.24006521920040708,0.12654545385540855,0.08635953008616956,0.0005,,,,,,,,,
986,-0.1306706346799176,1.1958525192408955,0.05287495140495942,1.7686955807378322,0.03213795935803687,0.5089044677549097,0.0002902033943304454,0.02643747570247971,0.13580670582291987,0.12353521661840744,0.0844234296955155,0.0005,,,,,,,,,
987,-0.15158629160107856,1.2289017625237206,0.07283107440193119,1.714861939041897,0.03261336208188337,0.5198943355070214,0.00040684223242999824,0.036415537200965596,0.15684286753506446,0.12548958804868363,0.08660723021532599,0.0005,,,,,,,,,
988,-0.14704821528647502,1.260778112347188,0.08498813735524391,1.6974896277493166,0.03243903995427776,0.5508511905277303,0.00047346573713356155,0.042494068677621954,0.1526209308140788,0.12548199592776574,0.08526633956914545,0.0005,,,,,,,,,
989,-0.2314493805234165,1.322784078592487,0.0674703683956411,1.7311970955632519,0.0324378385441988,0.4731640537310444,0.00036514885702395607,0.03373518419782055,0.23623571970445062,0.12500253036817463,0.0874008551645018,0.0005,,,,,,,,,
990,-0.1522529666347227,1.2211885468547783,0.06828139303319539,1.730677884833734,0.030788355736852742,0.4889892319162104,0.0003588183904468602,0.03414069651659769,0.15719789461315425,0.12160419281981263,0.08457690351248232,0.0005,,,,,,,,,
991,-0.16695600374572683,1.286533653227366,0.06849776074234959,1.7339099562619433,0.03004849392092003,0.4447101859772025,0.00037970585896547653,0.034248880371174795,0.1714584906440223,0.11929894341046263,0.08600669625005167,0.0005,,,,,,,,,
992,-0.13217384862064774,1.1916076987126745,0.052988720639800896,1.7798961275977225,0.0286458838225406,0.41623751870370934,0.000316678210082568,0.026494360319900455,0.13638368391138153,0.11598298058840543,0.08361297188809716,0.0005,,,,,,,,,
993,-0.19861995795200466,1.2908806130051709,0.06850785775791438,1.7346513417320863,0.02911503128462408,0.4533011826354868,0.0003970596971122212,0.03425392887895719,0.2032085408176269,0.11731865355149144,0.08428017068842886,0.0005,,,,,,,,,
994,-0.08862706998160519,1.1646052655253236,0.07374894173482259,1.7207210010370142,0.029990192219082033,0.4701453365948801,0.0004163712340548639,0.0368744708674113,0.0933867687407723,0.11917865092703517,0.08426058756377962,0.0005,,,,,,,,,
995,-0.12513052138926611,1.2353898188693793,0.08280709633419986,1.7001717243653123,0.03120652866202542,0.4805965661624682,0.000489707282387601,0.04140354816709993,0.12999978938912543,0.12303870921515171,0.08716239476737764,0.0005,,,,,,,,,
996,-0.05052659609570671,1.175193749529712,0.08633427237927985,1.7021522617153693,0.0304261199793861,0.48441060513346357,0.00045337957025311086,0.043167136189639924,0.05543542460155067,0.12065693795905721,0.0866682319879713,0.0005,,,,,,,,,
997,-0.28303853254326794,1.3856407795902026,0.05705811015631898,1.7761101156098669,0.026615655755108783,0.3958238585991908,0.00031202483054978996,0.02852905507815949,0.2870461815337995,0.11101908181002752,0.08183496668481985,0.0005,,,,,,,,,
998,-0.1194876270195572,1.18654360531638,0.07507083286482345,1.73954399641761,0.02823101328879353,0.42446718041545384,0.00044023280554468904,0.03753541643241172,0.12379163200816379,0.11556822372089537,0.08446824146103102,0.0005,,,,,,,,,
999,-0.1188517960232502,1.1675325235548661,0.07304193921243544,1.7317545882839902,0.02847867239186949,0.47222376444955017,0.00041915303674031426,0.036520969606217715,0.12363206371360216,0.11630285622018954,0.08244765524506216,0.0005,,,,,,,,,
1000,-0.14628858094888172,1.2460791089882273,0.08167752312606666,1.706414303416907,0.0307054361435387,0.46838417892934003,0.00045640051870097956,0.04083876156303333,0.15103488964795936,0.12127258199213597,0.0871506370437045,0.00025,-0.16663779352299524,1.2817913681135629,0.1713103635486288,0.07290286687563943,1.728125718103041,0.029716238749354917,0.46149305324451745,0.0003906802569541493,0.036451433437819716
1001,-0.15200843630863375,1.2277155709275585,0.0614840810379107,1.7678423381838335,0.02653585911046509,0.3728548538848444,0.0003207813054187626,0.03074204051895535,0.15578861312443715,0.11122354830514442,0.08392564340456626,0.00025,,,,,,,,,
1002,-0.05687302805077407,1.1263877315122572,0.08535344203430878,1.7163653815300168,0.02956666605774308,0.4653805057956054,0.0004886003078336168,0.04267672101715439,0.06159155948664092,0.11825406743502348,0.08601718264981742,0.00025,,,,,,,,,
1003,-0.1276713127091058,1.1967625746215922,0.06278745327951714,1.7734420232849977,0.026280002826667315,0.40153726077312957,0.000347904551138478,0.03139372663975857,0.13173929250922112,0.11007211264560086,0.08225860264489054,0.00025,,,,,,,,,
1004,-0.0943775096824446,1.1623243968459327,0.07699536696548012,1.714844037392224,0.031890186908420104,0.5150374840605547,0.0004103670450420004,0.03849768348274006,0.09958763431735722,0.12453343596107547,0.08569067004020683,0.00025,,,,,,,,,
1005,-0.1289369185296164,1.2360913648381668,0.07590007256555711,1.7195893580615786,0.03074808995662911,0.4514371172111544,0.0003997073419582441,0.03795003628277856,0.1335104327050109,0.12118784593265469,0.08730065616882492,0.00025,,,,,,,,,
1006,-0.2416975442379158,1.3428527811023931,0.05555775047323527,1.7703940109071623,0.02803970268178888,0.40310521377795416,0.00032416257858940915,0.02777887523661764,0.2457773208168269,0.11471035680917602,0.0829139528793171,0.00025,,,,,,,,,
1007,-0.1655255758218092,1.2388392275285605,0.0644752466788216,1.7535438008360662,0.02932327740346872,0.44889132470437965,0.0003533080320837034,0.0322376233394108,0.17006779521052162,0.11822552621158143,0.08435695525347212,0.00025,,,,,,,,,
1008,-0.21691751947139734,1.3217568805276998,0.05536661407111865,1.7668731578086008,0.02860528683792797,0.4078721069958746,0.0003205316276582569,0.027683307035559327,0.22104479789624631,0.11569216143408509,0.08402364700886317,0.00025,,,,,,,,,
1009,-0.1449420707887366,1.2136327596790748,0.07597085662935904,1.7088880327232658,0.031858422384752186,0.5000619983767315,0.00041050668059108055,0.03798542831467952,0.15000187014795174,0.12456422141549928,0.08595851402459255,0.00025,,,,,,,,,
1010,-0.06479864050583498,1.126798838211075,0.07151940502992363,1.7236567595739476,0.03171599485202334,0.5291381330464258,0.00041959669432986915,0.035759702514961814,0.07014721407335323,0.12365716559287439,0.08407919070204448,0.00025,,,,,,,,,
1011,-0.10321029222770245,1.1956506975557377,0.09048650090077123,1.67825601102783,0.033026666750857345,0.5690984631082356,0.0005343105646435583,0.045243250450385616,0.10896864577499188,0.127284807937331,0.08453144564859572,0.00025,,,,,,,,,
1012,-0.16818538348053008,1.2550774766075032,0.05906986162011968,1.7502551262886286,0.030356211708592495,0.45729260015308515,0.0003224463360378694,0.02953493081005984,0.17280857142749428,0.12080244865421844,0.08432836069036308,0.00025,,,,,,,,,
1013,-0.2096891549584407,1.3258473766985517,0.07547501316713662,1.7210384382155617,0.03155870332072721,0.4882412032522493,0.00044403716020303654,0.03773750658356831,0.214630955253531,0.12347224549074033,0.086213729836104,0.00025,,,,,,,,,
1014,-0.1447788790341683,1.2213870616119236,0.06456145242167113,1.7409520458860062,0.031197807056719512,0.5045223396779209,0.00036101406234328255,0.032280726210835574,0.14987740281824063,0.12258985248054265,0.08356698409105515,0.00025,,,,,,,,,
1015,-0.18274551119718344,1.2562397275661388,0.054185689074194576,1.7470613021440555,0.032638831459122865,0.5000018347036508,0.0002947585157631464,0.027092844537097288,0.18779304058693608,0.1259554746157496,0.08383704411032289,0.00025,,,,,,,,,
1016,-0.11385587999371065,1.1966462238400957,0.06985519298830294,1.7253812748389414,0.03271019303400771,0.5330357202424073,0.00039467624226457456,0.03492759649415147,0.11924236536779992,0.12591653286984503,0.08476310978716428,0.00025,,,,,,,,,
1017,-0.16815896016571913,1.2496849467694486,0.058047205090209754,1.7333163968073793,0.034666350090386294,0.5498371047830177,0.0003321580447617138,0.029023602545104877,0.1737070095605101,0.13059612399683257,0.08422170668973228,0.00025,,,,,,,,,
1018,-0.1748446481191398,1.2617590456884398,0.06365534476271904,1.745709243346103,0.03149150779944257,0.49442924443199604,0.00037263431389186156,0.03182767238135952,0.1798419516714135,0.12284653789971578,0.0845043778718021,0.00025,,,,,,,,,
1019,-0.14698970667989134,1.2311126962263956,0.05321500914750088,1.7518869932531547,0.03192150995686095,0.5000729019764013,0.0003077249766116672,0.026607504573750437,0.15203763932392775,0.12388991576047473,0.08337307263323145,0.00025,,,,,,,,,
1020,-0.13849825427458617,1.2389031306899656,0.06594286744533809,1.7261447859638648,0.03345617420351577,0.5257924930841692,0.0003741520466814149,0.03297143372266905,0.14381015360747695,0.12732200087436102,0.08522458220283077,0.00025,,,,,,,,,
1021,-0.21132285469034126,1.3149805667591812,0.07059648237525637,1.7054679806150514,0.03331246208069166,0.5351432605505126,0.00037995620048849487,0.035298241187628185,0.21673043977884504,0.12833216291201605,0.08532463909154672,0.00025,,,,,,,,,
1022,-0.20142577021540436,1.2988308749450361,0.06077356574459797,1.7341794437580718,0.03335684537777228,0.5355193274296384,0.0003461710498471315,0.03038678287229899,0.20683215377750908,0.12781250689887164,0.08460864134756724,0.00025,,,,,,,,,
1023,-0.17103219694391109,1.2470376509509635,0.06348015023209774,1.7023154037979822,0.038028317301339216,0.6231507859695306,0.00032816762797829684,0.03174007511604887,0.17731574970904018,0.13933840911608628,0.08565540044462015,0.00025,,,,,,,,,
1024,-0.1331297488783223,1.2536477861673108,0.07578900666880614,1.6945441056554589,0.03533909154242475,0.6045301632587421,0.00041560738799753863,0.03789450333440307,0.1392340465291807,0.13306295351983913,0.08445588465540381,0.00025,,,,,,,,,
1025,-0.14006279716784148,1.238870833151624,0.0717959505395753,1.7062824249125375,0.03610993851386311,0.6038852457727175,0.0004049441728284694,0.03589797526978765,0.14615865986681584,0.13397866004567727,0.0857470695776369,0.00025,,,,,,,,,
1026,-0.06982000231514647,1.11885499973392,0.06159195248226345,1.6924274091013256,0.041980929278040216,0.6971225317435137,0.000342291743089947,0.03079597624113173,0.07684237080034464,0.14841511019878684,0.08692995750678198,0.00025,,,,,,,,,
1027,-0.21029927989334465,1.3002782451284043,0.059486904687907294,1.717252317509219,0.03749627556866349,0.6175674770576997,0.0003468042712691395,0.029743452343953643,0.2165253386821534,0.1374736538320685,0.08480932120105251,0.00025,,,,,,,,,
1028,-0.18536326165243688,1.274798287103956,0.07487051413658118,1.6860849908314854,0.035736700912775664,0.6135623485795709,0.00040922459018055555,0.03743525706829058,0.191557273491111,0.13372709327196022,0.0852462068718973,0.00025,,,,,,,,,
1029,-0.18628142627169736,1.2905322185227281,0.07240251047695961,1.6964685374461195,0.03685425051407723,0.6160493994557347,0.0004079368813433473,0.03620125523847981,0.19249916557568109,0.13605606519066632,0.08628932436697982,0.00025,,,,,,,,,
1030,-0.239602190211737,1.3764395064269437,0.05291116598092468,1.7302228961440966,0.037325154320266105,0.6094903052448578,0.00026536026221694756,0.02645558299046234,0.2457435046787597,0.1368129598177289,0.08484719896224291,0.00025,,,,,,,,,
1031,-0.19498548355990178,1.32576895704947,0.06628009377475703,1.6935555291011357,0.03763990370995417,0.6345759309483132,0.00035113684136154114,0.03314004688737852,0.2013848298399769,0.1378008823381055,0.08647496616702935,0.00025,,,,,,,,,
1032,-0.15297955315248524,1.230745841233034,0.06942197517082346,1.7043523647989627,0.03727234785159765,0.5921165954851663,0.0004128949518887126,0.03471098758541173,0.1589566025680892,0.13676873176519183,0.08761820164144354,0.00025,,,,,,,,,
1033,-0.11031365459661138,1.2050737708061305,0.05572709900470996,1.7128737129281393,0.04122398376564686,0.6672615717424416,0.00027592123442679584,0.027863549502354982,0.11703402181301169,0.14595897299991845,0.08823953412202852,0.00025,,,,,,,,,
1034,-0.12648743219483707,1.2111978276659663,0.06062386386476304,1.710763400112003,0.0381343781666418,0.6483776094876109,0.0002959315098363309,0.03031193193238152,0.13302158717074505,0.1385469249245299,0.08476294195953411,0.00025,,,,,,,,,
1035,-0.2161382427366526,1.3009925280602834,0.05143331991307088,1.7478969966425213,0.03458735436881352,0.5506327145252499,0.00029273469933148807,0.02571665995653544,0.22169069285882137,0.12999992876758873,0.08333327520979328,0.00025,,,,,,,,,
1036,-0.2060274091184939,1.3298801325580296,0.0663261474330797,1.7074427007164634,0.03681504582351451,0.5948480589706722,0.0003687431363737124,0.03316307371653984,0.21202981464028808,0.13545199890033852,0.08774032189464881,0.00025,,,,,,,,,
1037,-0.21448847249026642,1.309775931172986,0.057877103244201075,1.7206382690511877,0.03696586265669214,0.6035399816040846,0.0003370625246479191,0.028938551622100538,0.22057338786586633,0.13598592165263942,0.08610969333806556,0.00025,,,,,,,,,
1038,-0.09947865088594413,1.1681875071470078,0.06007991935656142,1.7290104982772005,0.036596764990950464,0.6051914358043364,0.00030737505843475934,0.03003995967828071,0.10558096905923291,0.1344691031949274,0.085300910823073,0.00025,,,,,,,,,
1039,-0.1055929340418225,1.1716401565683967,0.08119936034965322,1.6527115206645608,0.040839132281096986,0.7044202830971824,0.00041031451733631187,0.04059968017482661,0.11269836681334916,0.14573080363676835,0.08771114393145796,0.00025,,,,,,,,,
1040,-0.07509501520562767,1.1530213748118094,0.07638607991517411,1.6806502033726165,0.03838567457001041,0.6553845454272148,0.000429154031931654,0.03819303995758706,0.08170815174221044,0.139038216639575,0.08699032872294296,0.00025,,,,,,,,,
1041,-0.261127772436352,1.4006259985889828,0.04967840430732587,1.71290035493718,0.0385689606750025,0.647412496589997,0.00026426130052013233,0.024839202153662934,0.2676465082209602,0.13941060956056045,0.08279159592169638,0.00025,,,,,,,,,
1042,-0.14793242261141992,1.2143411708963159,0.05725550366635704,1.72672351183629,0.035538283411187296,0.5831503395868887,0.0002926776909558377,0.02862775183317852,0.1538127477711499,0.13191634667578317,0.08531805465045848,0.00025,,,,,,,,,
1043,-0.16695960245549696,1.2738834613869319,0.06575653433149775,1.7107550129670264,0.0344144482351207,0.5791561548658806,0.00034852181559720064,0.032878267165748876,0.17280463503960716,0.12984644970103057,0.08482117171779238,0.00025,,,,,,,,,
1044,-0.24874795385866003,1.3952364986685255,0.05583301281673293,1.733945201806059,0.03485979147802653,0.5500009177062245,0.00028017170997284685,0.027916506408366466,0.2542960207112484,0.1304641612248305,0.08554340716080998,0.00025,,,,,,,,,
1045,-0.08280424596203653,1.1478382616660223,0.06311498005705629,1.7275016268414307,0.03329731352011609,0.542828509597536,0.00037111020757147803,0.031557490028528146,0.08828507466638458,0.12682706912564912,0.08505592288819125,0.00025,,,,,,,,,
1046,-0.09992781684733225,1.1884127362460304,0.07282334160903955,1.6822014786274793,0.03735995379059505,0.6485072100167275,0.00041177416158110283,0.03641167080451977,0.10647024037470612,0.13692709655934532,0.08496174025824953,0.00025,,,,,,,,,
1047,-0.17487686770006994,1.2596259146150643,0.06835892027042302,1.7178271982813738,0.03424694847173567,0.5499447504610624,0.00037619917852772615,0.03417946013521151,0.18043143492858388,0.12974386977468494,0.08636697554829585,0.00025,,,,,,,,,
1048,-0.05192612992752482,1.1174136951943279,0.059570521511107505,1.7489607686474256,0.03217008764424839,0.5376636355264592,0.0003487993713140006,0.029785260755553752,0.057353529144944584,0.1236857727800416,0.08396719959614207,0.00025,,,,,,,,,
1049,-0.21462412009895832,1.3344613780495216,0.053437526290227584,1.7318816380725672,0.034383054781938205,0.5666953576240717,0.00027056529755675426,0.026718763145113792,0.22033781690770038,0.1296982945619708,0.08373726184426292,0.00025,,,,,,,,,
1050,-0.11248755697959892,1.2040698259580696,0.0715983681057529,1.7158045734065024,0.03315567697670438,0.5462428189440678,0.00038933340068295834,0.03579918405287645,0.11800683573283338,0.12671429303689605,0.08561708896869065,0.00025,-0.16738184215745144,1.2816682594971693,0.1730907222052371,0.07149853508619256,1.7064456086233974,0.03434281964949852,0.5652236158598218,0.00038301655581380543,0.03574926754309628
1051,-0.2034158302694575,1.3259814772496505,0.07034648882599967,1.706012053898723,0.03328956256006498,0.5462399837533223,0.0004028123125171275,0.035173244412999835,0.20893449159506786,0.12694289031815936,0.0853170954564956,0.00025,,,,,,,,,
1052,-0.1200060064298003,1.1760290940747868,0.055364979131506536,1.7560954018156782,0.03253356808437488,0.506450701147575,0.00030611663934412847,0.02768248956575327,0.1251188180512534,0.12483053230575977,0.08582623507716339,0.00025,,,,,,,,,
1053,-0.11096584638001059,1.1850092722273693,0.07809645633821746,1.6980112565102603,0.03339820615738559,0.5510248642872376,0.00042362647147919637,0.03904822816910873,0.116536359628332,0.12759639849811782,0.08729277791050327,0.00025,,,,,,,,,
1054,-0.20702207765973757,1.3160305116378592,0.059420363803807705,1.7554980472429143,0.029241657072202762,0.4111426031102349,0.00033407622434169473,0.029710181901903852,0.21118410961545764,0.11715042095271593,0.08646868709535335,0.00025,,,,,,,,,
1055,-0.16955957988092002,1.2651407154045904,0.06779136766604141,1.7166966267459576,0.03370391109041385,0.5388659292055291,0.0003262582626423796,0.033895683833020704,0.17500256440570222,0.12795152841174848,0.08617948444174234,0.00025,,,,,,,,,
1056,-0.21348360587547893,1.305213713146287,0.08051344906839408,1.6911179953347046,0.033839486687294036,0.5178146103756396,0.0004550745550280892,0.04025672453419704,0.21872347062927314,0.12870524962705981,0.08988410914943035,0.00025,,,,,,,,,
1057,-0.17591913394325304,1.2674390905896378,0.07153197153418671,1.7177503156163407,0.03175593936588401,0.4918943884798558,0.0004160659585202883,0.035765985767093354,0.18089518197656004,0.12336191017488864,0.08728641239290863,0.00025,,,,,,,,,
1058,-0.07479628618490466,1.1438154377326377,0.07500373170312313,1.7095846600349156,0.03489931267572205,0.5816292558903235,0.0004056420661363364,0.037501865851561574,0.08067123287692118,0.13090357867918923,0.08627430804666264,0.00025,,,,,,,,,
1059,-0.21073917919888224,1.31721473289429,0.05247031477062073,1.7658482791687986,0.030304067767342097,0.4422772098185202,0.0003135700267414296,0.026235157385310365,0.21520898063751184,0.11921474339586463,0.08583860695836709,0.00025,,,,,,,,,
1060,-0.14670536011119373,1.2228307965696779,0.06898300930112403,1.7197326649013418,0.03208691381574433,0.5078064407116238,0.0003858396685246608,0.03449150465056201,0.1518389717462948,0.12421852990389279,0.08575029698609579,0.00025,,,,,,,,,
1061,-0.09380583855562943,1.1523512588071,0.063460300312604,1.754008366771961,0.030824315453273438,0.45998387791731765,0.00037185014621555904,0.031730150156302,0.0984586660700888,0.12064865110310158,0.08713979290086481,0.00025,,,,,,,,,
1062,-0.25375227561571057,1.3504001720189962,0.05174641355857415,1.7780684841923982,0.02879715276193001,0.40104720639533054,0.000273307309208013,0.025873206779287075,0.25780913464437716,0.11562310461240768,0.08491840552278425,0.00025,,,,,,,,,
1063,-0.1758435018586018,1.2508156430023165,0.057872734519492965,1.7617644514836046,0.02897794981564525,0.43965155798190275,0.00033624384541883917,0.02893636725974648,0.18028993388864956,0.11642629692830592,0.08501392825931146,0.00025,,,,,,,,,
1064,-0.17365255077270084,1.3173364414278987,0.06944588981637338,1.7372116456309452,0.029220943475706494,0.44595697714524474,0.00039922181836369333,0.03472294490818669,0.17816820782370138,0.11625850235909385,0.08506131615049037,0.00025,,,,,,,,,
1065,-0.09826463434487416,1.1757893657512684,0.08101848345273537,1.7162026759436828,0.02964069521692201,0.4459982771959081,0.00045139818517355107,0.04050924172636768,0.10278680236717078,0.11834616180786582,0.08746890912911903,0.00025,,,,,,,,,
1066,-0.20956189931597255,1.3379540642772438,0.06559130524222526,1.7478569773375363,0.029688430074193233,0.4361252989647282,0.00036205036632015064,0.03279565262111263,0.21397704703167753,0.11744094007852625,0.08712141767653314,0.00025,,,,,,,,,
1067,-0.0844687841585359,1.1586827852977988,0.06641626935720081,1.7430251125449123,0.029563559566366596,0.4445271806682891,0.0003152628432534455,0.03320813467860041,0.08896784697945538,0.11744444832960135,0.08634241514157917,0.00025,,,,,,,,,
1068,-0.17195608773893512,1.2634519737565273,0.0655243027730414,1.761587795700227,0.02679869525617855,0.39021009743297663,0.0003495772775569226,0.0327621513865207,0.17591206251538394,0.11056514851327655,0.08505024423137293,0.00025,,,,,,,,,
1069,-0.19945447991155457,1.3137539692473785,0.07446745399162139,1.7219575517020802,0.02953475017611666,0.43739292890227643,0.0004186358030493006,0.0372337269958107,0.20388704886112063,0.11766322643448145,0.08826331417292352,0.00025,,,,,,,,,
1070,-0.23721518234639039,1.3528296611664472,0.054373715539592804,1.777058875435917,0.026475334404859937,0.37975854480251514,0.0002986921881973121,0.027186857769796402,0.2410607121628217,0.10988157938630137,0.08425522819906667,0.00025,,,,,,,,,
1071,-0.19038050637374876,1.3008229532691273,0.0778214266895,1.7247042321713597,0.02844675936507044,0.4393675937692684,0.0004175925901055141,0.03891071334475,0.19483451599300894,0.11499122720707938,0.08681144778943599,0.00025,,,,,,,,,
1072,-0.18110332080620817,1.2879204319952855,0.06305372808823756,1.7679668425557162,0.026161305900082036,0.37582183302819155,0.0003335277685768395,0.03152686404411878,0.18491408094664555,0.1089113321010857,0.084870276248976,0.00025,,,,,,,,,
1073,-0.13360135046812902,1.2227614963905444,0.05528180136136969,1.7928975246073566,0.026737275988343245,0.3709918297461362,0.00032073911480175025,0.027640900680684848,0.13736004603266513,0.10953208547375705,0.08536931478757565,0.00025,,,,,,,,,
1074,-0.20345251426559235,1.303045196300088,0.0660810326635034,1.7577503116712851,0.028788520107378035,0.40548500734575427,0.00036526841501012704,0.0330405163317517,0.20756163504264846,0.11524946076489523,0.08743448468459364,0.00025,,,,,,,,,
1075,-0.1111341665608127,1.191510155040029,0.06327090722879347,1.7723773375780565,0.025649443168159078,0.3660486506404001,0.00036284508889894673,0.031635453614396736,0.11484764074509587,0.10751209501494545,0.08552137976088449,0.00025,,,,,,,,,
1076,-0.12552704220646976,1.2116400213929281,0.07498208896584506,1.7406691060966688,0.02773057756036469,0.40618589433649577,0.0004464916821868567,0.03749104448292253,0.12964826380220051,0.1127766918759798,0.08746607456048647,0.00025,,,,,,,,,
1077,-0.18617350503709976,1.2566313908622901,0.05975023130660368,1.7804185498774232,0.02648391105695524,0.3795322034133176,0.00033945476032440786,0.029875115653301844,0.19001990091998824,0.10979785380458068,0.08455124583638782,0.00025,,,,,,,,,
1078,-0.13812198554523167,1.196122236750767,0.07184888743771438,1.7463087146379288,0.027195885699252062,0.392665636190957,0.0003660307204285415,0.03592444371885719,0.14210568974521076,0.11173317144363891,0.08625312331223062,0.00025,,,,,,,,,
1079,-0.086522907509581,1.1541123836844116,0.07241669606468368,1.7500203510717893,0.02741110092069047,0.39704587220690196,0.00037820233971154444,0.03620834803234184,0.0905508568065902,0.11195405087104705,0.08655110401506387,0.00025,,,,,,,,,
1080,-0.21446249799212086,1.281290125991839,0.07145047614950205,1.7412940519601487,0.02732805125369918,0.39740645848083883,0.00038613688637592473,0.03572523807475103,0.21849356212438736,0.11197579352144546,0.08680443873459309,0.00025,,,,,,,,,
1081,-0.23243875415988693,1.3348786103244885,0.06748748253779724,1.7490420629052754,0.026649639618818416,0.3497880820423091,0.00035107357798949863,0.03374374126889862,0.23599137987798785,0.1108333351988578,0.08714333420533493,0.00025,,,,,,,,,
1082,-0.12946861380931257,1.1981692496428913,0.07374798102392979,1.7378509999550427,0.028659498674168997,0.4192636398410242,0.00042033703568310156,0.036873990511964896,0.13371970607859113,0.11470865354181818,0.08787115144212687,0.00025,,,,,,,,,
1083,-0.20694652635896216,1.3408834076984528,0.061706822162249125,1.7701603309589178,0.02641507988898601,0.3578579184565115,0.0003275331197746577,0.03085341108112456,0.21057693588911575,0.10933160178371709,0.08681612280853138,0.00025,,,,,,,,,
1084,-0.14020664664906418,1.231305753886239,0.06405843237632312,1.7732750914629478,0.026139261850010573,0.38204382709927603,0.0003559007215854607,0.03202921618816156,0.1440804058943756,0.10759641454778092,0.08605555012470001,0.00025,,,,,,,,,
1085,-0.14334040829546715,1.2282164792155696,0.06694292268789953,1.7480681791589818,0.02731808268405781,0.40859430483188314,0.0003644079988066413,0.033471461343949765,0.14748094756690955,0.11161831330879332,0.08564283855174284,0.00025,,,,,,,,,
1086,-0.2463462864405302,1.3407622704561803,0.07177984296725415,1.7413332086513977,0.02753126039840089,0.39588364660693665,0.00038834160104498044,0.035889921483627074,0.25036230957618016,0.11242491512677166,0.08635755186079039,0.00025,,,,,,,,,
1087,-0.15440178159532358,1.2321878575533618,0.06515640489978701,1.745011636554312,0.02934830606721977,0.4296909526427078,0.0003550611288268675,0.032578202449893505,0.15875227005185436,0.11740374795344277,0.0881145450026195,0.00025,,,,,,,,,
1088,-0.15758985565494424,1.2319889225768705,0.05787484293811798,1.7750154176523176,0.026886916134860987,0.40272415295168174,0.0003275321145211138,0.02893742146905899,0.16166706008125184,0.10980356561620172,0.08509702474833918,0.00025,,,,,,,,,
1089,-0.13612225527900385,1.2156794759731366,0.07124254313868705,1.7398718263055408,0.028603884567742106,0.43163765675097093,0.0003926466851764089,0.03562127156934353,0.14049557830319767,0.11467250236085635,0.08673632844623495,0.00025,,,,,,,,,
1090,-0.21119893633756043,1.3102607856246498,0.031576694210168496,1.846608027612846,0.024181654634941104,0.29334429813282614,0.00017844110127162997,0.015788347105084248,0.2141684181572826,0.10282897231856078,0.08458674803198078,0.00025,,,,,,,,,
1091,-0.13139796288091865,1.1968959948681028,0.054073233880736246,1.7666132127486445,0.030249663646122665,0.452401558609829,0.0002766055019815778,0.027036616940368123,0.1359694472711046,0.11816452262704007,0.08683318023732745,0.00025,,,,,,,,,
1092,-0.12249316194824213,1.2213151599996408,0.0797856783647376,1.7229088418443506,0.02909950530757653,0.44034062170927624,0.0004446364521973149,0.0398928391823688,0.12695813645745768,0.11596557392438725,0.08819871765445227,0.00025,,,,,,,,,
1093,-0.2667626827265334,1.3967063350186506,0.05309842406972293,1.7788332102593434,0.027396957437740475,0.40995257979181854,0.0002892374612948387,0.026549212034861464,0.27090943844320203,0.11172019412869263,0.08410037373686556,0.00025,,,,,,,,,
1094,-0.21947615553330396,1.3224110638103428,0.06299041412856964,1.7574895592901767,0.027054589664633692,0.37411897377860814,0.0003473823530350369,0.03149520706428482,0.22326988919727758,0.1111527701348247,0.08833858273987003,0.00025,,,,,,,,,
1095,-0.20543358701830325,1.3159855251076156,0.06687186321543111,1.7595278695052392,0.027391735195649983,0.3892797901182068,0.0004012551274690632,0.03343593160771556,0.2093814286810628,0.11047238943014022,0.08779961632554113,0.00025,,,,,,,,,
1096,-0.1354226232866948,1.2057861122038824,0.06652366352890383,1.7490856255601275,0.028629034316435306,0.43673634408673623,0.0004104189612350698,0.03326183176445191,0.1398448436051946,0.11351715465554456,0.08842259645086686,0.00025,,,,,,,,,
1097,-0.11771324894756824,1.2344373800331883,0.056061317481365266,1.7750091795780785,0.028245506814757577,0.43685081251617536,0.0002946135162932476,0.028030658740682633,0.1221304839584294,0.11155233056451716,0.08584906813155924,0.00025,,,,,,,,,
1098,-0.1530575671186712,1.232059742343464,0.06767103441720568,1.7522782825383958,0.02884034979154687,0.4181581402485976,0.000361442897956634,0.03383551720860283,0.15729412125017073,0.11424297895222427,0.08946018825987792,0.00025,,,,,,,,,
1099,-0.18546661097366485,1.2614281554820703,0.06465852014481706,1.758530144137206,0.028937207780198877,0.4251989806757248,0.00034301846815494716,0.03232926007240852,0.1897719455266174,0.11461587819792288,0.08835844252012089,0.00025,,,,,,,,,
1100,-0.22855977120472332,1.3359892848828696,0.04362762712409972,1.80943481551413,0.026781398939169115,0.37121724422201174,0.00022472343021231613,0.02181381356204986,0.23231409904296274,0.10885027958883736,0.08622328984976492,0.00025,-0.16691461787137032,1.2824654600785093,0.17173695715273646,0.07207411373207825,1.7314758891104916,0.030411927184231316,0.47651284997548526,0.0003858965854136858,0.03603705686603913
1101,-0.2122416343434525,1.3425434184453024,0.06274803582746494,1.76985925847354,0.027809028618932963,0.41160094845022566,0.00034211221750772217,0.03137401791373247,0.21641013756062827,0.11133822614967709,0.08815234245566567,0.00025,,,,,,,,,
1102,-0.18717938175566298,1.3054189569824088,0.070931722551112,1.7385712650134062,0.02987361063958798,0.4587005216881834,0.00040464249225016596,0.035465861275556,0.191823284971393,0.11633056113621174,0.0888319241387508,0.00025,,,,,,,,,
1103,-0.06401228534129054,1.1504960708512415,0.07271955519696965,1.7419907244378188,0.029161150784916788,0.469067566594844,0.00041382200062150783,0.03635977759848483,0.06876087891208807,0.11412923525007726,0.08901736269099336,0.00025,,,,,,,,,
1104,-0.17677850445600143,1.2832768035280644,0.06315881985787614,1.753623041967427,0.030646267047204502,0.47018046666669633,0.00030745829497833,0.03157940992893807,0.18153249934596677,0.11774174763305711,0.08845269606690426,0.00025,,,,,,,,,
1105,-0.22018639658246814,1.3060808661777676,0.058864992478956074,1.7586676734529678,0.029546899363393185,0.43098429009742856,0.00030352372438035235,0.029432496239478037,0.2245462938936602,0.11620363335381004,0.08905765349009963,0.00025,,,,,,,,,
1106,-0.27282063802364764,1.4039816118602921,0.07022000870376272,1.7230724042749392,0.030408639241221946,0.44820594988973583,0.0004179134527690878,0.03511000435188136,0.2773592173854673,0.11861325679348315,0.09048713048721779,0.00025,,,,,,,,,
1107,-0.2524458214136642,1.3729592928689085,0.05898181176701735,1.758976817758771,0.028775322848616294,0.41503204965317264,0.00031696972240799134,0.029490905883508674,0.25664639228148106,0.11349732106148526,0.09079030875894922,0.00025,,,,,,,,,
1108,-0.2618303483224317,1.392105331114847,0.05379231948253206,1.7778768006466452,0.028808088285032632,0.41927955797558286,0.00030302079334871114,0.02689615974126603,0.26607084903786865,0.1132023374245953,0.08821824926712064,0.00025,,,,,,,,,
1109,-0.10272614521087814,1.217687649761719,0.07364153865121237,1.7392183495246047,0.030597731937468522,0.5010877296898915,0.00043144849770550487,0.036820769325606184,0.10779554994557497,0.11576892043493606,0.09065095417230234,0.00025,,,,,,,,,
1110,-0.1443942867972912,1.2224880175726498,0.0564565761891554,1.777080808612168,0.028501258163690667,0.41146018293732894,0.0003181286414461249,0.028228288094577704,0.14855806900925966,0.11187536515950942,0.0892152768557746,0.00025,,,,,,,,,
1111,-0.23158957575913552,1.345684461137034,0.0574881823464508,1.780932209220798,0.026673274029832612,0.38067840060018066,0.00032459197580964646,0.028744091173225395,0.23544615909816086,0.10799202234478537,0.08810822834278698,0.00025,,,,,,,,,
1112,-0.21943587690855298,1.331004302828076,0.057860904397729736,1.7743752474863141,0.02717031096985517,0.38149654151564427,0.00029889379892295855,0.028930452198864868,0.2233005054663724,0.10827102926171375,0.0903334526104058,0.00025,,,,,,,,,
1113,-0.2805246752004875,1.4022730719956327,0.03802080096225502,1.8252120306813235,0.02535296601932267,0.3296109456854814,0.00020367639322721155,0.019010400481127517,0.2838600839420625,0.1043768605467629,0.08637938184824182,0.00025,,,,,,,,,
1114,-0.2664261267550341,1.3932956826799638,0.04859664663362648,1.7939705377377277,0.027552202044568208,0.3804983411820593,0.0002560972641603215,0.02429832331681324,0.27027590916819044,0.1101678134793724,0.0887752871295862,0.00025,,,,,,,,,
1115,-0.23491200184330685,1.3449464531157496,0.05908770643813227,1.7848293267029156,0.025789610588803198,0.3675629158817282,0.00033795743124586416,0.029543853219066135,0.2386384027229227,0.10539915932241738,0.08812360980028985,0.00025,,,,,,,,,
1116,-0.23897378294164284,1.3266238132966324,0.047705323057245494,1.790300730620837,0.0274920059429546,0.3773468257224998,0.0002589863675582108,0.023852661528622747,0.24279159673137826,0.10966168267368018,0.08865134216683947,0.00025,,,,,,,,,
1117,-0.0405959969423465,1.0993440017287688,0.07291122311549394,1.750715766335615,0.029851558009451065,0.45998239108968636,0.0004075751926696832,0.03645561155774697,0.045253859374391164,0.11493050722046282,0.09096832724183315,0.00025,,,,,,,,,
1118,-0.11309028443660592,1.181910576310896,0.07057046735465106,1.7590012779007262,0.02795348299560279,0.42101643984188997,0.0003946834482668442,0.03528523367732553,0.1173572709159638,0.11013674276810964,0.0909416863995868,0.00025,,,,,,,,,
1119,-0.17711213240463614,1.2697455661682362,0.06091796979004285,1.7736212925057018,0.0264766197612746,0.3652588913040057,0.00035682920832301636,0.030458984895021426,0.18081648480757953,0.10716973721688419,0.09012668908572435,0.00025,,,,,,,,,
1120,-0.06311998543255892,1.1660500427758533,0.08958913457977591,1.7244085754901342,0.02928067263436633,0.44522659661947017,0.000488614495999884,0.044794567289887954,0.06763917619675841,0.11358151511525291,0.09272761112354887,0.00025,,,,,,,,,
1121,-0.214774762197857,1.3369615990285435,0.07155009439596899,1.7454047932210386,0.028272856846413404,0.40893618714210334,0.0004343414188632633,0.035775047197984494,0.21892169657859684,0.11182845339915251,0.09076550494426786,0.00025,,,,,,,,,
1122,-0.15529361123629087,1.229279996898233,0.07609287193423538,1.7429995248446128,0.0276046107041553,0.4231997078184041,0.000418503234583732,0.03804643596711769,0.15958526977803633,0.11047093012020887,0.08875387912598376,0.00025,,,,,,,,,
1123,-0.12131871323303714,1.2126379386868478,0.06869677040885419,1.7594694114921596,0.028541309694379638,0.424843418078402,0.0003682832392595299,0.034348385204427095,0.1256227733255331,0.11219606762314366,0.09008915352842034,0.00025,,,,,,,,,
1124,-0.012734227573401164,1.0728755914875963,0.08007688877871756,1.7458813499944563,0.02800400972496372,0.43847156616210825,0.00044666250381366647,0.040038444389358774,0.01718090711794969,0.109931384518467,0.09087874164615645,0.00025,,,,,,,,,
1125,-0.1825542195972156,1.2691497926633306,0.06933903945674896,1.7549576461761367,0.027898730107947727,0.4006289582760284,0.00036057229786577824,0.03466951972837448,0.18661633399914468,0.11092096991829652,0.09067742302456076,0.00025,,,,,,,,,
1126,-0.18422090927286427,1.2695876772700303,0.07008064993839302,1.7486238267360736,0.027176290846724207,0.40075588816027397,0.0004014511617591954,0.03504032496919651,0.18828500922932118,0.10946967809767913,0.0894242087195008,0.00025,,,,,,,,,
1127,-0.1556266691021741,1.2574081866268836,0.06533169431999639,1.7761484843480086,0.025129369776966504,0.3476844130418173,0.0003526201768560034,0.03266584715999819,0.1591574667663643,0.10418553122071288,0.08830204303043049,0.00025,,,,,,,,,
1128,-0.15571771109943988,1.241622076390398,0.0572816634770046,1.7951844380423332,0.024085239601682986,0.3226626584670162,0.0002980297054668181,0.0286408317385023,0.15899391065728366,0.10160737689307486,0.08813825643189527,0.00025,,,,,,,,,
1129,-0.26981113097754605,1.3765182099497046,0.06348428719927465,1.7656958757637087,0.026173652441360763,0.3379279054177089,0.0003685290728592533,0.031742143599637326,0.273243494424809,0.10843156131586582,0.08973499840499685,0.00025,,,,,,,,,
1130,-0.08871220343709196,1.1644226756443572,0.07750546934298916,1.7513280065325323,0.02610265920839338,0.3780765846863342,0.00042556628357076745,0.03875273467149458,0.09255349096152782,0.10622083336965585,0.09059904281095991,0.00025,,,,,,,,,
1131,-0.1374913881836622,1.2636216623719427,0.08444334145776852,1.717361941603898,0.02861130116476908,0.44527494428513503,0.0004941993314821143,0.04222167072888426,0.14200847490997326,0.11310855247515034,0.09044751925795469,0.00025,,,,,,,,,
1132,-0.07683956014439275,1.17013204727334,0.083911441055378,1.7389078070823352,0.026276365669387625,0.4064339246683708,0.0004998332571495082,0.041955720527689,0.08096824252224649,0.10664941816460077,0.08927781191654616,0.00025,,,,,,,,,
1133,-0.16209395548652888,1.2462883048703899,0.059306585003676776,1.7993748890342958,0.022785655089476137,0.29981460792112846,0.0003444333161591273,0.029653292501838388,0.16514319294029395,0.09825252406849835,0.08703041345312018,0.00025,,,,,,,,,
1134,-0.19199194119202542,1.2980464916898444,0.07178243450975486,1.7442668122892115,0.026470122243935183,0.38006918029859627,0.00040886295448991323,0.03589121725487743,0.19585005550993406,0.10848510273351847,0.08854540151446225,0.00025,,,,,,,,,
1135,-0.19486168652378744,1.3150180772343452,0.05611497195862669,1.796769513941868,0.022912674638791944,0.30466108366967437,0.0003151423439255529,0.028057485979313346,0.19795747396504215,0.09909618494832614,0.0860800247575181,0.00025,,,,,,,,,
1136,-0.15916145486478647,1.245746852044862,0.06521233826543876,1.7842643606141328,0.024788496230513102,0.339837003002701,0.0003618369275306853,0.03260616913271938,0.1626138920768276,0.10352561597516476,0.08837445684550997,0.00025,,,,,,,,,
1137,-0.25282506178564457,1.3618630679100743,0.048604563942552685,1.8066174668147794,0.023692141539584807,0.3063217680539366,0.0002551197174735445,0.02430228197127634,0.2559331991199981,0.10176959148168495,0.08597677463181097,0.00025,,,,,,,,,
1138,-0.20178998616016505,1.2872732284061428,0.051472197651806204,1.8096902555384202,0.024290768014757404,0.31230751368421383,0.00029283105407549193,0.025736098825903105,0.20495982260892925,0.1021938596080367,0.08824524761773336,0.00025,,,,,,,,,
1139,-0.23715290236525868,1.3380784299472,0.07008839273642486,1.755011552485131,0.025167326691345793,0.35167925025023117,0.0003628683352921066,0.03504419636821243,0.24072591786300696,0.10545392821453878,0.08881684077491507,0.00025,,,,,,,,,
1140,-0.11874685160817673,1.1980500996436871,0.06673475827398058,1.7758323277714216,0.02481965626362222,0.36091861592651453,0.00034669679762157097,0.03336737913699029,0.12241063043783279,0.1030210592019504,0.08806611902978446,0.00025,,,,,,,,,
1141,-0.18760614390085328,1.2827317902966038,0.0722764762404229,1.7480028048883536,0.026505067956882004,0.38722138880766993,0.00042087549346676205,0.03613823812021145,0.1915361848100337,0.10794637014566806,0.08802774006556018,0.00025,,,,,,,,,
1142,-0.18440735525078544,1.2885525674930285,0.06983271393953396,1.7564747880941827,0.02635376049790914,0.39535576077805534,0.00038831599702105314,0.03491635696976698,0.18841727712338693,0.10754704122104913,0.08872425536668563,0.00025,,,,,,,,,
1143,-0.1561623453174546,1.238145208375227,0.06501245229964063,1.776032861054678,0.026926882260511584,0.35742350363135367,0.0003366656272264986,0.032506226149820315,0.15979021356480078,0.10904914338800996,0.09094854778521734,0.00025,,,,,,,,,
1144,-0.3076420273577143,1.4518461040703499,0.05684363882539818,1.7865565467621978,0.025378928320602102,0.3213131334055338,0.00032066424954558804,0.02842181941269909,0.31090465271914547,0.10555820832988784,0.08921683794276422,0.00025,,,,,,,,,
1145,-0.20563337898960993,1.3227379079341075,0.06531766834458753,1.7689089559073778,0.025504262194924396,0.3696575887771012,0.0003354094784046818,0.03265883417229377,0.2093836568958964,0.10450928319317626,0.08822220071188597,0.00025,,,,,,,,,
1146,-0.160297951364051,1.2722934536858812,0.06680210069407887,1.7602550100177812,0.02805204182819199,0.39926931338081606,0.0003635865089883206,0.03340105034703944,0.16434528396339626,0.11096776781850017,0.09117677280754319,0.00025,,,,,,,,,
1147,-0.17057691153213905,1.2755427698606825,0.0718588554463355,1.757158543104418,0.02646538095730025,0.3997454654752909,0.00036366790102551464,0.03592942772316775,0.1746315038790564,0.10709795071213293,0.08984977249398891,0.00025,,,,,,,,,
1148,-0.21164294268338563,1.3362735405429587,0.05945417417916361,1.7867374252120949,0.02445118559362638,0.3403910203581102,0.0003329771421085866,0.029727087089581807,0.21509777711972952,0.10221240594621157,0.08804713709755749,0.00025,,,,,,,,,
1149,-0.17552621819075911,1.2562059457703656,0.06495222459172902,1.7610167318314536,0.027389832490198496,0.3897234223686653,0.00035084432595486125,0.0324761122958645,0.1794770471373195,0.11009918030390574,0.09056265487408521,0.00025,,,,,,,,,
1150,-0.18257622883232208,1.2592404071461707,0.05031418413206953,1.819222762694817,0.024391196381324202,0.3129459803558337,0.00025983576626059467,0.02515709206603476,0.18575163631323602,0.10181457608761,0.089293219156254,0.00025,-0.16539920476728634,1.2818826006823614,0.1695178665156829,0.0729852653951974,1.749847675878934,0.027263195290468847,0.40607621605903477,0.000390847834981533,0.036492632697598684
1151,-0.19464954924993189,1.2595015629252284,0.06858969327300422,1.7516513809172227,0.02748004938819767,0.39137611982112586,0.000384319124610868,0.03429484663650212,0.19861896499983492,0.11044224994797396,0.09042858970469293,0.00025,,,,,,,,,
1152,-0.1548752477945864,1.2147001198780494,0.05569680725408008,1.7947395331630127,0.024596782128956725,0.32966067874196225,0.00029511457576709526,0.02784840362704004,0.1582206015267223,0.10274443703815718,0.08896800590745009,0.00025,,,,,,,,,
1153,-0.22007879479351242,1.3418477252585808,0.050999494515490254,1.805343881085898,0.02421131994801722,0.3190041460992987,0.00030497343300294095,0.025499747257745127,0.22331543917490404,0.10197717740918966,0.08837260624292523,0.00025,,,,,,,,,
1154,-0.1776119008974039,1.270496787012783,0.061967175533201246,1.778685331943116,0.024851177756644686,0.34541926320134164,0.0003416721184494517,0.030983587766600623,0.1811182806916878,0.10303606977683394,0.08854915835350613,0.00025,,,,,,,,,
1155,-0.17543901724889335,1.2564847542709856,0.06696652889404109,1.785002201048415,0.024494520572925192,0.32842553146198467,0.00038930520426952756,0.033483264447020544,0.17877849890201342,0.10161479055926795,0.09042386161073923,0.00025,,,,,,,,,
1156,-0.20591992469565046,1.3091019637741443,0.0591270159854504,1.790683935088326,0.02481859545483799,0.317967715423606,0.00031917799236058875,0.0295635079927252,0.2091502639771537,0.10313448502663386,0.09022393693535999,0.00025,,,,,,,,,
1157,-0.1715805758105607,1.2598733757702554,0.07012259895163653,1.7504778661219977,0.027866820634129638,0.39062046324460736,0.0003909998292342742,0.035061299475818264,0.17554325651943614,0.11045215072990498,0.09203654843254924,0.00025,,,,,,,,,
1158,-0.03310744121653933,1.115809453734079,0.07307163214033893,1.7787056210359466,0.024987477337836145,0.367935903633279,0.00041488842572915514,0.036535816070169466,0.03684527200940996,0.10164366018069636,0.09142307956921458,0.00025,,,,,,,,,
1159,-0.09783335919893511,1.195034805925375,0.07999482893258583,1.7439154210923584,0.02682107243218754,0.4103687715395893,0.0004204697180699512,0.039997414466292916,0.10199868818018891,0.10748204096818656,0.09061441131043405,0.00025,,,,,,,,,
1160,-0.18534404403388877,1.263083834329796,0.05497742068633938,1.8047994765841278,0.024540758739914507,0.3107757385377108,0.00029193515052353683,0.02748871034316969,0.18850025747588015,0.1022906585042856,0.09054524165162259,0.00025,,,,,,,,,
1161,-0.2650298365558301,1.3586327434852494,0.05653687409182008,1.8004672734489349,0.023287266168257208,0.29394152211045227,0.00031737722535709803,0.02826843704591004,0.2680186986589686,0.0994104653786749,0.08878689281062903,0.00025,,,,,,,,,
1162,-0.1682590568269931,1.2928855686906415,0.06434280762396982,1.7840283154861916,0.02562079025301901,0.3599915335514621,0.00035392511564685906,0.03217140381198491,0.17191252310063104,0.10387010150712155,0.09031944183837765,0.00025,,,,,,,,,
1163,-0.18324273677163094,1.2504462879173217,0.05525474509481935,1.7957702699464524,0.02587736384226852,0.33911150085332353,0.0002941386310034368,0.027627372547409674,0.18668237824172107,0.10589673685647305,0.0904878247082688,0.00025,,,,,,,,,
1164,-0.2523186025966726,1.3875120676037827,0.05666321884894132,1.7767433468127773,0.02616221247124216,0.3514122877956173,0.00028632332507702227,0.02833160942447066,0.25588168775077214,0.10664829587428921,0.08988883515480078,0.00025,,,,,,,,,
1165,-0.17260220246693941,1.2587405367436961,0.06599966904183041,1.7726428157598106,0.025748543524776138,0.3829944062710834,0.0003519885672365312,0.032999834520915206,0.17648639267800112,0.10527164538370207,0.08908324363596906,0.00025,,,,,,,,,
1166,-0.23333917948285668,1.3450347956586641,0.05470534780974916,1.7935618338386965,0.024020060471404762,0.30650078837839057,0.0003314851749856817,0.02735267390487458,0.2364527905106337,0.10162854856638287,0.08897465100910812,0.00025,,,,,,,,,
1167,-0.1454793231295196,1.2278172751487153,0.07214060257120762,1.7670953584130182,0.025015805613663775,0.3472561045077779,0.00037321789963674256,0.03607030128560381,0.1490093576084635,0.10318113345656568,0.09072549685740167,0.00025,,,,,,,,,
1168,-0.20973526944305493,1.3651573969136956,0.07207708957709927,1.7467437336627747,0.026738422242131146,0.37884900723397635,0.0004130731379944495,0.036038544788549634,0.2135813962288998,0.1079763129142911,0.0915908052239566,0.00025,,,,,,,,,
1169,-0.18801556348540144,1.2722921257075384,0.05904897214941322,1.7942210626441994,0.025825592592071577,0.3609742288678943,0.0003379880450540701,0.02952448607470661,0.19167615235123206,0.10542009338161751,0.0892778905456093,0.00025,,,,,,,,,
1170,-0.04447028236907992,1.1161491544659743,0.0877539642201227,1.7300203921206252,0.028483880742968506,0.4515771367924897,0.0005234870413345876,0.04387698211006135,0.04905246579344939,0.11057925876671937,0.09247561756009504,0.00025,,,,,,,,,
1171,-0.2014426823074693,1.2943352507642818,0.07233816284795182,1.765055990532617,0.025158522828033377,0.34371283029313016,0.0003850131910948869,0.03616908142397591,0.20493748038364085,0.10358680375693999,0.09084844883213522,0.00025,,,,,,,,,
1172,-0.14331808844878796,1.220796390451476,0.059134031740317776,1.7892327493607525,0.026012290400050816,0.3677573197400705,0.00033392527028438623,0.02956701587015889,0.14704646024225526,0.10493913260070253,0.09004962312579423,0.00025,,,,,,,,,
1173,-0.20177639965523642,1.2931950246582828,0.06678469725554984,1.7679885387428296,0.025704322753866117,0.363488533397293,0.0003585406277871059,0.03339234862777491,0.2054659426295024,0.10462371289658863,0.08957738761999978,0.00025,,,,,,,,,
1174,-0.17786150120746141,1.2745681610588733,0.06896919618074343,1.761026946665917,0.027417217277802004,0.39926974669327503,0.00041982293911951006,0.034484598090371715,0.18191049177134241,0.10909556958864525,0.09143559355558414,0.00025,,,,,,,,,
1175,-0.205391052030695,1.2986375086621624,0.05339896001639101,1.780642865070177,0.026961373700501015,0.38545574766740215,0.00029370581274702344,0.0266994800081955,0.2092930524741554,0.10845574372514455,0.08897044614901693,0.00025,,,,,,,,,
1176,-0.2931450715706335,1.3907405338634895,0.053950987544952075,1.7798865478185286,0.02625487332537405,0.3558691229544122,0.0002961590333625465,0.02697549377247603,0.2967514987497619,0.10741517571788928,0.0881571580743783,0.00025,,,,,,,,,
1177,-0.13244938152195798,1.2384253936248588,0.08689508277381504,1.7237490176615027,0.029240441338877335,0.4272701079248197,0.0004956767946849569,0.043447541386907526,0.13678772440071654,0.1131475210230789,0.09475536432874254,0.00025,,,,,,,,,
1178,-0.16322938530059783,1.2475455709591388,0.05487766147587328,1.7980892804903492,0.0258759339514914,0.3638467112395588,0.00030925824207488615,0.02743883073793664,0.166916364718957,0.10398965833028152,0.09095123615101235,0.00025,,,,,,,,,
1179,-0.16958841008989572,1.2918172754316521,0.06312696503567554,1.7818666390998361,0.027022938964351605,0.397026390980582,0.00036610674447308013,0.03156348251783776,0.17361171721605512,0.10721267942041324,0.09034524962794652,0.00025,,,,,,,,,
1180,-0.08734241315751443,1.183575985499783,0.06955360898090804,1.7582022097368653,0.02812931532932591,0.4282800118103951,0.00041353015275909856,0.03477680449045402,0.0916817074037338,0.10913723261729932,0.09253738674709067,0.00025,,,,,,,,,
1181,-0.14337709508971624,1.2601988859239746,0.07162809824331613,1.751258811859823,0.028461684696881553,0.4441287638971343,0.0003882812253869427,0.03581404912165806,0.1478755921781817,0.1112462259765725,0.09090151030618202,0.00025,,,,,,,,,
1182,-0.14747052755481357,1.241356841143735,0.06075975436752093,1.7736988623298067,0.028685839874349993,0.4213837707950112,0.0003418613808254114,0.030379877183760465,0.15173590074237897,0.11101772659726318,0.0918627443786566,0.00025,,,,,,,,,
1183,-0.15564383104770457,1.2463547707287557,0.07676859649876713,1.7155148689073378,0.03122518743434094,0.49635064617784375,0.000432788815225343,0.03838429824938357,0.16066720484457367,0.11850307569150328,0.0923377270249206,0.00025,,,,,,,,,
1184,0.007877107246276431,1.0483828398401307,0.08443721166632219,1.7125655622699425,0.032115258009170596,0.502781963214406,0.00045391028186473774,0.042218605833161095,-0.002785404249857855,0.11901743747963534,0.09565683575918928,0.00025,,,,,,,,,
1185,-0.14244107985856205,1.22198042387586,0.06786226218266457,1.7324268160110998,0.03344716561379875,0.5477485562713786,0.0003665858551892048,0.033931131091332285,0.1479734866790792,0.12291917453792481,0.09342856331350274,0.00025,,,,,,,,,
1186,-0.11668303380088299,1.2099560754348389,0.09349733196575989,1.6873382683873113,0.03285288034866049,0.548049522297219,0.0004979895957876777,0.04674866598287994,0.12223213096847982,0.12175503738799895,0.09364852553929537,0.00025,,,,,,,,,
1187,-0.2858378084018377,1.413402001594802,0.05343971257534699,1.7701232419383586,0.028164211099769194,0.39750575655848985,0.0002804419422497184,0.026719856287673493,0.28986009147555214,0.11139843384312718,0.08878268702093667,0.00025,,,,,,,,,
1188,-0.18750041418616561,1.3255015288518508,0.0649088510426919,1.754904940066487,0.029168643408799773,0.4590652616188131,0.0003206163762080106,0.03245442552134595,0.1921442764410378,0.1128356389827872,0.08943436763991203,0.00025,,,,,,,,,
1189,-0.1421770740329855,1.2152576392865897,0.06601812428186452,1.7527223302407369,0.0296083386497039,0.4542458416931813,0.00035631147760114423,0.03300906214093226,0.14677363185013664,0.11363109878013357,0.09255564140525016,0.00025,,,,,,,,,
1190,-0.21335278117983209,1.3010462507421825,0.060653181803711924,1.7560130476066336,0.030258153707742833,0.4568998785903735,0.00031371782354754855,0.030326590901855962,0.21797280386534917,0.11643300888676528,0.09044352988574131,0.00025,,,,,,,,,
1191,-0.20808066850843998,1.3299073876420706,0.06782888896892535,1.732530835666406,0.031980805825138334,0.491902430232783,0.0003761257519052757,0.03391444448446267,0.21305469382112796,0.1205802051644499,0.09171837744434325,0.00025,,,,,,,,,
1192,-0.237624092516997,1.3314928702416844,0.06808909285200143,1.7301807724605043,0.029785381465445085,0.4565125462368084,0.00037022848732156603,0.034044546426000716,0.2422442666183889,0.11663082763676574,0.0896821178571476,0.00025,,,,,,,,,
1193,-0.11615063568133002,1.187399322199453,0.06825741852368583,1.7538370339577518,0.02983502631118926,0.4643656076075178,0.0003700268618771367,0.034128709261842916,0.1208496591056254,0.11502221355864908,0.09059050082628045,0.00025,,,,,,,,,
1194,-0.06796706393978179,1.143295149111049,0.07638846990470316,1.7221957793572167,0.032353185508429,0.5262366845411107,0.00042248515347540795,0.03819423495235158,0.07328907182947358,0.12148161917407874,0.09039710481322298,0.00025,,,,,,,,,
1195,-0.1424424502185988,1.2361559798301658,0.07082386706447194,1.7335397802774033,0.03125911518582415,0.5076959428650188,0.0003704915633403792,0.03541193353223597,0.1475758618942174,0.11916972093691278,0.08986526846376267,0.00025,,,,,,,,,
1196,-0.17651964495445177,1.2916566462238253,0.08186057593098409,1.7058762274698882,0.03156293380068012,0.5133225236099628,0.00044063757739626596,0.04093028796549204,0.1817152656165656,0.12014777149428948,0.08983706915269882,0.00025,,,,,,,,,
1197,-0.13220596271711416,1.2018491004364993,0.07156917299308668,1.7463263699810398,0.029137002041538004,0.4337571018920058,0.0004007185963509277,0.03578458649654334,0.1366007887721941,0.11425496478778034,0.0909108117813836,0.00025,,,,,,,,,
1198,-0.13450076485063817,1.2218422752202227,0.07074873284174778,1.7280244900184307,0.03138336009258126,0.5012506382836521,0.00040653014753926943,0.03537436642087389,0.13956999114627114,0.11990417396934103,0.08880534139892071,0.00025,,,,,,,,,
1199,-0.01147411645747183,1.1204988964960236,0.08308577207203088,1.6996794168681923,0.03287444383968131,0.5666110316536261,0.00045839419297048236,0.04154288603601544,0.017203350396142493,0.12329931683602682,0.08942770340646981,0.00025,,,,,,,,,
1200,-0.10983070605073127,1.17364186436317,0.0739513200770907,1.7262288250746138,0.031477959482836944,0.5185950561910962,0.00042537270968447187,0.03697566003854534,0.11507514828802838,0.12015174517832675,0.08849274639023867,0.00025,-0.16712320403194905,1.282558662139499,0.1720797316458325,0.0718060066845751,1.7299263673028265,0.030906461352401864,0.4899479310728393,0.00038460361396988347,0.03590300334228755
1201,-0.03206315301269853,1.0742205720777416,0.06882614561436029,1.7547976144844832,0.030308845748603316,0.4703133258351945,0.0003992880763287873,0.03441307280718015,0.036822240200765785,0.11663449757673167,0.09023401509277544,0.00025,,,,,,,,,
1202,-0.1473563915422869,1.224870809027352,0.05659529649466996,1.7747664328905763,0.029379370427025587,0.41690177734587963,0.0003031191726242729,0.02829764824733498,0.15157448582004818,0.1151918370379238,0.08970100017498935,0.00025,,,,,,,,,
1203,-0.07622697075273575,1.1513128226189964,0.06805193824194919,1.7156861484486918,0.034060198945991736,0.5785715230886683,0.0003662782883512824,0.034025969120974595,0.0820675315971114,0.12692589359069806,0.08852374065087162,0.00025,,,,,,,,,
1204,-0.136007645795705,1.1990915454794229,0.06317084801314256,1.7546094856519694,0.02916599388308813,0.4374620458089108,0.00033977025309493117,0.031585424006571286,0.14043479547518817,0.1154395806166984,0.08836185256956416,0.00025,,,,,,,,,
1205,-0.09141336903226446,1.165629076253065,0.08313150037096348,1.6972770775583785,0.030948143359614336,0.4985773282864694,0.0004319990216967376,0.04156575018548174,0.0964620008263072,0.11958875713796913,0.08953374778556066,0.00025,,,,,,,,,
1206,-0.20349171242240538,1.323569849382996,0.05954063494542311,1.7614456669560163,0.030444500832388123,0.46315620400725066,0.0003234523645059288,0.029770317472711548,0.20817389376026518,0.1175608710802591,0.08875828291682283,0.00025,,,,,,,,,
1207,-0.06458189291625255,1.1200496342441255,0.06703470097753302,1.7598185257907595,0.031146317836387383,0.48255410360811957,0.0003560192666979742,0.03351735048876651,0.0694621096807474,0.11885380036933033,0.08995868341630261,0.00025,,,,,,,,,
1208,-0.24134475503992758,1.364393848435796,0.06755546440224401,1.7369949511964522,0.03101144944518934,0.4817630776540369,0.00037558343834762477,0.033777732201122006,0.24621728933256454,0.1200701062890725,0.08802670788102031,0.00025,,,,,,,,,
1209,-0.12208143259500875,1.2187849429978592,0.07333256328456075,1.7223481556939468,0.03194110687421066,0.5298953128676269,0.00039070446624910553,0.03666628164228038,0.12743818253154673,0.12165406475020676,0.08772750144624214,0.00025,,,,,,,,,
1210,-0.1268950972889758,1.2138589378549092,0.05606735785157887,1.7566683176340314,0.03153051199863307,0.5040143142912348,0.0002961638383551971,0.028033678925789434,0.13198380243237381,0.12067695935436436,0.08622561967678616,0.00025,,,,,,,,,
1211,-0.18814679053822222,1.2767850396484004,0.06756701713639655,1.7260601136637117,0.03061789992331316,0.4578450351216532,0.0003741690355378625,0.03378350856819828,0.19278002668949898,0.11910736602698226,0.08882966306170242,0.00025,,,,,,,,,
1212,-0.08373094810747263,1.1484223978061847,0.06334522454223465,1.7602190989909277,0.029424051720866533,0.4617680025218578,0.0003227611356094737,0.031672612271117326,0.08840113054730832,0.11494942766651703,0.08733698463810569,0.00025,,,,,,,,,
1213,-0.021149798630526597,1.083139787798618,0.08099051869529869,1.7051365937447376,0.031809119141619005,0.5350597441475609,0.00042043838027775875,0.040495259347649346,0.02656214708109009,0.1216610898174374,0.08874183744869682,0.00025,,,,,,,,,
1214,-0.2439696191121447,1.3889832623150706,0.0680010896849309,1.732038302633849,0.03066432199235318,0.4641808364227625,0.0003665333615317036,0.03400054484246545,0.24866641373785642,0.11944960352689002,0.08869419862173628,0.00025,,,,,,,,,
1215,-0.09738149810940283,1.181827289818287,0.08389687189205008,1.7088689835946687,0.03092163161768256,0.5008761209958623,0.00048607578462014954,0.04194843594602504,0.10245415720298957,0.1186122174163268,0.09068378801422537,0.00025,,,,,,,,,
1216,-0.2030705409045495,1.3092508131879332,0.05468806883487881,1.7813230631230317,0.02720680160634055,0.396955913053903,0.00031467419208972794,0.027344034417439406,0.20708840404205817,0.11080521071705089,0.08548843251286878,0.00025,,,,,,,,,
1217,-0.16516909488870923,1.2671505913097378,0.059738015833309295,1.7480656648440875,0.03256704559933092,0.5077475198534327,0.00031548974036289573,0.02986900791665465,0.17029707464921232,0.12380858873589828,0.0871800547873807,0.00025,,,,,,,,,
1218,-0.202295018232539,1.2915734422940979,0.06362993792916596,1.7666681280135892,0.027928059966189238,0.41009837315670006,0.00038204806613658553,0.03181496896458298,0.2064493040950121,0.11267309765140407,0.08650108911697768,0.00025,,,,,,,,,
1219,-0.1477107693490422,1.222951065382127,0.06155134619896438,1.7521620268414664,0.030740896363318934,0.4883160723856655,0.0003361386500277114,0.03077567309948219,0.15264558875276701,0.11898429599236401,0.08610622880174301,0.00025,,,,,,,,,
1220,-0.24574407170516613,1.341861655621402,0.061839900314666636,1.7454547693173317,0.03010555522406834,0.43809524713944287,0.00036364305079247307,0.030919950157333318,0.250177035104919,0.1180250896813807,0.08828328511905148,0.00025,,,,,,,,,
1221,-0.22006861957845514,1.2921852776285727,0.0757045960132895,1.7066174034373236,0.033035085127385094,0.5109579414138379,0.0004135397831907957,0.03785229800664475,0.22523725286246646,0.12604145593722582,0.08979026301491819,0.00025,,,,,,,,,
1222,-0.14345264057781004,1.2401947205124468,0.07639093476203429,1.7100777341381694,0.03446600349955879,0.5595087517467596,0.0004213075969002137,0.038195467381017145,0.149107237415969,0.12783136093821554,0.0901675528563202,0.00025,,,,,,,,,
1223,-0.15932756715124247,1.2216766567818125,0.052175335778391,1.7670571386411633,0.030913515423953847,0.48647935548832716,0.0002994590235928002,0.026087667889195497,0.16423911353563728,0.11934495451493064,0.08549464322584249,0.00025,,,,,,,,,
1224,-0.1386055072238423,1.208921801072953,0.06742591602060918,1.7431428953578478,0.03163040116956498,0.4893748745110577,0.00039708642761024783,0.03371295801030459,0.14355437122019282,0.12113063892984866,0.08861280738660948,0.00025,,,,,,,,,
1225,-0.1850601050992075,1.264548239967366,0.0496995699391182,1.7697400882774197,0.03259116488222383,0.5026262205151669,0.0002835742315113854,0.0248497849695591,0.1901317502325266,0.12312067512747288,0.08642993665274129,0.00025,,,,,,,,,
1226,-0.14300733467204724,1.2121269181508314,0.0578247844098462,1.7526800615658527,0.03094286151028587,0.4723465997382983,0.00031156091046479693,0.0289123922049231,0.14778035547135543,0.11928628658822739,0.08721416745654162,0.00025,,,,,,,,,
1227,-0.16710021209904605,1.251695516848073,0.05013671540534573,1.7673120635425839,0.030806972985213316,0.473368015668197,0.00027552765455573526,0.025068357702672864,0.17187938901061167,0.11896880671990787,0.08638295228774708,0.00025,,,,,,,,,
1228,-0.2352920907129905,1.3690327027985718,0.06058644162297941,1.7441257543551902,0.03190734568053989,0.49119585471085353,0.00030185667651982197,0.030293220811489704,0.24025480230521928,0.1214912145417859,0.0888492892102847,0.00025,,,,,,,,,
1229,-0.1719918835215288,1.2990572531800146,0.060547410601787206,1.746798289037912,0.032417869588808344,0.49809811198838344,0.0003481259443718079,0.030273705300893603,0.17702408758904764,0.12302400201977887,0.08994471681676433,0.00025,,,,,,,,,
1230,-0.17771794270605673,1.2701943488230811,0.06655391270075797,1.7286917015397805,0.03258685583901817,0.5227757680984535,0.0003873739538726666,0.033276956350378986,0.18300013799994577,0.1240324680873189,0.08711772632722252,0.00025,,,,,,,,,
1231,-0.15363361204241394,1.2582908826633887,0.06299455938782861,1.7535277758289491,0.030101079320647116,0.504150588749542,0.0003431278776064695,0.031497279693914304,0.15872758176613766,0.11627421695053584,0.08689900113487233,0.00025,,,,,,,,,
1232,-0.1466173007127211,1.2438694241945643,0.07242999934356263,1.7238877039229545,0.03196648944234416,0.5127929906242722,0.00041445572837339024,0.036214999671781316,0.15180282905295858,0.12155233994102285,0.08925988908975069,0.00025,,,,,,,,,
1233,-0.248424463161385,1.3639410925008348,0.05756549920248704,1.750890625331181,0.030449225704762786,0.45217209427426186,0.00031481740117285145,0.02878274960124352,0.25299562393399394,0.11867665505032443,0.08752879599699298,0.00025,,,,,,,,,
1234,-0.19948898211982152,1.3406009938916594,0.06390976487307942,1.7220038560951014,0.034343697700223656,0.5577826760365606,0.0003688332425571329,0.03195488243653971,0.2051196721336102,0.12806103747332873,0.08792809440657551,0.00025,,,,,,,,,
1235,-0.17407671530022126,1.2524866080727208,0.07232671951650829,1.7119440966310868,0.03311814902446629,0.5228288208723171,0.00039400284626455503,0.036163359758254146,0.17936222633813165,0.12521214703938785,0.08902881353595246,0.00025,,,,,,,,,
1236,-0.14444224822251273,1.2436318196698932,0.07178791365969574,1.724552506915599,0.031505253942440914,0.5062390213693482,0.00038498279489678,0.035893956829847876,0.14956162774605414,0.12109843486020898,0.08826286977232654,0.00025,,,,,,,,,
1237,-0.12322771644543293,1.1789727940453296,0.05790894505489314,1.767688623423541,0.031145150760509083,0.4779625034356001,0.00033106325562396306,0.028954472527446574,0.12805728347110684,0.12008149370586045,0.08807688962034364,0.00025,,,,,,,,,
1238,-0.1674744807008473,1.2562303391321978,0.06252139022746317,1.7431119637976282,0.03185409738917113,0.49139404613212556,0.00034678083720732916,0.031260695113731585,0.1724405807852923,0.12198100917789437,0.08855566352203642,0.00025,,,,,,,,,
1239,-0.24376648876602502,1.36424691159483,0.0597056332492413,1.7555340632987595,0.029526802476471176,0.42515096195738455,0.00031011506529860053,0.02985281662462065,0.24806850769350944,0.11642363049243018,0.08808194763756405,0.00025,,,,,,,,,
1240,-0.23693013078473704,1.3606557255118912,0.06483315582873253,1.7397918343203653,0.0298013470929003,0.46022708554773417,0.00036312238142924004,0.032416577914366265,0.24158584736028624,0.11722627567561057,0.08648042387250075,0.00025,,,,,,,,,
1241,-0.19153232318057123,1.2929736372928673,0.05196031381572076,1.760073271432094,0.031267485293335305,0.47638640727144477,0.0002820399707600574,0.02598015690786038,0.19634258854261546,0.12088416814792109,0.0862214449678437,0.00025,,,,,,,,,
1242,-0.2068732623937991,1.3089977658979437,0.0671149109687387,1.7464591665784128,0.0299979443997942,0.45977331697466584,0.0003531935836835996,0.03355745548436935,0.21152554954653274,0.11756096754812023,0.08761704046317337,0.00025,,,,,,,,,
1243,-0.25682837496676203,1.3532710308344398,0.054194823475944655,1.7665797446338916,0.02950662318674474,0.4496662023005379,0.0002856525619398172,0.027097411737972327,0.26137265672457116,0.11652920504022639,0.0847065251213272,0.00025,,,,,,,,,
1244,-0.126179992213469,1.1913857981148221,0.05165049114203876,1.7815865858758928,0.030286129507643204,0.45535127646077034,0.0002942888533263967,0.02582524557101938,0.13078008897803978,0.1170206205042143,0.08720130109512028,0.00025,,,,,,,,,
1245,-0.16327070184770018,1.2409635228448201,0.057987519232550355,1.758636273209068,0.03040773571132415,0.46850496318752943,0.0003145125128802941,0.028993759616275178,0.16800547672705263,0.11821564689098943,0.08689664467071362,0.00025,,,,,,,,,
1246,-0.16012432625153394,1.250182000842078,0.06733763212879268,1.7540862823570997,0.028240759734440637,0.4318677279328599,0.00039158528620762424,0.03366881606439634,0.16449812906261257,0.1128665981423877,0.08556302266405807,0.00025,,,,,,,,,
1247,-0.20131863469027103,1.3146206727288523,0.06928435132364907,1.7301114649735485,0.029941105332612482,0.4640185413375764,0.00035617413061393634,0.03464217566182454,0.20601432513526455,0.11807378168398976,0.08649239711250817,0.00025,,,,,,,,,
1248,-0.121539181114574,1.2272954296941914,0.06934571204846919,1.758734916493775,0.027041208192456742,0.4213155449727053,0.00039086217250658634,0.0346728560242346,0.1258085053912153,0.10956138224837042,0.08610769185967446,0.00025,,,,,,,,,
1249,-0.17188863144920757,1.2500799437708077,0.06438823152778206,1.7650871732269247,0.0271790925128403,0.39756458580257603,0.0002986792383870245,0.03219411576389103,0.1759171090871134,0.11080235277222428,0.08677901954094877,0.00025,,,,,,,,,
1250,-0.10791649899137354,1.1693940165158319,0.0722742576692165,1.7396766565288033,0.027839465847004106,0.4313765630902697,0.0003765846558035999,0.03613712883460825,0.11228756436423419,0.11200123106406534,0.08667180816491672,0.00025,-0.16643845054911066,1.282059495797039,0.171051082393152,0.07219750085957607,1.734041644210532,0.02947746113514662,0.45553257511225254,0.0003866926046916299,0.03609875042978804
1251,-0.19474888942304922,1.3094920483258647,0.05668678598899955,1.774759530041211,0.0287067152800368,0.4244155505148913,0.00029404487694521103,0.028343392994499776,0.1990420763652625,0.11471277586443356,0.08566639408695727,0.00025,,,,,,,,,
1252,-0.14741249675423365,1.2297511922877407,0.061238900346656314,1.761881500406072,0.0279986894528388,0.41110634762819476,0.00035892655863459385,0.030619450173328157,0.15157538776127932,0.11272715320427118,0.08623064842705691,0.00025,,,,,,,,,
1253,-0.171173177049782,1.240028245912082,0.06080027014621048,1.7660527533232462,0.027635536568008497,0.3923420896079206,0.0003349291937190994,0.03040013507310524,0.17514800790040475,0.11181066803305867,0.08623840939386951,0.00025,,,,,,,,,
1254,-0.08277109687171962,1.1608316243203416,0.07391579887704247,1.7453286139119195,0.027800227494092687,0.43561930860679177,0.00042196940647314877,0.036957899438521236,0.08718592083742993,0.11130352995813185,0.08749793102741639,0.00025,,,,,,,,,
1255,-0.17944865444582275,1.2667329542101373,0.059019926120350195,1.7784952980502575,0.02662314947000473,0.3604273375589847,0.00030572913779114484,0.029509963060175098,0.1831032800288312,0.10887937807427722,0.08778101461390478,0.00025,,,,,,,,,
1256,-0.1976566934160624,1.2927229509911577,0.059163893812666506,1.7678696654281425,0.027460819863541423,0.3776687906487307,0.00031028374577658205,0.029581946906333253,0.2014837448035681,0.11103062066647502,0.08782655423213775,0.00025,,,,,,,,,
1257,-0.14545684609502457,1.2153161958780268,0.05861832272832442,1.7796793706800997,0.025797882617717493,0.3592608499080753,0.00028883136344226774,0.029309161364162208,0.1490994488628107,0.10674088410129995,0.08585386153226539,0.00025,,,,,,,,,
1258,-0.2504572350179999,1.3466966669790352,0.07183582342132513,1.7404095069790513,0.028453978875500375,0.43019494359562727,0.0003689664345613337,0.03591791171066257,0.2548161961250822,0.11407140924049475,0.086955470582638,0.00025,,,,,,,,,
1259,-0.23533355249081384,1.349636397448652,0.06131428238309068,1.7683821278815335,0.027475248340646227,0.3588458922228287,0.00031835553180509197,0.03065714119154534,0.23897353593083054,0.11108148215203464,0.0890299035680108,0.00025,,,,,,,,,
1260,-0.18974804323740355,1.2845645577282339,0.06112061424633497,1.7727363638078288,0.026220307487301156,0.3864091767041643,0.00033299010331002375,0.03056030712316749,0.19366375257623955,0.10750798108658782,0.08587269157144536,0.00025,,,,,,,,,
1261,-0.15680404275881862,1.2924958028448132,0.06857671590886841,1.763347916518853,0.02636306396918123,0.3736280589747272,0.00036174075229312053,0.034288357954434204,0.16059586259320846,0.10747182653908917,0.08910395747624528,0.00025,,,,,,,,,
1262,-0.14450969872991887,1.2236380378556189,0.07728051721905674,1.7259569617116277,0.027687067343457317,0.40254528339255014,0.0004386008104537763,0.03864025860952837,0.14859543740017556,0.11165051283478336,0.0897713477578377,0.00025,,,,,,,,,
1263,-0.06961007570967681,1.124134404566532,0.08435251991056221,1.742966791689086,0.026337841759131585,0.41292904953389087,0.00048208619589800437,0.042176259955281105,0.07380379299484686,0.1071823190320956,0.08837874206180345,0.00025,,,,,,,,,
1264,-0.0984914647544092,1.1758603834209576,0.058932973072580594,1.7972562809519599,0.025247829623516422,0.34509990868476614,0.0002992871038737582,0.0294664865362903,0.10199289576164142,0.10375972019567388,0.0891821522116805,0.00025,,,,,,,,,
1265,-0.3743142911136126,1.5684586516331738,0.05509895348114231,1.7750499858244857,0.025965920137227805,0.3470659114531267,0.0003035454283607049,0.027549476740571156,0.3778332856590263,0.1074900619561032,0.08557143265074982,0.00025,,,,,,,,,
1266,-0.08885427499949036,1.155564902837702,0.070729683669703,1.7482863820787626,0.028633302366566797,0.43021320231972715,0.0003634749617008225,0.0353648418348515,0.09321288947796029,0.11251994566668518,0.089904748882454,0.00025,,,,,,,,,
1267,-0.1581236056640694,1.2113137115059622,0.04991495414890737,1.8089169817415587,0.025165091909494657,0.33386538805974597,0.0002828137677758425,0.024957477074453678,0.1615081343292365,0.1043517821192012,0.08819375182385839,0.00025,,,,,,,,,
1268,-0.1735926128142109,1.2871412317804771,0.05549074050303514,1.791009630923281,0.027116845463429906,0.38379166518898095,0.0002867392485514363,0.027745370251517566,0.177479052325147,0.10834768227547975,0.08903271495537807,0.00025,,,,,,,,,
1269,-0.15711566079082429,1.2598418547288839,0.06695354048266108,1.7604883288362516,0.027334718874281388,0.415213223586021,0.00036833820887244593,0.03347677024133054,0.1613225580623029,0.10951037281080539,0.08849715187464284,0.00025,,,,,,,,,
1270,-0.09896660943364628,1.177488740798435,0.08232839481905577,1.7217977749030395,0.02994202787274123,0.46046534224751323,0.00045527658100900557,0.04116419740952789,0.10363419779709006,0.11603269634105565,0.09082121651101027,0.00025,,,,,,,,,
1271,-0.1433602099391739,1.2337599991484347,0.06619885717712502,1.7547344727185727,0.02906156109518763,0.44722323806258457,0.0003712153142931861,0.03309942858856251,0.14788680124625847,0.11317126557968431,0.08926481378472519,0.00025,,,,,,,,,
1272,-0.08313130120531313,1.1624643622702284,0.0715807881438472,1.752099501920145,0.028746401941496073,0.45761130343353856,0.00041095080277645863,0.0357903940719236,0.08776483513676742,0.11226568008209471,0.08854782156312704,0.00025,,,,,,,,,
1273,-0.19501988020393743,1.2468143724727117,0.05047835977143207,1.806045536988003,0.025099545003326233,0.33773840212313205,0.0002788920747374614,0.025239179885716036,0.19844335278117176,0.10393772214977422,0.08797425777457184,0.00025,,,,,,,,,
1274,-0.2179643600416425,1.3008777172833168,0.0585847507951021,1.7795026665216866,0.026850221619275413,0.36777128046650376,0.00032853132803300453,0.02929237539755105,0.22169244556165063,0.10878760239048799,0.08893636999386578,0.00025,,,,,,,,,
1275,-0.25229551166646647,1.343209625151148,0.06415385906699392,1.7327355180013169,0.030115061608048256,0.4307761519726985,0.000365324033306949,0.03207692953349696,0.25665633071124,0.1174854432912705,0.08988847068970263,0.00025,,,,,,,,,
1276,-0.09551164071336135,1.189638788952189,0.08153116595078588,1.7139898838225611,0.030364398819190813,0.48565018429491097,0.0004676492418191179,0.04076558297539294,0.10043072453054225,0.11657977995109188,0.0903617751544087,0.00025,,,,,,,,,
1277,-0.14072644017040034,1.2254791301170855,0.07146004105180516,1.7351241579717094,0.029698154157067332,0.45232862432260834,0.0004027857308826038,0.03573002052590258,0.14530683553304086,0.11567976882342032,0.09039730785811609,0.00025,,,,,,,,,
1278,-0.12539821820435712,1.2229574075711103,0.07023260637368771,1.7520855886362574,0.02883472355251225,0.4595399293347164,0.0003921557251329188,0.03511630318684386,0.1300501762140288,0.11298948112412122,0.08906525200499806,0.00025,,,,,,,,,
1279,-0.1045164275831256,1.1875714900542929,0.08134833436662751,1.724919133044853,0.029751696231743795,0.4601069081832956,0.0004832317281686225,0.04067416718331376,0.109180252340754,0.11534988751809577,0.09080235238641873,0.00025,,,,,,,,,
1280,-0.12818648847169326,1.2107109320278413,0.07589807023384683,1.7365290279057766,0.030025457832953843,0.46037712027015304,0.0004303291474660933,0.037949035116923414,0.13284987729126543,0.11572254222816727,0.09044434969480984,0.00025,,,,,,,,,
1281,-0.174531834116262,1.266107255525967,0.06769994859578021,1.753791161174679,0.027062015801765767,0.38568675592060286,0.00038326447094032647,0.033849974297890106,0.17844392220608707,0.10922605670969432,0.08938994779748159,0.00025,,,,,,,,,
1282,-0.1232268052821678,1.1893060296569617,0.06645098020777496,1.7565187534397912,0.0291781155810191,0.45394439590695684,0.00038133609621570665,0.03322549010388749,0.1278208532798378,0.11413870573416399,0.08875958854814098,0.00025,,,,,,,,,
1283,-0.21714104302534726,1.314860062091436,0.049305218620640204,1.7983385423299665,0.02686637099834216,0.384875650337147,0.00029642945068442843,0.024652609310320102,0.22103539981795917,0.10869960414645932,0.08596603249084094,0.00025,,,,,,,,,
1284,-0.2591149884527528,1.3547152623280563,0.05853619052500025,1.7720512699026756,0.026090144917910535,0.3897971657960341,0.0003226556206924469,0.029268095262500123,0.26306317527488154,0.1076463183552786,0.08495192643799877,0.00025,,,,,,,,,
1285,-0.15773726789197207,1.278552954455161,0.05845249283446824,1.7723646112181208,0.027215668085457067,0.3667098936325558,0.00031595866172965883,0.029226246417234116,0.1614544763074443,0.1092746534839556,0.0899839588175971,0.00025,,,,,,,,,
1286,-0.17759736091981237,1.2621342409359402,0.0682177289154503,1.7669286235103285,0.02761995537705935,0.40593188377995837,0.0004187167307814559,0.03410886445772515,0.18171264507561258,0.11106386348353023,0.0893607123510952,0.00025,,,,,,,,,
1287,-0.05117007962788826,1.1154210497221557,0.06965873736409599,1.7538797613006396,0.029631394635801635,0.4629414480737435,0.0003913339777655572,0.034829368682047994,0.0558557756146984,0.1148534390203963,0.08938616111665025,0.00025,,,,,,,,,
1288,-0.17088044287564902,1.2485004176682994,0.0659238407636374,1.7491704982595437,0.028713258405246654,0.4265554252467236,0.00038445138017868276,0.0329619203818187,0.17520029526728245,0.11401265769404774,0.0881083639981236,0.00025,,,,,,,,,
1289,-0.29028326507799396,1.4108706175614374,0.054433806541674366,1.7808700498696428,0.026772786727870618,0.36173785880590625,0.0002863763534405304,0.027216903270837183,0.293948533033357,0.1090756110458537,0.08733064577457911,0.00025,,,,,,,,,
1290,-0.08072415523729942,1.1607798139882204,0.06289200696761887,1.7690892848933821,0.02887151097241513,0.4477465445225137,0.0003313824753046464,0.03144600348380943,0.08525407140361035,0.11300165286599653,0.08769966361958356,0.00025,,,,,,,,,
1291,-0.1601114321957916,1.2761991521488822,0.0698794055565436,1.7302387733347857,0.02972599723790359,0.47889927938827054,0.0004052684237910053,0.034939702778271804,0.16495671976442383,0.11579892498005756,0.08688321176197987,0.00025,,,,,,,,,
1292,-0.07461701726794792,1.1508687018120916,0.07909198411410168,1.7272654053496064,0.02903278125949256,0.4704639410328648,0.00042859029026246805,0.03954599205705083,0.07938276122728972,0.11415996647874038,0.0881400898848331,0.00025,,,,,,,,,
1293,-0.24584956803888466,1.3653530880198281,0.058692331207075704,1.7595854863074931,0.02929376304066446,0.4372364187396525,0.0002997733952342332,0.029346165603537852,0.2502718719807001,0.11507181838742431,0.08674054633580036,0.00025,,,,,,,,,
1294,-0.20603054262383708,1.363454466931544,0.0741971988742764,1.7256405517896787,0.030407156508402575,0.46047544236244536,0.0004181880417889562,0.0370985994371382,0.21069383393283445,0.11786170639179282,0.08977129427153299,0.00025,,,,,,,,,
1295,-0.09448714279028984,1.154880479413636,0.08055303606647979,1.7177502948806367,0.030284953926187467,0.49340671768210076,0.00042769647196903366,0.040276518033239894,0.0994829409528126,0.11754819295171029,0.08907245791011323,0.00025,,,,,,,,,
1296,-0.11248961373817215,1.2197529780318725,0.08237064844269987,1.7205050744839148,0.029713525724853966,0.46431471838942334,0.0004567911019288087,0.041185324221349934,0.11719571920805189,0.11644557870903016,0.08901160654909626,0.00025,,,,,,,,,
1297,-0.21214149281829664,1.324545862165236,0.053083759055901264,1.7876675942103348,0.027657289112673573,0.3909589006434381,0.00029785283053802706,0.026541879527950632,0.21609847890850645,0.1118738247605061,0.08688820161450597,0.00025,,,,,,,,,
1298,-0.17711558256311796,1.3014122554247796,0.06696037197407297,1.7656613837928776,0.02605881725696404,0.39011316181820715,0.0003687124560666727,0.03348018598703648,0.18107153810568566,0.10690279658066222,0.08640747340408345,0.00025,,,,,,,,,
1299,-0.07868238157245404,1.1679540351602267,0.06802296334025942,1.7692933145598253,0.027005042717492756,0.38737522118517315,0.00037261548040172835,0.03401148167012971,0.08261156435392551,0.10884614490292932,0.08934221619771729,0.00025,,,,,,,,,
1300,-0.0357938269583427,1.1439871443094416,0.09002963277043242,1.701748904163693,0.029894283590203435,0.4899467609755608,0.0005063463688975804,0.04501481638521621,0.04076039033721413,0.1164290840851887,0.08905207719999436,0.00025,-0.166525808396334,1.2824948868210528,0.17099626004906932,0.07225453543440719,1.738074507239562,0.028847564352538775,0.44130759851209755,0.0003867654824772298,0.03612726771720359
1301,-0.12939492388229257,1.2539765440276616,0.06942094650251615,1.7479581908401665,0.0292588254740554,0.4577440572025727,0.0003775298396232972,0.034710473251258075,0.13402832980787416,0.11492922218107765,0.08670395926511637,0.00025,,,,,,,,,
1302,-0.1060025647758413,1.2107854604224595,0.07359158266244684,1.7432413464447964,0.028972684225971428,0.44212163549863237,0.0003957913273205066,0.03679579133122342,0.1104819672488965,0.11470466011566817,0.08929633220063067,0.00025,,,,,,,,,
1303,-0.2699653921023247,1.3960768002303232,0.06540427240410465,1.7421901943209246,0.029421851344120287,0.4385597779604238,0.00035334963733116227,0.032702136202052326,0.27440464741644743,0.11619918249891059,0.08719624438770704,0.00025,,,,,,,,,
1304,-0.06885984685694402,1.1269267915423269,0.06657027039807355,1.7528120497316895,0.029129831463488885,0.45271407231919286,0.00038044534811490147,0.033285135199036774,0.07344160528931346,0.11419418316222119,0.08808661218741998,0.00025,,,,,,,,,
1305,-0.21565212833895525,1.3178564815978078,0.068128481374427,1.7619853317951595,0.02698570176361995,0.36327770665315284,0.0003894096164798192,0.03406424068721349,0.21934048359565672,0.11046177465739876,0.08829816266390494,0.00025,,,,,,,,,
1306,-0.1537850055958743,1.2171115401867314,0.07633955803318421,1.7169110493234345,0.030066684492874814,0.45106177322138485,0.0004348812478379632,0.038169779016592104,0.15835531103007636,0.11792497475140731,0.08982172303226144,0.00025,,,,,,,,,
1307,-0.1533904225541308,1.266063445951825,0.06858376145756792,1.7443908681808713,0.029928622742719645,0.4469405118564812,0.00038196221644372683,0.03429188072878396,0.15791538308427064,0.11686919321165548,0.08921018879060555,0.00025,,,,,,,,,
1308,-0.07966767820489955,1.1681563352463329,0.07010159345023723,1.735736614510095,0.030265631546384786,0.4831695060644683,0.0003448911533079159,0.03505079672511861,0.08455523033994755,0.11745866714957373,0.0868966758795287,0.00025,,,,,,,,,
1309,-0.07766713830780492,1.1364660500332873,0.07398720462012529,1.721706598291768,0.03125498418964147,0.5098392633220032,0.0004295398190220851,0.03699360231006264,0.08282403700750815,0.12037340862028023,0.0884033049245613,0.00025,,,,,,,,,
1310,-0.1220758895148394,1.2101446941782947,0.07545267317757101,1.7253496974546734,0.03124981754794639,0.4860304551496829,0.00045123154159087676,0.037726336588785506,0.12699568621531546,0.12023899006232655,0.08901001765945177,0.00025,,,,,,,,,
1311,-0.040523367441272884,1.0947917234204516,0.0875159783795445,1.704805860213515,0.030696559823977766,0.5132730929198183,0.0004790961802233063,0.04375798918977225,0.0457216953800652,0.11848011994893107,0.0890034947505639,0.00025,,,,,,,,,
1312,-0.12005484994603774,1.1920586804857485,0.06333395034567255,1.7445159119817915,0.030902081276426904,0.4854044865137431,0.0003825899693718968,0.03166697517283627,0.12496183284516155,0.11923778202372597,0.0864750352786836,0.00025,,,,,,,,,
1313,-0.2181419503677031,1.3524083826118347,0.05988134068937537,1.7485056322516435,0.030072549144472938,0.45343250509492417,0.0003216011693620688,0.029940670344687684,0.2227269171570132,0.11757426592177782,0.08670095959701055,0.00025,,,,,,,,,
1314,-0.07654183984343745,1.1369666978786286,0.055572617240444586,1.7754410035173482,0.030779514774172123,0.48000880354239295,0.0003256978136337021,0.027786308620222293,0.0813907255756531,0.11815492852882589,0.08678907808196099,0.00025,,,,,,,,,
1315,-0.17773723156559332,1.2562375078873358,0.07536495153933134,1.6951514183344945,0.03333260307216474,0.5287399273236424,0.0004202589973726293,0.03768247576966567,0.18308346741875647,0.12607255972846387,0.08909637027599576,0.00025,,,,,,,,,
1316,-0.1584536005452325,1.2709393829815223,0.06378065042238423,1.7355328643729746,0.03315074844837396,0.5450742373248729,0.00036033862361460687,0.031890325211192116,0.16395719195857228,0.12439201366676009,0.0870426626650167,0.00025,,,,,,,,,
1317,-0.216933889278496,1.3637863621833102,0.061313192065436506,1.729928113869005,0.03234020087694328,0.5078908697852369,0.00034232193606517446,0.030656596032718253,0.22206417707288043,0.12339481429791925,0.08697595110601922,0.00025,,,,,,,,,
1318,-0.294555369060563,1.4275130031080687,0.049183746583932944,1.7588090358425545,0.032671021029595196,0.4992538977586502,0.0002497480723085846,0.024591873291966472,0.29959258548252293,0.12421718503634879,0.08627150441248674,0.00025,,,,,,,,,
1319,-0.1062054724941571,1.1780952541918945,0.0779647819149839,1.6761682573045749,0.03774842827249318,0.6774186701082607,0.00044908347569971814,0.03898239095749195,0.11303989410352724,0.1362084040118898,0.086829842895826,0.00025,,,,,,,,,
1320,-0.16860073982358753,1.2487017019524012,0.05551048728401477,1.7466445984113217,0.03484672751290299,0.5406855471180372,0.0003206956885032417,0.02775524364200739,0.17405602394127903,0.12895696913548443,0.08826342843844212,0.00025,,,,,,,,,
1321,-0.19520356768507888,1.2861352221300824,0.05806485102881691,1.7294577059166931,0.03604421049868067,0.5850678771640552,0.0003280398681459974,0.029032425514408454,0.20110385385797447,0.13165913624865724,0.08717028899816692,0.00025,,,,,,,,,
1322,-0.12066479230159309,1.191882832691347,0.06709526039343505,1.713821739076378,0.03729245708500696,0.6223911983622588,0.00036482020139515974,0.033547630196717526,0.12694303833481713,0.13446709992045294,0.09001074693704855,0.00025,,,,,,,,,
1323,-0.004513651090553416,1.0603755336818774,0.08438715743321434,1.664839458153105,0.03999021702922821,0.7226781502839309,0.0004736239780659485,0.04219357871660717,0.011804010806471525,0.14050406701188908,0.09002678477600502,0.00025,,,,,,,,,
1324,-0.23981463212914084,1.335196209661825,0.049081237083695224,1.7365118119973506,0.03788231128343654,0.6042652167942557,0.00026865184312359277,0.024540618541847612,0.24590187655217646,0.13641360370593983,0.08671729577971479,0.00025,,,,,,,,,
1325,-0.2658814537163877,1.3893635728384304,0.07031922487828607,1.6970944551627418,0.036217163887382706,0.5657728502122615,0.00037582431610354706,0.035159612439143034,0.27159507101866215,0.1328950706468359,0.09122273111091767,0.00025,,,,,,,,,
1326,-0.3037936606501279,1.4455007973018024,0.05043109308745193,1.7252486159652656,0.03827015562715883,0.5984545355720097,0.00028425726801652526,0.025215546543725965,0.3098235166112316,0.1373047940079099,0.08872831491533514,0.00025,,,,,,,,,
1327,-0.11623696328520873,1.2029519883068092,0.06547727282025076,1.6888203565567563,0.040566428495495716,0.7015300492223663,0.0003328708934283544,0.03273863641012538,0.12330521932634236,0.14269590080721511,0.08802221401317195,0.00025,,,,,,,,,
1328,-0.17051575232345476,1.2551352164098384,0.07815123415777044,1.6636555563085786,0.040480965402444655,0.675932609543088,0.00043723177811385487,0.03907561707888521,0.17733516290930873,0.1431129038485559,0.09078831243147104,0.00025,,,,,,,,,
1329,-0.07678368002854008,1.146447006562441,0.08638585950982688,1.6657970386872776,0.038283504411247664,0.6759397087461179,0.0004656945549856269,0.04319292975491344,0.0836075849616929,0.13682177283194205,0.09161037159709384,0.00025,,,,,,,,,
1330,-0.11370087179252211,1.195682660344676,0.05376969007586885,1.7209353630359074,0.041132471386334704,0.6930680691148583,0.00028233085698191833,0.026884845037934424,0.12067846999090878,0.14339477252526597,0.08782952148955427,0.00025,,,,,,,,,
1331,-0.11441710185221418,1.20319873757261,0.06063056309692272,1.719833440317776,0.037662594953784656,0.6259597173990796,0.00036014992705935467,0.03031528154846136,0.12072781414142719,0.135258625257377,0.08891954084932799,0.00025,,,,,,,,,
1332,-0.09540913365767345,1.1776494105556192,0.07851393006992352,1.6940899418447903,0.03707476744465425,0.6316399381460353,0.0004374716696646671,0.03925696503496176,0.10178610562028384,0.1334299877407346,0.09042213865327414,0.00025,,,,,,,,,
1333,-0.12582838537401791,1.2195778128391748,0.05951157906840722,1.7216982556938614,0.036841773916734884,0.6224675843795933,0.0003427461204038737,0.029755789534203613,0.13210346145110902,0.13318355204365734,0.08770801202093878,0.00025,,,,,,,,,
1334,-0.20697264735143855,1.290895763669897,0.0502812959193332,1.7621240584797433,0.03364471166891652,0.5122062613779585,0.00028015522069357196,0.0251406479596666,0.21214027340596955,0.12540020525907378,0.08769727332022544,0.00025,,,,,,,,,
1335,-0.156263610715113,1.2175588829955126,0.0603020564412069,1.7238995314523708,0.036940731474981614,0.6025068567421155,0.0003183423725759384,0.030151028220603455,0.16233925272979505,0.13382679760774555,0.08958703707262859,0.00025,,,,,,,,,
1336,-0.14548525019394132,1.216663604607937,0.07525691440654346,1.689304873269306,0.037563973011190535,0.6259271163389017,0.0004151897139995454,0.03762845720327173,0.15180319476040632,0.13572825413072534,0.09017048958254568,0.00025,,,,,,,,,
1337,-0.15775244698956709,1.2637068583474236,0.06688621513229406,1.7006770178685535,0.03749145405099982,0.6340730576882709,0.0003836146245647243,0.03344310756614703,0.1641474635904403,0.1351209050322406,0.09004257879480995,0.00025,,,,,,,,,
1338,-0.19544631554737926,1.2782764513154712,0.05401114029900716,1.747066971265162,0.03373991645508741,0.5249352999713375,0.0002820329996198117,0.027005570149503576,0.200742965116951,0.12599158167082314,0.08732063777925093,0.00025,,,,,,,,,
1339,-0.031855482547701035,1.1054050762790004,0.07647187383492034,1.6732617229241695,0.03964099322984846,0.7219588653600462,0.00041307281109602184,0.038235936917460175,0.03913417048355916,0.13993455166034013,0.08922939512831696,0.00025,,,,,,,,,
1340,-0.13075142664286712,1.2254890216174017,0.07281877722302377,1.6895085970649404,0.03826480333388117,0.6386704292338563,0.0004092768752591611,0.036409388611511884,0.13719552817854042,0.13630010985012692,0.09112579881792848,0.00025,,,,,,,,,
1341,-0.1549036817154772,1.2391296341646831,0.06838609962748847,1.7197863777948474,0.03452983072684695,0.5886631753790235,0.00037467050347627284,0.034193049813744235,0.16084545108789386,0.12772890670793519,0.08757636093492388,0.00025,,,,,,,,,
1342,-0.08183746664222286,1.1432679739180762,0.06702707443726283,1.719844466382309,0.03586772567308057,0.6082611213475227,0.0003467477361320802,0.033513537218631415,0.08797425731494186,0.130557830634609,0.08690947832539489,0.00025,,,,,,,,,
1343,-0.16739707322714675,1.2510742667258452,0.058459550721896514,1.7336969066177685,0.03586298436492359,0.5728213514758131,0.00030783467399222384,0.029229775360948257,0.17317493183307195,0.13056258728322687,0.08884509290895348,0.00025,,,,,,,,,
1344,-0.2271357633631581,1.3343825571150911,0.04498594208311089,1.757276819526905,0.03395502360119919,0.537863752180572,0.00022526289156582437,0.022492971041555444,0.2325567192531163,0.12700209919805827,0.08509083642142048,0.00025,,,,,,,,,
1345,-0.10761164947800775,1.1963365202632477,0.07100062621130837,1.7118735563461205,0.035495381600740734,0.6012977222985734,0.00040569609245126945,0.035500313105654185,0.11368130271058711,0.12958672542440697,0.08893031495806811,0.00025,,,,,,,,,
1346,-0.13969731364896487,1.2268321449673236,0.06615949275305572,1.7093463902315433,0.03623377054458052,0.5909843151030694,0.0003389532627888363,0.03307974637652786,0.1456607195429023,0.1321695675540555,0.08856865703409267,0.00025,,,,,,,,,
1347,-0.13986286902682277,1.25431559306527,0.06451945720176658,1.727206773951808,0.03516386677353331,0.5825993313248163,0.00035355422007367766,0.03225972860088329,0.14574192967861208,0.1295091509735607,0.08772602635471638,0.00025,,,,,,,,,
1348,-0.12914181416903492,1.2185069705277245,0.08410495447329963,1.6827888894778513,0.0343766108961168,0.5721467694741833,0.0004862310818443614,0.042052477236649816,0.13492702454072664,0.12798933462209905,0.08815008069019743,0.00025,,,,,,,,,
1349,-0.14131581466120147,1.230595604414905,0.07767505655002203,1.7011563603147355,0.03373606760647946,0.5654266877751568,0.0004117680790952119,0.03883752827501102,0.14703004831162214,0.1263804670671811,0.08918246789902382,0.00025,,,,,,,,,
1350,-0.2120412354353245,1.3036051451594883,0.06900587236749708,1.7242363439078163,0.03164479767831703,0.47693060276060967,0.00035661749826998093,0.03450293618374854,0.21686585293753607,0.1222945086832595,0.0892704300176483,0.00025,-0.16790666995625148,1.2825051842634898,0.17341331595592202,0.07110043891772394,1.7140364751753814,0.033323920584402505,0.545014869003143,0.0003806725428495871,0.03555021945886198
1351,-0.15896492860509143,1.2618527556553898,0.07685995426744174,1.7081823726264418,0.03188067595190247,0.5223963663993492,0.00042615267955645436,0.03842997713372087,0.16424866559674045,0.12257999505848978,0.08714967413833394,0.00025,,,,,,,,,
1352,-0.20318199192986697,1.2856348003665978,0.06277792668679488,1.7395366097483178,0.031098795006131268,0.47833358740716825,0.00034344600265774655,0.03138896334339744,0.2080175465934061,0.12068525685522552,0.08600334424953315,0.00025,,,,,,,,,
1353,-0.08257422231680216,1.1378881750072303,0.07446426467956668,1.7091456383166461,0.033183745877461895,0.5205055893549484,0.00043593631570400465,0.03723213233978334,0.08783796116223164,0.1255680089568207,0.08747702354976583,0.00025,,,,,,,,,
1354,-0.16652891223808858,1.2542437769748713,0.08314310136211306,1.7008358014036096,0.030999519500381843,0.5171594621518426,0.0004665168302944605,0.04157155068105653,0.17176375193660504,0.121027315188418,0.08574627910008224,0.00025,,,,,,,,,
1355,-0.15730410494501712,1.2259146682337803,0.0615323632147648,1.758872668054979,0.029492789738882745,0.4433058081250377,0.00034301452997371616,0.030766181607382398,0.16178894807985517,0.11704116592538191,0.08566567954853965,0.00025,,,,,,,,,
1356,-0.18603241971294365,1.2952465088567546,0.05725377130951088,1.7636958623977168,0.027910309762835227,0.4285678152561678,0.00035013981709768125,0.028626885654755435,0.19036786310795506,0.11270559013350542,0.08427600279613037,0.00025,,,,,,,,,
1357,-0.0773243059482269,1.1625471131260148,0.0709160603313021,1.7294637526945102,0.03028200211793235,0.5123779163801809,0.0003655991025753124,0.03545803016565105,0.08250449377074708,0.11840636101116103,0.08385209793226663,0.00025,,,,,,,,,
1358,-0.2516304328912949,1.3703285801198857,0.06152149733974712,1.7470721063267272,0.027748560102225206,0.39936896427805824,0.00036544476188350077,0.030760748669873557,0.25567600845142746,0.1131126221467734,0.08538489116529058,0.00025,,,,,,,,,
1359,-0.2151267058041395,1.3130964074041953,0.046714157703783635,1.8019191429821682,0.025066347277160977,0.32367220359811744,0.0002537033094087556,0.023357078851891817,0.21840734114349653,0.10599454350300971,0.08462739049718053,0.00025,,,,,,,,,
1360,-0.11545667994386245,1.212352762259939,0.08245525556907421,1.6970924959871905,0.031504661719170844,0.5103819103581733,0.00045323409364066223,0.041227627784537105,0.12062322994112501,0.12257671643072292,0.08576042200028383,0.00025,,,,,,,,,
1361,-0.1331927890374496,1.2000337911137733,0.08075973835120019,1.7150086228013226,0.029558268129943242,0.4543746065092518,0.00047904479211951926,0.0403798691756001,0.13779885550586693,0.11801272013925238,0.08699245840536379,0.00025,,,,,,,,,
1362,-0.17861936408531776,1.2728722922253346,0.06982394353140235,1.7436888661696395,0.02698199048314514,0.4033757690701576,0.0003822255289281767,0.034911971765701176,0.18270929289173604,0.11053031805822283,0.08549235741187222,0.00025,,,,,,,,,
1363,-0.26414697169521645,1.3845560578763865,0.05075801436155197,1.7958686115494311,0.024075241968349818,0.31516910251139896,0.00024218766002738351,0.025379007180775986,0.267344422290227,0.10370760272523374,0.0832812996766433,0.00025,,,,,,,,,
1364,-0.21627114715753898,1.3291446101852318,0.06021547500815652,1.769608535221295,0.02540844560803951,0.3508393806737506,0.0003631225530036406,0.03010773750407826,0.2198309760126628,0.10737697323109967,0.08344836883075865,0.00025,,,,,,,,,
1365,-0.07545821088426322,1.1644204525542388,0.09020909871866695,1.701222401306913,0.027673724877002842,0.46585408355786945,0.0005065570444200467,0.04510454935933347,0.08018393406365852,0.11252927260511425,0.08544529008606483,0.00025,,,,,,,,,
1366,-0.18647055659779357,1.3126156050294981,0.08040453204461775,1.7186185456988985,0.02687418076536641,0.4168929977808358,0.0004663734810953113,0.040202266022308884,0.19070153876189222,0.11112455738939458,0.08397832439844084,0.00025,,,,,,,,,
1367,-0.1773921268936241,1.248323637870966,0.052526898992043936,1.8001517053519338,0.02397801057635757,0.33288081639859707,0.00030746667466636536,0.026263449496021968,0.18076827469090628,0.1034312499132205,0.08178424583674099,0.00025,,,,,,,,,
1368,-0.25753928829932715,1.3613284376312174,0.06471501841800151,1.754053028521927,0.025658389036298586,0.37421737676781913,0.0003406819843338603,0.032357509209000754,0.2613347669263429,0.10826063731073629,0.08358774345670919,0.00025,,,,,,,,,
1369,-0.06137315563209604,1.1533576467104183,0.08250977464618806,1.718486203129498,0.02833427589998757,0.4674892619123794,0.00045610344000125046,0.04125488732309404,0.06611104903497425,0.1138902554610373,0.08446732966805502,0.00025,,,,,,,,,
1370,-0.149112761499631,1.2300725974528497,0.0691436939696505,1.7579577051111366,0.0257305206125155,0.36555289311376626,0.0003781398463418782,0.034571846984825245,0.15282422325326803,0.10790071411670654,0.08593304741673347,0.00025,,,,,,,,,
1371,-0.1787573025700188,1.2990920955004794,0.06149893571212154,1.7713699896682955,0.026872249910787245,0.3776900645686838,0.000328226020969685,0.030749467856060766,0.18258594864366806,0.11078174061198513,0.085382915063128,0.00025,,,,,,,,,
1372,-0.16899480698392855,1.2707819366137323,0.08030325167655969,1.7220145318734206,0.027631265906697646,0.42060529108778316,0.00042522531756429636,0.040151625838279845,0.17326248391913907,0.11311034583446825,0.08545186478598935,0.00025,,,,,,,,,
1373,-0.15887106615332888,1.2566923382634425,0.07034781469834592,1.7521567636110182,0.026412984471650358,0.39176638575365863,0.00040640791658376,0.03517390734917296,0.1628454895650166,0.11002967582444889,0.08521878573593833,0.00025,,,,,,,,,
1374,-0.21414373879123721,1.3493904026850916,0.06813373017462927,1.7613998745666755,0.025040544783622724,0.3605702616518848,0.0004145104544560332,0.03406686508731463,0.2178052673761336,0.10599850710159975,0.08308780483054204,0.00025,,,,,,,,,
1375,-0.10493726179008747,1.1870234759739025,0.08588737481025649,1.7194797609910553,0.02778066118520739,0.4223305937009777,0.00045657854559053317,0.042943687405128245,0.10922527199756821,0.11270441729399748,0.08718746878169586,0.00025,,,,,,,,,
1376,-0.17689697177350255,1.2585229652529157,0.07324200270632512,1.7556985157041183,0.025145980292973998,0.37290322292458944,0.00039773597238105054,0.03662100135316256,0.18068415934898246,0.10655350181585943,0.08367730048230841,0.00025,,,,,,,,,
1377,-0.2862062938130863,1.4090032982642948,0.04619429805754449,1.8109129062397682,0.023257561237595988,0.2801572513520753,0.00025345579595401714,0.023097149028772246,0.2890516071626578,0.10180409354544025,0.08406526436971147,0.00025,,,,,,,,,
1378,-0.31455017158609144,1.4457455943572932,0.04880193786137016,1.7972850432611476,0.023640705095783802,0.2872145096728387,0.00024256752404642354,0.02440096893068508,0.3174671161774235,0.10334908796328485,0.08406195923133189,0.00025,,,,,,,,,
1379,-0.11834137635623246,1.2154429138010427,0.08307135982064759,1.7358912367956052,0.02569731760273045,0.37632422257796583,0.0004870688178960031,0.04153567991032379,0.12216838386246937,0.1076761314102647,0.08652685925717571,0.00025,,,,,,,,,
1380,-0.1889925635355605,1.2997045197385373,0.06674069629143654,1.7529534865065841,0.02672554503571254,0.3842601296967215,0.0003978821874112843,0.03337034814571828,0.19289004353741257,0.11033247195452336,0.08565854994616631,0.00025,,,,,,,,,
1381,-0.19425480487118352,1.2698776494686852,0.053240475417535585,1.7972436966256315,0.02532070595941582,0.31219469956231094,0.0002678270369867514,0.026620237708767792,0.19742402281185154,0.10677901181262606,0.08667182558429096,0.00025,,,,,,,,,
1382,-0.15513815120310961,1.2327181194963972,0.06217116569876123,1.7807518253501615,0.02493191656332558,0.34340691122859046,0.00032326195066160926,0.031085582849380615,0.158624346036005,0.10582306720114018,0.08531115225082556,0.00025,,,,,,,,,
1383,-0.2996786392883983,1.442250519122696,0.04961290466893392,1.792382385300775,0.02500531441334727,0.32296669792905996,0.0002691203430857956,0.02480645233446696,0.3029537277473072,0.10666913757191901,0.08344774250312628,0.00025,,,,,,,,,
1384,-0.20779168148361474,1.2955105502603126,0.07427373066745774,1.730098314881101,0.02852650593070902,0.39606632786099294,0.00040608930365791066,0.03713686533372887,0.2118108435037438,0.11532381290501649,0.08811634535306068,0.00025,,,,,,,,,
1385,-0.09918323109670517,1.1942773399412712,0.07789573341682496,1.7153500751490638,0.030058282596341225,0.49795362821678735,0.00042937224964270356,0.03894786670841248,0.10422316246882937,0.1188596756691299,0.08526873894890862,0.00025,,,,,,,,,
1386,-0.07607340252601669,1.1370440214788506,0.08258378256260926,1.7150312504783256,0.029246519165701437,0.45363996601329243,0.000478564350772804,0.04129189128130463,0.08067303003344345,0.11660658064894694,0.08670549970249955,0.00025,,,,,,,,,
1387,-0.12568240566379155,1.2058650798903865,0.06080854446828603,1.7738799925908442,0.027406624552170515,0.4006811563587479,0.00031652104293996506,0.030404272234143014,0.12974052550996848,0.11172210504446402,0.08548964981359723,0.00025,,,,,,,,,
1388,-0.06457302437365116,1.1628942429318119,0.07407283573077239,1.738876780600771,0.028270619470782556,0.4595597599382166,0.00042074973880575506,0.037036417865386195,0.06922725465609278,0.11383105802206049,0.08438711697432344,0.00025,,,,,,,,,
1389,-0.14808813923564762,1.2305579144672603,0.06347591421460401,1.765668204988748,0.027859162649121035,0.38390887216316094,0.00032818632485438184,0.031737957107302005,0.15197990445968496,0.11270655148352936,0.08740754281752977,0.00025,,,,,,,,,
1390,-0.11647216822111683,1.1975112212758388,0.06360898903819227,1.7625011101609311,0.029343687189920656,0.4538451845479712,0.0003454938641576313,0.03180449451909614,0.12106350451085883,0.11605738372364136,0.08572307880454494,0.00025,,,,,,,,,
1391,-0.07610851442495171,1.138032604579784,0.06804596689951553,1.7579756021206383,0.028873399923044697,0.44224198369740836,0.00039143252297070227,0.034022983449757765,0.08058645132662645,0.11476847824024454,0.08557098989432223,0.00025,,,,,,,,,
1392,-0.21126839969170094,1.322955912439577,0.0685483409286331,1.730228989618754,0.030400900481711644,0.46140298674735614,0.000390498109502565,0.03427417046431655,0.21593791100063003,0.11961389259877922,0.08657481048378265,0.00025,,,,,,,,,
1393,-0.15796425844322193,1.2465034975323719,0.061698055701227765,1.7481444749050785,0.030027060828826793,0.49993460967489883,0.00032690927244445676,0.03084902785061388,0.16301520410529505,0.11845482298277107,0.0831443618608731,0.00025,,,,,,,,,
1394,-0.11295035698827172,1.1906850649684806,0.06540664910175459,1.7528058195341976,0.029097503244747927,0.4311745402929122,0.0003706278496940333,0.032703324550877294,0.11731604005244398,0.11571505371045551,0.08633886038010274,0.00025,,,,,,,,,
1395,-0.18748200089675643,1.2577644195031539,0.06190365855688615,1.7412510980529246,0.03137962738185173,0.4738133188000022,0.00033875168697811777,0.030951829278443074,0.1922718859418852,0.12166632986882253,0.08608429467375239,0.00025,,,,,,,,,
1396,-0.07535582094556412,1.1516743685959496,0.06899858037685659,1.729421832295642,0.032104523654562414,0.5403762512633729,0.00040080573772774126,0.034499290188428296,0.08081538502408651,0.12276657860128706,0.08616910075120272,0.00025,,,,,,,,,
1397,-0.2361159838039667,1.3356051862869682,0.054431002108231624,1.7773885605815207,0.027448474455861505,0.37716045203978854,0.0003276580989664986,0.027215501054115812,0.23993585429201414,0.11231254259442762,0.08492219087861788,0.00025,,,,,,,,,
1398,-0.18389589022231156,1.3447577994365398,0.05435984149743865,1.774136069323795,0.029773926999250133,0.4450342124318255,0.00027733347720531795,0.027179920748719326,0.18839392696284385,0.11665913527269688,0.08557969864948525,0.00025,,,,,,,,,
1399,-0.12119767094458951,1.185668477095044,0.06203834275734974,1.7290309034632596,0.033389467431217984,0.526449502796604,0.00037210191655696304,0.03101917137867487,0.1265141964721344,0.12586220583158877,0.0868625068398011,0.00025,,,,,,,,,
1400,-0.14814577793430925,1.2474416092338976,0.08701710164305382,1.6815134093470014,0.03457395455360092,0.5686947734964847,0.0004740519322576342,0.04350855082152691,0.15389778987351166,0.12870886322036137,0.0900008530717091,0.00025,-0.16763797640114447,1.2827258961333405,0.1727242405871423,0.07152729695250767,1.7245937825328745,0.03145215546060342,0.5029422837262691,0.00038317624335575356,0.03576364847625384
1401,-0.13332317340815683,1.2328347867919063,0.07483592160340731,1.7191496392383852,0.03127041588822574,0.5076315411663759,0.00042250284004713635,0.037417960801703655,0.13845832330541513,0.12055329265730493,0.08783859780852861,0.00025,,,,,,,,,
1402,-0.07888395589857441,1.1408370086484076,0.06386028449540462,1.7551327883494048,0.03128841740785796,0.4807270889336869,0.000343403590309744,0.03193014224770231,0.08374414229394556,0.11990468056503359,0.08884754673145948,0.00025,,,,,,,,,
1403,-0.17531476132480833,1.2465010700002968,0.06439980689082755,1.7642402750368391,0.0273858079815047,0.40140484858918135,0.00036355796941267896,0.03219990344541378,0.17938228769659004,0.11133358022516995,0.08650567571621516,0.00025,,,,,,,,,
1404,-0.078409543988754,1.155206719735364,0.07655331523231096,1.7203355046409596,0.031020962763394916,0.5088004255168523,0.00043332788370585486,0.03827665761615548,0.08355736153542215,0.11908919661303621,0.08835805331869669,0.00025,,,,,,,,,
1405,-0.09383152820456159,1.1931198359709776,0.06745214560667578,1.7402004098515793,0.030675213673444064,0.4779397214302667,0.00038844500964825784,0.03372607280333789,0.09866593794586258,0.1188670509490729,0.08786884632180425,0.00025,,,,,,,,,
1406,-0.1311239423650361,1.2338010619703064,0.07131074152823147,1.7569144951264903,0.028247781484617904,0.42874613253583277,0.00040986562525103024,0.035655370764115735,0.13546872686236233,0.11184324977685557,0.08848649406418471,0.00025,,,,,,,,,
1407,-0.29170812507396177,1.4231194015446529,0.06566794581205956,1.7407226612432918,0.029352389051663517,0.40657068853788725,0.00036676430116602864,0.03283397290602978,0.2958277408018708,0.11608157682220549,0.08935610116265771,0.00025,,,,,,,,,
1408,-0.27220022266344246,1.4313518208124867,0.056837804619027335,1.763206129472362,0.028585828902539932,0.4150927590513397,0.00032162361668691745,0.028418902309513668,0.27640041745372695,0.11367741586878641,0.08627711857418838,0.00025,,,,,,,,,
1409,-0.2522079722182312,1.3675427960470359,0.06062321617315256,1.750475978377293,0.02956474848377324,0.396474375621605,0.0003510303608934938,0.030311608086576278,0.2562240426459266,0.11646835486030846,0.09099230544346994,0.00025,,,,,,,,,
1410,-0.1952351416036251,1.2816990923162863,0.0676114225786611,1.7440283449855607,0.027391595154571312,0.4023244645816964,0.00037587581221231435,0.03380571128933055,0.19931339100230333,0.11125232859893044,0.08698237090273002,0.00025,,,,,,,,,
1411,-0.14851115464923553,1.2581028465744521,0.05871760770108938,1.7778478042148567,0.027519008120622423,0.41745685613637096,0.0002996366966077899,0.02935880385054469,0.15273585685945806,0.11040667776061908,0.08575712848017902,0.00025,,,,,,,,,
1412,-0.20582949126717182,1.300705389105278,0.0586722776055625,1.7806022043726042,0.025326783540391806,0.35856494290201946,0.00031444001346475875,0.02933613880278125,0.2094654272571731,0.1053014668257975,0.08622798230127394,0.00025,,,,,,,,,
1413,-0.26914725945739687,1.3711724399835978,0.0452255026915251,1.7908092563447497,0.027129517204883033,0.38248300868984453,0.0002505572171248257,0.022612751345762554,0.27301511596037575,0.1101914155406288,0.08530991936139856,0.00025,,,,,,,,,
1414,-0.14653668639654088,1.234940787933747,0.0731617920883668,1.7412033780121794,0.02775691162957831,0.42959468058130074,0.0004191372256290772,0.0365808960441834,0.15089081750443448,0.11104583959506997,0.08725955158823462,0.00025,,,,,,,,,
1415,-0.17569398281208298,1.2717520533637976,0.062106347532309085,1.7538980975087823,0.02909115781010572,0.4462089938507565,0.0003660434225319484,0.031053173766154542,0.1802083253395571,0.11486135625311361,0.08739751913410052,0.00025,,,,,,,,,
1416,-0.11203400361742802,1.1955883101244176,0.05523308325925577,1.7851618380578307,0.027056780611410074,0.39804856394834787,0.00033248226248942564,0.027616541629627886,0.1160632822395466,0.10889030635391918,0.08746383969927882,0.00025,,,,,,,,,
1417,-0.17669230368313885,1.2532868154594774,0.07271905437385284,1.7394109376794655,0.03029631701270248,0.46396592504964895,0.0003984163998823287,0.03635952718692642,0.18138970073419786,0.11709825391351861,0.08989515932927974,0.00025,,,,,,,,,
1418,-0.19459381969694656,1.2804151637020411,0.05905533919409932,1.7794429837397598,0.027300954974603137,0.3906379477738209,0.0002886862161820792,0.029527669597049652,0.19855040813628105,0.1104177604854969,0.08773020773891357,0.00025,,,,,,,,,
1419,-0.1273558885983028,1.226100289937941,0.07562428025567446,1.7295147669223934,0.029584733885121704,0.4833185709826029,0.0004111510066962525,0.03781214012783723,0.13224829310599284,0.11496765419747004,0.08911764672599866,0.00025,,,,,,,,,
1420,-0.09799239424591868,1.1813769023410945,0.062902024147012,1.77289000409352,0.02693448081310447,0.3870090259506088,0.0003548147098986214,0.031451012073506,0.1019152125646382,0.10813131692036314,0.0887285777032988,0.00025,,,,,,,,,
1421,-0.04067508915477257,1.1182527252944459,0.08491666330644015,1.7126689398719432,0.030027861448239802,0.4925196096700255,0.0005079529726706893,0.04245833165322008,0.04566494980225147,0.11640341867320618,0.08956005976616768,0.00025,,,,,,,,,
1422,-0.22743744045909572,1.3226613023143114,0.05176085532304625,1.7945043750495335,0.02663200629425022,0.37825613947279635,0.00029156290621453027,0.025880427661523125,0.2312667429542979,0.10837251638026513,0.08736622190133621,0.00025,,,,,,,,,
1423,-0.12066201880842058,1.2018362484600913,0.05722040398039982,1.7790831915097287,0.028729677739818986,0.4243495110281388,0.00029940385384730537,0.028610201990199906,0.12495490899114572,0.11310681079663794,0.08798252442333182,0.00025,,,,,,,,,
1424,-0.035443557412112865,1.093663147315909,0.07968064974169177,1.7344497377532133,0.030703064052491513,0.4661505731019702,0.0004804245246680264,0.039840324870845885,0.04016705221062762,0.11743262718218417,0.09147017093971006,0.00025,,,,,,,,,
1425,-0.22895690263492569,1.345198393777895,0.06776921808318506,1.7434123744648191,0.029209934345246803,0.4324128241772135,0.00037480073866785134,0.03388460904159253,0.23333609761687074,0.11503110103367145,0.08879699961404323,0.00025,,,,,,,,,
1426,-0.15681504714723551,1.2833403281463887,0.08031375979749278,1.7213021646801525,0.02928796026424852,0.4403466991674605,0.00044382530757429715,0.04015687989874639,0.1612803222935314,0.11488075674060157,0.09072490573406983,0.00025,,,,,,,,,
1427,-0.15644425176952179,1.2903822144021007,0.07087413938301143,1.7359814095894968,0.029534523931502493,0.46823768397936316,0.00037104952706121035,0.035437069691505715,0.16118313598837347,0.11580297868641323,0.08774083693837648,0.00025,,,,,,,,,
1428,-0.18098027166038916,1.289628195491228,0.07211841515361536,1.735692044901601,0.028971182738286673,0.41361024444869665,0.00043898724317223994,0.03605920757680768,0.1851741801053337,0.11470405975539844,0.08873545267628313,0.00025,,,,,,,,,
1429,-0.07274671679133568,1.1513917553388733,0.06377641861616916,1.7608722123742924,0.02907093763503973,0.4484096872339275,0.0003704289526995159,0.03188820930808458,0.07728401488463378,0.11437003987457899,0.08799577967427943,0.00025,,,,,,,,,
1430,-0.20879944585331436,1.3210071081636032,0.06902105478112992,1.7520803176056927,0.026945933912899456,0.3879753769087553,0.00039977138550166807,0.034510527390564955,0.21273522866682354,0.10956495087118336,0.08825523364521506,0.00025,,,,,,,,,
1431,-0.2099808139258092,1.3046755630880433,0.04784671549602791,1.7876792127292656,0.028291271708095887,0.38870602029391155,0.0002495867072968899,0.023923357748013956,0.21391217014569658,0.11231454980092595,0.08765045265010099,0.00025,,,,,,,,,
1432,-0.2110199509727249,1.3286623685400005,0.06901593448141376,1.7454800617989947,0.02913904108360519,0.44093872893534963,0.0003612486169972869,0.03450796724070688,0.21548491351610707,0.11474210727318745,0.08913635935357508,0.00025,,,,,,,,,
1433,-0.17835363595045045,1.2783346448606874,0.06328878151691986,1.757978698928269,0.028722195281307594,0.41680931167907054,0.00035305399814033306,0.03164439075845993,0.18257448378497032,0.11402657114562449,0.08926672774617267,0.00025,,,,,,,,,
1434,-0.2339381079774278,1.3411386076682021,0.06199182755322091,1.7608003815832443,0.027701823878837937,0.3962212804979705,0.0003231712034055404,0.030995913776610456,0.23795215641203404,0.1118611800084521,0.08651398840903374,0.00025,,,,,,,,,
1435,-0.12400772961691618,1.208011206440597,0.07485510409838819,1.7291455120836126,0.029544734852756854,0.46182149862703137,0.0003918171446594696,0.037427552049194096,0.12868458178180314,0.11564396876201255,0.08779116091036185,0.00025,,,,,,,,,
1436,-0.10480936101173087,1.1641344354825915,0.05643393057215121,1.7658323985872286,0.030950403963013757,0.4894872971263026,0.0003200514713417071,0.0282169652860756,0.10975330978697927,0.11917676394096063,0.08676624088649598,0.00025,,,,,,,,,
1437,-0.22057029809015763,1.345159034054559,0.03766062124689096,1.840259064229461,0.02365551791462375,0.31198390115211,0.0001813181352032193,0.01883031062344548,0.22372918318429652,0.10124806354921191,0.08388713435428652,0.00025,,,,,,,,,
1438,-0.20914281477361907,1.3335814396165484,0.07536919275728608,1.7097447566546855,0.03031443529842658,0.46541654403855104,0.0004121795814026315,0.03768459637864305,0.21385588405376382,0.11916830626063482,0.0886166166235006,0.00025,,,,,,,,,
1439,-0.13938494182839048,1.2673931485344685,0.07074721535357884,1.7534678035329296,0.027035244283147887,0.39508426438036137,0.00037598940206080486,0.035373607676789424,0.14339245265192685,0.11048791707017516,0.08773284077587493,0.00025,,,,,,,,,
1440,-0.09369206273759774,1.1736808178275122,0.07611626465591334,1.7386800295286027,0.02832048378693414,0.4342832120970985,0.00040969142617389463,0.03805813232795667,0.0980944367054537,0.11351640849450113,0.08723430437317234,0.00025,,,,,,,,,
1441,-0.226483909729343,1.3234317977222487,0.05310891117915963,1.7896213732332389,0.025568000203679414,0.34187138024498975,0.000319156753404254,0.026554455589579817,0.22995026576864883,0.10666483537963901,0.08544230907157409,0.00025,,,,,,,,,
1442,-0.17123617838024624,1.2650375343305837,0.07760316330406795,1.7305436465186608,0.02950062902561331,0.4627921507464219,0.00042461871945881477,0.038801581652033984,0.1759244530930223,0.11658038093612266,0.08688997961213141,0.00025,,,,,,,,,
1443,-0.29933149947535664,1.443615531296841,0.04741871065065128,1.7912349314997147,0.026346689895019045,0.36683648873984687,0.00025155670972511624,0.02370935532532564,0.3030440016344927,0.10890929590882936,0.08457706973496695,0.00025,,,,,,,,,
1444,-0.23621296910849388,1.3606300772144964,0.07820288637159145,1.7067818785516222,0.030213557523843148,0.45276840129575685,0.00041552450694494475,0.039101443185795726,0.24080097762849223,0.1193136708508779,0.08860879132290772,0.00025,,,,,,,,,
1445,-0.08160404932208049,1.1580003167144275,0.07668663444297362,1.7294026389426684,0.028785757547288505,0.4526040023555955,0.0004156968989731852,0.0383433172214868,0.08618988365823707,0.11476957755802761,0.08779036979937688,0.00025,,,,,,,,,
1446,-0.16672413879797335,1.25553146921225,0.06694782445952027,1.7462752247743119,0.029918651047987188,0.4671266390466191,0.00036265772073210893,0.033473912229760136,0.17144996843012433,0.11744788446149954,0.08601075332049196,0.00025,,,,,,,,,
1447,-0.21153118776516938,1.328857868212232,0.06563410391343219,1.747439614844834,0.029628032213416502,0.4222397801987729,0.0003814197553834159,0.032817051956716095,0.2158076912128161,0.11732898783309054,0.08838892025538861,0.00025,,,,,,,,,
1448,-0.1422270456695438,1.2142413784951807,0.05322881840281972,1.7695799336793772,0.029649795336991053,0.42824380765497594,0.00028719204828682015,0.02661440920140986,0.14655666587511465,0.11661905862752661,0.08715024694704737,0.00025,,,,,,,,,
1449,-0.054338395900586915,1.166045411362249,0.07446128352153539,1.72474576438082,0.03000768773386275,0.4867308932364477,0.00040511488567939336,0.037230641760767694,0.059264234081212765,0.11757004816461375,0.0873690935153508,0.00025,,,,,,,,,
1450,-0.098674857041886,1.193247874778187,0.06431032774332542,1.7557006027194593,0.03008482023104072,0.4795562295157002,0.0003768615745185077,0.03215516387166271,0.10352390012268706,0.11732187595621185,0.08490095057759167,0.00025,-0.1676488288403237,1.2827940648489866,0.1725967746387488,0.07171631077442972,1.7267307718364058,0.03075320315790986,0.48909769598533553,0.0003843375466163438,0.03585815538721487
1451,-0.14953427819340737,1.263822815457939,0.07068469079483108,1.736534354588628,0.030103025717773686,0.48218182579099556,0.0003955180080834578,0.03534234539741554,0.15441275932034143,0.11801638743677134,0.08592133553923766,0.00025,,,,,,,,,
1452,-0.15596658941266767,1.234174114250438,0.07074482724857502,1.745035519580464,0.029054116323732088,0.45860074241057885,0.0004056895019650187,0.03537241362428751,0.1606094765006132,0.11527617842223913,0.08713385972736272,0.00025,,,,,,,,,
1453,-0.2775443305120344,1.4107849861894015,0.06468315594002146,1.7275516812616514,0.03155477709176894,0.5010700800816574,0.00034465060576562836,0.03234157797001073,0.28260809491369127,0.12193900991514652,0.086865311100286,0.00025,,,,,,,,,
1454,-0.0953500839665296,1.1622552836273243,0.08521074279772195,1.697256283128564,0.031469407342401105,0.5160215738176273,0.0005006532840687887,0.042605371398860975,0.1005748841717767,0.12154800315236348,0.08913055648188314,0.00025,,,,,,,,,
1455,-0.13977648950794136,1.2044177744301043,0.0575322590501916,1.7623538918361779,0.03165784155902381,0.48774987905191824,0.0003205666623594531,0.028766129525095795,0.1447035836335276,0.12176370547015547,0.08704952674883706,0.00025,,,,,,,,,
1456,-0.05826844161180617,1.1293948516950694,0.08240206262880091,1.7070180636137287,0.03080172687654715,0.5160404276134205,0.0004707060793534385,0.041201031314400456,0.06349182416068444,0.11976206527493123,0.08701646593985206,0.00025,,,,,,,,,
1457,-0.1806568363609673,1.271857409312004,0.06318534025946675,1.760378235380399,0.029078763470139414,0.4567442247961355,0.00034671144062141667,0.03159267012973337,0.18527694217581836,0.11483410984288281,0.08563962303488493,0.00025,,,,,,,,,
1458,-0.22378360882815387,1.3505527860169861,0.057126649919127595,1.7542944945911554,0.030024039427186053,0.4578771049966236,0.00030325743070446957,0.028563324959563798,0.22841151872233265,0.11754212751309434,0.08578921480605148,0.00025,,,,,,,,,
1459,-0.19837171616533397,1.3014619318737553,0.07250243640302965,1.7178358013149704,0.031736971929739864,0.4982738190075522,0.0004067401392462707,0.036251218201514834,0.20341195133301665,0.1226131527126284,0.08850671363139195,0.00025,,,,,,,,,
1460,-0.28071514388603813,1.4006060187321436,0.05408418091576011,1.767876724343127,0.02864374555044076,0.405703907355838,0.0003089402740029905,0.027042090457880058,0.2848199932200378,0.11474684570674948,0.08682862254371373,0.00025,,,,,,,,,
1461,-0.15206098922374675,1.2555316236694085,0.07890800621256289,1.7134622260610666,0.030619530507439333,0.490009385374208,0.0004536158328308087,0.039454003106281436,0.15702220786118404,0.11866790301040647,0.0895603941401853,0.00025,,,,,,,,,
1462,-0.2554691797804708,1.3589885439376588,0.048793080289584255,1.7809785334217483,0.029315449493065113,0.41575604201938243,0.0002828544118612575,0.024396540144792127,0.2596717750702622,0.11535069361598921,0.08719657512563941,0.00025,,,,,,,,,
1463,-0.030256211110472834,1.1030215622559933,0.06968591646043307,1.7267581539663526,0.03258962805897116,0.5483071614158179,0.0003913162424698807,0.034842958230216534,0.035795306426825595,0.1226143323935823,0.08865654259672805,0.00025,,,,,,,,,
1464,-0.06908301060334525,1.1500914222058007,0.08345639163653965,1.694847437188842,0.033398279426422935,0.5670871401858466,0.0004879525957222513,0.04172819581826982,0.07481743820135109,0.12580287763596246,0.0891430932381419,0.00025,,,,,,,,,
1465,-0.26590234097117427,1.3987150770486219,0.058534710243456495,1.7556343050222734,0.029376727579505362,0.440735269221813,0.0003069942907931893,0.029267355121728247,0.2703595873044723,0.11564646684079631,0.08753093896400538,0.00025,,,,,,,,,
1466,-0.12211595182605325,1.2475760530015187,0.07884120164527447,1.7063727134262408,0.03275811225693475,0.5710579524195399,0.00041213111831299334,0.039420600822637236,0.1278871369893887,0.12343548338406213,0.08711612298522711,0.00025,,,,,,,,,
1467,-0.11724046301811006,1.1791680528812134,0.050544690224543554,1.7713497700650827,0.030976212344684374,0.4751706411582674,0.0002859896173736254,0.025272345112271784,0.12203801516867938,0.11915570526678228,0.08757445676401357,0.00025,,,,,,,,,
1468,-0.14492494958748894,1.211952243041386,0.06043527705040142,1.7506915135898045,0.0315148255028079,0.4955198891842466,0.0003158832686759262,0.03021763852520071,0.14993103186567924,0.12054316156730172,0.0872835447531681,0.00025,,,,,,,,,
1469,-0.2809947269678255,1.365561118223504,0.05039791372369506,1.7770574903805665,0.030682537420115247,0.44466987242150063,0.0002718816770777183,0.02519895686184753,0.2854871140405769,0.11883499221436433,0.0878480067083856,0.00025,,,,,,,,,
1470,-0.21437879399816756,1.323365773831899,0.06184890257124995,1.7315190321109095,0.033476019775737796,0.5288159755856315,0.00035798602575579444,0.030924451285624974,0.21971877325588818,0.12626098179285813,0.08752264441861643,0.00025,,,,,,,,,
1471,-0.08356277834951606,1.1670460935300853,0.0870020819857755,1.6779445545613605,0.034402190788312886,0.5883531336647425,0.00048242652995517674,0.04350104099288775,0.08951141443800154,0.12833555394559298,0.09007020972496523,0.00025,,,,,,,,,
1472,-0.12540832179924874,1.2378202901115292,0.07873086359402381,1.696839969037366,0.03473931106062164,0.5849350763201796,0.0004304317661522805,0.03936543179701191,0.13131831071159944,0.12887810583759426,0.09023219744441975,0.00025,,,,,,,,,
1473,-0.2963585461484296,1.4010107889726615,0.06637012888363468,1.723253290767022,0.03169390274781184,0.4802280738651719,0.0003583485333895779,0.03318506444181733,0.30121482796976473,0.12253758236773632,0.08832044412477398,0.00025,,,,,,,,,
1474,-0.11498820972189966,1.1959663262314526,0.057925284319979675,1.7474860964813508,0.03349968975716472,0.5379525445707589,0.00033281021945987996,0.028962642159989838,0.12041750077292665,0.12445500304849193,0.08878856674148686,0.00025,,,,,,,,,
1475,-0.08461905460195104,1.1457199991380125,0.08132699306696167,1.6875591037508353,0.036213478881060135,0.624392457302964,0.00046185351740927886,0.040663496533480836,0.09092513679772578,0.13161614828825113,0.09110271362789213,0.00025,,,,,,,,,
1476,-0.2096880647978288,1.3187749345687614,0.05674573527630744,1.7532726795897169,0.03146800845042081,0.48871456649052536,0.00031034107205822235,0.028372867638153713,0.21462421946788868,0.12053014138468733,0.08713870705096038,0.00025,,,,,,,,,
1477,-0.1141784882029061,1.2115026554107708,0.07262417055957845,1.7118378683822462,0.03545740608592436,0.5881141770841114,0.0004014417400206081,0.03631208527978923,0.12011707485511106,0.12856718814711143,0.09154402921681015,0.00025,,,,,,,,,
1478,-0.10214097442734157,1.1927763424655091,0.08056437578548228,1.6920005784651388,0.03503334403197941,0.598755330919402,0.0004638162523792315,0.04028218789274114,0.10819036809273679,0.12836069848494774,0.09022426967870416,0.00025,,,,,,,,,
1479,-0.15612248353894848,1.2446437260864185,0.06778120955243891,1.7239557203429574,0.03265651081443052,0.5300566074848821,0.00039577624027515126,0.033890604776219455,0.1614781375381797,0.12365964642107598,0.08820028361141019,0.00025,,,,,,,,,
1480,-0.20300145017124854,1.322150172916783,0.05864452258797408,1.7573906472577911,0.03136896302438221,0.4860572184979546,0.00027631098580067686,0.02932226129398704,0.20791168163385268,0.1192809190372113,0.08997740451069484,0.00025,,,,,,,,,
1481,-0.18923871997122002,1.2949083972488027,0.05898737276057344,1.7450810524004245,0.0317590426232887,0.5141244071998669,0.0003547154976908455,0.029493686380286724,0.1944304556950999,0.12088613297305247,0.0877250346865241,0.00025,,,,,,,,,
1482,-0.0451373272649676,1.0985214934600493,0.06815040090485595,1.7457788190069894,0.03315312566302516,0.5485871972597991,0.000380002665554808,0.03407520045242798,0.05067853225286364,0.12268057075979288,0.09087426621335587,0.00025,,,,,,,,,
1483,-0.28584140841629435,1.4061334351105659,0.06050789143849668,1.7456356699074234,0.030760807303847924,0.45022472200049557,0.00033301863962204644,0.03025394571924834,0.2903946961251139,0.11889803794697791,0.08938618473944882,0.00025,,,,,,,,,
1484,-0.1303879473550347,1.2303051770631046,0.08228438193860423,1.6933637869555165,0.0349684738630497,0.586976189394347,0.00045182962062671327,0.041142190969302106,0.1363203033740233,0.12864946568548105,0.09092438531733267,0.00025,,,,,,,,,
1485,-0.13402297204705327,1.226612729741816,0.07003230711161175,1.7221728294631125,0.03285734906813925,0.5392169007941788,0.0004101002907449669,0.035016153555805875,0.13947147993975292,0.12329474940257235,0.08899411925153662,0.00025,,,,,,,,,
1486,-0.21950465174911113,1.3382706970435347,0.05464756632932466,1.768019571957074,0.02924009891138607,0.4395340337113743,0.0002960087748328943,0.02732378316466233,0.22394795615285745,0.11500679582436459,0.08716506658146389,0.00025,,,,,,,,,
1487,-0.024722362320808197,1.0826320184817457,0.08095908080052797,1.6919058282237838,0.03622363427083005,0.6365374520302276,0.00046279831507167594,0.04047954040026398,0.031149763422943684,0.13204844816200761,0.09014732967069827,0.00025,,,,,,,,,
1488,-0.2640124714882497,1.3778611465852246,0.0515294536349306,1.7644487672849647,0.02973875987269805,0.45594390739647034,0.0002880109046130042,0.025764726817465302,0.26861819988575086,0.11630914883220721,0.08528160102705776,0.00025,,,,,,,,,
1489,-0.280757768598753,1.4089515713284513,0.05614942342125805,1.7580876895754045,0.03028899506658793,0.4340647919262798,0.00029950234777050943,0.02807471171062903,0.2851470671300999,0.11763651674152781,0.0882022497267114,0.00025,,,,,,,,,
1490,-0.287010904351265,1.4354546948546734,0.04423374156062548,1.7880664327182103,0.029277998285178162,0.4328736641208138,0.00021804162430598498,0.02211687078031274,0.29138181894382365,0.11445972398140188,0.08515389427338665,0.00025,,,,,,,,,
1491,-0.19609880986109796,1.2662606740516407,0.0533520679382574,1.7576720434331277,0.03178600139218465,0.48200437238590016,0.00031299234252003295,0.0266760339691287,0.2009662362627856,0.1219112456822807,0.08809088315189567,0.00025,,,,,,,,,
1492,-0.2674265978647853,1.3650089724588126,0.0704203512315525,1.7303381581942432,0.029805281435023527,0.44006829003998765,0.00040172288039103555,0.035210175615776246,0.27188381155118685,0.11721247268218035,0.08857337156563334,0.00025,,,,,,,,,
1493,-0.16367348503307533,1.2592685480432064,0.06300744309803875,1.7360737962843729,0.03264291231882499,0.5308380866331741,0.0003595727138579167,0.03150372154901938,0.1690343260860575,0.12352331748027405,0.08755525680309359,0.00025,,,,,,,,,
1494,-0.1370269506594338,1.2109327882186638,0.06347634705948038,1.7530456440289726,0.03111531439983034,0.4939539744247886,0.0003691564689258558,0.03173817352974019,0.142019450598341,0.11892468310362578,0.08745500930086528,0.00025,,,,,,,,,
1495,-0.2168850036139065,1.3347697832836014,0.06539457943892779,1.736455377590807,0.030986605793343655,0.4755118248023529,0.0003443848371471221,0.032697289719463896,0.22169362755379687,0.11913782814638627,0.08748867418536807,0.00025,,,,,,,,,
1496,-0.16177631893908395,1.2594963257585294,0.05922387656074489,1.7685538191769319,0.029784818835827457,0.44574636275238916,0.00035128303121268834,0.029611938280372445,0.1662845928733921,0.11559277045179263,0.08888782244818241,0.00025,,,,,,,,,
1497,-0.1749183528536241,1.249333966061529,0.0687861521712318,1.749795309001152,0.029506769162880184,0.44774196586844095,0.00041546859854453414,0.03439307608561589,0.17945181822746956,0.11556352626950833,0.08898461578556216,0.00025,,,,,,,,,
1498,-0.03320028040376188,1.1364037631146775,0.08451235996627582,1.6949250702837158,0.03280230139769444,0.5773267670237052,0.0004883383962628819,0.04225617998313791,0.039037636888647524,0.12368315416986676,0.08857247328250673,0.00025,,,,,,,,,
1499,-0.15986314287628978,1.265726255176843,0.07302597287587355,1.7190420922618055,0.03228634015647289,0.5320832909386259,0.0004111909244769538,0.036512986437936774,0.16524179110228132,0.1228712895494726,0.08798480287974775,0.00025,,,,,,,,,
1500,-0.10806526333861027,1.1751275116435427,0.06033885679625788,1.7466970040481895,0.03137815742438199,0.48667416363446175,0.00032131443699623906,0.03016942839812894,0.11298285451776346,0.12029846210416141,0.08904305847460302,0.000125,-0.16764952624086155,1.2826684988138868,0.17290218838196317,0.07120109414544559,1.7227024750000586,0.032106181872595355,0.5196017134467402,0.0003817434811500675,0.035600547072722796
1501,-0.16025217683713805,1.2389141568596282,0.06930180133365824,1.727844813209899,0.032805629850097565,0.518822077600124,0.00038517601804250096,0.03465090066682911,0.16549617872211864,0.12424590398312159,0.08919141171314846,0.000125,,,,,,,,,
1502,-0.12443000542576324,1.2114198745148166,0.07163958747665634,1.7321723132986127,0.031147206343561284,0.5059815422439597,0.00039502422947760413,0.035819793738328165,0.12954691260736892,0.11919052124860494,0.08806683801070277,0.000125,,,,,,,,,
1503,-0.18811836747093003,1.265004371774733,0.04644573318139063,1.787106415146107,0.030570226786981215,0.4688028924726805,0.0002462919856902904,0.023222866590695317,0.1928499532462559,0.11800346855478665,0.08654093898900349,0.000125,,,,,,,,,
1504,-0.1374876369249514,1.2017309118323805,0.07429149659797153,1.719116794131693,0.03311432044151168,0.540157781658231,0.000443177196264674,0.037145748298985766,0.14294798342973664,0.12389435829503889,0.08971647379926223,0.000125,,,,,,,,,
1505,-0.06033990669802383,1.1209688507871267,0.08416987747099577,1.6875309608535487,0.03564577491374374,0.6079892168666138,0.000509781715567302,0.04208493873549789,0.06648385693218967,0.13018959352285825,0.09015925172125139,0.000125,,,,,,,,,
1506,-0.16138887079075703,1.2453848542781956,0.05225754963573073,1.781598075110576,0.028835719436400904,0.42169227819498134,0.0002773180591273925,0.026128774817865366,0.16565251150886706,0.11324170140844929,0.08764287686328866,0.000125,,,,,,,,,
1507,-0.16445900605627634,1.2428907286891782,0.06388466437198939,1.744346217008594,0.03145596985481487,0.5030871973010427,0.00036422025396558213,0.031942332185994696,0.1695429060261825,0.11988156911716895,0.08783222879707826,0.000125,,,,,,,,,
1508,-0.1684316450661649,1.272820104002342,0.06033190196211021,1.7335616121593864,0.03264914136771435,0.5192396742949058,0.0003141364612538463,0.030165950981055106,0.17367468474082914,0.1230353520631698,0.08859902913433226,0.000125,,,,,,,,,
1509,-0.12266904317181992,1.190881692105542,0.06519462502036504,1.7399440081955195,0.030994087862556138,0.49958410686488514,0.00035496646353518676,0.03259731251018252,0.12771843065769628,0.11885971619227609,0.08724085168295427,0.000125,,,,,,,,,
1510,-0.16642239565965425,1.2495363888774063,0.06832625216244653,1.7359620866329115,0.031955480265602965,0.5006349105752264,0.0003909531635435683,0.034163126081223266,0.1714841770439895,0.12150525786629643,0.08915888303136216,0.000125,,,,,,,,,
1511,-0.12496858410172765,1.237811299880365,0.07006100552894193,1.7331508797347341,0.03226261941918204,0.5232281290536457,0.0003943866421506064,0.035030502764470964,0.1302571712702474,0.12107303274547027,0.08972659052289912,0.000125,,,,,,,,,
1512,-0.17621761777632866,1.269243697954003,0.07675061677479635,1.7106348723550275,0.032272638835317516,0.5451192012952255,0.00044449152117335,0.03837530838739817,0.18172873636160364,0.1223945848752214,0.08800434191821427,0.000125,,,,,,,,,
1513,-0.10956978457896568,1.215872866602087,0.08203132659582316,1.6904974949147826,0.034996496391359586,0.6006787627187699,0.0004494165101988078,0.04101566329791158,0.11563898700950243,0.12858366863424667,0.08961768647236454,0.000125,,,,,,,,,
1514,-0.27466946002663656,1.392611492101306,0.04536983021217197,1.7915689469390341,0.027044966975957294,0.3622827671209513,0.00025191564864528946,0.02268491510608598,0.278335407458908,0.10982910224756243,0.08673722626910284,0.000125,,,,,,,,,
1515,-0.2633854893708451,1.4060575583485342,0.05600418560937593,1.7612416649699214,0.03023099495609219,0.4702645070341146,0.0003093347022458537,0.02800209280468797,0.2681368422976631,0.1176515075480712,0.08630128794103417,0.000125,,,,,,,,,
1516,-0.065347852668062,1.1466796511979067,0.08484689956378817,1.6997742330142387,0.03371990670395095,0.5610036296948553,0.0004745916189180674,0.042423449781894086,0.07102205607331177,0.12478561431773548,0.08988287796471078,0.000125,,,,,,,,,
1517,-0.19514840524096888,1.301890104296172,0.05327025389345828,1.7718411773811638,0.03095644295367854,0.4644068376429886,0.00032465198822558775,0.02663512694672914,0.19984007367600157,0.11794793797729569,0.08892566239038874,0.000125,,,,,,,,,
1518,-0.11599252297799512,1.181798645193623,0.07715017855030548,1.702612374810287,0.03350942193583147,0.5564050348806117,0.0004470033512801771,0.03857508927515274,0.1216166445733373,0.125469932565994,0.08881293872316552,0.000125,,,,,,,,,
1519,-0.10405467204088176,1.195977693974935,0.07224477867168382,1.7412897474067992,0.03097742521968846,0.5051270258794849,0.00043717953246113464,0.036122389335841915,0.10916384938181112,0.11809522969749131,0.09032277792604221,0.000125,,,,,,,,,
1520,-0.2619491376215004,1.371745063449189,0.04981807266203939,1.7735630496876074,0.0307134120428489,0.42505826154084714,0.00024936354077030067,0.024909036331019693,0.2662448585391444,0.11797576443278386,0.08962595088954231,0.000125,,,,,,,,,
1521,-0.07238192934066608,1.1412175898425043,0.062144873561725975,1.7455666925332685,0.032620539003233036,0.53677148045741,0.0003390003298937705,0.031072436780862987,0.07780156225224533,0.12211245464386718,0.08791757724606733,0.000125,,,,,,,,,
1522,-0.08953430331949988,1.142309471526194,0.06335508106085264,1.7465134070675967,0.032914658664873614,0.5282300238546439,0.00034395104764930106,0.03167754053042632,0.09486918574312392,0.12266782787859042,0.0904814944151856,0.000125,,,,,,,,,
1523,-0.20689583585804674,1.3107378645487087,0.052652021633144336,1.779937760371093,0.030026208859498114,0.4567908092178095,0.00026396479725082243,0.026326010816572168,0.21151050898661763,0.11632176189477766,0.08712885886567312,0.000125,,,,,,,,,
1524,-0.21977676234536003,1.315286567271511,0.049054801443604794,1.7876698665216153,0.02870209080770867,0.44344983004819677,0.0002680548782264153,0.024527400721802397,0.22425634529401123,0.1129647912774524,0.08617954701013116,0.000125,,,,,,,,,
1525,-0.19201353213252026,1.3052856100714259,0.06988332988409611,1.7100859082801816,0.03450897454682668,0.5315626798898265,0.00041679523584740917,0.034941664942048055,0.19738536940780183,0.12854388308678516,0.09060058560759136,0.000125,,,,,,,,,
1526,-0.2374711197694823,1.3360435722674835,0.04945471546055118,1.7820392449611873,0.028801863871371753,0.41768623366305146,0.00025787747970347193,0.02472735773027559,0.24169310863108975,0.11381972148296136,0.08683916588540305,0.000125,,,,,,,,,
1527,-0.08535131317731182,1.1468264680235345,0.06247169436625086,1.7507957310452216,0.03139324243853238,0.5070754676914948,0.00035539360139437057,0.03123584718312543,0.0904743655947343,0.11946696646816134,0.08874054702076443,0.000125,,,,,,,,,
1528,-0.11262560306465591,1.1967346359080837,0.06972201070349046,1.7381972414576417,0.03086095122519284,0.48604823359398147,0.00040435093057272927,0.03486100535174523,0.11754237188766774,0.11863404799715191,0.0893967508440828,0.000125,,,,,,,,,
1529,-0.1907643647970394,1.3041430197403254,0.07322712380988444,1.7157965886039763,0.0307340743484195,0.5079711730082831,0.0004442667306098799,0.03661356190494222,0.19590229072221932,0.11894784198333888,0.0879897696673895,0.000125,,,,,,,,,
1530,-0.24521970617450745,1.3690205591039488,0.05191174415760883,1.7753133810402373,0.02893812632979845,0.4242394901655452,0.00027861104654442696,0.025955872078804412,0.24950859619251756,0.11407143749072876,0.08689684780284758,0.000125,,,,,,,,,
1531,-0.1820684972389266,1.2777165388319283,0.06691102353117633,1.7393811151748426,0.03130641984958667,0.48904079317442783,0.00036538663588381646,0.03345551176558817,0.18701340835994706,0.1197577256541052,0.08954226611111037,0.000125,,,,,,,,,
1532,-0.18377163217133097,1.2712335311960208,0.07337833679786018,1.7093919710822472,0.03322107725569681,0.5337660023286699,0.0004197698901971118,0.03668916839893009,0.1891672729816294,0.12481522911875456,0.08944698545920833,0.000125,,,,,,,,,
1533,-0.1729385252370523,1.2762915792621417,0.06363326003019261,1.7327128520491986,0.03270099083400413,0.523088683564088,0.0003471764538396662,0.031816630015096305,0.17822202759576716,0.12279984584789436,0.08783981520264633,0.000125,,,,,,,,,
1534,-0.12667482406992545,1.2309699873413487,0.08725078035535208,1.6814701406915407,0.03296597784946417,0.5722566037093562,0.00048183755746019274,0.04362539017767604,0.13246264857417817,0.12423699617871875,0.08886527119015294,0.000125,,,,,,,,,
1535,-0.10894902231754292,1.190330206593725,0.06219047128467332,1.7565809562744485,0.03011076055238334,0.4974675284997548,0.0003332000524535355,0.031095235642336662,0.11397569064827007,0.11607482323858592,0.0870615258482742,0.000125,,,,,,,,,
1536,-0.1942775340905087,1.2903872157319016,0.05390656381004974,1.7702821745258244,0.029361276251410454,0.43000033316170716,0.00030227669732489957,0.02695328190502487,0.19862521629274932,0.1146757543617751,0.08943658444224006,0.000125,,,,,,,,,
1537,-0.11307185431257703,1.1758635722101791,0.06956641463552127,1.7401211345522243,0.03093437708531808,0.47822170365750344,0.00039884214931013045,0.034783207317760634,0.11791024418930847,0.11866964499127856,0.0901334824759367,0.000125,,,,,,,,,
1538,-0.07003418243925609,1.1542078967485332,0.06461808386566718,1.7455033413497039,0.03157937610566505,0.5109722789573902,0.00033551402038717315,0.03230904193283359,0.0751970244443802,0.1197612605703722,0.08906622605273203,0.000125,,,,,,,,,
1539,-0.1814548003172012,1.2349559556711354,0.06338902937555332,1.7391228244317634,0.03200120373321121,0.4911106924680697,0.00033907789541461075,0.03169451468777666,0.18641838376376813,0.12175448785562396,0.08971681692298711,0.000125,,,,,,,,,
1540,-0.09344542302434775,1.17988373017495,0.08352256010918867,1.68047199026056,0.03453643593077638,0.559388313769469,0.00047496232402993976,0.041761280054594334,0.09910262178523989,0.127802108038157,0.09122927444726348,0.000125,,,,,,,,,
1541,-0.23600907963103918,1.368272023278085,0.059299463231370655,1.743805518090204,0.030871893476386702,0.47758808938144426,0.0003121734297066176,0.029649731615685328,0.24083517004594726,0.11896695474936135,0.08669192150167418,0.000125,,,,,,,,,
1542,-0.2243826032342534,1.3266123181010432,0.0646326770204741,1.7376967562409542,0.029963834487647806,0.45947892469144513,0.0003917063003661656,0.03231633851023705,0.22903100285024422,0.11745975635124006,0.08750836093937395,0.000125,,,,,,,,,
1543,-0.16385179327860128,1.2770229325399824,0.05341097768531446,1.7615574666511087,0.03274848268938038,0.522527471982346,0.00027497377136255876,0.02670548884265723,0.1691241387996475,0.12344892196445366,0.08634036867582345,0.000125,,,,,,,,,
1544,-0.13285245047729635,1.2030274004772754,0.06298799819469009,1.756377335080329,0.030634292819961387,0.4808460086666958,0.0003371330935179505,0.03149399909734504,0.1377133396673466,0.1178184238521629,0.08860881676665452,0.000125,,,,,,,,,
1545,-0.15822535108577454,1.2533421906380449,0.06494011739588591,1.7518441548074621,0.029506549834880602,0.4804420768843231,0.0003665475652081798,0.03247005869794295,0.16308342583051585,0.11570643831497895,0.08595253578119794,0.000125,,,,,,,,,
1546,-0.09920694510377628,1.1706630702834924,0.07060432606181087,1.7467728792696546,0.030291426527530318,0.47154873541799874,0.0004132613566054273,0.03530216303090543,0.10397933496334591,0.1172675239912565,0.0888606142911317,0.000125,,,,,,,,,
1547,-0.14989642262058195,1.2475978179754308,0.06505290441982273,1.7457054345660046,0.031113874846213554,0.4803400456103507,0.0003682855656372189,0.03252645220991136,0.15475348943889738,0.11979160610256312,0.0885224479872735,0.000125,,,,,,,,,
1548,-0.16058980869579362,1.2347250926127864,0.07693688452143069,1.7182334764066143,0.03164212034465782,0.5171243269995008,0.0004243007270209596,0.038468442260715344,0.1658209457500836,0.1208580202630684,0.08833106901478219,0.000125,,,,,,,,,
1549,-0.1556245834512447,1.2625359621646388,0.07036086659126838,1.7295827735979763,0.03086285420596035,0.4747350772216497,0.00039165452735613756,0.035180433295634195,0.16042832702976634,0.11948117601023431,0.08925666927457276,0.000125,,,,,,,,,
1550,-0.20103960243361302,1.3097311937499063,0.060039741318354635,1.7566794896333775,0.029601268908618063,0.44420231106812785,0.0003089754277567344,0.03001987065917732,0.2055323019641274,0.11646422189657052,0.08672931104420423,0.000125,-0.16772715641968317,1.2829188598120593,0.17271251175628483,0.07147937178393494,1.727053764347716,0.030933005212725864,0.4928513836780215,0.00038312762860127214,0.035739685891967465
1551,-0.19410277865066455,1.3112085251093473,0.06112032867321729,1.7538027463801322,0.029486193660821204,0.46969829536381713,0.0002940826410784772,0.030560164336608645,0.19885080062251392,0.11595674368517728,0.08518428321928859,0.000125,,,,,,,,,
1552,-0.12879184381470063,1.2199336618028989,0.06970276541208562,1.72877505972395,0.03202227342613137,0.5212912838433645,0.0003642671689257609,0.03485138270604281,0.13406053845812682,0.1215163471513615,0.08793758070637872,0.000125,,,,,,,,,
1553,-0.09817641869135077,1.1495910753876288,0.06128183671786443,1.753354808384994,0.030803592448323924,0.47236336544222546,0.00033675556738571377,0.03064091835893221,0.10295159436788967,0.11876906715393314,0.08760235783064466,0.000125,,,,,,,,,
1554,-0.18327250440340498,1.254164011639709,0.06936802721460092,1.738946218478834,0.030188270304857663,0.47569274870503786,0.0003723584973118933,0.034684013607300467,0.18808522895122054,0.11785889847403774,0.08779772839913841,0.000125,,,,,,,,,
1555,-0.09670644500637998,1.1514948268430423,0.07337747780492303,1.7371783909037082,0.028711012296828695,0.4633816694050281,0.0004050454122684311,0.036688738902461514,0.10139837267736446,0.11409316301174448,0.08674721753493458,0.000125,,,,,,,,,
1556,-0.09114402136433167,1.1564839014137647,0.057404428305576405,1.7771249917982552,0.02841553158381936,0.4268086312440542,0.00031638156034666747,0.028702214152788202,0.09546174495644645,0.11240273311868637,0.08692639240200804,0.000125,,,,,,,,,
1557,-0.17751283354590508,1.2636403874706472,0.07486119659114787,1.7252288247284344,0.029660473948657284,0.453030067407149,0.0004389516471389418,0.037430598295573936,0.18210220662299081,0.11696882448256131,0.08792372915755467,0.000125,,,,,,,,,
1558,-0.2419119750942257,1.4018779838193822,0.06236219812673606,1.7477768346578983,0.02872577833783093,0.42135008777087,0.00034703450994807056,0.03118109906336803,0.24617760518444382,0.11428243241073244,0.0875438226553312,0.000125,,,,,,,,,
1559,-0.21092178040923693,1.3510336975482473,0.05140678358553799,1.7712126975599707,0.02904448259505133,0.4315364537388211,0.00030798119946664766,0.025703391792768995,0.21528364027738822,0.11537623402160065,0.0849596082719423,0.000125,,,,,,,,,
1560,-0.20465205637147277,1.3211556031633,0.07359565833147128,1.737407765352023,0.02828625708673775,0.3964375625433336,0.0003990467194134401,0.03679782916573564,0.20867459437091945,0.11346816523352346,0.08871737725579774,0.000125,,,,,,,,,
1561,-0.10069759741236697,1.1843493641943175,0.0669167275295043,1.7509621177252443,0.029793986217763167,0.45130511475121526,0.00037008437390819246,0.03345836376475215,0.10526531738856018,0.11611786649651142,0.08862872017902015,0.000125,,,,,,,,,
1562,-0.14710524726990357,1.229428137656483,0.07329655775056072,1.724171828380607,0.030269221936328528,0.4959183634122742,0.00036446737508400345,0.03664827887528037,0.15212196557493624,0.11777284468606486,0.08710813742548539,0.000125,,,,,,,,,
1563,-0.097571025042179,1.194945421106468,0.08436550851804278,1.6971281843562855,0.03199034750226152,0.5268740278159834,0.0004672018726619608,0.04218275425902139,0.10290359137516805,0.12210002522515662,0.08891591438648849,0.000125,,,,,,,,,
1564,-0.09869643838030365,1.1790781706950828,0.07215673340076136,1.7236304867556393,0.030456209995827356,0.4883017498391554,0.00038438282403237267,0.03607836670038067,0.10363661437850347,0.11860005211448678,0.08721679914158972,0.000125,,,,,,,,,
1565,-0.11134965775354036,1.1807622794126404,0.0721177852605864,1.7276842665046201,0.030123614859932764,0.47569332279316984,0.00041764658231102604,0.0360588926302932,0.11616410318259052,0.11797703907341166,0.08773078692684004,0.000125,,,,,,,,,
1566,-0.15044097897426142,1.2294715679477315,0.06735201596394202,1.7635067458329783,0.02727900890006394,0.40076581304965964,0.0003799353429012709,0.033676007981971026,0.15450374753362736,0.10983370258415208,0.08834610102506243,0.000125,,,,,,,,,
1567,-0.1344104982250082,1.2141134169177135,0.06377994027732525,1.7701114451433608,0.0264736608706623,0.4028270878606259,0.00034033269828639555,0.03188997013866263,0.13849176351518738,0.10807994553968862,0.08568712390094552,0.000125,,,,,,,,,
1568,-0.05438280465723041,1.1131782776348889,0.06134886376487579,1.7750440615540248,0.027794483079282194,0.42630684747422665,0.0003355706159060955,0.030674431882437896,0.05869765371062972,0.11062634435026791,0.08800189854553453,0.000125,,,,,,,,,
1569,-0.11339832882664183,1.2037983320939905,0.07302348427136751,1.7334132138304508,0.029378300724552622,0.4436983107331822,0.00037270011209825907,0.036511742135683756,0.1178928848093686,0.11466403148836604,0.08955332865961357,0.000125,,,,,,,,,
1570,-0.22547640602909663,1.3606984353464462,0.06514260624288434,1.7588441328567805,0.0281489747956085,0.4079379668559888,0.00035305227308115824,0.03257130312144217,0.22960947596483736,0.11281085202266805,0.08751748506262458,0.000125,,,,,,,,,
1571,-0.16685683281500693,1.2554525970275061,0.054252008496288556,1.7707852024657385,0.02850653280968394,0.389620416394756,0.00029294175149173517,0.02712600424814428,0.17080080025274222,0.11341164379983157,0.08823485306045027,0.000125,,,,,,,,,
1572,-0.08121397152634048,1.1910361050466076,0.0813901990330794,1.7090966328450747,0.030875066566848852,0.5206755618918422,0.00045359172872375255,0.0406950995165397,0.08648304912839115,0.11875672059479238,0.08839872446440233,0.000125,,,,,,,,,
1573,-0.17407305013960395,1.302077288256874,0.06095154258359306,1.7630811497412717,0.028482174007490625,0.4181848281688043,0.0003594706477764187,0.030475771291796527,0.17830659971055896,0.11313580582075916,0.0869333696183101,0.000125,,,,,,,,,
1574,-0.21200380319952414,1.3141320165927937,0.05477685223102639,1.7836019735246813,0.027808300485439773,0.3827526805509841,0.0003121112113596624,0.027388426115513197,0.21587967556299834,0.11169984019825566,0.08690530555917411,0.000125,,,,,,,,,
1575,-0.21946483670990258,1.323715556933844,0.06691474483034451,1.7363558653096471,0.029458247877973364,0.43690373944996114,0.0003457651786622919,0.03345737241517226,0.2238881526872571,0.11641260158579456,0.08833783754597897,0.000125,,,,,,,,,
1576,-0.2052535483515941,1.3141979884442931,0.06700564178316755,1.7360754583149616,0.029420342297982953,0.45702247573777754,0.0003372795973403095,0.033502820891583775,0.20987800948041999,0.11627961322625965,0.08705567211703388,0.000125,,,,,,,,,
1577,-0.20033403066669278,1.3341142211015145,0.08534837965508253,1.7048057772367247,0.028946876506344785,0.4526720550239178,0.00044925955231131314,0.04267418982754127,0.204924966060055,0.1149482370181667,0.08847465088194398,0.000125,,,,,,,,,
1578,-0.21970200303994564,1.335636328768213,0.06359264298145915,1.7550793430267164,0.0276148733922393,0.39268731899748344,0.0003826288184130684,0.03179632149072958,0.22368204963302563,0.11164307702444887,0.08741059048481112,0.000125,,,,,,,,,
1579,-0.20370073890955298,1.292847820281259,0.05402591617437024,1.7752939801662186,0.028578583775561984,0.4311080673435144,0.00031596848846009563,0.02701295808718512,0.20805974516576156,0.11324910094462531,0.0876737716815125,0.000125,,,,,,,,,
1580,-0.14733095990429557,1.2319333384465119,0.06602886755462647,1.7464936607613935,0.03036698812904351,0.48420415210932416,0.0003649022511306565,0.03301443377731323,0.15222712981828504,0.1176108161083218,0.08735293538728267,0.000125,,,,,,,,,
1581,-0.1071271522575516,1.175505108265542,0.08661048937760799,1.6899966434204736,0.03242944924726482,0.5710120217808659,0.000451655994913259,0.04330524468880399,0.11290199424643238,0.12306283504202409,0.08752201216660677,0.000125,,,,,,,,,
1582,-0.11831040103285917,1.2355684313366022,0.07263215759107726,1.7276878889145681,0.03158918605488883,0.5061310224788759,0.00040943789683814055,0.03631607879553862,0.12342939859430099,0.12083319665146411,0.0883474377190809,0.000125,,,,,,,,,
1583,-0.2038447455201346,1.2989789874092148,0.0667466330232121,1.7290525871598252,0.03135396377027984,0.4739341247729333,0.00032918646959601434,0.03337331651160605,0.2086380424749431,0.12059222056597471,0.0893995562639639,0.000125,,,,,,,,,
1584,-0.16267203327556867,1.2998151172719175,0.07050575738096622,1.7464345987866787,0.02924189539484963,0.45331036804513725,0.0003832330680425346,0.03525287869048311,0.16726168651137885,0.11386398562899186,0.08841295228003268,0.000125,,,,,,,,,
1585,-0.2245938826605941,1.3342690170454676,0.06662104767745922,1.7352143115510943,0.030658878073219018,0.5015386910907864,0.0003565103805347189,0.03331052383872961,0.22966349734226155,0.11862499279826126,0.08570180001293401,0.000125,,,,,,,,,
1586,-0.14498572125000694,1.2534950600316728,0.08367947317967415,1.7011691759209064,0.03170695634346214,0.5237264126316533,0.0004544910834645023,0.04183973658983707,0.15028638171550715,0.1213639141181107,0.08908216983974115,0.000125,,,,,,,,,
1587,-0.1301141030087092,1.2283104087001602,0.0564852407468507,1.7663014266441737,0.02942017902236033,0.4426359189394622,0.00029687148610808996,0.02824262037342535,0.13458933654760477,0.11475485497284937,0.08699320338377808,0.000125,,,,,,,,,
1588,-0.14477653512949232,1.2292142595531401,0.059573381803342665,1.7438224942676,0.031980018834543114,0.4902216756228147,0.0003427144200264324,0.02978669090167133,0.1497294039457651,0.12229527454205127,0.08800398381316249,0.000125,,,,,,,,,
1589,-0.25879782638710486,1.3773678118361181,0.05873070509679033,1.7501203544563322,0.031336294031095724,0.48180223323771143,0.0003272156220814657,0.029365352548395163,0.26366598743179576,0.12019830070666668,0.08783575548473027,0.000125,,,,,,,,,
1590,-0.24482497598128145,1.3354920309382887,0.043891081741849636,1.7877120506313404,0.02991437437085931,0.4290383248427696,0.00022916092698791114,0.021945540870924818,0.24915747350035625,0.11644036031886373,0.08631961529375393,0.000125,,,,,,,,,
1591,-0.06769144857969135,1.1352583752674996,0.05670329331933011,1.7741517117240833,0.029500960375042014,0.4532188171995778,0.0003155710579709392,0.028351646659665056,0.07227288562604375,0.11474490383456115,0.08751722854904948,0.000125,,,,,,,,,
1592,-0.12931448722661215,1.2108062057388014,0.06359151532295687,1.7412243351380683,0.03259313821639231,0.536255464675977,0.00034616291656624934,0.031795757661478435,0.13472971150355043,0.12268138474809831,0.08677717943932435,0.000125,,,,,,,,,
1593,-0.13561764703597914,1.213521874330449,0.05530268807428623,1.7510057069232476,0.032398441608164394,0.5430262809077292,0.0003081606211472387,0.02765134403714312,0.14109615285237428,0.12231356302947494,0.0865304100887318,0.000125,,,,,,,,,
1594,-0.2019858633779893,1.2939581563560378,0.06641253780545642,1.7331892171155112,0.03214753094501693,0.4861802178594852,0.00035606602350467893,0.033206268902728216,0.20690176437789304,0.12228490443266457,0.08887311557746032,0.000125,,,,,,,,,
1595,-0.16427580186532423,1.27217685894503,0.07608530943887987,1.7099393578790758,0.03218686623205498,0.5215101609521833,0.00044075403386229894,0.03804265471943993,0.16955045306348293,0.12236617606131865,0.08834558568776636,0.000125,,,,,,,,,
1596,-0.09490169994957369,1.1456401026843124,0.06887223156465244,1.744014074942739,0.032784226657200134,0.5013694831177229,0.0004165741542508352,0.034436115782326214,0.09997143677882517,0.12295215636309323,0.09056817225852605,0.000125,,,,,,,,,
1597,-0.13270068172818053,1.236782653867771,0.07445172889605767,1.7145939210067476,0.032128349990952945,0.5203480740950286,0.00045036669199684037,0.037225864448028834,0.13796303793970888,0.12175311429281108,0.09005906637244915,0.000125,,,,,,,,,
1598,-0.23199555957995027,1.3729735771072107,0.07373197273511667,1.7216746876204767,0.03088410817431096,0.4720688233323715,0.00042411442049171833,0.036865986367558334,0.2367745716907227,0.11949944736451121,0.0887107305807788,0.000125,,,,,,,,,
1599,-0.2603375074556968,1.3586960099158136,0.050904498021169996,1.7688285442532328,0.029552098095015827,0.41587611104321487,0.00028559348005289663,0.025452249010584998,0.2645422650353826,0.11657651288165083,0.08760147467947185,0.000125,,,,,,,,,
1600,-0.24578937994235045,1.346003841287824,0.04939326167571231,1.7749083122407876,0.03220643102882545,0.48733423457275493,0.00026647773614157553,0.024696630837856153,0.2507078327793997,0.1216204757043467,0.08752560652656338,0.000125,-0.16771426715727353,1.2824852080516522,0.17309121394349908,0.07095658164648636,1.7195266087722225,0.03264743039117386,0.5320469682565219,0.00038035467493762826,0.03547829082324318
1601,-0.0757250642827473,1.1447286674574362,0.053320445415037415,1.7580122850061537,0.033410866995771074,0.5468041592073123,0.0003070157304660522,0.026660222707518708,0.08124041637768267,0.12472903214160422,0.08791111988085695,0.000125,,,,,,,,,
1602,-0.24455953288453167,1.3489754515166443,0.06437824907932191,1.7323487647162097,0.03201722184331039,0.4984274811460499,0.0003610254827568805,0.032189124539660954,0.24959693056300658,0.12263119928582762,0.08810511238198315,0.000125,,,,,,,,,
1603,-0.17865652477576163,1.3104300695680768,0.08727983548596198,1.6830297231521067,0.031929950338246055,0.521893500217079,0.0004930635102846543,0.04363991774298099,0.18394086062800974,0.12202408097384251,0.08973901020953934,0.000125,,,,,,,,,
1604,-0.1745805333132121,1.2758456486252223,0.06296187812282086,1.7402789019083096,0.032667321621076564,0.5228580222767174,0.0003258255341396759,0.03148093906141043,0.17986125551940113,0.12321460510134034,0.08814108919526559,0.000125,,,,,,,,,
1605,-0.12295900452505412,1.2326347262458388,0.07028706457199213,1.7308769810982958,0.03099043745477093,0.4928745586783461,0.00038019193545591704,0.035143532285996065,0.12794400433328915,0.11953023581203356,0.08885187480832593,0.000125,,,,,,,,,
1606,-0.11611766206311205,1.1952512278220055,0.06214148147512307,1.726237542578061,0.035424105834780784,0.5881920630618109,0.0003252808549681178,0.031070740737561532,0.1220511686184432,0.13019809544341865,0.08716677683234805,0.000125,,,,,,,,,
1607,-0.13944448841061446,1.2215971302311934,0.0715176349528514,1.7116439686316012,0.03375829999438709,0.5549424614575631,0.0003936821629110166,0.0357588174764257,0.14505072510398195,0.12617203829291168,0.08871433191787619,0.000125,,,,,,,,,
1608,-0.1784647480472415,1.2463596297375203,0.07222868234114443,1.731876232697764,0.030899380402245283,0.48646975570815254,0.000376975966863589,0.03611434117057222,0.18338664846748923,0.11970819737789878,0.08815508760881138,0.000125,,,,,,,,,
1609,-0.17091712871243472,1.2873162142062204,0.06893712065509876,1.7333718560397868,0.03068018421488286,0.49573540848955355,0.0003810907063838046,0.03446856032754938,0.17593009598328205,0.11881529674400618,0.08752973341899722,0.000125,,,,,,,,,
1610,-0.12476207918476603,1.2339198339631876,0.06401769320244483,1.7500503359933117,0.03036167831487553,0.49481976420421525,0.0003491097421105781,0.03200884660122241,0.12976327727419043,0.11689232436071555,0.08738960406858363,0.000125,,,,,,,,,
1611,-0.13784085473090738,1.2205453867125369,0.06114079539049997,1.7609954968972468,0.030771263564761432,0.46366131177850023,0.0003175299661878529,0.030570397695249985,0.14252882350101848,0.11866275903042012,0.08855743586203581,0.000125,,,,,,,,,
1612,-0.01086218128520941,1.0704462945151794,0.08246151793316424,1.710260414661131,0.03244948101383299,0.566467658310768,0.00048795204851719595,0.04123075896658212,0.016590070751915466,0.12204154756186286,0.08904310643002769,0.000125,,,,,,,,,
1613,-0.09954484007819357,1.1847869622428235,0.0858840875840899,1.6867449074305139,0.03248867380113629,0.5723012965310383,0.0005003613254245596,0.04294204379204495,0.10533266614962457,0.12331394821161958,0.08752260861246011,0.000125,,,,,,,,,
1614,-0.1875224425379504,1.3096030648308998,0.0637533749415381,1.7395434044533935,0.03040487821870633,0.4964013428048931,0.0003396997942851551,0.03187668747076905,0.19253912508545748,0.11841731625931284,0.08552346872483066,0.000125,,,,,,,,,
1615,-0.18624421444825312,1.2691193870710928,0.06708418108870874,1.746301855218653,0.03057777604599764,0.48839898649302715,0.00035620134885957133,0.03354209054435438,0.1911827714357685,0.11851789848110646,0.08633380903175919,0.000125,,,,,,,,,
1616,-0.22321455993627332,1.3413996583995034,0.07666051592325782,1.708933528538609,0.03138647824899754,0.4978700196221838,0.00041014383706205776,0.03833025796162891,0.22825278116411282,0.12147666234241669,0.08740805177209407,0.000125,,,,,,,,,
1617,-0.08491907935649386,1.1576378996205519,0.08867845797182043,1.6910470092291594,0.032160694358759304,0.5513222334727605,0.0004843255806474722,0.04433922898591022,0.09049839464610614,0.12227937694178051,0.08865190435672424,0.000125,,,,,,,,,
1618,-0.18741085907649369,1.249354726985943,0.05580862928749168,1.7593219994636335,0.02985954164027024,0.4501661154017862,0.0002816223405929352,0.02790431464374584,0.19196083398855585,0.1173416882399228,0.08650095471574239,0.000125,,,,,,,,,
1619,-0.1527641866807159,1.242361089172462,0.06417102933211144,1.7527620249113478,0.030148249531119418,0.4559135002559434,0.0003399900062141622,0.03208551466605572,0.1573763347182526,0.11718371773262753,0.08778261162836087,0.000125,,,,,,,,,
1620,-0.15428250397691853,1.2568202778665576,0.05305027248970271,1.7669373590570152,0.030981893287770502,0.47746542371962886,0.00030795879274051906,0.026525136244851352,0.15910443231187765,0.11944560063806291,0.08655296954026759,0.000125,,,,,,,,,
1621,-0.11912868557735601,1.1900754320302784,0.07210576986913468,1.7279575241548215,0.03191517036904881,0.5084428960804686,0.0004005581502019717,0.03605288493456734,0.12427045257983885,0.12178829388760945,0.08821237300625685,0.000125,,,,,,,,,
1622,-0.19510196631133764,1.2863240625206007,0.06241492362260694,1.747723592611358,0.03106596733851709,0.45503259807895263,0.0003356525020525743,0.03120746181130347,0.1997043335148851,0.12010541978288557,0.08898831835093847,0.000125,,,,,,,,,
1623,-0.09088759615673886,1.1529243873323212,0.07259304298239332,1.7200290456659877,0.0332067942665422,0.5383296168841407,0.00040664161020649017,0.03629652149119666,0.09632845555363018,0.12498113815903947,0.0889486080468887,0.000125,,,,,,,,,
1624,-0.21730433375517222,1.3319062017160634,0.06337256281089007,1.7491986530286787,0.030074609658929052,0.4222794554495672,0.0003691136962344549,0.031686281405445035,0.22157999771456593,0.11787045226023032,0.08892572993752056,0.000125,,,,,,,,,
1625,-0.09942832660308586,1.2116728116456545,0.069650196405682,1.7300481004336152,0.03182556096280167,0.5278342341299875,0.000373682665049871,0.034825098202841,0.10476253135024341,0.12126720261657326,0.08658924163336301,0.000125,,,,,,,,,
1626,-0.12289159268554475,1.1934438455730536,0.07635901101936655,1.7077273263576165,0.032542820792229324,0.5152650325267365,0.0004459255067721959,0.038179505509683284,0.1281039590446531,0.12315254974612869,0.08872426767689984,0.000125,,,,,,,,,
1627,-0.17315544128767976,1.244332206231714,0.06462975575096938,1.7514338843456134,0.02954714951818204,0.4277511323017087,0.0003639301866304523,0.03231487787548469,0.1774864211292821,0.11591808297262111,0.08943347838379778,0.000125,,,,,,,,,
1628,-0.13768605709295095,1.2229438468060743,0.06685927574023448,1.7477551746084319,0.02897494954277688,0.45074654967003513,0.0003774946875397168,0.03342963787011724,0.14224820472614289,0.11452381154864386,0.08650591471800655,0.000125,,,,,,,,,
1629,-0.12726361034881253,1.2464706913675543,0.06380559251170273,1.7362311534138293,0.03162495284371775,0.5136277295057744,0.00036942984170406225,0.031902796255851365,0.13245284705007732,0.12137338335630204,0.08605076071027241,0.000125,,,,,,,,,
1630,-0.1773145642605188,1.2892053028432642,0.06152238370874352,1.7650094954394069,0.027575082928727186,0.41878142257379614,0.0003353630611236618,0.03076119185437176,0.1815541434036768,0.11111424437680478,0.08655895518253887,0.000125,,,,,,,,,
1631,-0.13413398480297856,1.275360474830126,0.06991676058260532,1.7405663588286608,0.03076401476779486,0.47576503725050273,0.000369488103656228,0.03495838029130266,0.13894769410039975,0.11907221438267801,0.08827017332640245,0.000125,,,,,,,,,
1632,-0.17711381720167502,1.2861419426271186,0.07234138059170606,1.7179577664261014,0.030821248834041186,0.4983975885628923,0.00039503205719933015,0.03617069029585304,0.18215509367583604,0.11950935782029373,0.08724430823280918,0.000125,,,,,,,,,
1633,-0.1801897287204573,1.2886521541742844,0.06680936665307301,1.7566040143912849,0.027577370118393205,0.4155860211611918,0.00036112241849461685,0.033404683326536504,0.1844001708797246,0.11110828303508362,0.0862761083323221,0.000125,,,,,,,,,
1634,-0.1129918266392812,1.1772273316742685,0.06394554963534177,1.7573662230023683,0.029477817654478464,0.47288392028852083,0.00035002575990574094,0.03197277481767088,0.11777371253681315,0.1159634078907838,0.08496065790399616,0.000125,,,,,,,,,
1635,-0.2093662268821802,1.3516566890307833,0.07371106141846386,1.7266011855612853,0.02942961511795015,0.4593690804155553,0.0004274755266208067,0.03685553070923192,0.21401831398416687,0.11647589043039519,0.0867780430288693,0.000125,,,,,,,,,
1636,-0.22918578701006515,1.2991128458767145,0.047138036501138784,1.7887641373120922,0.02840372479918307,0.40916045333773887,0.00026345349039645817,0.02356901825056939,0.23332148273797015,0.11400741956571961,0.0850654751970941,0.000125,,,,,,,,,
1637,-0.23293804611500088,1.3688578608944373,0.06037578248639797,1.753642176794475,0.029480891231812453,0.4406388328613324,0.00030433735319859603,0.03018789124319899,0.2373952021301573,0.11593111636891953,0.08626709595106827,0.000125,,,,,,,,,
1638,-0.1508761406500106,1.2264100128318893,0.07092262290196304,1.7342254001685755,0.029488634852917785,0.4477289831092775,0.00036129601985903726,0.03546131145098152,0.15540984700675461,0.1163566968713563,0.08735319976725822,0.000125,,,,,,,,,
1639,-0.22523726039316222,1.397821304927412,0.06951888072980103,1.7318772477937752,0.029605475379740148,0.4588191265219735,0.00037178489549492144,0.034759440364900515,0.2298812477201797,0.11708157266799438,0.08554467424935532,0.000125,,,,,,,,,
1640,-0.2619014321505638,1.4135822702864516,0.04440615783484646,1.7947174477748362,0.027171081783857076,0.3838931962912189,0.00021645515528219785,0.02220307891742323,0.265782678918424,0.11036542012113452,0.08454592778942466,0.000125,,,,,,,,,
1641,-0.1920190222585809,1.2794469157619655,0.055565049484064925,1.7700523901284542,0.027597895530728694,0.41583143314563514,0.00029850222330672985,0.027782524742032463,0.19622580466091363,0.1113475303641045,0.08500202932107212,0.000125,,,,,,,,,
1642,-0.24237037058445932,1.3694776903118702,0.05690355509784453,1.7684985927539125,0.028368118535719432,0.41970430831813543,0.0003050235450794789,0.028451777548922266,0.24661660066656793,0.11384717467941897,0.0855125683607087,0.000125,,,,,,,,,
1643,-0.1680572484383419,1.275770807349671,0.05650220961945778,1.7763059303566806,0.027657039118126617,0.418400200895706,0.00030404707354505687,0.02825110480972889,0.1722903050821477,0.11155100573860298,0.08584119756715664,0.000125,,,,,,,,,
1644,-0.2501323714383559,1.3537071818868656,0.04916653677713436,1.7785009258457887,0.027973380914831193,0.4088936855016678,0.0002595342800457349,0.02458326838856718,0.2542662719138201,0.11291121958056424,0.08420909457334355,0.000125,,,,,,,,,
1645,-0.2005124475339039,1.3102405521774547,0.060040207067638025,1.7714793010883392,0.02694527939352727,0.39775295522608556,0.0003186528001012334,0.03002010353381901,0.2045408985107105,0.11054524951126775,0.08573533247757782,0.000125,,,,,,,,,
1646,-0.12339189040238228,1.2639546680902818,0.07722637599760183,1.7322504195611734,0.02809351550612072,0.43374535349081417,0.0004551158326155456,0.03861318799880092,0.12778983078781098,0.1125593148137983,0.08749009348280684,0.000125,,,,,,,,,
1647,-0.20861374702770175,1.3265012561752159,0.06147306025943734,1.7608317996019196,0.02825554856498697,0.43106113354647835,0.0003638236085889341,0.03073653012971867,0.21297634144737815,0.11343398802601727,0.08478984360001504,0.000125,,,,,,,,,
1648,-0.033923422855742943,1.137429493259074,0.0917781490794217,1.7003656924828592,0.03009294849026853,0.4982800936877519,0.0005024155190332404,0.04588907453971085,0.03897414067927534,0.11661539649900415,0.08915402485686971,0.000125,,,,,,,,,
1649,-0.19403075020871863,1.2867180094603934,0.05932384403486633,1.7672821632604943,0.0279647861321858,0.40530478898776856,0.00032187840410606106,0.029661922017433163,0.1981343516262874,0.1126485396270788,0.08619899439627748,0.000125,,,,,,,,,
1650,-0.11273280403624514,1.1904236252357707,0.07775917282999431,1.727582205440846,0.028579346874942686,0.4294938789753203,0.00046264175784797954,0.038879586414997155,0.11708852465204624,0.1136997234841401,0.0891939225757226,0.000125,-0.16673395813489755,1.2822875550568806,0.171356455111491,0.07198885414339834,1.7333491375560883,0.02937806229822241,0.4565311297090754,0.0003857761055455428,0.03599442707169917
1651,-0.21351363783574082,1.297324572984349,0.0661011436572051,1.7414267000613655,0.030548811144393964,0.44937506775728786,0.00037847415222407385,0.03305057182860255,0.21806163809366516,0.11936433037384155,0.08831192049060509,0.000125,,,,,,,,,
1652,-0.309341518229095,1.4188407240726337,0.05360274263511387,1.7810048117337751,0.02574580892995656,0.3705181300856566,0.00027433256991908194,0.026801371317556937,0.3130940542750857,0.10774577688775863,0.08266734060012651,0.000125,,,,,,,,,
1653,-0.07707443214798551,1.1830072749767888,0.06932792982997306,1.7545935870808709,0.028288472562620005,0.42630299813467226,0.00040653078777945647,0.03466396491498653,0.08139373733799585,0.1124641095052965,0.08844280827068444,0.000125,,,,,,,,,
1654,-0.005240109493926809,1.0953888007362294,0.09060705094528754,1.6811104049325079,0.03215410948541578,0.5527280678246714,0.0005150254031436477,0.04530352547264377,0.0108346550557269,0.12220667159252649,0.08920678895701498,0.000125,,,,,,,,,
1655,-0.08355277417217577,1.1575828330009852,0.06499733058179166,1.7632498308054623,0.02857508453267253,0.44720523119423106,0.00036997165612116106,0.03249866529089583,0.08807865736427824,0.11278601561434201,0.08696387999998281,0.000125,,,,,,,,,
1656,-0.2174980398927926,1.3005395767386347,0.05371887505640935,1.7910430693523485,0.02495478453513977,0.3391222998162019,0.0002902461206852263,0.026859437528204674,0.22093693522038318,0.10546781864715545,0.08435276115117826,0.000125,,,,,,,,,
1657,-0.17420310007803558,1.2506105812112072,0.06359274905882784,1.7693740633361006,0.026413660690385865,0.38171987197192236,0.00036130947287348763,0.03179637452941392,0.17807340200764632,0.10820078567502524,0.08573376687109577,0.000125,,,,,,,,,
1658,-0.18448847247633027,1.267544876368882,0.05362554820098264,1.789918134415843,0.025573811580997554,0.3652569025900044,0.00027922872823871967,0.02681277410049132,0.18818854574495736,0.10678356865837943,0.08403952071596991,0.000125,,,,,,,,,
1659,-0.09972231474365417,1.1592530224619193,0.07286774699527125,1.7330102420522935,0.029412552645213134,0.4570613187858892,0.00038000088655842045,0.036433873497635626,0.1043504919162968,0.11617090388632784,0.08765781973546344,0.000125,,,,,,,,,
1660,-0.2151555637851386,1.3507294240580134,0.06916627908404588,1.7395373770407496,0.02832723526935809,0.44041238813205685,0.00034279821048112516,0.034583139542022946,0.2196150941618764,0.11382733372760603,0.084498580866441,0.000125,,,,,,,,,
1661,-0.11547811082370706,1.186534891557912,0.0757107880295061,1.732698577326067,0.028851696991027014,0.43895925506536904,0.00043008186546644945,0.03785539401475305,0.11992718657280343,0.1148347767676966,0.0872552487142875,0.000125,,,,,,,,,
1662,-0.16542002404082862,1.252488578812386,0.07122047368405277,1.7524328617980505,0.026234558770814508,0.37929357185041335,0.00041948194753387935,0.03561023684202638,0.1692702891442681,0.10844961483528151,0.08686792766931842,0.000125,,,,,,,,,
1663,-0.10662878368063138,1.188641997495175,0.06975724440082426,1.744294400521703,0.029098571837636512,0.4510811416457876,0.0003755269122558335,0.03487862220041213,0.11119567193241743,0.11539909711907118,0.08650748867594676,0.000125,,,,,,,,,
1664,-0.22789582961232177,1.3457706346715481,0.07439467729798356,1.747610805444701,0.02503425066537215,0.367496593606021,0.00039515849640215533,0.03719733864899178,0.23162942058004943,0.10578629966696365,0.08481300665056539,0.000125,,,,,,,,,
1665,-0.18700182638271073,1.2765927123330272,0.06204024403754467,1.7595181793506358,0.028557569113466456,0.39087734266438956,0.000325094231528649,0.031020122018772335,0.1909624660554822,0.11391598425958036,0.08918646897336885,0.000125,,,,,,,,,
1666,-0.14854271635325575,1.228963473531338,0.05729201020992793,1.7760428824800805,0.027463694437073822,0.4166647568486499,0.0002999451207963381,0.028646005104963963,0.15275876980688,0.11165093636496061,0.08456577450242736,0.000125,,,,,,,,,
1667,-0.11304056030567676,1.1828862539529466,0.05144325272969119,1.8079842242851503,0.02504170851038987,0.33646907497272094,0.0002718354016118089,0.025721626364845596,0.11645177087802779,0.1045797838456333,0.08510602914194647,0.000125,,,,,,,,,
1668,-0.19790545148540561,1.2645236637319672,0.048295074217979225,1.8081749245492855,0.025683735935148354,0.3345862115539012,0.00024181154671234877,0.02414753710898961,0.2012959610027662,0.1071219116822999,0.08629927681594901,0.000125,,,,,,,,,
1669,-0.11942561999494411,1.233865068921576,0.068790904020466,1.7591421320983034,0.026774886978466323,0.4201858990360481,0.00038327907972579155,0.034395452010233,0.12368329864943306,0.10916143054225295,0.08532002577977564,0.000125,,,,,,,,,
1670,-0.1632806290488011,1.2524910702519925,0.06279925817063153,1.760930506481387,0.026786436567150906,0.4010296417374132,0.00034099916126673286,0.03139962908531577,0.16734334439193801,0.11002715874009154,0.08466657787399828,0.000125,,,,,,,,,
1671,-0.15142956730659718,1.2250004278651878,0.06678669286084044,1.763397689447041,0.027105018897490826,0.38538683944844787,0.00036970010222959457,0.03339334643042022,0.15533816002542883,0.11041521805780408,0.08704995918167677,0.000125,,,,,,,,,
1672,-0.10248310982714005,1.1624488459887725,0.06721744573752989,1.7639484232667666,0.026906479513039677,0.3932378980847454,0.00036215914959644637,0.03360872286876494,0.10647035860658491,0.10978271739209215,0.08626926535351785,0.000125,,,,,,,,,
1673,-0.08074534683383024,1.142788677353776,0.05990597660015906,1.788931685910311,0.025956517713444194,0.3823912603796519,0.0003365081875094322,0.029952988300079527,0.08462046682466104,0.10687888132332651,0.08545425121650305,0.000125,,,,,,,,,
1674,-0.11950484665124117,1.2013405843044676,0.05859427069371398,1.7963183627962611,0.02403596612861357,0.3355857398516927,0.00035897615231494646,0.02929713534685699,0.12291155413025606,0.10227698282714061,0.08433964763731766,0.000125,,,,,,,,,
1675,-0.14941033996515712,1.261024556389429,0.06651112286732289,1.750522288550303,0.027252122155752893,0.3998079352318311,0.00036835266522664505,0.033255561433661436,0.15346286362844686,0.11074409282107295,0.08765944859929754,0.000125,,,,,,,,,
1676,-0.17361936160319175,1.2735511564243924,0.05537540272680232,1.7994873195618193,0.023415324265228958,0.3160741247815295,0.000316013946840265,0.02768770136340116,0.17682894556503442,0.10095454435966124,0.0849041899756593,0.000125,,,,,,,,,
1677,-0.22000382449687436,1.3438601189532,0.05355350583129002,1.7928204609393787,0.025100585168028468,0.32410766133661456,0.0002945201186353621,0.02677675291564501,0.2232925512689519,0.10599852012560938,0.08630051372387969,0.000125,,,,,,,,,
1678,-0.19120440597554225,1.298251371216928,0.059839527274684064,1.7684419469415391,0.02531154498512116,0.36846632317392797,0.00031557880160497067,0.02991976363734203,0.1949398291784043,0.10628936945643369,0.08408290679761324,0.000125,,,,,,,,,
1679,-0.09376256952676339,1.1855388233076691,0.08535416647812015,1.7232185399145155,0.026972369544556722,0.4038093032613628,0.0004878149605809785,0.04267708323906008,0.09786544997762103,0.10984714253480236,0.08792313913788055,0.000125,,,,,,,,,
1680,-0.298921616897052,1.4559898926835906,0.0492629338783925,1.7948848291414308,0.024715044378984384,0.31759021013575817,0.0002664795837167555,0.024631466939196246,0.3021427641094773,0.10482110072285249,0.0849142341672609,0.000125,,,,,,,,,
1681,-0.14690137315681392,1.20598008186654,0.05620754333141997,1.80619280094568,0.024369569172202135,0.31952633751200754,0.0003167780992098067,0.028103771665709983,0.15014597001260127,0.10394994737131069,0.08661457322001741,0.000125,,,,,,,,,
1682,-0.19053601938892,1.2611011763857531,0.04375790810623928,1.8202035867300137,0.02420134542148753,0.32081713645819665,0.0002481003677564486,0.021878954053119636,0.19378675274709994,0.10366695161954767,0.08359716103195317,0.000125,,,,,,,,,
1683,-0.19343914764363002,1.3342207892989535,0.07270985081855894,1.760305768707887,0.024471399324038134,0.3612547087281265,0.00037443445901332137,0.03635492540927947,0.19710939705859776,0.1035670074902555,0.08514558708918425,0.000125,,,,,,,,,
1684,-0.24672950506877722,1.4032982609607965,0.05288087528491237,1.8008849274072203,0.02239890007237201,0.28989715714418524,0.0002728612292276883,0.026440437642456186,0.2496756545394279,0.09857923907812963,0.0837692969261533,0.000125,,,,,,,,,
1685,-0.17205114241137087,1.230978997180844,0.04785091053815839,1.8098330174111155,0.02422424155145579,0.31831710807587865,0.000287949869807789,0.023925455269079195,0.17527921677627095,0.10380159905408501,0.08412948359114683,0.000125,,,,,,,,,
1686,-0.11542676285920242,1.2083163162784758,0.0659249343761244,1.7782718326123708,0.024770885505107983,0.35597302539286696,0.000387380309331766,0.0329624671880622,0.1190411121017386,0.10435985488179544,0.08508437540036438,0.000125,,,,,,,,,
1687,-0.04506908050933214,1.0900166981124606,0.06804618825179237,1.774848019406728,0.026209057543288644,0.3915194211403297,0.0003756641757999606,0.034023094125896186,0.049039802936813384,0.10753356875089966,0.08650708084791285,0.000125,,,,,,,,,
1688,-0.20139975802586657,1.2991937372096247,0.07319535356093203,1.7513657656667474,0.026824461026445694,0.3768388493191116,0.0003679141163561982,0.03659767678046602,0.20522593699465835,0.10963776550410066,0.08839973187617303,0.000125,,,,,,,,,
1689,-0.13775455785882054,1.2172451097109718,0.0729768383292495,1.748293616747316,0.02595424285484084,0.3673277305966999,0.00040397360105418826,0.03648841916462475,0.14148584625613017,0.10772759825950737,0.08733437976112168,0.000125,,,,,,,,,
1690,-0.1389121378400856,1.2284509474700989,0.05833450863214569,1.789147829928344,0.024255317832640837,0.34999164326345894,0.00030600467818833044,0.029167254316072845,0.14246217305211745,0.1031640922650264,0.08429082058061386,0.000125,,,,,,,,,
1691,-0.11961745779109281,1.263756773887916,0.08252013975053037,1.7178038820455155,0.027980186774669104,0.44628442561376985,0.00046497900014313363,0.04126006987526518,0.1241433899459277,0.11225641104533093,0.08738475928586203,0.000125,,,,,,,,,
1692,-0.19285887815370747,1.2817964291083048,0.05549771556896134,1.7905669716369073,0.02518153011684023,0.3483707410853721,0.0003187093349998081,0.02774885778448067,0.19639142718541208,0.10568697663237267,0.08473249566092192,0.000125,,,,,,,,,
1693,-0.1380963915319855,1.221218723123548,0.07323148868936764,1.7422917431171272,0.028432422372322456,0.4005046524554319,0.00041834101165093176,0.03661574434468382,0.14215966012843217,0.11328209252313555,0.09056902808865373,0.000125,,,,,,,,,
1694,-0.20185280491897006,1.3156545230739263,0.053367243198551406,1.798090563131029,0.024649969023244657,0.3350783261761564,0.00028220329684955207,0.0266836215992757,0.20525107474093074,0.10394889898620441,0.08433408212320274,0.000125,,,,,,,,,
1695,-0.2044713094333354,1.3053812300448902,0.06344435949160632,1.7756781076792567,0.025362071219308592,0.3481316520236259,0.00036378704723119516,0.03172217974580316,0.2080057427848666,0.1060062360863649,0.0865222691703277,0.000125,,,,,,,,,
1696,-0.17085392737534655,1.2464459824033267,0.05278540174356368,1.7964585501075008,0.02538262168514729,0.33121514381642914,0.0002831662625724779,0.02639270087178184,0.17421326776250942,0.10621986824235571,0.08596047642157098,0.000125,,,,,,,,,
1697,-0.19757990554254237,1.301578737601801,0.05480994084331013,1.7956566634740163,0.02448554029354011,0.34307458849449257,0.00029004969643723873,0.02740497042165507,0.20105891346150806,0.10323967177905458,0.08573293373820669,0.000125,,,,,,,,,
1698,-0.21045049349272418,1.3338003569181407,0.06451615990832114,1.7640535135621989,0.025483439053917235,0.36314137567354665,0.0003586854748573049,0.03225807995416058,0.21413539271929805,0.10644111221488142,0.08568604802866969,0.000125,,,,,,,,,
1699,-0.2744350398028256,1.4367910551422087,0.054602007126388685,1.7886417297431865,0.02533209111478991,0.33931173524386915,0.00029288076804995873,0.02730100356319434,0.2778762733838054,0.10542801662800172,0.08665811167573301,0.000125,,,,,,,,,
1700,-0.15188983540497522,1.2171288622105203,0.05743550777890416,1.7903880306113595,0.025297024279923315,0.3384095264399395,0.00032836237581337793,0.02871775388945208,0.15532383592732832,0.1055951743484469,0.08764540548356808,0.000125,-0.1665481965155331,1.2825742215796618,0.17090107879074157,0.07224400217538743,1.7400499168744772,0.02823386464377152,0.4295487967877295,0.00038718070747215897,0.036122001087693714
1701,-0.21313310751126274,1.32957433192483,0.07777237827503447,1.7272611037851664,0.02872431848204602,0.4219900923051272,0.00043496915681822963,0.038886189137517235,0.2174135169260576,0.11419051536487414,0.08895826782243488,0.000125,,,,,,,,,
1702,-0.16638479468938272,1.2609094077912526,0.05825432625874132,1.7742901076517015,0.0273697864103309,0.41677408677576466,0.0003261554486151121,0.02912716312937066,0.1706026671758324,0.11044057474051724,0.0850520751506244,0.000125,,,,,,,,,
1703,-0.21244232431413027,1.286889678338356,0.050461428615312484,1.8023068979412098,0.024903217173893922,0.32702345545083483,0.0002666017087087591,0.02523071430765624,0.21575847866901277,0.10464130009140854,0.08624960890392017,0.000125,,,,,,,,,
1704,-0.13108066329984416,1.2271409348828715,0.05542039879446721,1.7979771059713108,0.024570877869164186,0.3355836487767191,0.0003123922576127942,0.027710199397233612,0.13448531368064442,0.10290221168783727,0.08610757694516666,0.000125,,,,,,,,,
1705,-0.12349510218516806,1.2131006187470486,0.06340140297214956,1.7689090427523642,0.026684847799833288,0.4023564086688086,0.00034811869579728856,0.03170070148607478,0.12757153725072773,0.10846004194799223,0.08660006255899452,0.000125,,,,,,,,,
1706,-0.10148983166650959,1.1832656663171557,0.08612567201159985,1.7076973490794272,0.028610980983130932,0.44583276124890664,0.000502458309886064,0.04306283600579992,0.1060133236715941,0.11369081361044091,0.08943454167903847,0.000125,,,,,,,,,
1707,-0.021206777576405475,1.0989726317089306,0.08116111438215516,1.7385461990792666,0.027093361862638922,0.4115730023971561,0.00044969424201604896,0.04058055719107759,0.025384970561979064,0.10844395657458313,0.09037946785686,0.000125,,,,,,,,,
1708,-0.14156654037951732,1.252651427147733,0.0792312500673765,1.7397750573221225,0.028212508641841036,0.45214724325334077,0.00046317730174020026,0.03961562503368825,0.14614965796067503,0.11206575992057329,0.08685561193225075,0.000125,,,,,,,,,
1709,-0.1451789042251449,1.223334098917882,0.07875503043350413,1.7272716780165662,0.02870696370065222,0.4194428463066189,0.00043260381751894056,0.03937751521675206,0.14943430895838322,0.1140404810784075,0.09079211036158963,0.000125,,,,,,,,,
1710,-0.14889744024093773,1.228301635150813,0.07312734141952784,1.7397997884267549,0.02781764948221175,0.41997640187403074,0.0004091954988424344,0.03656367070976392,0.1531552578832605,0.111982587457732,0.08733214170332723,0.000125,,,,,,,,,
1711,-0.20961628066986096,1.2905871490431793,0.05873502385639878,1.781308061441588,0.024537378545877266,0.3575015468359263,0.0003078127103189566,0.029367511928199388,0.213241554857866,0.10380531033453191,0.0844530301333774,0.000125,,,,,,,,,
1712,-0.100068665804349,1.1750138677543887,0.05923010831155131,1.783967409845346,0.027288762607734253,0.3786986034824955,0.00031960137804953035,0.02961505415577565,0.1039063025812087,0.10945780627493346,0.08829935812307668,0.000125,,,,,,,,,
1713,-0.09847945632841658,1.1703533235250618,0.06330743842245154,1.7695915946589729,0.027564229768687082,0.4292020916085301,0.00034332890275404665,0.03165371921122577,0.10282426016868722,0.11067120453002152,0.08619705457270141,0.000125,,,,,,,,,
1714,-0.03436318886935417,1.123061087229005,0.07409992181727887,1.744441283418192,0.027640280641548116,0.4590898065242247,0.00039919248689589034,0.037049960908639434,0.03901257323320821,0.1099210297119563,0.0852371978148738,0.000125,,,,,,,,,
1715,-0.18059691647660858,1.28977011222005,0.053874081456458014,1.785681447052494,0.02735238417531357,0.38053398060343646,0.00027796480952511546,0.026937040728229007,0.18444982978593694,0.1099425658122316,0.08829887128202163,0.000125,,,,,,,,,
1716,-0.11764019525759287,1.2225326367713094,0.07071337002894487,1.7495343167614472,0.02785251770834252,0.4190390804940325,0.00038181181796054654,0.035356685014472436,0.1218872562088949,0.11107941799666399,0.0870600434390521,0.000125,,,,,,,,,
1717,-0.0829432074713445,1.1585471460055454,0.0766696160402909,1.7254522767548965,0.028871913271966143,0.44775746335746913,0.00044208272178715316,0.03833480802014545,0.08748079226292475,0.11407195194162575,0.08872568359549869,0.000125,,,,,,,,,
1718,-0.1596414574836266,1.279650672795666,0.0640108970350942,1.7546319963100274,0.028344777032226258,0.43404910433174526,0.00036022443319389116,0.0320054485175471,0.16403510253975662,0.11238552819339347,0.08720944804809619,0.000125,,,,,,,,,
1719,-0.13656102066211478,1.2180114625889322,0.08508604697547822,1.715148092837838,0.028360118464380336,0.4452030574543687,0.0004823848325401162,0.04254302348773911,0.1410775695894,0.1131932302407915,0.08768440969471555,0.000125,,,,,,,,,
1720,-0.12280335800081317,1.1977810071344936,0.07029328736865867,1.7483854038179207,0.026194704252626183,0.37248210117677194,0.00041369090885757154,0.035146643684329335,0.12658494641939197,0.10775092559554056,0.08749393356606656,0.000125,,,,,,,,,
1721,-0.2049099897388183,1.3494916355401398,0.07027557575283064,1.7471965371216487,0.028428897582527174,0.4326860772012583,0.00040235379113984877,0.03513778787641532,0.20929348380198992,0.11267358976154793,0.08749468919172279,0.000125,,,,,,,,,
1722,-0.14229439690119094,1.2305493299754793,0.06605874071622164,1.7546697658519386,0.027652227072447053,0.4022594077042749,0.00036367517343706423,0.03302937035811082,0.1463712037979847,0.11117132969430116,0.0873563855367542,0.000125,,,,,,,,,
1723,-0.16770906146239356,1.264049599241803,0.05046342581956913,1.7935792181763544,0.026559063576556945,0.36866327004485777,0.00026577260881255,0.025231712909784564,0.17144151939402177,0.1086681526288952,0.08617446660393202,0.000125,,,,,,,,,
1724,-0.23868154639272782,1.3575345871841153,0.05939113030093569,1.762513886171828,0.027239973773023247,0.39130750141317755,0.0003358800558865617,0.029695565150467847,0.2426453009114306,0.11087292857572245,0.08576916910305923,0.000125,,,,,,,,,
1725,-0.2379271925613338,1.3462824493491925,0.06485667132146719,1.7586966123653853,0.02636013807956168,0.38409158353845274,0.0003498646986617598,0.032428335660733595,0.24182162234548932,0.1087831082415385,0.08643270551861505,0.000125,,,,,,,,,
1726,-0.19442618608018197,1.3233112490922254,0.07007336796414637,1.7590216555682905,0.02645441004129765,0.3901363621215459,0.00041484996312379536,0.03503668398207318,0.19838432510156642,0.10818693764622317,0.08722960985409883,0.000125,,,,,,,,,
1727,-0.1382926047563372,1.226541394616673,0.07134411633848756,1.7331209325719867,0.02815997705191283,0.4361905316448514,0.0003644373433010366,0.03567205816924377,0.14271115771371365,0.11220985708998285,0.08729332532843095,0.000125,,,,,,,,,
1728,-0.11057692193165664,1.186132080428521,0.0705281402030086,1.7428432855938127,0.028276325390259704,0.4515663857934283,0.0003892703819215927,0.03526407010150431,0.11514917099636758,0.1122397479644944,0.08723467416782935,0.000125,,,,,,,,,
1729,-0.13004867788905122,1.22637594498477,0.06945078257902482,1.7354599843118046,0.029615919777418617,0.4412110029632722,0.00037562831905105156,0.03472539128951241,0.1345166241930071,0.11626654590281241,0.08858904619925666,0.000125,,,,,,,,,
1730,-0.02911014392172801,1.1153515112467929,0.08711909501222544,1.7130424135170346,0.029068327408009194,0.48115226748751044,0.0004855466195399844,0.04355954750611272,0.03398721203443977,0.11428618263930898,0.08842260658961325,0.000125,,,,,,,,,
1731,-0.06468123939185728,1.1264382924678256,0.06669648273152405,1.748202109874524,0.02966365445548277,0.46843402980504983,0.0003663432246224389,0.033348241365762026,0.06942007338461852,0.11619995732329494,0.0876986138798136,0.000125,,,,,,,,,
1732,-0.12291101440933937,1.2100713804803074,0.06916074158019173,1.7586667606020683,0.027613246550148518,0.41268372376799983,0.00041453518291905165,0.03458037079009586,0.12709416403724466,0.11038932930897094,0.08710533747747481,0.000125,,,,,,,,,
1733,-0.1862988828336254,1.2486062314940598,0.06863003948639028,1.7435809616845654,0.028891083414030287,0.4301585617161028,0.00036449323010054216,0.03431501974319514,0.19065586421244743,0.11498194312112694,0.08727034061748958,0.000125,,,,,,,,,
1734,-0.15488273629458515,1.2673067608079536,0.06325459064725905,1.750206878580482,0.028526057688123628,0.4254425332732804,0.0003470357071924612,0.031627295323629526,0.15918976134849933,0.11387264678273568,0.08747006174294815,0.000125,,,,,,,,,
1735,-0.14292811042697853,1.1855696993487546,0.06735906846059195,1.7681651987615234,0.027819252044457614,0.3812052557596093,0.00038298206210679066,0.033679534230295974,0.1467953539914136,0.11185286732174866,0.08857927899434337,0.000125,,,,,,,,,
1736,-0.18109319271225183,1.2704068090629355,0.08662032972089974,1.6901142063840133,0.031207545513403292,0.4900102156057764,0.0005056349869114844,0.04331016486044987,0.186058562525103,0.1213190793122703,0.08928711157587434,0.000125,,,,,,,,,
1737,-0.13219352780251115,1.248669101736329,0.06257692560140002,1.7680158938737023,0.027352116441443353,0.40593282265202124,0.0003777571420133293,0.03128846280070001,0.1363056022221909,0.11030036680478147,0.08628376889515374,0.000125,,,,,,,,,
1738,-0.1565016260982634,1.2308037769176297,0.06100845017086735,1.7636966466433595,0.029576702935540954,0.442478833024489,0.0003278503357174291,0.030504225085433673,0.16097783412341737,0.11570710088875258,0.086793409581153,0.000125,,,,,,,,,
1739,-0.22845435134145625,1.3347840385043057,0.0536080894556405,1.7942697965520789,0.025790044731630095,0.352260859022745,0.00028820883245807874,0.02680404472782025,0.2320245887627016,0.1068539237975151,0.08568100258266692,0.000125,,,,,,,,,
1740,6.273450249128301e-05,1.0545082691042587,0.07719443993191148,1.7310131529487882,0.03071781706527356,0.5046107837323877,0.00041479671350461763,0.03859721996595574,0.005043428653463078,0.11805243564974163,0.08907341584346623,0.000125,,,,,,,,,
1741,-0.11951653589583716,1.1932826173533906,0.06900087314126133,1.7359753745601938,0.030365332334209592,0.45954378809574764,0.00034852223625105326,0.03450043657063066,0.12416731918947337,0.11831512912782972,0.08864405384871317,0.000125,,,,,,,,,
1742,-0.055613893913654094,1.1425037816285604,0.07380275425499613,1.7388192801950577,0.028277727888705168,0.4581074462902471,0.00039502813602884624,0.03690137712749807,0.0602532082278463,0.1119216100606175,0.08727097451813584,0.000125,,,,,,,,,
1743,-0.27348253281137996,1.421966375124068,0.05709211306577433,1.7642369534382372,0.027659948061813017,0.3918197402138093,0.0002908248129377879,0.02854605653288717,0.27744982688771475,0.11246452087476558,0.08582066436362401,0.000125,,,,,,,,,
1744,-0.20255505424185927,1.2937620015116749,0.06603207803368957,1.7400266772442776,0.02958841931771064,0.44837785132555497,0.0003229852304893004,0.033016039016844786,0.20709247891320898,0.11652959467157296,0.08738115853062454,0.000125,,,,,,,,,
1745,-0.21299704524208313,1.3024744175653442,0.05961165817978611,1.7670257199219568,0.02787266134311267,0.41381802007572843,0.0003438744634328853,0.02980582908989305,0.21718614027376382,0.11169632449391535,0.08700373076219328,0.000125,,,,,,,,,
1746,-0.1665926888412913,1.281930169982329,0.06435393054273637,1.7525533723568034,0.028855535354517403,0.44404286080524724,0.0003222546371235078,0.03217696527136819,0.17108604249470993,0.11390503921428963,0.08713570757950659,0.000125,,,,,,,,,
1747,-0.031059930219787115,1.1100175155206244,0.06895677588650968,1.741063368562634,0.03063863867106978,0.4908569442822928,0.0003800901548125423,0.034478387943254835,0.036024189585787056,0.11744177271320419,0.08766096873495474,0.000125,,,,,,,,,
1748,-0.09518324176676024,1.1451660300958337,0.06056176907589535,1.750162290973399,0.029927797659782783,0.4643042850837038,0.00030915842961829355,0.03028088453794767,0.09987715870934116,0.11686605605789739,0.08730608819395624,0.000125,,,,,,,,,
1749,-0.08496444221423585,1.1851792299813027,0.0730461566948792,1.731153409162686,0.030778813620567277,0.5236265537518696,0.00041148073251152993,0.0365230783474396,0.09025865717151874,0.1183868887143883,0.08646980246873892,0.000125,,,,,,,,,
1750,-0.11117824525502598,1.190218147845926,0.052066010865870455,1.7849730726859558,0.03013632183179254,0.4574968014717449,0.00026280644374669583,0.02603300543293523,0.11579972407034071,0.1163230561108563,0.08749265470682732,0.000125,-0.1677751471655845,1.2829482179270215,0.1728541680007102,0.0712291301388357,1.72594701077817,0.03138409475302688,0.5022329429949471,0.0003817369999036995,0.03561456506941785
1751,-0.12859966752874633,1.224306279918416,0.06272435559329839,1.7519755795958707,0.03060605361727986,0.4750029679642802,0.0003530114513487706,0.031362177796649196,0.1334021092564952,0.11771766256956104,0.08849178895976431,0.000125,,,,,,,,,
1752,-0.1848962140961102,1.263735050298449,0.05283750476607173,1.782636007900701,0.028410430662344995,0.4224416756961267,0.00027374824620812814,0.026418752383035864,0.1891676134479956,0.11285797548061467,0.0863003507417974,0.000125,,,,,,,,,
1753,-0.18422163760465543,1.2755267579702014,0.06490479105635438,1.7378370348157226,0.03131739466181073,0.5019645278873448,0.00037095651635487106,0.03245239552817719,0.1892948232145688,0.11979807145919455,0.08760878160702407,0.000125,,,,,,,,,
1754,-0.1636264656154615,1.2392660039771541,0.0549480773768022,1.7707750512879197,0.030469911528951475,0.4651496100141277,0.0002972032442602121,0.0274740386884011,0.16832611553724666,0.11729501663894248,0.0873261877028904,0.000125,,,,,,,,,
1755,-0.10109932122472502,1.1665609194899655,0.06714161233811902,1.7503186309619496,0.029804432202225006,0.47147495272869944,0.0003732868777975409,0.03357080616905951,0.10586887761326866,0.11558525510916773,0.08814105523741235,0.000125,,,,,,,,,
1756,-0.17532960993151123,1.2609684141719417,0.05529713107323689,1.7660936926721131,0.029895689924304136,0.44458250882711137,0.0002539164132003282,0.027648565536618444,0.1798232836863777,0.1157776810892929,0.08795405312980328,0.000125,,,,,,,,,
1757,-0.15757412783234287,1.2595760392770574,0.06173046115892456,1.7548530453175601,0.030102964037878873,0.47318054111736746,0.000335864491191252,0.030865230579462277,0.1623577056494611,0.11646499298585367,0.08775522405007267,0.000125,,,,,,,,,
1758,-0.1704804983817652,1.2511301045747432,0.0547956411398592,1.7702519082869868,0.029023871012796437,0.43240867177769166,0.0003024620138572569,0.0273978205699296,0.1748527100593335,0.11447597528575773,0.08644446598091912,0.000125,,,,,,,,,
1759,-0.17735053874537088,1.2783750434122312,0.05468025253454135,1.7740574613980857,0.029234371312383163,0.42782699266338087,0.00029959923344689756,0.027340126267270674,0.18167688536522042,0.11445536543094906,0.08779915660897833,0.000125,,,,,,,,,
1760,-0.06919524999754176,1.1569024732841728,0.07142257191781676,1.735116056826771,0.03109355715980858,0.502632435466727,0.0003750073180424422,0.03571128595890838,0.07427838687191664,0.11875310950401519,0.08862412603202219,0.000125,,,,,,,,,
1761,-0.05878338734240991,1.118324093080163,0.06814734886026191,1.7284257477444125,0.03291405454211427,0.5594957659884734,0.00039087456052958535,0.03407367443013096,0.06443361167980752,0.12369298879684758,0.0865868284852821,0.000125,,,,,,,,,
1762,-0.16789059379670052,1.2543579311102335,0.05340823306507382,1.7756427807775854,0.028605250973270283,0.441513025569763,0.0002957116224871431,0.02670411653253691,0.17235314171296334,0.11314496704225677,0.08559011576611536,0.000125,,,,,,,,,
1763,-0.16395415705857802,1.2336609508066418,0.07378369403928206,1.7349871874317653,0.029369699242307562,0.43438345052398697,0.00040157982469910447,0.03689184701964103,0.16835624908095886,0.11549467027924779,0.08998273801894272,0.000125,,,,,,,,,
1764,-0.1943136908729965,1.3142975560757404,0.05561716743597925,1.7822060311533474,0.027165349422106043,0.39301535920324715,0.0003045913518209146,0.027808583717989624,0.19829252102257672,0.10932220235618836,0.08651174285748005,0.000125,,,,,,,,,
1765,-0.06122185678921564,1.114464215049492,0.054909832470722855,1.7698177223641889,0.031801168017353346,0.5071632761957716,0.0002912441859614424,0.02745491623536142,0.06634155508649199,0.12109762164227916,0.08733563854209997,0.000125,,,,,,,,,
1766,-0.06614214043514559,1.1334537482167641,0.07758285952284436,1.713317005999273,0.030786170480213135,0.47621486241957167,0.00041551678512696756,0.03879142976142218,0.07096436882701401,0.11934704437443373,0.08932853991166698,0.000125,,,,,,,,,
1767,-0.2201077056340561,1.3144168759323973,0.046620151877544584,1.7860734154929787,0.028255461973481076,0.4008815539250001,0.00026308454057787133,0.023310075938772292,0.2241603228288056,0.11335983048823992,0.08511757752750188,0.000125,,,,,,,,,
1768,-0.15216003040679527,1.2736337507366042,0.07037013455477602,1.7278617751537397,0.02897158711547983,0.4406889540369711,0.00035968752928023154,0.03518506727738801,0.15662298050748674,0.11456977431534396,0.08709842499289573,0.000125,,,,,,,,,
1769,-0.30176211231283545,1.4290395736416273,0.05194275580011806,1.76613422735395,0.029235923741137558,0.41962722919324674,0.0002544089957704792,0.02597137790005903,0.30600456141489923,0.1159945781066227,0.08540425670636348,0.000125,,,,,,,,,
1770,-0.24037692850453846,1.3703991363579648,0.06762755268158044,1.7314675680012046,0.029511672476544806,0.4459317620297685,0.0003686840100273537,0.03381377634079022,0.2448910614169572,0.11672471598543482,0.08727616264267299,0.000125,,,,,,,,,
1771,-0.26284262589369767,1.372742139104603,0.05218718528321975,1.770688263948211,0.02821834203064575,0.4057854028381701,0.0002725463729706934,0.026093592641609875,0.2669470058610902,0.11348497987414057,0.08431681049812352,0.000125,,,,,,,,,
1772,-0.17223775348284126,1.2365431943671419,0.04811020189541574,1.7909994570146357,0.028593340443050584,0.4200471051261234,0.00026458860284365863,0.024055100947707866,0.17648283551564878,0.11311929947163943,0.08597259270125576,0.000125,,,,,,,,,
1773,-0.18611909616863692,1.2897412837480058,0.05473781145858878,1.7796183642333379,0.027589450158244308,0.39605201906272947,0.0002981323737554186,0.02736890572929439,0.1901277627723734,0.11092363189473492,0.08597249220383868,0.000125,,,,,,,,,
1774,-0.1512888263052799,1.2449174443857793,0.05876892044828594,1.7623611758166016,0.029327344236125354,0.4581352549816977,0.00033102898453610567,0.02938446022414297,0.15592049721692453,0.11550384424975928,0.08636790004094694,0.000125,,,,,,,,,
1775,-0.1295091627230504,1.2376573274212481,0.07391853313400487,1.7168254630560678,0.03226064520944219,0.5178470544432536,0.0004061350800896185,0.036959266567002436,0.13474582213948144,0.12287120597306078,0.08843542288178499,0.000125,,,,,,,,,
1776,-0.16011568902087173,1.2732435569221334,0.06735878457518593,1.7398641672300799,0.029799485793074235,0.4948992885898128,0.0003933710171706888,0.033679392287592966,0.16511969365090146,0.1166629964973986,0.08449196183917537,0.000125,,,,,,,,,
1777,-0.16802856191938337,1.2471734716611813,0.055036731055727206,1.7809903628911106,0.026510700626680796,0.3657472653762749,0.00030795300099360296,0.027518365527863603,0.1717344423723128,0.1082209864225003,0.08523603571340478,0.000125,,,,,,,,,
1778,-0.17942977489465184,1.2635325783122846,0.062439228430916704,1.7598433402086608,0.02786735046831359,0.4064091428895298,0.0003336691830360233,0.03121961421545835,0.18354602106299503,0.1123317500088908,0.0858192307598487,0.000125,,,,,,,,,
1779,-0.199834617728972,1.2825145495113586,0.06915907578703365,1.7554835198510041,0.02843832822400324,0.43351193652789544,0.0003904686319306349,0.03457953789351683,0.2042257761536623,0.11375212771961848,0.08561011421379934,0.000125,,,,,,,,,
1780,-0.13745051183474988,1.227118449669173,0.07516811973225615,1.7093852685758777,0.031992818360499206,0.5297236458867434,0.0003945607848642711,0.037584059866128075,0.14280637181401787,0.12269479667201404,0.08746708855181033,0.000125,,,,,,,,,
1781,-0.12489668794725235,1.1993325577660827,0.06577920934220052,1.7573156537539893,0.028603006232490416,0.44514799291945517,0.00035502294291507835,0.03288960467110026,0.12940218086708472,0.11359438411403006,0.086338358953737,0.000125,,,,,,,,,
1782,-0.10002020815616497,1.1663552946457796,0.0672611907260142,1.746752443141,0.029594766269256736,0.445853899118308,0.0003542770835271465,0.033630595363007096,0.10453338803797774,0.11679340649114112,0.08642456329758261,0.000125,,,,,,,,,
1783,-0.11087341230027088,1.1719884352683403,0.06041175726671904,1.7731510401951565,0.02692293827020286,0.3929825111821692,0.00035244233931304805,0.03020587863335952,0.11485469922452105,0.10936475989855343,0.08551132286156858,0.000125,,,,,,,,,
1784,-0.2303342063252163,1.3338234500625163,0.05966338095871873,1.7705620694655289,0.0270258654291924,0.3867893437884885,0.0003185229566720155,0.029831690479359366,0.23425282230384195,0.11033215066254053,0.08528136372590356,0.000125,,,,,,,,,
1785,-0.18570572209552008,1.2871666477704706,0.04757162332812723,1.8084517649410419,0.024713473112805917,0.3397267008244802,0.00024535000214782123,0.023785811664063617,0.18914731293309986,0.1043402448129582,0.0841614591431796,0.000125,,,,,,,,,
1786,-0.2454961587262004,1.3369969311485237,0.05312513792831154,1.784113393377294,0.025655950998640258,0.3341836071549037,0.0002900283790629079,0.02656256896415577,0.248885298784438,0.10750215613661512,0.08497811899507197,0.000125,,,,,,,,,
1787,-0.16102294529152053,1.244699606685464,0.07129650273219032,1.7448444925241082,0.027486744950784098,0.4214368828784377,0.0003938528142746002,0.035648251366095174,0.16529434934473897,0.11118256320240695,0.08527220504341111,0.000125,,,,,,,,,
1788,-0.17079759607035222,1.2748183800129549,0.0594739002032542,1.7666167223435156,0.028431376708941684,0.4303580903522375,0.00030682970040097365,0.0297369501016271,0.17515164838820366,0.11369568640804509,0.08589097463664017,0.000125,,,,,,,,,
1789,-0.16468927645444437,1.2499505091232117,0.05995892102408176,1.772455102011825,0.02682511664742998,0.3936494931768759,0.00032445595325108324,0.02997946051204088,0.1686767199572778,0.10958983540911575,0.08453282985176226,0.000125,,,,,,,,,
1790,-0.1879048272345027,1.286664857144561,0.07488390321005266,1.7348214985105344,0.026876020585621052,0.378361911682029,0.0004298628945483777,0.03744195160502633,0.19174753514685858,0.11055253744462819,0.0879973615497265,0.000125,,,,,,,,,
1791,-0.2017865235594014,1.2916212853074591,0.054015530546718274,1.7886563089638954,0.026220793941598833,0.3612312119779024,0.0002991304514202006,0.027007765273359137,0.20544672131205766,0.1080637087404343,0.08572215293256027,0.000125,,,,,,,,,
1792,-0.033535140310001314,1.0895389549979084,0.07785584704245496,1.7412029832114164,0.02866991489806982,0.4605048838195626,0.0003969065982716458,0.03892792352122748,0.038200498167533,0.11355095112805377,0.0874634996237455,0.000125,,,,,,,,,
1793,-0.19395107665611844,1.2949116081178742,0.06199317537780592,1.7642627001550362,0.026658067512922594,0.37314707345695386,0.0003220197419678047,0.030996587688902965,0.1977344068027981,0.1097399299579105,0.08611473410379594,0.000125,,,,,,,,,
1794,-0.09460720837193028,1.1866449440409603,0.06861009161743475,1.7609449835154478,0.027367951055373443,0.42309087114815097,0.0003519856455827336,0.03430504580871738,0.09889355143551148,0.11070469118251924,0.08628203889362342,0.000125,,,,,,,,,
1795,-0.2314669243879602,1.3329463680977578,0.06511139713736588,1.7443470590124401,0.028042056509879433,0.40597825497792983,0.0003463523896950273,0.03255569856868294,0.23558016963079526,0.1136769146169566,0.0863434979366535,0.000125,,,,,,,,,
1796,-0.1609312780074419,1.2636735900969889,0.05059855477635472,1.8018539137340661,0.025430233755956454,0.34066274170854915,0.00028989159889264546,0.02529927738817736,0.16438412215704185,0.10624668757496755,0.08484550527283369,0.000125,,,,,,,,,
1797,-0.18009385814997664,1.2802441877396493,0.0702725723343073,1.740578830016527,0.027227791961329344,0.4054114108301816,0.0004064988866644177,0.03513628616715365,0.18420457932161238,0.11184345558673041,0.0864290383987865,0.000125,,,,,,,,,
1798,-0.04653405615058235,1.1145712456457493,0.06897541886870426,1.777935155946556,0.026059758217967646,0.3927622968412231,0.0003862268917581376,0.03448770943435213,0.05051780844890597,0.10731876463228698,0.08613542621193293,0.000125,,,,,,,,,
1799,-0.11042682176235094,1.2241594560525024,0.05782189981113717,1.7702197323780764,0.027659107462503052,0.40981746355632187,0.0003226885412805831,0.02891094990556858,0.1145748364305563,0.11213156675278677,0.0848889303515841,0.000125,,,,,,,,,
1800,-0.22964220564660165,1.3276499032527447,0.051513014623947306,1.7810795768821621,0.027195779075649316,0.3784350719830532,0.00027894590736009966,0.025756507311973653,0.23347291312858653,0.1112497626339824,0.08473757542942487,0.000125,-0.16659747357588478,1.2823226409550328,0.1710812437686729,0.07212719948632608,1.735340978047596,0.028784938551327202,0.44264899062817575,0.0003863276982722871,0.03606359974316304
1801,-0.160496444635712,1.251935784734998,0.07404482839119768,1.74003161180663,0.027976819867821037,0.4130614482788584,0.0003924810331598427,0.03702241419559884,0.16468540665914583,0.11275248971049094,0.08716869677459568,0.000125,,,,,,,,,
1802,-0.2814873925828074,1.4163550193461152,0.05502040784640929,1.7792303846108586,0.02783300592439565,0.3676553155092286,0.00033388866537923295,0.027510203923204645,0.28521258713232284,0.11280505286034584,0.08728463367143918,0.000125,,,,,,,,,
1803,-0.13834708288956,1.2214818947792367,0.06463786306033055,1.758497479460913,0.026503927338247673,0.39574285047357793,0.0003589084284501744,0.032318931530165275,0.14235800438490506,0.10908083134852536,0.0856284677432734,0.000125,,,,,,,,,
1804,-0.16144562438828494,1.2763044117865492,0.06568836507171502,1.757832126502396,0.028035569763452763,0.4489480378466168,0.00035828397943230185,0.03284418253585751,0.16598911011034634,0.11251616165168347,0.08392737098805211,0.000125,,,,,,,,,
1805,-0.2098241297622846,1.3508883536187897,0.04537720289631485,1.8120281938391833,0.024520853612369723,0.3184487712518348,0.0002434817536871621,0.022688601448157424,0.2130518611757264,0.10412287974707958,0.08487165481941036,0.000125,,,,,,,,,
1806,-0.15268859845996446,1.2325203151537028,0.07321903085863284,1.736145405643391,0.028108146337670996,0.4091438439186744,0.0003803135011878462,0.03660951542931642,0.1568378110036488,0.11344445079616411,0.08704833101527651,0.000125,,,,,,,,,
1807,-0.11495544199298195,1.187356501987103,0.0708767744273625,1.7486552366835062,0.02742650171243266,0.415197283974183,0.0004274853330438996,0.03543838721368124,0.11916461462563474,0.11130837502493227,0.08552906299523301,0.000125,,,,,,,,,
1808,-0.13377187313722816,1.2306507637504902,0.07437178827293436,1.7342374094706645,0.027150413798166496,0.4072119512218162,0.00040047023291896145,0.03718589413646718,0.13790252562000666,0.11067414124235908,0.08711556818632163,0.000125,,,,,,,,,
1809,-0.15680373888215085,1.2322112477296652,0.06374129618935176,1.7608151199650757,0.02748309411507434,0.41004262623284127,0.000366153712965037,0.03187064809467588,0.16095730548090323,0.11120165333843414,0.08584192196350945,0.000125,,,,,,,,,
1810,-0.13800962890689564,1.199882113121434,0.0713577896717991,1.7400466721206742,0.028381519355060694,0.4353890112016332,0.0004248171404166981,0.03567889483589954,0.14242084655187323,0.11398091291775628,0.08642972895474801,0.000125,,,,,,,,,
1811,-0.12297977298909056,1.1874945460599355,0.06756623386659252,1.76457988471495,0.0275767349947644,0.424837598110435,0.00037017670705492633,0.03378311693329626,0.1272832796530459,0.11118260817260245,0.08540451205824741,0.000125,,,,,,,,,
1812,-0.17438264004106827,1.2855983730852176,0.06657361535580167,1.7389784194676345,0.028352599349259364,0.4262095019030215,0.00036842319137283066,0.033286807677900834,0.17869909588388477,0.11437090967337347,0.0851220330028081,0.000125,,,,,,,,,
1813,-0.11996490875486342,1.207627090190548,0.06979411226184222,1.7546245741999027,0.027390439844012376,0.41246757705182474,0.0003845090572900365,0.03489705613092111,0.1241458729178275,0.11110668490976339,0.08750745080884938,0.000125,,,,,,,,,
1814,-0.14012660704213645,1.233306884009614,0.07100900621481422,1.7525279072083546,0.027309205066973152,0.41099632124199614,0.0004249100151563615,0.03550450310740711,0.14429384913688745,0.11079401070550372,0.08611627754862353,0.000125,,,,,,,,,
1815,-0.11808656532336874,1.177813053692248,0.06451668055031945,1.76223607516968,0.029145732156842793,0.4334339961306407,0.000343640335280883,0.032258340275159725,0.12247422238905484,0.11559641812285812,0.08660899353674831,0.000125,,,,,,,,,
1816,-0.12173233474037351,1.2239668400256338,0.06809550620177401,1.7560565275183657,0.027109494192414745,0.4136423414159581,0.0003860984786212872,0.03404775310088701,0.12592422745769535,0.11059546703184511,0.08532368249333797,0.000125,,,,,,,,,
1817,-0.16697774845862898,1.2633126225278941,0.08361336118440424,1.6950804249367937,0.031003318038581154,0.5078509973341396,0.0004649408259593448,0.04180668059220212,0.17211966532507153,0.12084755824288998,0.08689781903868678,0.000125,,,,,,,,,
1818,-0.12998983339761028,1.205108597038484,0.06935448453247392,1.7537178808002563,0.028085702128554865,0.41892961269382323,0.00040256971647668535,0.03467724226623696,0.13423536964278748,0.11280502075014001,0.08708760087841318,0.000125,,,,,,,,,
1819,-0.15912617619790712,1.2576934440642906,0.07276787020585576,1.7311686992450743,0.029334091067226238,0.45369543575612714,0.0004329913764131037,0.03638393510292788,0.16372115609132792,0.11597999102062817,0.08749664858455017,0.000125,,,,,,,,,
1820,-0.15066290754830108,1.2216681459506482,0.06280276241343423,1.747581150231881,0.030235172762682117,0.44284591015334257,0.00034618408759348247,0.031401381206717115,0.15514370568341948,0.11845603366174683,0.08828835560468887,0.000125,,,,,,,,,
1821,-0.17327061460446827,1.2688890197433556,0.06615198095689115,1.7419735061910973,0.02915996738844709,0.46522543593377363,0.0003506348847728903,0.03307599047844557,0.1779768710381941,0.11582788182302547,0.08558583147340706,0.000125,,,,,,,,,
1822,-0.15009866962304513,1.2342331821708852,0.06913354927163179,1.7401785764853814,0.027893655219010216,0.4050875480478096,0.00038320161031161126,0.034566774635815894,0.15420534568002697,0.11249632651367625,0.08612048850954007,0.000125,,,,,,,,,
1823,-0.17346909590390946,1.2532030475763067,0.05582089155780121,1.769623216030273,0.028257593356393156,0.4219367237761864,0.0002879080481530416,0.027910445778900603,0.1777369489000921,0.11299370731947553,0.08521410214521023,0.000125,,,,,,,,,
1824,-0.21223075803420083,1.3025324669123521,0.050953802831140954,1.7920536908844729,0.024839996425149086,0.3632516663919593,0.00025864156584155763,0.025476901415570477,0.21590925855210324,0.10542840149711147,0.08234737599243223,0.000125,,,,,,,,,
1825,-0.1877812280768077,1.2681465924846562,0.049665176736458136,1.7835013148049403,0.02825329468280941,0.4151989815294639,0.0002676018012544219,0.024832588368229068,0.19197856151163117,0.11388418683181972,0.0837037447511947,0.000125,,,,,,,,,
1826,-0.24847690646033724,1.3717665137399675,0.05479032389515946,1.7861495295048897,0.026057664515041497,0.36722520648846635,0.00026975832002939235,0.027395161947579728,0.25219711276566487,0.10842741122165495,0.08376574371341347,0.000125,,,,,,,,,
1827,-0.14475100644929667,1.2139698059200386,0.0645273727049348,1.7496327553830935,0.029755675962551825,0.46572870398902527,0.0003319964334777925,0.03226368635246741,0.149461373467428,0.11745526259088224,0.08549526218985223,0.000125,,,,,,,,,
1828,-0.16220260643666343,1.2804629918458157,0.06420560511733303,1.7368133120406282,0.031186796620264787,0.4751598086504847,0.0003560653156023357,0.032102802558666516,0.16700723611200335,0.1212555683194237,0.08653477593471548,0.000125,,,,,,,,,
1829,-0.19656335778000933,1.280619292967919,0.05292580017860192,1.766944657895142,0.028060863814586057,0.42548189900629774,0.0002693668578807011,0.02646290008930096,0.20086500278531938,0.11319918823299824,0.08339848617929752,0.000125,,,,,,,,,
1830,-0.26195030362494376,1.3933806846057728,0.06988217201679256,1.7221235282784915,0.029961231988738478,0.44990218640342855,0.0003793454040733697,0.03494108600839628,0.26650528126430995,0.11864511788375708,0.08706996510794535,0.000125,,,,,,,,,
1831,-0.20308050646532647,1.309167815624829,0.04946881078973252,1.7892752025827354,0.02764511507795047,0.4030347429368345,0.00027288680074018316,0.024734405394866266,0.2071562099201229,0.11169875594494831,0.0839424505242101,0.000125,,,,,,,,,
1832,-0.15601777842621345,1.2426622015749964,0.07978431087662224,1.6994700081786545,0.030308380311767486,0.4921926294743546,0.0003957835665917163,0.039892155438311115,0.16100054941214303,0.11914197691307582,0.08584108517653631,0.000125,,,,,,,,,
1833,-0.17414781558665646,1.285190561845553,0.06861327621767484,1.7479744125312884,0.027711001404211774,0.4182568770871258,0.0003713652136901125,0.034306638108837426,0.1783858843918988,0.11217715717686723,0.0855781943672741,0.000125,,,,,,,,,
1834,-0.1905375323656315,1.278102914261118,0.05778067655432731,1.741330448535321,0.03082302528010698,0.48288696484764604,0.0002926984357786741,0.028890338277163655,0.1954156326412283,0.12033696314540535,0.08464334743613258,0.000125,,,,,,,,,
1835,-0.11650111198135307,1.208094912256171,0.07125135360331503,1.733510288012056,0.030647414801780612,0.5034780201742131,0.0003712477745585576,0.03562567680165751,0.12159256544052258,0.11885826423426617,0.08488344201208176,0.000125,,,,,,,,,
1836,-0.16635981294568525,1.269618185854609,0.07478052403725613,1.7306034716758973,0.028472369590315797,0.4472753562321101,0.00043603883837904677,0.037390262018628065,0.17089162319312554,0.11450693043303023,0.08574370342912946,0.000125,,,,,,,,,
1837,-0.1872571131515535,1.2470162096393422,0.060774819104897626,1.7701645305125346,0.027639943860661702,0.4031389381727211,0.00036450823022340245,0.030387409552448813,0.1913402366704405,0.11247558864460566,0.08388682365189466,0.000125,,,,,,,,,
1838,-0.25910637371745815,1.3536098310618172,0.06277581790602028,1.7671786505615907,0.02575787958941935,0.35442546865471347,0.00032616220750098326,0.03138790895301014,0.2627029497215389,0.1079465199990038,0.0854978926076502,0.000125,,,,,,,,,
1839,-0.24984459303528098,1.347294663928261,0.05729054812184857,1.7618299029588869,0.02804751433967599,0.4189731834688951,0.0003197888895303156,0.028645274060924285,0.2540837863319557,0.11383319935825204,0.08367129800904957,0.000125,,,,,,,,,
1840,-0.12885552779282738,1.2916468411249915,0.08762352962118236,1.6952383670501843,0.030524299311914284,0.4771664965530925,0.0004719499570936275,0.04381176481059118,0.1336926764064103,0.11911738790561108,0.08829332976943491,0.000125,,,,,,,,,
1841,-0.07964716323480256,1.164786177616648,0.07128103408330158,1.730032636143879,0.031093587918303345,0.5023702187886541,0.0004191260693560809,0.03564051704165079,0.08472799752678574,0.12005910350706744,0.08641713305658917,0.000125,,,,,,,,,
1842,-0.17067396434152116,1.2677151330449303,0.06669169924025542,1.7526862773373952,0.028336318749767664,0.4168813667565274,0.000384546147399572,0.03334584962012771,0.17489749618295392,0.11379998635917346,0.08643557783744038,0.000125,,,,,,,,,
1843,-0.18786901902858844,1.2641243419224266,0.06320124514192473,1.7457695254506425,0.02992753829573537,0.45821716993306927,0.00036605160694386945,0.03160062257096237,0.192503909561814,0.11757782993684923,0.08581645172893118,0.000125,,,,,,,,,
1844,-0.19308384772876402,1.2649752927931082,0.053750733466255016,1.7776708342012764,0.028351277315102674,0.40449493249885793,0.00028593335084654267,0.026875366733127508,0.1971763084623362,0.11364811679016618,0.08475092614647034,0.000125,,,,,,,,,
1845,-0.1285142619748806,1.2188554887460732,0.06598304407490499,1.756114612595516,0.027900247012599088,0.4135637421089814,0.0003680699375064688,0.032991522037452495,0.13270413276350893,0.11196471477381664,0.08575179544571071,0.000125,,,,,,,,,
1846,-0.31804965200893426,1.4170714667656943,0.038571957078552425,1.80992672086987,0.026067541366489436,0.3232379509623655,0.00023492458745728493,0.019285978539276213,0.3213217660101805,0.10863502911489387,0.08394075010256824,0.000125,,,,,,,,,
1847,-0.17350903753396532,1.280531942499426,0.05920502153684085,1.762691993023712,0.027432484832942805,0.41337214594432514,0.00033449063354605514,0.029602510768420427,0.17769333333044268,0.11130987001557045,0.08491477410758076,0.000125,,,,,,,,,
1848,-0.09305140192680773,1.208775557278359,0.08299702408359655,1.6969222132117876,0.03166328961937655,0.5203550909290231,0.00044906606091232843,0.04149851204179829,0.09831791123088099,0.12168611318277714,0.08756729029918753,0.000125,,,,,,,,,
1849,-0.1434040472001454,1.2209162235018645,0.06838392208607638,1.7545516054257906,0.027798844364980785,0.4161653696596681,0.00038504834119998323,0.03419196104303819,0.1476212888572514,0.11268164265962885,0.08487638697453556,0.000125,,,,,,,,,
1850,-0.23242445841512754,1.3506863304126813,0.05409479492236421,1.761695853833444,0.029395683228494514,0.40840306564767015,0.00027503144462566345,0.027047397461182104,0.23655590374205002,0.11647079693684252,0.08561518254123998,0.000125,-0.16724328356812268,1.2823861953341598,0.17200398125424413,0.07171288128784585,1.7285006323139513,0.02995832132875327,0.4703718338932601,0.00038379002218025217,0.035856440643922925
1851,-0.20981570964003465,1.3287425182099308,0.0721746283606695,1.7323523351641084,0.029137138763733847,0.4401698000062133,0.0003985453789569888,0.03608731418033475,0.21427480393141835,0.11575261021206859,0.08655683732890461,0.000125,,,,,,,,,
1852,-0.09538174065580489,1.1393592280696907,0.07462140967538691,1.7324353257499245,0.029641552002400276,0.47092401750483415,0.0004084366359274166,0.037310704837693456,0.1001497002553077,0.11718288090844323,0.08552586387937355,0.000125,,,,,,,,,
1853,-0.13392049999364702,1.218262439071196,0.05266864809473173,1.7843831691850258,0.02676713633595948,0.39386492636748655,0.0002919144682653396,0.02633432404736586,0.13790624655774378,0.10973090433640306,0.08388156535117251,0.000125,,,,,,,,,
1854,-0.14910514150693505,1.2288185654688486,0.06326654481053857,1.7571085021279909,0.027610785485436606,0.4183767868545336,0.000335059237143197,0.03163327240526929,0.15334146432527837,0.11214704296246766,0.08464556220066902,0.000125,,,,,,,,,
1855,-0.19994163303045243,1.310030834468819,0.05760172192562067,1.780342938317045,0.025741103772925385,0.354429160554704,0.0002896907322970858,0.028800860962810336,0.20353542583366843,0.10727046999730032,0.08475742221001073,0.000125,,,,,,,,,
1856,-0.19120624580659057,1.2856275891787956,0.06519142760380678,1.7607116980277129,0.02585809726071179,0.3712121410287813,0.00035870811074252144,0.03259571380190339,0.194972157128768,0.10810293020088488,0.08553294237814726,0.000125,,,,,,,,,
1857,-0.15100241547902715,1.217369444932601,0.06024826006579996,1.7709043149549668,0.027276349813774827,0.4068360930293428,0.00033360365973979196,0.03012413003289998,0.15512194561910042,0.11138529139346443,0.0843601682500568,0.000125,,,,,,,,,
1858,-0.05428932102380585,1.1288306330292999,0.06726674619176742,1.7493219815759955,0.02863690821501301,0.45153204245185985,0.0003689244982225211,0.03363337309588371,0.058859457286218324,0.11412006301777355,0.08481809069856376,0.000125,,,,,,,,,
1859,-0.16429279331282173,1.2559227955582006,0.058542527780537104,1.7643236993604072,0.02850727234043731,0.417987424014173,0.00032739152964524857,0.029271263890268545,0.1685228559691438,0.1139540152178509,0.08528780368560501,0.000125,,,,,,,,,
1860,-0.1405832322411667,1.2247273607620102,0.07209409475843026,1.7263244555737378,0.029501080969077435,0.4418811978286687,0.00037221864953437795,0.03604704737921513,0.14505907669788368,0.11715848726725125,0.08637601058116479,0.000125,,,,,,,,,
1861,-0.25783652431691917,1.3545404382915232,0.05228654394003209,1.7886191925421708,0.025542386642848032,0.35297929976438136,0.0002985624856091042,0.026143271970016046,0.26141333240331455,0.10764178396150127,0.08287930660206536,0.000125,,,,,,,,,
1862,-0.2357110945871586,1.35809002726336,0.047943749125698584,1.8089176374268137,0.024732005036167976,0.3193269444449196,0.00027748663193381026,0.023971874562849296,0.23894919994886427,0.10487536336651626,0.08387773151250406,0.000125,,,,,,,,,
1863,-0.17285833772204814,1.2759971161610206,0.06297131658161133,1.7597982040650524,0.02726330099058466,0.4138247416679954,0.0003703117139531893,0.031485658290805664,0.17704937189619907,0.11151234777544981,0.08398083313821451,0.000125,,,,,,,,,
1864,-0.04386538762843575,1.1079561005052354,0.06547853440362088,1.7520267654290693,0.028467451885363728,0.4410311910249613,0.0003478097153530882,0.03273926720181043,0.04832943717069499,0.11414075526214656,0.08582080226831534,0.000125,,,,,,,,,
1865,-0.18201726116824796,1.2792043908533248,0.07588665780762689,1.7149525242054908,0.02991753991472765,0.49160263166252405,0.0004334708492364528,0.037943328903813446,0.18699271504751142,0.11814465244111433,0.08489611412306411,0.000125,,,,,,,,,
1866,-0.13912727646320194,1.217641072803092,0.06659268598801346,1.758720585040591,0.02719931757657007,0.4071353224199661,0.00037385268385446344,0.03329634299400673,0.14325325176308457,0.11108345146714318,0.08421291664240194,0.000125,,,,,,,,,
1867,-0.32261144756566384,1.4738660999962603,0.061638590547098394,1.7719172648791033,0.024604217709339335,0.3553145122054395,0.00033511760541464594,0.030819295273549197,0.32621648233169476,0.10502904687038966,0.08277108407705551,0.000125,,,,,,,,,
1868,-0.22669108907500365,1.3487330444405612,0.0491670662911132,1.7907614814470043,0.02557551141469601,0.3780343117200101,0.00027229906725358187,0.0245835331455566,0.23051664633083635,0.10740987380704906,0.08144368923622873,0.000125,,,,,,,,,
1869,-0.03135873538128052,1.091239260653094,0.08313121786910638,1.7162337765966973,0.028533961377039185,0.44563346799195647,0.0004684228411740087,0.04156560893455319,0.035878482236312334,0.11477179241571983,0.08658801524242125,0.000125,,,,,,,,,
1870,-0.19080708481051922,1.2785965523448546,0.05394471648948797,1.7800920368083686,0.027097936276209475,0.38166856701088264,0.0003061644707120219,0.02697235824474398,0.19467160540394796,0.11099243193270392,0.0844146193932051,0.000125,,,,,,,,,
1871,-0.15684168983641297,1.278693863195615,0.05988420697111417,1.7727590737928927,0.02634285433210345,0.3571812038614887,0.0003563631241320407,0.029942103485557085,0.16046473520049268,0.10870725196547595,0.08587196737949784,0.000125,,,,,,,,,
1872,-0.16014801077047897,1.269766627937857,0.06932107474737559,1.7490603813406853,0.02684968888778062,0.4130593914518649,0.0004112882014158767,0.034660537373687794,0.16433486870819886,0.11057523717488574,0.08473009280807771,0.000125,,,,,,,,,
1873,-0.0913390469588719,1.1723086033494383,0.07139977553466514,1.7390008184416028,0.028094065812203032,0.435149719092382,0.00039357658787686224,0.03569988776733257,0.09574756981162627,0.11298060542309829,0.08578427866964845,0.000125,,,,,,,,,
1874,-0.16224734443788613,1.2653519066813037,0.0553955399535722,1.7887589562682424,0.024600571329099638,0.3562589776263474,0.00029337855915630064,0.0276977699767861,0.16585845335928065,0.10443919268006249,0.08296743749270467,0.000125,,,,,,,,,
1875,-0.1400085427219297,1.2498168271726315,0.056947911768316456,1.7929719713975727,0.02385281143887693,0.32338685761490515,0.0003035251969897017,0.028473955884158225,0.14329185022564678,0.10219772078080475,0.08418436842924994,0.000125,,,,,,,,,
1876,-0.10590367611134198,1.2198807573195167,0.07994868086510218,1.7229964740197188,0.02853572532854251,0.4515900740819372,0.0004243425393444085,0.03997434043255108,0.11048102458272754,0.1143823653242142,0.08629526658621606,0.000125,,,,,,,,,
1877,-0.18000181604692517,1.2260539065338971,0.051729185429560925,1.7946202958171762,0.02609703885539625,0.35127837718312727,0.0002708645452404797,0.025864592714780466,0.1835611192598818,0.1087591297150522,0.08410494203907337,0.000125,,,,,,,,,
1878,-0.25596903909066104,1.378388146022373,0.07440428327271209,1.737658692049974,0.025789821498258605,0.35707649625952953,0.00038367307234347654,0.037202141636356045,0.2595982195125367,0.10848205982613436,0.08605612654393038,0.000125,,,,,,,,,
1879,-0.12602158364017352,1.2134874841081347,0.06495928292645464,1.7655250853534366,0.025589829244420177,0.3715643364822765,0.0003925045526885,0.03247964146322732,0.12979128694283995,0.1069759110105328,0.08441151418004061,0.000125,,,,,,,,,
1880,-0.15402129773488535,1.2289021865352328,0.06304979715169609,1.763677760680861,0.02600550694273361,0.3778653659666557,0.00035517319877115565,0.031524898575848045,0.15785266480272228,0.1084668090380394,0.08483219450822196,0.000125,,,,,,,,,
1881,-0.24346935508209133,1.3472077571619336,0.059678479863325404,1.7900545324476482,0.024553701858040344,0.31526172044711,0.0003687205563269613,0.029839239931662702,0.24667339927738183,0.1048626528174936,0.08492459882428023,0.000125,,,,,,,,,
1882,-0.15651936579129913,1.2459329837598878,0.06442045911815271,1.7737552507624783,0.025377776617092344,0.3901600524413254,0.00036180357261628767,0.032210229559076355,0.1604745321335052,0.10658393155059909,0.08340380725929905,0.000125,,,,,,,,,
1883,-0.17627522071227525,1.2878739155328838,0.07091930891943965,1.7518586585186222,0.025691310880341017,0.36696994479376,0.00037622953519088505,0.035459654459719825,0.18000166069660967,0.10734562394585326,0.08527880832563418,0.000125,,,,,,,,,
1884,-0.1569118151990076,1.243121612748609,0.05149171057477722,1.803168506491661,0.02307573327170123,0.3109879735543897,0.0002481121588954047,0.025745855287388614,0.16006795359649278,0.10070883795500626,0.08256163726885173,0.000125,,,,,,,,,
1885,-0.15389561877364277,1.2432006209692061,0.065104235261913,1.7773721833104101,0.023980668111180176,0.3353113671211974,0.0003842815705833218,0.0325521176309565,0.15730290110002462,0.10315033855850471,0.08415420184146616,0.000125,,,,,,,,,
1886,-0.12655651591135553,1.1945615620970786,0.06519736607683387,1.7705266114494966,0.025851201018835052,0.3729666429274261,0.00036260089809402794,0.03259868303841693,0.13034011229876366,0.10719307066350536,0.08528857144599222,0.000125,,,,,,,,,
1887,-0.15881896619462893,1.2625911886129177,0.06408262200218501,1.77254989591988,0.026133653790486752,0.39692784644180534,0.0003536720693260376,0.032041311001092504,0.16284154818970054,0.10824610856528832,0.08395467816971047,0.000125,,,,,,,,,
1888,-0.1883507471424335,1.2919797212645043,0.0713774518453851,1.751549589830836,0.02549484363545801,0.37315938021306094,0.000413700808975645,0.03568872592269255,0.19213968217447486,0.10752083621032814,0.08476602770040473,0.000125,,,,,,,,,
1889,-0.1882854378182775,1.274215676427681,0.07299622510059847,1.7426794380509196,0.026375862438900444,0.37561209484184377,0.0004024637220196138,0.036498112550299236,0.192099508310847,0.10966279169219667,0.08541393113288649,0.000125,,,,,,,,,
1890,-0.24044395424139148,1.3400985800694176,0.04980949785203061,1.7947850648295396,0.02548304195380209,0.3395844813251544,0.0002649059738901177,0.0249047489260153,0.24388530071395625,0.10716805302561885,0.08452706566674625,0.000125,,,,,,,,,
1891,-0.17617071490897887,1.256846000602886,0.05544859051252437,1.7777121919250525,0.02619874777799564,0.3613816769753694,0.0003012971823686436,0.027724295256262185,0.17983304606773176,0.10895690107998243,0.08487186331447684,0.000125,,,,,,,,,
1892,-0.13630133585952614,1.192192084457742,0.06710352332558861,1.7621698442209772,0.025046209879705343,0.3407525051358191,0.00036769848000236323,0.033551761662794305,0.13976371135578936,0.1061040562167251,0.08590914862699123,0.000125,,,,,,,,,
1893,-0.16883348183768265,1.2549410639568697,0.06615990447644854,1.7593355148356626,0.02644199907575684,0.3745628405560844,0.00036442788336744697,0.03307995223822427,0.17263342782946375,0.10990129365646109,0.08583608341177448,0.000125,,,,,,,,,
1894,-0.22445799948559775,1.3365546189134307,0.06691235424957484,1.7573151085594239,0.026766800959923877,0.35572399294424295,0.00035773307767795126,0.03345617712478742,0.22806984607402736,0.11024801936550803,0.0881213583905353,0.000125,,,,,,,,,
1895,-0.19226964270402425,1.2996769777983403,0.06991421645168777,1.745657437263696,0.026769275091123736,0.3707998017962284,0.00039164711166600545,0.03495710822584389,0.19603397087570168,0.11045810769335027,0.08605784242573461,0.000125,,,,,,,,,
1896,-0.14635138722573626,1.2610711487962782,0.05488762880235339,1.7984199721403122,0.023341795459717492,0.30771560717318525,0.00028713944036740915,0.027443814401176696,0.1494768427059944,0.1012018673573135,0.08369163519596545,0.000125,,,,,,,,,
1897,-0.14253029993777258,1.23070562589328,0.06533929534934362,1.740543508195087,0.029441251483493917,0.42533973012961296,0.0003388544551166682,0.03266964767467181,0.1468371608663765,0.1164805172455859,0.08773527019100907,0.000125,,,,,,,,,
1898,0.01594005067115667,1.0545843389747627,0.10543546679310184,1.663346817914313,0.03141792445625239,0.5593583565255626,0.0006108218722372177,0.05271773339655092,-0.01027100768560298,0.12098174022891077,0.08770044341440103,0.000125,,,,,,,,,
1899,-0.20875057910342437,1.3070523359406103,0.06408682600885546,1.7632384307093754,0.025831460814659802,0.34451798195756733,0.00036098923505794146,0.03204341300442773,0.21224904461266214,0.107712374883127,0.08631338168089012,0.000125,,,,,,,,,
1900,-0.18360395278166458,1.2923953509655015,0.06448878323810493,1.7688061952675564,0.025446232467645574,0.36728488707657575,0.00036950487996246953,0.03224439161905246,0.18733042915480166,0.10660923138239375,0.08461433051677925,0.000125,-0.16654559308650496,1.2824227495543388,0.17086175646868032,0.07236503001902544,1.738027657593697,0.028070811358698163,0.425872654309272,0.00038740474971932725,0.03618251500951272
1901,-0.1271113815816281,1.1992499283276403,0.08041566359155944,1.7173067733846268,0.028214715658692144,0.42281509701443976,0.00046576466969523093,0.040207831795779726,0.13140157109799908,0.11424152635578569,0.08826064935248998,0.000125,,,,,,,,,
1902,-0.23523434006580987,1.3258157219970321,0.05239002199500948,1.7860971795492562,0.026076628140273138,0.3614280741616025,0.000310593503444314,0.026195010997504743,0.23889578272525333,0.1084872972466854,0.08390631007600766,0.000125,,,,,,,,,
1903,-0.27337492359715987,1.3833084201043953,0.054376965001126376,1.786399115151042,0.02539348246239407,0.3570870464808791,0.00029619554727942454,0.02718848250056319,0.27699380849109356,0.10728425892008936,0.08272913312595,0.000125,,,,,,,,,
1904,-0.17018396428147636,1.2543918326209766,0.0823668203800053,1.7186464421664658,0.027686219532922492,0.41446180810244493,0.00043976197140508424,0.04118341019000265,0.1743913498568265,0.11300028998115749,0.08666245531211864,0.000125,,,,,,,,,
1905,-0.2268393202057403,1.355467917051777,0.06042009905140587,1.769918314796863,0.026159162626260956,0.37716630880520985,0.0003245588584379687,0.030210049525702935,0.23066213811505046,0.10839635299292882,0.08454235764457159,0.000125,,,,,,,,,
1906,-0.3241854209265814,1.4326007468498623,0.05747621398794234,1.7616712108306882,0.027594041674659953,0.39085054455234425,0.0003052485873105582,0.02873810699397117,0.32814333367708026,0.11304265360170788,0.08425531245263612,0.000125,,,,,,,,,
1907,-0.16335049176248867,1.294147337196744,0.07096638045365136,1.746917730131861,0.027297831601914194,0.4047819066824997,0.0003739472846582465,0.03548319022682568,0.16745500266968838,0.11088098765889623,0.08551733668995166,0.000125,,,,,,,,,
1908,-0.17829997683152357,1.2513287478540813,0.07649783505546637,1.7132987860759696,0.02975358062768671,0.47197132302513145,0.0004176336063362648,0.038248917527733184,0.18307924830322675,0.11797194686283306,0.08522836072864512,0.000125,,,,,,,,,
1909,-0.050440997685670216,1.1046320641441025,0.07163726739699872,1.7484979007586654,0.028048942447612486,0.42317111791736506,0.000383397620236934,0.03581863369849936,0.05472984645375231,0.11248616717695728,0.08671496736839834,0.000125,,,,,,,,,
1910,-0.17878769971527325,1.2689631635473644,0.05868317805985077,1.7725142794698399,0.026758734639176246,0.38107194218127094,0.0003412203584228318,0.029341589029925386,0.1826488980724948,0.11002575533760192,0.08533350470171996,0.000125,,,,,,,,,
1911,-0.17853949342350556,1.2655063950195906,0.07501913514690231,1.719732011161237,0.030156431052869602,0.48002669452735147,0.00041421766711253794,0.037509567573451155,0.18339860943313527,0.11850038639406099,0.08587534379795114,0.000125,,,,,,,,,
1912,-0.1851476603074766,1.2715608986441382,0.04703531583131672,1.8025453870898738,0.02566488531374274,0.34393420000862135,0.00026987506835008843,0.02351765791565836,0.18863124417003288,0.10753012831694274,0.08477156946030891,0.000125,,,,,,,,,
1913,-0.22822217326334504,1.3684360937168834,0.06497563760500467,1.7579711573515924,0.026390785576857118,0.39137845524531945,0.00034868114927473894,0.03248781880250234,0.23218951215766698,0.10924066097180722,0.08373999726040857,0.000125,,,,,,,,,
1914,-0.20253970446763792,1.3059467669390037,0.062338706517648376,1.7636688067569017,0.027316347652710543,0.40338765778334895,0.00033159712917231915,0.031169353258824188,0.20662570305808955,0.11139019802596137,0.08475266572400869,0.000125,,,,,,,,,
1915,-0.2449853915516607,1.3787551296044591,0.06241877080589335,1.7547149184636939,0.02711303774188524,0.4037541719691489,0.0003535944398306022,0.031209385402946675,0.24907522575033805,0.11082997026701606,0.0844538132136951,0.000125,,,,,,,,,
1916,-0.12139402922015438,1.2111661821584692,0.07492617902075946,1.7348886198217084,0.027905298560402497,0.4197458468111347,0.0004023555758545813,0.03746308951037973,0.12565032321973288,0.11252106359963374,0.08644408448122444,0.000125,,,,,,,,,
1917,-0.08218309072671218,1.147102159845431,0.0638471869601197,1.7545869542703953,0.028531005375639438,0.4521032999810125,0.00036013187932873203,0.03192359348005985,0.08675719450833833,0.1141716601339376,0.08530454976969304,0.000125,,,,,,,,,
1918,-0.215488197423729,1.3566338819738015,0.06194105841910434,1.7571879503765282,0.026946376649204462,0.41876474141236425,0.00034170847532905544,0.03097052920955217,0.21972780433131922,0.11047754243636099,0.08394504519853066,0.000125,,,,,,,,,
1919,-0.13481164284413197,1.2133640852652077,0.06324906277451928,1.7587182302310773,0.028190168628229026,0.4108096992331222,0.0003658509479093409,0.03162453138725964,0.13897261005963185,0.11345665652602663,0.08603469557601745,0.000125,,,,,,,,,
1920,-0.1498980208355783,1.2173668747733384,0.050472991812520504,1.7845154588129843,0.027508583545695287,0.4007937633959109,0.0002828485830335359,0.025236495906260252,0.1539518686058621,0.111471011324664,0.08396319543183903,0.000125,,,,,,,,,
1921,-0.108981906098716,1.1771688748117073,0.052177774504173116,1.7926755043296791,0.02671331969314539,0.38769436078387465,0.0002986918115341805,0.026088887252086558,0.11290585226696548,0.10920265361466273,0.08420404957724822,0.000125,,,,,,,,,
1922,-0.1667632190582438,1.2651631482020607,0.06785796321765203,1.7583526224495374,0.026237768868949685,0.37612202798889316,0.0003530095285331925,0.033928981608826014,0.1705794819412514,0.1090369884131776,0.08553097438443552,0.000125,,,,,,,,,
1923,-0.16401648804750915,1.2570898584746875,0.058109799331555856,1.7772340674650249,0.025897731246348067,0.373353795981359,0.00033368177207798456,0.029054899665777928,0.16780019006538396,0.10785969048426797,0.08428217948087456,0.000125,,,,,,,,,
1924,-0.12152078919465203,1.1749712002293093,0.07186563356125754,1.7382941663627545,0.02872380235410687,0.4346518798339601,0.0004317524301863072,0.03593281678062877,0.12592494127573778,0.11529380493188277,0.08631480195294702,0.000125,,,,,,,,,
1925,-0.10009288874497346,1.1452031734817834,0.07345115643130634,1.7429133000588477,0.02889479652471519,0.4224759998388299,0.00038639499855425076,0.03672557821565317,0.10437566740456355,0.11557677258869653,0.08754107795369082,0.000125,,,,,,,,,
1926,-0.280715714209129,1.3837000136465567,0.035411378813395206,1.829123511710553,0.02435999983121604,0.2994255276841702,0.00016683691343726665,0.017705689406697603,0.2837476347796289,0.10417606838312436,0.0829759883186453,0.000125,,,,,,,,,
1927,-0.10435703903957752,1.1977176858725986,0.06530169210028476,1.7686483461619007,0.026094390414762837,0.39229143407590417,0.00038623788768988454,0.03265084605014238,0.10833415308872521,0.1079216908476241,0.08437437363418962,0.000125,,,,,,,,,
1928,-0.034838867764087185,1.104161003755495,0.06968650835748809,1.7520643941295901,0.02883454016061255,0.454958015428805,0.00037293564473313105,0.034843254178744044,0.03944454117294262,0.11441270969944917,0.08539189214604126,0.000125,,,,,,,,,
1929,-0.14279562046550023,1.239357220814381,0.05991767065497722,1.7837410946338608,0.025732272715304278,0.3802360411044541,0.0003364952325832875,0.02995883532748861,0.14664914207514443,0.10715578840491176,0.08352796863769957,0.000125,,,,,,,,,
1930,-0.23220657958967722,1.3425658905758702,0.046082773002136396,1.7969004893967755,0.026236261212771537,0.3651916109073871,0.00024157347919296916,0.0230413865010682,0.23590192182493808,0.10897525600266364,0.0832314260678553,0.000125,,,,,,,,,
1931,-0.20319156038833783,1.293175193822543,0.06478126762305352,1.7582468770678628,0.027179038176955758,0.4035964977844623,0.00037102073024998755,0.03239063381152676,0.20728120867606714,0.11170308788807906,0.0848340870231582,0.000125,,,,,,,,,
1932,-0.15887526902011523,1.237527697469587,0.06047442932562419,1.7574821832731367,0.029051787353424462,0.42303708763232317,0.00034715266641020825,0.0302372146628121,0.1631569234595981,0.1158977996356611,0.08620854819096502,0.000125,,,,,,,,,
1933,-0.32160961478084016,1.4853524584586015,0.053776932514119635,1.7759394928981296,0.02661025405345805,0.3689256571042423,0.0002775802614462774,0.026888466257059818,0.325346295015683,0.10973080259204833,0.08450158426042648,0.000125,,,,,,,,,
1934,-0.1371180711779102,1.2321255766992634,0.07603225150433447,1.7281608444125653,0.029759601487471466,0.45229255652791944,0.00039393906632706683,0.038016125752167236,0.14170023386804897,0.11753536991123217,0.0869012830761782,0.000125,,,,,,,,,
1935,-0.11537571306032225,1.180658425900342,0.05851482791191942,1.7809234298624916,0.02571444507232369,0.36738258348814273,0.0003381322219133278,0.02925741395595971,0.11909998686567741,0.10702813579094943,0.0851800132571256,0.000125,,,,,,,,,
1936,-0.26220607280415875,1.4014906388352049,0.07182270383608348,1.7292689026415005,0.027449129961269123,0.400905971230136,0.0004109252715609798,0.03591135191804174,0.2662724458101202,0.11213244943541953,0.0863552063424056,0.000125,,,,,,,,,
1937,-0.06800797337627223,1.1363601211357968,0.07866972302941384,1.736637144114999,0.028255579764890352,0.44024461838604045,0.00044712585955116547,0.03933486151470692,0.072471592051684,0.11312360086206272,0.08677654965604875,0.000125,,,,,,,,,
1938,-0.21187218455830423,1.2953858974950936,0.06191996769724052,1.7603129786004224,0.026527544315993128,0.388525138949766,0.0003440372234016895,0.03095998384862026,0.21580943943367054,0.10970527286138135,0.0854082821264334,0.000125,,,,,,,,,
1939,-0.13945540150874824,1.24376036482726,0.06701704372132014,1.7579419098880962,0.027054372777870882,0.41570955514485497,0.0003988415130044434,0.03350852186066007,0.1436675734162864,0.11006890805125323,0.08535570056327395,0.000125,,,,,,,,,
1940,-0.15446324156615532,1.266916677002679,0.07935056100379469,1.7149457373091619,0.029239376365855833,0.4644052945016764,0.00042671201801556494,0.03967528050189734,0.15916838636922725,0.11649305160546564,0.08681753657073572,0.000125,,,,,,,,,
1941,-0.17178165094720166,1.2986664578763916,0.052889080570980185,1.7973423425457922,0.024510753689968842,0.3405512243588764,0.00028085770761040454,0.026444540285490092,0.17523438973157746,0.10403714860229848,0.08419166346827875,0.000125,,,,,,,,,
1942,-0.048905881568859895,1.1052973244000592,0.08362540385681501,1.7071360771653166,0.029018385787003234,0.47561302602529965,0.00045555097635034203,0.0418127019284075,0.05372545140157646,0.11498819080803827,0.08641153683653482,0.000125,,,,,,,,,
1943,-0.21470338260666225,1.3161095534813407,0.06712998432453052,1.7382459461167192,0.02845451837146274,0.4182087242142539,0.0003694956287182458,0.03356499216226526,0.21894011225671542,0.11435362216887493,0.08570276024440526,0.000125,,,,,,,,,
1944,-0.0629221321029709,1.1311087488871907,0.07782856729174525,1.7236843791920464,0.02998651520247856,0.45737205861425834,0.00046279411718637116,0.03891428364587263,0.06755663175772317,0.11734440430487096,0.08925971568117347,0.000125,,,,,,,,,
1945,-0.11696294999024882,1.2203722255524727,0.06015162849517051,1.7772339031713336,0.026985279319892738,0.40699584312999704,0.00034206348513868637,0.030075814247585254,0.12108417720967948,0.10979653450885862,0.08456326833774361,0.000125,,,,,,,,,
1946,-0.12681781074088597,1.2227897613895018,0.07274526774520822,1.7280504906378924,0.03017727113191327,0.4714964003586336,0.0004153817602953009,0.03637263387260411,0.13159058170085422,0.11817603779320682,0.08689334568348217,0.000125,,,,,,,,,
1947,-0.16932052035848758,1.282742106797047,0.05306347432564379,1.7885137808538203,0.02645959266654336,0.36379165538293856,0.00029145943922353926,0.026531737162821895,0.17300576838168058,0.1090452536462014,0.08544827021551228,0.000125,,,,,,,,,
1948,-0.13351431586047957,1.2010020490403963,0.06372246974141542,1.7743439494733066,0.02577490727695243,0.35772596323106887,0.0003364465498835483,0.03186123487070771,0.13714454463265452,0.10731490535613737,0.08609886705239247,0.000125,,,,,,,,,
1949,-0.13599397651385436,1.2489965499314963,0.05814760525939592,1.7817435728306723,0.025479018829025896,0.36033264331035775,0.00034762963598480135,0.02907380262969796,0.1396476704816758,0.10612783246150968,0.08456544433446256,0.000125,,,,,,,,,
1950,-0.200098934111321,1.3024092749722778,0.06767546913292959,1.7594487861642207,0.026467244902680886,0.3732487452329618,0.0003962609807794816,0.03383773456646479,0.20388681639588654,0.1094350090892974,0.08663797835561586,0.000125,-0.16655148070053738,1.2824642695597173,0.1708631695018586,0.07237455028331172,1.7385308926601377,0.02803967766518955,0.42542403289858133,0.0003875888267125524,0.03618727514165586
1951,-0.18734236413189698,1.274239831710604,0.0547486837766528,1.783932482769711,0.026201378548682985,0.3679755205033546,0.0003003562715362475,0.0273743418883264,0.19107033656636188,0.10834452337983003,0.08473293128184164,0.000125,,,,,,,,,
1952,-0.12268277654999299,1.180340356880457,0.06946103814219431,1.7456968953124314,0.02844953373377885,0.4373890515526263,0.00038320440036547704,0.03473051907109716,0.12711268659754713,0.11404126329036648,0.0859141736073882,0.000125,,,,,,,,,
1953,-0.11388040059604584,1.1733437273047929,0.0766892732440931,1.7451511405385498,0.02623550786726427,0.3968023253121702,0.000440716929451353,0.03834463662204655,0.11790862716648948,0.10875024302036781,0.08560282162369406,0.000125,,,,,,,,,
1954,-0.1906893285236008,1.2812569233386604,0.07583364700394576,1.7422890568049216,0.027155219102662366,0.38843122586753503,0.00044916037653125847,0.03791682350197288,0.19463347210011148,0.11148747649465694,0.08677564597772777,0.000125,,,,,,,,,
1955,-0.07127651695441492,1.1393819239905123,0.08354277667561828,1.7236212081962439,0.027927530285432274,0.44023276815658097,0.0004698041982223182,0.041771388337809134,0.07574255027838273,0.11249688659921112,0.08725177396877226,0.000125,,,,,,,,,
1956,-0.22993852798614373,1.3576825097798069,0.051860870987011344,1.8013892518394679,0.024985215280322215,0.36056638872250335,0.0002688478008913537,0.02593043549350567,0.23359082467938955,0.10525011411212823,0.08272582850299506,0.000125,,,,,,,,,
1957,-0.2196747997656484,1.3233880785345309,0.05826950598003844,1.7865535901121163,0.023058148857062304,0.31516499711947027,0.00031045745225985444,0.02913475299001922,0.22287655460025685,0.10080648596989578,0.08288977059685283,0.000125,,,,,,,,,
1958,-0.1731712260086383,1.2417888587092272,0.06945184377281238,1.7512352998137803,0.02756152532054519,0.4008676852236037,0.00040007971859567744,0.03472592188640619,0.17723614193294485,0.11234576860745529,0.0865773991546913,0.000125,,,,,,,,,
1959,-0.15324157554085258,1.2312200816046266,0.06853447632377624,1.758654736125782,0.026995861546821973,0.4101008167322756,0.0003937277361134075,0.03426723816188812,0.1573983747710596,0.11011085147616051,0.08472732176009798,0.000125,,,,,,,,,
1960,-0.1497731736990104,1.2237857691143939,0.05401139254588371,1.7989818446436412,0.023949781124689387,0.3345303230022183,0.0002838779109280103,0.027005696272941852,0.15316631122286123,0.10259961705780582,0.08338643127180466,0.000125,,,,,,,,,
1961,-0.10118626851415859,1.1768934887279219,0.06709683265481464,1.7708904674680652,0.024398968032300305,0.32247439527519184,0.0003979306794754539,0.03354841632740732,0.10446624909470732,0.10369302869859989,0.08750561118975055,0.000125,,,,,,,,,
1962,-0.09891742465059505,1.164802571877559,0.0923420844537633,1.6862971740713122,0.03129598586954917,0.5105516025164779,0.000503721230626857,0.04617104222688165,0.10409101190203368,0.12139708449955541,0.08804892493590988,0.000125,,,,,,,,,
1963,-0.25698197418853763,1.3779321972415057,0.04471199728971647,1.8158991059458076,0.023282747795695627,0.291160541806206,0.00024736585132522834,0.022355998644858238,0.25993656825481726,0.10121383341469847,0.08367292740272693,0.000125,,,,,,,,,
1964,-0.21185207659694127,1.2989770253420696,0.07205772015551135,1.7451070032074312,0.02709892947106545,0.3759532397044481,0.00037961279473419326,0.03602886007775567,0.21566888505204293,0.11147874569451667,0.08770090613435569,0.000125,,,,,,,,,
1965,-0.08451868394702775,1.1681743227417432,0.07615849710631532,1.744673450869849,0.026625898686293288,0.4262913374656986,0.0004250534746626996,0.03807924855315766,0.08884137383949321,0.10930114690099568,0.08472469902978975,0.000125,,,,,,,,,
1966,-0.15861858239657653,1.2677750764963744,0.06723505063775886,1.7552572568492582,0.02580932002876679,0.4077978968115505,0.00034498984359543035,0.03361752531887943,0.16275118136101535,0.10767731882252142,0.08329242128424333,0.000125,,,,,,,,,
1967,-0.23083012160539465,1.3298420911900162,0.058708526330983,1.785698681838516,0.023668050979816786,0.30111906381799813,0.0003134496045336235,0.0293542631654915,0.23389165798960387,0.10292789132799147,0.08464640170715916,0.000125,,,,,,,,,
1968,-0.2087840054102302,1.3039121260696596,0.07575469933537106,1.7288229756544995,0.026371766170378633,0.3754438488615528,0.0004359993239238637,0.03787734966768553,0.21259796947150916,0.1094956875104992,0.0867069645947627,0.000125,,,,,,,,,
1969,-0.154517402355547,1.2364894179537058,0.07131399235054724,1.7547289795802508,0.02590771788414071,0.3659431183481437,0.0003969310478470722,0.03565699617527362,0.15823400713547803,0.10792967480996556,0.08721563494911586,0.000125,,,,,,,,,
1970,-0.15133742488643734,1.242606357062362,0.07060758844272323,1.7428410456115115,0.027245758174987846,0.421859432151872,0.0003734150919396438,0.035303794221361616,0.15561248556355295,0.11110231805393647,0.0856323840251736,0.000125,,,,,,,,,
1971,-0.20132779505422133,1.3055598431612445,0.06584908831236334,1.762755421376435,0.025405642473458313,0.37066016074218205,0.000377016696763122,0.03292454415618167,0.20508871892698072,0.10622962255960067,0.08417300685137626,0.000125,,,,,,,,,
1972,-0.290903474405196,1.4163773926563734,0.045533084622904334,1.8165057026949902,0.02259363357787063,0.2837204418146747,0.0002451376442067969,0.02276654231145217,0.2937840617991232,0.09972314319582332,0.08302850662061093,0.000125,,,,,,,,,
1973,-0.15701181817452786,1.2578000437014314,0.08217845236093976,1.7214559213867604,0.02733125701900154,0.4207698975307361,0.0004577507136951624,0.04108922618046988,0.16128239844236647,0.11185025448880112,0.08616142232999563,0.000125,,,,,,,,,
1974,-0.15380342342742542,1.2263049826419041,0.053643486227061034,1.7963374417206888,0.02590215554290353,0.3655706105235962,0.0002972570305444593,0.026821743113530517,0.15750688722049755,0.1078180408798434,0.08397541001026362,0.000125,,,,,,,,,
1975,-0.193360312919939,1.2839579757946362,0.048585129381552565,1.806495233032692,0.024346118266589965,0.3051946950991042,0.00026392134540938704,0.024292564690776283,0.19645725660140528,0.10438556845366764,0.08497370515923466,0.000125,,,,,,,,,
1976,-0.12891501372726905,1.2069613755282815,0.06803233952857667,1.754008836754943,0.02651678053686962,0.37852054915753214,0.00038493942900674283,0.03401616976428833,0.13275562487126627,0.10962214410206762,0.0860055760917035,0.000125,,,,,,,,,
1977,-0.13330063454972502,1.2196422516362684,0.06951825872945848,1.750278711718881,0.027416541771496935,0.4164685540017188,0.00039431639500836626,0.03475912936472924,0.13752152517017419,0.11208306048125952,0.08494496635477888,0.000125,,,,,,,,,
1978,-0.11669471809983144,1.228024894976897,0.07358336791645827,1.731819977551396,0.02775466882381974,0.4475729116713523,0.0004296252484131297,0.03679168395822913,0.12122885335276283,0.11224960809858137,0.08561444140171748,0.000125,,,,,,,,,
1979,-0.05929494938609567,1.1554459064113514,0.08153626058497818,1.7398928331370362,0.026456343934640136,0.4019389177526581,0.0004391201812935587,0.04076813029248909,0.06337689682405903,0.1079883702598974,0.08744983396917566,0.000125,,,,,,,,,
1980,-0.03310864107454044,1.09430790410841,0.07473655197962156,1.7478007754562785,0.027850523354178557,0.41300479530595835,0.00040341400430481394,0.03736827598981078,0.03729756945138746,0.11239202465220155,0.08820246118176833,0.000125,,,,,,,,,
1981,-0.10421809900636304,1.1899269340737981,0.061429517959265635,1.7760498992995672,0.026362964429618486,0.3838010837937414,0.0003315491088815328,0.030714758979632818,0.10810790059336188,0.10864164174300416,0.08528716945851662,0.000125,,,,,,,,,
1982,-0.08695763046695687,1.167958260351122,0.08322686682521599,1.7242860630364216,0.027193698189738255,0.4470667732043323,0.0004384857930628097,0.041613433412607995,0.09149153935097382,0.11060708161089036,0.08601861853394567,0.000125,,,,,,,,,
1983,-0.058626576371263756,1.1293186115912197,0.09255095512344924,1.715656217714599,0.027709708459774357,0.4238387338690212,0.0005453132944072735,0.04627547756172462,0.06293384888263692,0.11191068985363524,0.08773499061184087,0.000125,,,,,,,,,
1984,-0.10422414561727184,1.1895763693003603,0.0623031126872014,1.7690524035135629,0.026634143723197997,0.40261915343959515,0.00036658395040900553,0.0311515563436007,0.10830284507155061,0.10926881938918026,0.08462320307223951,0.000125,,,,,,,,,
1985,-0.20295571552848674,1.279598639320917,0.05385582092892409,1.8006385507094782,0.02432612402791716,0.30955221291954865,0.00028194500351425017,0.026927910464462048,0.20609899140368895,0.1041321646648716,0.08590409069810112,0.000125,,,,,,,,,
1986,-0.1564569733717437,1.2442393526022557,0.0728363900744004,1.7383080431666453,0.0269843369868625,0.3938629997109715,0.0003938544434136065,0.0364181950372002,0.16045334318875643,0.11048353047936624,0.08639969045117601,0.000125,,,,,,,,,
1987,-0.1628726082213156,1.2745538448321487,0.07691702966394376,1.7271838940396118,0.028856518662698886,0.42925438723129894,0.0004276516907546551,0.03845851483197188,0.16722515896430853,0.11541347237820074,0.08796950550206231,0.000125,,,,,,,,,
1988,-0.08117748998470295,1.1400844679086288,0.0634815331977957,1.7713053919598583,0.025819537934642665,0.38674277070283797,0.000363468915475914,0.03174076659889785,0.08509800620140459,0.10731577567728875,0.08495923194963209,0.000125,,,,,,,,,
1989,-0.19013784687803637,1.2991382841774115,0.062131945488363594,1.760506556651608,0.027864943072590694,0.4330311000139294,0.00036500401210606684,0.031065972744181793,0.19452047895660743,0.11226056283499738,0.08413705958736603,0.000125,,,,,,,,,
1990,-0.10079674481008942,1.1648791479310832,0.0716837934952235,1.7446098722954408,0.028775808718228643,0.41779115983281495,0.00038398925906216435,0.03584189674761175,0.10503178429647876,0.11440996959484745,0.0886336519000668,0.000125,,,,,,,,,
1991,-0.15373088956607933,1.2317412989823615,0.0711183836981765,1.735823061900835,0.027954183886014634,0.4325593899346829,0.0003828852007299034,0.03555919184908825,0.15811322973990155,0.1133608963247443,0.0857403420240277,0.000125,,,,,,,,,
1992,-0.10872531442205852,1.1846493898261206,0.07370630525842788,1.7213536236691827,0.029378895606518695,0.4586696862110179,0.00044046933763661417,0.03685315262921394,0.11337048266641098,0.1163063370063738,0.08709881887712602,0.000125,,,,,,,,,
1993,-0.05939159485412484,1.1298006384780797,0.06805117299899796,1.7661155421282575,0.027033625258229624,0.38656515813830966,0.00038315821597258496,0.03402558649949898,0.06331276475958844,0.1098668080472633,0.08835860890476954,0.000125,,,,,,,,,
1994,-0.04759181248448634,1.1162410260104367,0.07570902193269625,1.7438997782428383,0.029033144808805547,0.4590298240597749,0.0004227893116634648,0.03785451096634813,0.052241632126949517,0.11444764619180747,0.08801223828651585,0.000125,,,,,,,,,
1995,-0.09589440864838394,1.1849346163964571,0.06337774387766007,1.764269562492725,0.027694419546863733,0.3980029957538085,0.0003152948397136695,0.03168887193883003,0.09992692312188291,0.1116351131421537,0.08763377257718633,0.000125,,,,,,,,,
1996,-0.1761879939976536,1.2328212550300512,0.04626896700823853,1.805206652738263,0.02471299383252247,0.329350768805696,0.00024135654233706916,0.02313448350411927,0.17952510180116546,0.10468607229036384,0.08417380673804975,0.000125,,,,,,,,,
1997,-0.14754146410717575,1.2208465265029664,0.061041261747061766,1.7789904849056495,0.025560501324619782,0.3686966485929347,0.0003632526472162076,0.03052063087353088,0.15128037365529984,0.10649035492617998,0.08544052452371731,0.000125,,,,,,,,,
1998,-0.19758772967881308,1.2729341483922676,0.06768608639593895,1.7527087936297008,0.0273247369581214,0.39144146820325404,0.000376074200141548,0.03384304319796948,0.2015572752339813,0.11116444711292132,0.08647037046286837,0.000125,,,,,,,,,
1999,-0.22214183659885495,1.3110612987673491,0.062434185309886606,1.7590922596717573,0.025979840200959562,0.3882596465355165,0.00034911151843463456,0.031217092654943303,0.22607673219464614,0.10820639018031619,0.08386075370341593,0.000125,,,,,,,,,
2000,-0.22122561047455672,1.3466319627130265,0.055094473594933004,1.790735036160441,0.024528496628866716,0.35570208556569416,0.0002884427059179672,0.0275472367974665,0.2248309703444319,0.10444441828690393,0.08315281083800109,6.25e-05,-0.1665522649134827,1.282445541630736,0.17094149877633724,0.07223086736594914,1.7379995541911404,0.02836067217657012,0.43318698440307624,0.00038685895988765473,0.03611543368297457
2001,-0.20989216258424198,1.3362526545549833,0.07396683950144918,1.7501107305536339,0.025523292575149167,0.3410458564392367,0.0004116413997568598,0.03698341975072459,0.21336122208968816,0.1068761235848774,0.08763656068059344,6.25e-05,,,,,,,,,
2002,-0.16532343459159168,1.2768422351854136,0.06366174104849906,1.7531357164414079,0.027517263414021265,0.40290498322623286,0.00038810516140312115,0.03183087052424954,0.1694057277031567,0.11140124148258734,0.08707372655846435,6.25e-05,,,,,,,,,
2003,-0.04477169515306131,1.0884093249835454,0.0918396939325701,1.6866148988085663,0.03112818959568054,0.49934128345775786,0.0004910496688517542,0.04591984696628505,0.049832804480281774,0.12090725512138153,0.08918416881697938,6.25e-05,,,,,,,,,
2004,-0.1823648293205199,1.287380680607626,0.059176267654283396,1.7842618259273957,0.02493603960875227,0.35426222606005187,0.0003303835576137632,0.029588133827141698,0.18595818616878299,0.10488626976738762,0.08414875771179245,6.25e-05,,,,,,,,,
2005,-0.1956719540317764,1.2777057044747417,0.07761632839332853,1.716630787904151,0.029189014902191293,0.4291992355574914,0.000417057220171236,0.03880816419666427,0.20002409143162875,0.11654004206640228,0.08877164195569966,6.25e-05,,,,,,,,,
2006,-0.15849809383284297,1.2967414888664357,0.06646135877171419,1.7574119620399484,0.026244167480344544,0.388580869485629,0.0003757549951555497,0.033230679385857095,0.16243846487665708,0.10788934589613904,0.08507974219250908,6.25e-05,,,,,,,,,
2007,-0.1980700066642545,1.3346056941499547,0.06685779334806098,1.7485147760429887,0.02834872440246325,0.4380112475722317,0.0003938411491609812,0.03342889667403049,0.20250497159590283,0.11283905569003125,0.08590250259731473,6.25e-05,,,,,,,,,
2008,-0.1628543389674261,1.240221489127486,0.04180419503360113,1.831326964775997,0.024412991409282936,0.3064213995745324,0.00022793505668764892,0.02090209751680057,0.16596004768090283,0.10316700355091175,0.08637038326500127,6.25e-05,,,,,,,,,
2009,-0.06713009696230851,1.1604080870901214,0.07317292012183048,1.7491768373371088,0.027226228681539698,0.41801456667642134,0.00039270038779380884,0.03658646006091524,0.07136824786138495,0.11016306918845095,0.08748008506309664,6.25e-05,,,,,,,,,
2010,-0.22933208499906832,1.31858344119443,0.04920605985660418,1.8011691630827844,0.02532179110985489,0.3414407858958022,0.0002714452107804312,0.024603029928302093,0.23279182203169324,0.10635385966301125,0.08470581289341031,6.25e-05,,,,,,,,,
2011,-0.2532141472342746,1.371265352360545,0.05311425418326996,1.7803836889025708,0.026055528821270397,0.36259094048939305,0.00026063078397229526,0.02655712709163498,0.25688702391098894,0.10801896660287597,0.08407793036192038,6.25e-05,,,,,,,,,
2012,-0.05442501105999278,1.130370199032876,0.09148535544768695,1.712252025329426,0.02878429530655112,0.47772112034731073,0.0005288486920486583,0.04574267772384347,0.05927037594836351,0.11432338036047093,0.08696391412262293,6.25e-05,,,,,,,,,
2013,-0.26304200716434445,1.4175940030246443,0.05364721805751939,1.779967214702622,0.02625302175195889,0.37867556179609274,0.0003058892449985495,0.026823609028759694,0.2668764449559311,0.10901284075725598,0.08315553116298532,6.25e-05,,,,,,,,,
2014,-0.1188123758091498,1.1932045800455426,0.06985087301992172,1.7536339404957417,0.02774919660621239,0.4358652889056074,0.00035509558119983667,0.03492543650996086,0.1232270414299328,0.11219477994202916,0.08525773119528086,6.25e-05,,,,,,,,,
2015,-0.07853558590813522,1.1518021681958444,0.07225821953994097,1.7410706088344798,0.02889550888454167,0.43767786286099125,0.0004070714877605371,0.03612910976997048,0.08296997506748106,0.11504900396389214,0.08820499930454145,6.25e-05,,,,,,,,,
2016,-0.11375000156717598,1.1935588828992552,0.06580970243742376,1.7628014110889785,0.02682247016151043,0.39754082851041916,0.00034848658617850467,0.03290485121871189,0.11777942758347155,0.10967176308155224,0.08612923791502887,6.25e-05,,,,,,,,,
2017,-0.16814464874549964,1.2420526008824386,0.04974238510774184,1.8074796976741414,0.024767330887589346,0.33610492778216206,0.00025185691175551815,0.02487119255387092,0.17155116258196945,0.10444577332495349,0.08474770113358945,6.25e-05,,,,,,,,,
2018,-0.20127906342207413,1.3066954558211128,0.059403001601339635,1.7599423193615586,0.027521104857580712,0.40156649277281586,0.0003359900355462059,0.029701500800669817,0.20534538917415204,0.1116633260248222,0.08561448233398378,6.25e-05,,,,,,,,,
2019,-0.16997477931867705,1.2378831822917438,0.07453434517456342,1.7270685903408962,0.028776403697378685,0.4219701167991793,0.000388358519321789,0.03726717258728171,0.17425290193035278,0.1149043571747958,0.08798473608078619,6.25e-05,,,,,,,,,
2020,-0.1691046882983963,1.2538404017996174,0.06120646893366495,1.7698139172888294,0.025814030057760957,0.37056734185074713,0.0003417405461039751,0.03060323446683248,0.17286208049600452,0.10760379480062982,0.08479041480079821,6.25e-05,,,,,,,,,
2021,-0.17279722891725213,1.2388782317792186,0.0704439554860277,1.745766490677195,0.02737813513887603,0.40844134747568683,0.0003911199977755554,0.03522197774301385,0.1769382332346366,0.1116897905907018,0.08687695109758642,6.25e-05,,,,,,,,,
2022,-0.20689276996372014,1.3247055799697764,0.06466974586505084,1.7635316883626202,0.02569600877294089,0.3525615531313534,0.0003568308521500862,0.03233487293252542,0.21047192399337133,0.10719366160575639,0.0860999845133486,6.25e-05,,,,,,,,,
2023,-0.1971665364687724,1.332799204109592,0.046263478723280946,1.8076797669492954,0.025299829055825306,0.3556968031387754,0.0002551103971021833,0.023131739361640473,0.20076726414116236,0.10618125599256817,0.08426208084296254,6.25e-05,,,,,,,,,
2024,-0.13488133984428435,1.2273021681982477,0.0668794537992106,1.7628144303865434,0.026418358209805537,0.4053876379399496,0.00034850983399870695,0.033439726899605296,0.1389897691932273,0.1084768252171786,0.08483870072488822,6.25e-05,,,,,,,,,
2025,-0.15565983700771438,1.241404616484125,0.06314118202243266,1.7696901553096294,0.027395604572402067,0.39647710496885075,0.00035430934605013703,0.03157059101121633,0.15967741864342772,0.1112949447040445,0.08629394444918612,6.25e-05,,,,,,,,,
2026,-0.03841616769828822,1.0970685053395142,0.08655912139403542,1.7185158614366178,0.028799293043591512,0.45140166898788747,0.0004984372466304923,0.04327956069701771,0.042995633479944784,0.11437251005692042,0.08839053100898946,6.25e-05,,,,,,,,,
2027,-0.11535426373169627,1.1923270595784583,0.06612708905782358,1.7730130592866877,0.026443733766028175,0.37349671702298426,0.0003696964202984524,0.03306354452891179,0.11914372154125087,0.10795324655888275,0.0879610057068182,6.25e-05,,,,,,,,,
2028,-0.17146493037628924,1.2810244169198288,0.07665855152771388,1.710029800958696,0.030104590662709603,0.49850417931302937,0.0004189067984638825,0.03832927576385693,0.17650959081117762,0.11750676230737965,0.0850502088460351,6.25e-05,,,,,,,,,
2029,-0.13053341793079795,1.188698640593398,0.07045226449953153,1.7475250493992571,0.02738592153104838,0.40130137711489067,0.0003890728630360251,0.03522613224976576,0.13460302381332098,0.11154684958688811,0.08624722075438486,6.25e-05,,,,,,,,,
2030,-0.13179275097443247,1.225078524280209,0.06556008982406109,1.7562809905283028,0.028181729362857073,0.39353444285082223,0.0003483095455829398,0.03278004491203054,0.13578192135321382,0.11276009140866955,0.08959478264299739,6.25e-05,,,,,,,,,
2031,-0.09691785395181211,1.179362676600333,0.0667893460584305,1.7515881175240327,0.0267540884855258,0.40494619962589873,0.0003647269952158157,0.03339467302921525,0.10102187377222771,0.1093381362370474,0.0856611055326713,6.25e-05,,,,,,,,,
2032,-0.16494449433745323,1.2351802463386239,0.05317922092472624,1.8006721075241614,0.024531710430602264,0.33633691072978433,0.0002817308852032032,0.02658961046236312,0.16835527708514075,0.10396880778842943,0.08448317315696645,6.25e-05,,,,,,,,,
2033,-0.1358590101990496,1.215915369216408,0.06699560413360937,1.7601719855355,0.026536597516594738,0.39624635308813116,0.0003480778242831193,0.03349780206680469,0.1398760540300959,0.10879393469679915,0.08613710791646517,6.25e-05,,,,,,,,,
2034,-0.13832839853760304,1.180452874347092,0.06140308556636003,1.7737420983546737,0.027126293678729253,0.3960891109254845,0.0003191563212205906,0.030701542783180012,0.14234092017383682,0.11038084731528758,0.08626874580130692,6.25e-05,,,,,,,,,
2035,-0.19830551480439246,1.2844958698192697,0.06346749315867525,1.7470758369369905,0.0278283715342812,0.41942315630815163,0.00036178260571404907,0.03173374657933763,0.20255256869847987,0.11212941600091084,0.08572335075106852,6.25e-05,,,,,,,,,
2036,-0.02367246637689293,1.0786184375816896,0.07839201194798001,1.7330428576926034,0.029364067386172497,0.4556984798505807,0.00041963133681543823,0.039196005973990006,0.028290173923317802,0.11478189153132876,0.08890434095523815,6.25e-05,,,,,,,,,
2037,-0.18569134210386998,1.2878357218902197,0.07180251694216602,1.7309046254775822,0.02858594332923914,0.40643463900314214,0.00038927312481264425,0.03590125847108301,0.1898127915298754,0.11449620552855283,0.08826860483270953,6.25e-05,,,,,,,,,
2038,-0.14392389888143314,1.2649969702461334,0.0770144519270527,1.7279135191529775,0.027855693079532375,0.42544457551175496,0.0004225440374629606,0.03850722596352635,0.14823835643808042,0.11218932653152552,0.08730499681366508,6.25e-05,,,,,,,,,
2039,-0.2262400628543717,1.3460795705950388,0.06392734166448101,1.771388311567416,0.025899802784382787,0.3617085525484013,0.00034207084487146135,0.03196367083224051,0.22991024664225237,0.10738436641372737,0.08626138580060613,6.25e-05,,,,,,,,,
2040,-0.09291133470381432,1.1593624268703877,0.05822167185045598,1.7656508551727794,0.028176831192930112,0.4278123940394768,0.0003228763263551596,0.029110835925227986,0.09723945475194959,0.11297651405991013,0.08632119537217504,6.25e-05,,,,,,,,,
2041,-0.06900363758568502,1.130443376598934,0.0844076640221765,1.7202245147884745,0.02819736006881508,0.4449595562472588,0.0004646227013948737,0.042203832011088245,0.07351728545233054,0.11307518106560921,0.08856752789415537,6.25e-05,,,,,,,,,
2042,-0.13692003452213758,1.2671809600454935,0.09456656120700174,1.694283794279186,0.028968631238452353,0.4803030616720081,0.0005681609124405631,0.04728328060350087,0.14179297286652837,0.11458693050116628,0.08887006766165033,6.25e-05,,,,,,,,,
2043,-0.1274410671589215,1.2015298967951753,0.08315628945222414,1.7168275287084473,0.027890046210486713,0.41973288617466187,0.0004589403267628896,0.04157814472611207,0.13170173184394895,0.11264599302715025,0.0880188509677213,6.25e-05,,,,,,,,,
2044,-0.12397885681498272,1.2220344300102395,0.0548011809573995,1.782548574291664,0.027317998693551004,0.4142310816616855,0.0003276931993804233,0.02740059047869975,0.128169670639815,0.11018765078307047,0.08576902686342971,6.25e-05,,,,,,,,,
2045,-0.21612879744155034,1.3054098081466976,0.07099072319582678,1.7378400533787932,0.029087800990094847,0.4402658442914037,0.00038038214766037684,0.03549536159791338,0.22058813346807268,0.11532834923156929,0.0874569372065111,6.25e-05,,,,,,,,,
2046,-0.15111766232245433,1.2663986880835387,0.05721056124816257,1.7553263100503067,0.029280425352442366,0.4571383067410178,0.00027815192564268764,0.02860528062408129,0.15573798545284556,0.11535677915424172,0.0847517425644019,6.25e-05,,,,,,,,,
2047,-0.1146014997010133,1.221359269195209,0.07473025392634536,1.7358870849394599,0.026801357466912666,0.4174515041677671,0.00039740260583621224,0.03736512696317268,0.11883471276656192,0.10936810170748507,0.08568377059226528,6.25e-05,,,,,,,,,
2048,-0.11272113519341784,1.2027980388375727,0.06757202189524902,1.7584309842558876,0.02842950094328681,0.41453468569726404,0.0003535067960787724,0.03378601094762451,0.11692138743914146,0.11306950788689649,0.0892865802712418,6.25e-05,,,,,,,,,
2049,-0.10756967930714698,1.1980830373556572,0.07090668858358848,1.7397805162432833,0.02869867636648739,0.4513928801330437,0.00040947180009331724,0.035453344291794246,0.11214055397593256,0.1133800126666456,0.08613325231721503,6.25e-05,,,,,,,,,
2050,-0.25218770401131213,1.3949899445999132,0.05435978579419877,1.7770501098779143,0.02662675306431615,0.3869984618693633,0.00029493083894980416,0.027179892897099385,0.2561055883323911,0.10897244542257686,0.08529964845822438,6.25e-05,-0.16661813128435848,1.282423410382473,0.1712000990608464,0.07192262324074039,1.7356306006163416,0.029182867618962605,0.4524795372597348,0.00038547862640608187,0.035961311620370195
2051,-0.19790441802647024,1.2776347941132877,0.0490637547722825,1.8023519548129818,0.025635816348185972,0.36132460845812286,0.0002805671619110387,0.02453187738614125,0.20156302517960478,0.10614619784934151,0.08469424226425587,6.25e-05,,,,,,,,,
2052,-0.2272253719599106,1.3694323377274438,0.05728013184519272,1.7656642888746719,0.026932519550587036,0.3793749737699965,0.00028730393782580376,0.02864006592259636,0.23106829144580018,0.10946797677673603,0.08683557611973389,6.25e-05,,,,,,,,,
2053,-0.19240106454191827,1.2846994132603193,0.061013593864224544,1.7664242672432804,0.027658041200470967,0.40538876834547866,0.00031759063388127145,0.030506796932112272,0.19650629917131643,0.11109363869108635,0.08642049930118142,6.25e-05,,,,,,,,,
2054,-0.2609952067760036,1.3933373519054393,0.06112212619587988,1.7636706583518154,0.026125987446162985,0.35123146084874013,0.0003396147991679673,0.03056106309793994,0.26455911530216414,0.10791012713697601,0.08686624692971026,6.25e-05,,,,,,,,,
2055,-0.13054221306010788,1.205773311121526,0.06407563110014287,1.7682254497322525,0.027631769158541753,0.38998577436073356,0.00033137433065935314,0.032037815550071444,0.1344951046170692,0.11093462004238977,0.08913310649672726,6.25e-05,,,,,,,,,
2056,-0.2657104860125497,1.3528624825557893,0.052217227528855825,1.776660878672353,0.02652303661822565,0.37521892757828545,0.00027329877241586716,0.026108613764427913,0.2695092834986079,0.10944839951676497,0.08483729349574393,6.25e-05,,,,,,,,,
2057,-0.05922632233574518,1.1213555469897036,0.07841966963376935,1.7236870972252567,0.030307558247251756,0.49332604982132633,0.00038248603097796235,0.03920983481688468,0.06421985440005736,0.1178791937325338,0.08807614477024214,6.25e-05,,,,,,,,,
2058,-0.12438822740078166,1.1912671516452937,0.07969053965715475,1.7248563107410408,0.028825790117463057,0.44754174569965477,0.0004503665833225459,0.039845269828577376,0.1289252423565474,0.11485561475659767,0.08696054674561787,6.25e-05,,,,,,,,,
2059,-0.03920432150779821,1.116860024047972,0.07259136384377671,1.7422763376573833,0.028722000154941814,0.44020844810468335,0.00041319462317015846,0.03629568192188835,0.04366425638037521,0.11282647747283872,0.08935253441336677,6.25e-05,,,,,,,,,
2060,-0.19268621961507787,1.2791879853539938,0.05462450974886282,1.7898125899284152,0.026285289664602175,0.36343545968935387,0.00029962068807735443,0.02731225487443141,0.1963687807996259,0.10804538883641143,0.08587672531457506,6.25e-05,,,,,,,,,
2061,-0.075297291561705,1.1349139855595145,0.09079301000602401,1.697327233075657,0.03101276642989168,0.48732272431217816,0.0005136351241550691,0.045396505003012004,0.08023802493340211,0.1199192572135751,0.0922800419871922,6.25e-05,,,,,,,,,
2062,-0.19361530633945684,1.2870629259111817,0.06447494209879659,1.7567961519716113,0.027840373776554298,0.39653757864603817,0.00035158600896895674,0.032237471049398295,0.19763400341857604,0.11189457191323292,0.08808361758443639,6.25e-05,,,,,,,,,
2063,-0.11666969552378684,1.181485375779034,0.05763535514399537,1.7765648617508119,0.028147610087752073,0.4110888062739012,0.000314646631572951,0.028817677571997685,0.12083031337903107,0.11194113305616503,0.08769678230508202,6.25e-05,,,,,,,,,
2064,-0.14137803400831775,1.2113903652332234,0.05431676789902206,1.7980477407264466,0.027526365611997186,0.37594489451330193,0.0002697563008255162,0.02715838394951103,0.1451853193778158,0.1106855355447009,0.08691922183477371,6.25e-05,,,,,,,,,
2065,-0.22444464877289333,1.2972839761787687,0.06095836622893229,1.768486586008764,0.027174443175491343,0.3811730099136753,0.0003056334931438984,0.03047918311446615,0.2283075992559361,0.11120202210020222,0.08792228732806202,6.25e-05,,,,,,,,,
2066,-0.14692209840941295,1.235013723818739,0.07158346242526097,1.7398597840752128,0.028863705290861907,0.46618219819462386,0.0003822488738960516,0.03579173121263048,0.15164093320915153,0.11473961339707803,0.08579047383844117,6.25e-05,,,,,,,,,
2067,-0.2251034713024689,1.3477372163917754,0.05694282906774745,1.7656978993555306,0.028268461367263163,0.40683869258014826,0.0003213036491017496,0.028471414533873727,0.22922119965828885,0.11341307019504164,0.08656747433404241,6.25e-05,,,,,,,,,
2068,-0.18821601783469893,1.260082046828658,0.06119317354125688,1.740771480695257,0.030424921184078822,0.486074864946175,0.00033867540896370554,0.03059658677062844,0.19312815753982793,0.11913667586300933,0.0852500078059062,6.25e-05,,,,,,,,,
2069,-0.10772819411708584,1.2293976114454137,0.08139840817445089,1.7280909006336995,0.027624028754029355,0.4577342063085652,0.0004459099096361988,0.04069920408722544,0.11236797539236144,0.11048876015106474,0.08672694234937783,6.25e-05,,,,,,,,,
2070,-0.13744949347939056,1.224714006797344,0.055033547414596276,1.7908036463310177,0.02695905322811984,0.4042686484649233,0.0003008347777858351,0.027516773707298138,0.14154061312198826,0.10847736407879752,0.08565331254467526,6.25e-05,,,,,,,,,
2071,-0.19855658335902443,1.339072732106807,0.06658560728211307,1.7470323952607218,0.02885117990856019,0.43814931223448583,0.00034323359845514424,0.03329280364105654,0.2029922719449475,0.11480013930047625,0.08681921577879209,6.25e-05,,,,,,,,,
2072,-0.13229232265918728,1.2143094223849638,0.06146716771375295,1.756292975428491,0.029794159801793153,0.4555174148322989,0.00035246282369383504,0.030733583856876474,0.13689931794935836,0.11689301309571207,0.0874031134899424,6.25e-05,,,,,,,,,
2073,-0.2507563017435434,1.3437696799283834,0.06056909058871956,1.76954383386739,0.026875425409957514,0.3680759272981531,0.00034909840710170917,0.030284545294359776,0.254488531984229,0.11041814692244104,0.0858955338713769,6.25e-05,,,,,,,,,
2074,-0.24465876036014533,1.3428425900055503,0.04650809554145369,1.8061481681678573,0.02529330700123962,0.3472265194269152,0.0002326685138383804,0.023254047770726843,0.24817466776900526,0.10561459155261066,0.08436516151999113,6.25e-05,,,,,,,,,
2075,-0.16150970350861604,1.2601349069654781,0.06163315647011207,1.7592598058063356,0.027946700316743303,0.43678731693312656,0.00032832269847735325,0.030816578235056034,0.1659292690812252,0.11229707156924121,0.08491919105846547,6.25e-05,,,,,,,,,
2076,-0.18855857144968502,1.2624084066884842,0.059461737021829324,1.7627472472409347,0.028068214817868278,0.40229727409925237,0.0003133956532972293,0.029730868510914662,0.19263203648819388,0.11287965984167085,0.08678056936450183,6.25e-05,,,,,,,,,
2077,-0.2184367666505258,1.3532926007327233,0.07417244768657896,1.7339527479604522,0.02915671134038893,0.43672106697357094,0.0003929194925804908,0.03708622384328948,0.2228623322665102,0.11533481557823326,0.08834893402399677,6.25e-05,,,,,,,,,
2078,-0.14976766252870238,1.2473655065487086,0.058126830127926146,1.7827149398994062,0.02724557997212077,0.40063112262598977,0.00031023035961090935,0.029063415063963073,0.15382396662302134,0.10943156470187193,0.08688189956488973,6.25e-05,,,,,,,,,
2079,-0.06637131122442431,1.1528524632456927,0.07671563879129582,1.73584747827501,0.02772760101797548,0.44258361578662575,0.0003986090501475626,0.03835781939564791,0.07085684976697046,0.11121340187060842,0.0874727225631946,6.25e-05,,,,,,,,,
2080,-0.17218850725902124,1.2448229084901885,0.07312233229031807,1.7383220384246187,0.02853865435853163,0.4251319490629038,0.0004063106204949654,0.036561166145159044,0.17649783424238463,0.11388506982464547,0.08948727843762606,6.25e-05,,,,,,,,,
2081,-0.08924477912176068,1.161079038323354,0.07717500743724179,1.7390817322944825,0.02972438264310845,0.4599628983884134,0.0004420007103679781,0.038587503718620894,0.09390480643379007,0.11563685264898,0.09020890005397361,6.25e-05,,,,,,,,,
2082,-0.2431622200667356,1.36796765386931,0.05198751241294389,1.7690275724894735,0.029699659365684118,0.43191000969641236,0.0002952740547889052,0.025993756206471944,0.24752795693617896,0.11616145439430228,0.08700977478620685,6.25e-05,,,,,,,,,
2083,-0.06661258636166734,1.1517290523122568,0.0718887801880995,1.7441302732921655,0.02891203036595605,0.45534418874618454,0.00041827524349940203,0.03594439009404975,0.07122359669439116,0.11320942319971393,0.08750811176332787,6.25e-05,,,,,,,,,
2084,-0.33565115707735993,1.4796586155625318,0.05189617274926327,1.7878317308201932,0.026613490668759496,0.36663620552047166,0.00028664639665279074,0.025948086374631633,0.33936421200021394,0.10874218721728224,0.08616991460359935,6.25e-05,,,,,,,,,
2085,-0.17778022378792366,1.308142646932963,0.07290781389151074,1.7292268986481427,0.028581981906356996,0.448465954354753,0.000403623046178049,0.03645390694575537,0.1823226657378652,0.11303683550010019,0.08655957259818026,6.25e-05,,,,,,,,,
2086,-0.2129759177487099,1.3192884486730545,0.04108508962195162,1.8229945303766408,0.02469225567159928,0.30977475299523866,0.0002467945166266207,0.02054254481097581,0.21611490571394326,0.10391865735129403,0.08611260026495893,6.25e-05,,,,,,,,,
2087,-0.11076080940725488,1.1805246977273594,0.06864285858714772,1.7422322185734762,0.03077725458819784,0.4819596419454887,0.0003976392846649781,0.03432142929357386,0.11563612597103574,0.11822253539009639,0.0896922820504151,6.25e-05,,,,,,,,,
2088,-0.1514784811871851,1.2196281215496052,0.05207273797183609,1.7923097632054945,0.027632020263999163,0.39220523232248583,0.0002788149363056509,0.026036368985918046,0.155447281126391,0.11053417028029178,0.08704372525649871,6.25e-05,,,,,,,,,
2089,-0.28261688134294133,1.3963202598789977,0.06061630777795086,1.756045297874105,0.027946736440651185,0.40202770038378044,0.0003238363239683158,0.030308153888975432,0.2866882653168865,0.11299324812725298,0.08698765841469915,6.25e-05,,,,,,,,,
2090,-0.07543879089109347,1.161299249244903,0.08681387852266484,1.7064374779403422,0.03112069035424938,0.5103726930287442,0.0005013717104131417,0.04340693926133242,0.08060800285252578,0.11915215595954229,0.08989031097845598,6.25e-05,,,,,,,,,
2091,-0.15161006232602664,1.258027554680349,0.06031587553885134,1.7714256008718972,0.027442719301187645,0.3874468812878672,0.0003356137728814952,0.030157937769425665,0.1555357594704123,0.11014406762114923,0.08848834117161092,6.25e-05,,,,,,,,,
2092,-0.14092616573734873,1.2375009816423745,0.08100681753314959,1.7239779299882425,0.02994637377458484,0.443982909047217,0.0004150177265690536,0.040503408766574794,0.14542788819315305,0.11683922880448089,0.09074271075945811,6.25e-05,,,,,,,,,
2093,-0.11043811772752031,1.2046043277456553,0.07325277864672974,1.7338076259117075,0.02932578045788576,0.44596176740856375,0.00039612194088030204,0.03662638932336487,0.11495566108659723,0.11523517593005242,0.0889133208579383,6.25e-05,,,,,,,,,
2094,-0.1444538895505582,1.239531973098794,0.07901020368973205,1.7227979993634013,0.029767832605684073,0.4806289764610094,0.0003973432344073092,0.039505101844866025,0.14932088582935088,0.11628469632178653,0.08760516288431422,6.25e-05,,,,,,,,,
2095,-0.12412845646154225,1.2580487597910506,0.06963409109496055,1.751403256181229,0.027332309328699164,0.4361776282137726,0.0004034937322537846,0.034817045547480274,0.1285465987591118,0.11006950234799737,0.08556562608806727,6.25e-05,,,,,,,,,
2096,-0.22079192989190993,1.3634631878371275,0.0648865035207435,1.7689654667825496,0.024366542768175486,0.3460456713064515,0.00036847683101906044,0.03244325176037175,0.22430620427971287,0.10310826736014693,0.08577791772953428,6.25e-05,,,,,,,,,
2097,-0.1268289228177829,1.1945831648242942,0.05731499645377199,1.7777370364610183,0.026872619991843358,0.4048576211407253,0.00029455101116318484,0.028657498226885996,0.13092687940789327,0.10945633632462212,0.08595659015580026,6.25e-05,,,,,,,,,
2098,-0.11405784775402902,1.2185204172010722,0.06640298045617184,1.7572227603725237,0.027783100161092675,0.4237118482756076,0.00035603758130566573,0.03320149022808592,0.11834930033042995,0.11127198747403906,0.08672430629082999,6.25e-05,,,,,,,,,
2099,-0.16302495948346357,1.2524938272789448,0.07292116856055719,1.750110046488438,0.027270222549757944,0.4175615513636939,0.00042660664605719185,0.036460584280278596,0.16725880274830623,0.10946299208268387,0.08802708974533432,6.25e-05,,,,,,,,,
2100,-0.20647470678479196,1.319479938547285,0.05906863083531211,1.778932852167987,0.02663950034641588,0.3613570034836159,0.00033872786913604155,0.029534315417656054,0.2101389877422588,0.10879249526686036,0.08771996505719104,6.25e-05,-0.16665763657932955,1.282586215955738,0.17119002663176025,0.07197570033464838,1.7367782015270667,0.028970119271361616,0.4475176911554638,0.0003857508693442286,0.0359878501673242
2101,-0.21099154167087403,1.3088476251133847,0.067263066871129,1.741658344086197,0.029067003964108974,0.43325252359464456,0.00039476361010036846,0.0336315334355645,0.21537906265979795,0.11557491243074414,0.08710684702438978,6.25e-05,,,,,,,,,
2102,-0.09235956839179492,1.1742441364253837,0.08537667829796267,1.7079253210022238,0.029368954520930912,0.45758453871186666,0.00046858771072654827,0.04268833914898133,0.09699986724837986,0.11529106932325564,0.09020242677953072,6.25e-05,,,,,,,,,
2103,-0.15065223159293062,1.2341466959471887,0.07020807048132101,1.7375399581514626,0.029240725400457454,0.43743482204049,0.00037136823650114333,0.035104035240660504,0.1550827729305227,0.1159969773380703,0.08818213437627975,6.25e-05,,,,,,,,,
2104,-0.11797450377602046,1.1937866084743871,0.07666400908117602,1.7231291524896637,0.030434580689437593,0.4900095767392393,0.00042516793529076113,0.038332004540588,0.12293441451883125,0.11855464286168785,0.0883168822023001,6.25e-05,,,,,,,,,
2105,-0.21467994286943554,1.2957533826738121,0.06335274372817676,1.7464720722598446,0.028252924495347956,0.39939534018984413,0.0003387463815336461,0.03167637186408838,0.21872642482773597,0.11417989989168471,0.08753610443919715,6.25e-05,,,,,,,,,
2106,-0.06123552458476201,1.1238874966843873,0.0859920161546837,1.7129795037460938,0.029784640411396827,0.47886106258238204,0.0005325849454516008,0.04299600807734185,0.06608958686315514,0.1164638114300225,0.08886093518793148,6.25e-05,,,,,,,,,
2107,-0.2288811623082886,1.3250731707619787,0.06794243199372135,1.7490788155049832,0.027751409828868465,0.4166122734087834,0.00038423594141027913,0.033971215996860676,0.2331025894059424,0.11202374249227089,0.08636632319892937,6.25e-05,,,,,,,,,
2108,-0.059755335723348596,1.132098046243446,0.06709324816500484,1.752743919419811,0.028498292222849872,0.4404158299637809,0.00037397521782489237,0.03354662408250242,0.06421430783844134,0.11303120938544808,0.08638490799408016,6.25e-05,,,,,,,,,
2109,-0.1738088810453135,1.2620712315373575,0.0600382295459488,1.7757148307167916,0.027507529921176298,0.3938427659851139,0.00031832453457024667,0.0300191147729744,0.17779826821359046,0.11048532052174426,0.0883171774220172,6.25e-05,,,,,,,,,
2110,-0.16405975450541382,1.255463148715742,0.06946174670765898,1.7441778937874295,0.02806132564756586,0.4150699113866115,0.0003857403262761262,0.03473087335382949,0.1682664836748344,0.11260899546709696,0.08737549897695965,6.25e-05,,,,,,,,,
2111,-0.13221695266878464,1.1844381838935778,0.06393853281657126,1.7632774423064346,0.028559549739771838,0.4177117816328918,0.0003621855405185219,0.03196926640828563,0.1364472943813501,0.11331539821025186,0.08874222084155897,6.25e-05,,,,,,,,,
2112,-0.12677721283411325,1.2295842357023279,0.07294794685783229,1.745939958202628,0.028554138881742543,0.44278301073865955,0.0004034283876037548,0.036473973428916145,0.13126301059838685,0.11325848918577003,0.08776232019372415,6.25e-05,,,,,,,,,
2113,-0.15444639165267374,1.2478171261516366,0.05903330357203693,1.7790598270492528,0.02683430058606502,0.39679237163257425,0.00034016847212356167,0.029516651786018464,0.15846502430377724,0.10909446556048275,0.08657832233875426,6.25e-05,,,,,,,,,
2114,-0.21234041893887298,1.309369563248086,0.0565341460607037,1.7830179061153997,0.025220596777336044,0.34098615773489777,0.00029822085125478457,0.028267073030351853,0.21579935997682598,0.10594044001400002,0.0857812857818843,6.25e-05,,,,,,,,,
2115,-0.18611587685361114,1.282871369661376,0.0825125660028876,1.7184916639674546,0.027902885194983736,0.4415682977269763,0.00044382616725331073,0.0412562830014438,0.19059443929219455,0.11244559099480558,0.08648033507482639,6.25e-05,,,,,,,,,
2116,-0.1685503099690212,1.282650340237264,0.06902221122386296,1.7416942521883865,0.027341709511401826,0.438249126448081,0.0003745802429757478,0.03451110561193148,0.17298847508406562,0.11149375880565957,0.08465477166226534,6.25e-05,,,,,,,,,
2117,-0.16915876139242286,1.2702614592270516,0.060032302885123595,1.7674531649475138,0.027645056750853624,0.4243717158860192,0.00034521214298808634,0.0300161514425618,0.173453621355805,0.11114107355858355,0.08545030964239993,6.25e-05,,,,,,,,,
2118,-0.05934947989816191,1.168329970185852,0.08337262177352234,1.7088027914700348,0.03067166200293884,0.4843699910493941,0.0004729831406956977,0.04168631088676117,0.06425668397886428,0.11826093213635219,0.09015569594880447,6.25e-05,,,,,,,,,
2119,-0.305795970038832,1.425299270502338,0.04712499416962585,1.8026842925338131,0.024757361530611886,0.2953142237915305,0.00027750643600411254,0.02356249708481293,0.30879347668111756,0.1050857770393769,0.08658271902405043,6.25e-05,,,,,,,,,
2120,-0.10982828808131968,1.1935152866349017,0.0665445280362105,1.7693034886257064,0.027158920973831716,0.41861990905379715,0.0003637820825036003,0.03327226401810525,0.11406909029158706,0.10979456211162397,0.0857083793114311,6.25e-05,,,,,,,,,
2121,-0.10086100865606856,1.1826070210884025,0.08319040485444304,1.7190017355449507,0.02833812342800527,0.44686709272535163,0.0004960986106069303,0.04159520242722151,0.10539342578921082,0.11283051154786652,0.08764455307655537,6.25e-05,,,,,,,,,
2122,-0.21234257842753304,1.3131406698215877,0.052666622737822674,1.796982379236893,0.025760548596765097,0.32766691879753673,0.00028903300039960207,0.026333311368911337,0.21566644108067368,0.10682338074688737,0.0874241944018749,6.25e-05,,,,,,,,,
2123,-0.10825392386577304,1.1731922814170386,0.06643088932276459,1.7557552374216687,0.026955610552728708,0.4037179217709517,0.00034009534434812597,0.033215444661382286,0.11234527703396163,0.10989992767564827,0.08625272818497423,6.25e-05,,,,,,,,,
2124,-0.10002100546653023,1.1506027967962176,0.07769446747967593,1.721853964487813,0.030455384980706168,0.46763070776189464,0.0004355919897427387,0.038847233739837964,0.10475773423743132,0.11841327422590012,0.08921603897673791,6.25e-05,,,,,,,,,
2125,-0.13803028253972996,1.2351359825224333,0.07939293202154603,1.7386737085702957,0.02574403096422322,0.3944435670796558,0.0004426533094830357,0.03969646601077301,0.1420362279467178,0.10691707392158403,0.08657849390511013,6.25e-05,,,,,,,,,
2126,-0.09884553410212514,1.2146246361453998,0.059247682091526865,1.7837722240009182,0.02696856079322691,0.36977218944911683,0.00033933493527008995,0.029623841045763433,0.10259411090925478,0.10892251379799817,0.08828198003814003,6.25e-05,,,,,,,,,
2127,-0.11249491973842296,1.1773456116997572,0.06325868816955194,1.7637219198236478,0.027840546749662264,0.4193592398550532,0.00037645409740727937,0.03162934408477597,0.11674154324123058,0.11150191574385782,0.08695637671576717,6.25e-05,,,,,,,,,
2128,-0.1906341207752258,1.2864507606064302,0.07151982293902598,1.732615530859642,0.028638614755545796,0.4286086447868598,0.00035669192934275934,0.03575991146951299,0.1949768602091659,0.11478627425767089,0.08708226577198734,6.25e-05,,,,,,,,,
2129,-0.07917725770727788,1.1681999906639349,0.10026808658880901,1.6634548382841077,0.03139649409479353,0.500940698838211,0.0005712795868720397,0.050134043294404504,0.08425914608320596,0.12104190236922985,0.0913086261770939,6.25e-05,,,,,,,,,
2130,-0.2587877057983083,1.3720440007204417,0.05132358595012916,1.7858815306578733,0.025868435313891172,0.34242205156720174,0.0003161484869244977,0.025661792975064584,0.2622586084071312,0.10814482879496562,0.08534904453617373,6.25e-05,,,,,,,,,
2131,-0.1918036597396901,1.348211087142108,0.06457422229316613,1.7492092931753715,0.028064299321738356,0.42273831523406524,0.00035065749672774703,0.032287111146583065,0.19608432867107634,0.1126035486730815,0.08640332357179792,6.25e-05,,,,,,,,,
2132,-0.20124640538667304,1.3159277330754366,0.06844205292709885,1.7378163152702957,0.029088650617618658,0.4283872908865814,0.00037340272823506036,0.03422102646354942,0.20558561151243746,0.11542712121191377,0.08743485508180106,6.25e-05,,,,,,,,,
2133,-0.17367336322110474,1.294670270720331,0.06143404557494485,1.7638210132422438,0.027280722466220167,0.4018783814344702,0.00032424477923263166,0.030717022787472424,0.17774374471616167,0.11034979208611914,0.08627124500694543,6.25e-05,,,,,,,,,
2134,-0.16109381464607483,1.2392243623307642,0.07501775792430487,1.7152928410568962,0.031925546770984914,0.4987375589211176,0.0004226969275847209,0.03750887896215244,0.16614007901193456,0.12251001270461206,0.08874946884999765,6.25e-05,,,,,,,,,
2135,-0.12067630610630091,1.1958599474915794,0.07494108947741632,1.726880907851588,0.02931114232147412,0.4673704220771879,0.00042894697428679266,0.03747054473870816,0.12540903915063287,0.11598426385957955,0.08630507095849174,6.25e-05,,,,,,,,,
2136,-0.14233488981419223,1.2085667586427191,0.06157871341124076,1.7672795465629894,0.028870176517300897,0.43095344709205674,0.00036283806684926737,0.030789356705620382,0.14669651481795254,0.11418298871362736,0.08637057430224832,6.25e-05,,,,,,,,,
2137,-0.14467488938647322,1.2334764396996154,0.06249101664655456,1.7638534501516725,0.02816211122158791,0.4374094095029675,0.0003301505203705241,0.031245508323277285,0.1491011690295314,0.1124994102769126,0.08525849026250773,6.25e-05,,,,,,,,,
2138,-0.18763733896684814,1.2686569087140889,0.04919881011988209,1.7918833226364832,0.026728025370173925,0.3591639437691592,0.0002796019061353883,0.024599405059941046,0.1912742926618874,0.10998334856945949,0.08628205089771365,6.25e-05,,,,,,,,,
2139,-0.2645891916066354,1.3687530281466285,0.05735647124869575,1.765988444656689,0.027655333258149277,0.39995322253305776,0.00029975776176899044,0.02867823562434788,0.2686380595296546,0.1121076811272427,0.0855004564979112,6.25e-05,,,,,,,,,
2140,-0.1495977971772662,1.2404392795065116,0.059614719873817654,1.7684653889942372,0.02681986079997227,0.3838508218120419,0.00032970754610438734,0.02980735993690883,0.1534870944846745,0.10946112560714691,0.08693440589794449,6.25e-05,,,,,,,,,
2141,-0.22558414182402842,1.3210665801017352,0.053131454925315034,1.7721479769265729,0.027910718991663593,0.4124878437772086,0.00029437538012734143,0.026565727462657517,0.22975625122283366,0.11277915105100675,0.0846270689634797,6.25e-05,,,,,,,,,
2142,-0.11845847474280663,1.1777264698643126,0.07989654701540116,1.7106179119861122,0.030938639258866082,0.5041626665346503,0.00043350275822068144,0.03994827350770058,0.12356149088836291,0.11981855424150535,0.08682081534945749,6.25e-05,,,,,,,,,
2143,-0.15463745313034338,1.2401031941278193,0.06070303592153645,1.7689478835534893,0.02657886442972816,0.38356838717359765,0.00035606649191165506,0.030351517960768223,0.1585247386637948,0.10905130182832469,0.08584107115390702,6.25e-05,,,,,,,,,
2144,-0.23119518905084024,1.3456860678779006,0.06376237952846231,1.746488768369241,0.029247384025914477,0.4511953671250025,0.0003584740114281339,0.031881189764231155,0.23576007353965253,0.1160586143238158,0.08628733220504134,6.25e-05,,,,,,,,,
2145,-0.0588797993784963,1.1208007098814692,0.07409082535589165,1.7374273803029334,0.029654158405207395,0.48887437181951876,0.0003929081692089628,0.037045412677945824,0.06382689186486457,0.11659492212524822,0.0859154292871184,6.25e-05,,,,,,,,,
2146,-0.00014444614177741566,1.072914270747125,0.06953749250614777,1.7581894984190014,0.028064028367386466,0.4431007639659922,0.00037785699154807263,0.034768746253073884,0.004631582992590089,0.1120062682558935,0.08691540752607607,6.25e-05,,,,,,,,,
2147,-0.18649374382092454,1.2834961913554779,0.05656228413518957,1.7802603574390252,0.027293072380420363,0.3767963562590631,0.0003196669155624331,0.02828114206759479,0.1903109877983128,0.11059189985603468,0.08655021767716278,6.25e-05,,,,,,,,,
2148,-0.12272271659412179,1.222451693100199,0.06352627245556991,1.7671662985730916,0.027625749137372493,0.4216987650870462,0.0003448020203421335,0.031763136227784955,0.1269925870644092,0.11106999632043307,0.08488736102424858,6.25e-05,,,,,,,,,
2149,-0.2745491884437695,1.389588925815085,0.05592344729164709,1.7492551870781563,0.030777127709789253,0.42914679112924914,0.00028890666768960056,0.027961723645823545,0.2788889996972555,0.1200384717752392,0.08729622879745115,6.25e-05,,,,,,,,,
2150,-0.11120805039072565,1.1778063389854911,0.07196993726071998,1.7368880239861078,0.029267871483111614,0.462505986876511,0.0004107932649682443,0.03598496863036,0.11589057204101064,0.11528962008442986,0.08692973063470832,6.25e-05,-0.16720263078931114,1.282692659070834,0.17196797450974438,0.07166838788393756,1.7312731371246082,0.029968733672507023,0.47083595134798994,0.0003837281640133954,0.03583419394196878
2151,-0.2050947542852246,1.3339855633401996,0.05939612295386666,1.7759147271200006,0.02624289055894094,0.38451411974959804,0.0002872780882617396,0.02969806147693333,0.20899022547235133,0.10761201385066645,0.08585318086538919,6.25e-05,,,,,,,,,
2152,-0.14399340314111866,1.225756431689404,0.0598516170792028,1.751601946737086,0.030295175362729233,0.46762602477309034,0.00033186849571995047,0.029925808539601396,0.14872042390181373,0.11780962840191288,0.08549285057257275,6.25e-05,,,,,,,,,
2153,-0.25452510746244067,1.3527832631270786,0.051593391903045786,1.785947103008001,0.025441921798897774,0.3436469769568169,0.0002849454456081128,0.025796695951522893,0.25800808285344656,0.1068494112909511,0.08382462594773908,6.25e-05,,,,,,,,,
2154,-0.09618565937840437,1.1736224936932889,0.07206717278102638,1.7444681448826689,0.029790081514488087,0.4528222771339764,0.00039404366707604355,0.03603358639051319,0.10077130085425423,0.11637089862197392,0.08740002477170716,6.25e-05,,,,,,,,,
2155,-0.18164135510773366,1.3057853771365173,0.07705719237140163,1.7175276200318783,0.02942052850570307,0.46649054761016134,0.00042507508488071185,0.038528596185700814,0.1863662152070701,0.11637762128066281,0.08653210375486226,6.25e-05,,,,,,,,,
2156,-0.13601225258322258,1.231251874858439,0.06863827303045457,1.7490300194096258,0.029489716545426356,0.4361137502631295,0.00039190527327788953,0.03431913651522728,0.14042911857529597,0.11633843348398429,0.08804349124530672,6.25e-05,,,,,,,,,
2157,-0.18219375520176967,1.3007757694855147,0.0771596102792525,1.7317127780599488,0.029150765338573612,0.46940813872146137,0.0004154190776314917,0.03857980513962625,0.18694788771268084,0.1147384535388459,0.0855484793818744,6.25e-05,,,,,,,,,
2158,-0.16718968912032578,1.2528993290977548,0.06449669196186303,1.7555436559451514,0.027450196734074228,0.41590663082100077,0.00035851709946311725,0.032248345980931514,0.1714021443820708,0.11177120131780888,0.08500303182260482,6.25e-05,,,,,,,,,
2159,-0.18361097794030817,1.2573677366778448,0.04444150842810847,1.7983164034470185,0.028462955517687988,0.3843410108634423,0.00024385934362691162,0.022220754214054235,0.18749703056062733,0.11361648833596309,0.08614805286330651,6.25e-05,,,,,,,,,
2160,-0.1286410929882391,1.2044492279448484,0.07641704200224433,1.7126973440582132,0.03145714328633206,0.5099465701802108,0.0004214854282424265,0.03820852100112217,0.13380010903876532,0.12076859736060772,0.08713939743560653,6.25e-05,,,,,,,,,
2161,-0.21640183300432544,1.3206377653043295,0.051394656054680216,1.7868156728397375,0.02625704799568477,0.38823101994186326,0.00030115238625037907,0.025697328027340108,0.22033072021236227,0.10849144842593664,0.08344580751141403,6.25e-05,,,,,,,,,
2162,-0.15906990239936084,1.2248245667412738,0.05522246505818139,1.7853458608157198,0.02701128179309746,0.3737283710823891,0.0002872962739702388,0.027611232529090694,0.16285552376406168,0.10966454564219992,0.08644303998581876,6.25e-05,,,,,,,,,
2163,-0.22246661650031016,1.3023808425079975,0.05563450885240635,1.7668993629134708,0.02686641729174217,0.3896884835251598,0.00029809320874173416,0.027817254426203177,0.2264119685157045,0.11028646987044097,0.0855084779222602,6.25e-05,,,,,,,,,
2164,-0.13676607464306662,1.2351509710681907,0.06542627956561409,1.749446828033081,0.029670559084993442,0.4613960482391813,0.00037393304374525087,0.03271313978280706,0.14143398206395902,0.1165081452610436,0.08770327456711774,6.25e-05,,,,,,,,,
2165,-0.2610400620984153,1.368399458923516,0.05440055540820604,1.7770012940395636,0.02728013759439385,0.38951459438951985,0.0003261680947805591,0.027200277704103024,0.2649834400139027,0.11040746400507616,0.08551442992741047,6.25e-05,,,,,,,,,
2166,-0.22014125325160472,1.3205854417942948,0.06824890620810041,1.7292221327508606,0.030081200594785088,0.4830758414904245,0.00039051636544674295,0.034124453104050205,0.225027333504595,0.11840704442664386,0.08598135192226537,6.25e-05,,,,,,,,,
2167,-0.16172578877807606,1.272835735821338,0.07109995895915966,1.7298106094477388,0.030147577338666073,0.4822855218496367,0.0003894416531543334,0.03554997947957983,0.166605386498678,0.1174845187825698,0.08662008086812396,6.25e-05,,,,,,,,,
2168,-0.20002778581923444,1.2934147376851028,0.05767381639048899,1.7685391579081564,0.027575300871511145,0.41311536521680936,0.0003225234714611155,0.028836908195244496,0.20420868700589145,0.11183231607689245,0.08453218708191466,6.25e-05,,,,,,,,,
2169,-0.22673413190200334,1.346830369874254,0.058921493069964984,1.7624464597440757,0.028436218268582662,0.4048902678393208,0.0003139289779054441,0.029460746534982492,0.23083325908130803,0.11373918718002335,0.08689636318510728,6.25e-05,,,,,,,,,
2170,-0.050276533337817474,1.1111286676211958,0.08334821409786614,1.7151287711411927,0.02937704874959816,0.46440309882470887,0.0004867755422654686,0.04167410704893307,0.05498425747624755,0.11562375547845682,0.08854046988141637,6.25e-05,,,,,,,,,
2171,-0.25583350662480786,1.4009122871485213,0.08883194820379352,1.675532135801253,0.03185233686003192,0.5146178875182515,0.0005167143923493884,0.044415974101896766,0.2610460239393737,0.12280298181270885,0.08963637115720632,6.25e-05,,,,,,,,,
2172,-0.21423992747595916,1.353911852477879,0.04245762357786953,1.8090068034428672,0.027431247721370854,0.37941716327271746,0.00022557054785228006,0.021228811788934765,0.2180756736939882,0.11054154567038853,0.08583154344937571,6.25e-05,,,,,,,,,
2173,-0.19677688810197785,1.3249754130750198,0.07420599191189511,1.735712154826512,0.028385098766211956,0.42308870209712895,0.00039741654007121165,0.03710299595594756,0.201066209405854,0.11362325209304242,0.08741114792529939,6.25e-05,,,,,,,,,
2174,-0.10677686515304027,1.1763400315805805,0.07198474442817862,1.746513326769288,0.02929451785595428,0.4795575726221201,0.00039643292713549083,0.03599237221408931,0.11162986271401462,0.11501595206194892,0.08537880109657767,6.25e-05,,,,,,,,,
2175,-0.23751436151176875,1.4028301839512767,0.06323661907827649,1.752506334001783,0.028291880323155418,0.44149945529012613,0.00037868438220005346,0.03161830953913825,0.24198228628137117,0.11294208900614666,0.08496117588589852,6.25e-05,,,,,,,,,
2176,-0.0816789903319543,1.169937799824318,0.08303969421076174,1.7169168018332417,0.028950267314215156,0.47266486168855093,0.0004628478846224654,0.041519847105380876,0.08646895644280973,0.11462620195045856,0.08830243367595939,6.25e-05,,,,,,,,,
2177,-0.09853117811443728,1.1739977683348708,0.05996110537850752,1.7636637340848804,0.029137234138264568,0.46739614550759667,0.0003182464763109385,0.02998055268925376,0.10325593922430645,0.1145530649438415,0.08513261529495454,6.25e-05,,,,,,,,,
2178,-0.19106506084867905,1.2732751857340951,0.055625414013549264,1.7746925113207441,0.028194331422236325,0.40760924231129725,0.0003173917764853194,0.027812707006774632,0.19518988682167682,0.11268126836580052,0.08746498760506706,6.25e-05,,,,,,,,,
2179,-0.0918352802532939,1.1709610700776452,0.08158890086388693,1.7096533417360873,0.030898228664994018,0.5052909188025689,0.00046813245161847115,0.04079445043194346,0.09695076174968512,0.11944343414557204,0.08775105384640572,6.25e-05,,,,,,,,,
2180,-0.17273091587820863,1.279433656010619,0.06735510362462639,1.7410059423899333,0.030453563658809836,0.4725234626220854,0.0003464894323199139,0.03367755181231319,0.1775107030099889,0.11836444205886362,0.0878319749620455,6.25e-05,,,,,,,,,
2181,-0.14238768315969574,1.2144496243813698,0.07032319940981374,1.746884074773002,0.02937435392365345,0.43532171491171323,0.0004012856158037162,0.03516159970490687,0.14679754360542357,0.11668442357979783,0.08744283561600162,6.25e-05,,,,,,,,,
2182,-0.1813975074734327,1.249050525248198,0.05708678755675646,1.7617133414904174,0.02899140972229946,0.42680888835888064,0.00032729995177196785,0.028543393778378227,0.1857150298837325,0.11506101358618222,0.08595096317822516,6.25e-05,,,,,,,,,
2183,-0.2592848078647532,1.399362868152398,0.054583501047732796,1.7753803531987011,0.026991019764587783,0.40294150114985083,0.00028709211481713184,0.027291750523866398,0.26336213935145575,0.10975439659159031,0.08435481234431598,6.25e-05,,,,,,,,,
2184,-0.10418908393442082,1.1565841428174553,0.07368073995547919,1.7200980238686125,0.030534538656472737,0.48289542614546854,0.0003851026545674688,0.036840369977739595,0.10907593057263759,0.11936726510075688,0.08706733809627494,6.25e-05,,,,,,,,,
2185,-0.2442346322626915,1.352532064696141,0.0686187521495592,1.7438894893842263,0.029563267124081638,0.4301043762087795,0.00038288472242854483,0.03430937607477961,0.2485912531429722,0.1166952111922892,0.08822454109653383,6.25e-05,,,,,,,,,
2186,-0.261827913216817,1.3897339579876888,0.054108415528753166,1.7782621182925022,0.027889524600784303,0.4103878243517944,0.00026298875286765117,0.02705420776437658,0.2659792581768109,0.11210638512042362,0.08532482785904466,6.25e-05,,,,,,,,,
2187,-0.13961613436433773,1.2106114606319471,0.05213158220202262,1.7940139019545156,0.027293557785264606,0.3843093150758887,0.00030321713583253223,0.0260657911010113,0.1435062656165755,0.11074985533695128,0.08563086255975025,6.25e-05,,,,,,,,,
2188,-0.27766605775546677,1.3937808228186062,0.07207237096909586,1.7226410508217191,0.030250161287128846,0.4291286838610194,0.0003958971909466178,0.03603618548454793,0.2820145661619792,0.11884221888471569,0.08928508699201759,6.25e-05,,,,,,,,,
2189,-0.13289607241657975,1.233743801408943,0.06521556778020608,1.7526137075330739,0.02836575079599092,0.4134264859781247,0.00037684272428619185,0.03260778389010304,0.13708423962456928,0.11298173974756417,0.08854322186854023,6.25e-05,,,,,,,,,
2190,-0.1594688368405815,1.2214376861653573,0.06227496337268783,1.7382563571411982,0.031200531980650086,0.46459369464735634,0.0003632000639588568,0.031137481686343914,0.16416692583295237,0.12123974401345503,0.08928469780998205,6.25e-05,,,,,,,,,
2191,-0.11190943690743888,1.185843025587508,0.06563021938178634,1.762755066488336,0.027435457365243825,0.3930535923408395,0.00039033925765008667,0.03281510969089317,0.11589431888377953,0.11104904158471307,0.08771688132790757,6.25e-05,,,,,,,,,
2192,-0.17054644352089654,1.270844075524172,0.06721507339794733,1.75046426203206,0.028790776308818225,0.41694063855885555,0.0003892395538081804,0.033607536698973664,0.17477085448134247,0.11384823025723273,0.0879998046980131,6.25e-05,,,,,,,,,
2193,-0.11163630761572578,1.1633027172739392,0.047998075188567704,1.80338049789207,0.027629154345759382,0.4056858501729725,0.0002607912404409071,0.023999037594283852,0.1157378068724331,0.11106280188346299,0.08446383216659942,6.25e-05,,,,,,,,,
2194,-0.21244029074258763,1.3210444734641331,0.06449838740525093,1.7511951223291322,0.029160163191805484,0.4511583630903022,0.0003724599359518819,0.032249193702625474,0.2170053601177761,0.11568715941320995,0.085628785581557,6.25e-05,,,,,,,,,
2195,-0.2550071066865739,1.3812783944512752,0.058312134986511666,1.7574898984845229,0.029267002451968185,0.4174507377182833,0.00032813160457792836,0.02915606749325584,0.2592316263462806,0.11532921037356188,0.08747308655649252,6.25e-05,,,,,,,,,
2196,-0.1975242333439337,1.283120245472735,0.07233689812137178,1.7322434332904293,0.028967951653628164,0.4433158597000548,0.0004459242643687193,0.03616844906068589,0.2020153420669715,0.11523709672274882,0.0876780237732085,6.25e-05,,,,,,,,,
2197,-0.24301277969603916,1.348952064580112,0.056202805710410086,1.7700415344735738,0.027552471657708275,0.3950479277379494,0.0003186727720705554,0.028101402855205043,0.24701224751933928,0.11178568415400882,0.08635327321699926,6.25e-05,,,,,,,,,
2198,-0.054167769396849086,1.1546453594361532,0.07850227979826369,1.7294531338650247,0.02925087697799325,0.4969694431859568,0.0004884999704967954,0.03925113989913184,0.059198894499651405,0.1143753293021573,0.08637769562446336,6.25e-05,,,,,,,,,
2199,-0.15727060518031194,1.2530986463316198,0.06298340761630414,1.7619010938935482,0.028637804249102228,0.44531206638398446,0.00037637394188859267,0.031491703808152076,0.16177660029831775,0.11402775172070223,0.08583811176269064,6.25e-05,,,,,,,,,
2200,-0.10479758176324871,1.1807554165819003,0.06552784156016128,1.758264294331038,0.0290833064435779,0.46054225380187214,0.0003632479423932308,0.03276392078008064,0.10945698334441474,0.11420929552812026,0.08588623803193596,6.25e-05,-0.166932293440065,1.2825579951240083,0.17166134618679785,0.07168149805860409,1.7328183323177129,0.02983090372876504,0.4672043120245747,0.0003840694134639303,0.03584074902930205
2201,-0.1733800081824261,1.2487249353724799,0.06403828969883185,1.757805509252887,0.02828073145400742,0.405468375848918,0.0003491412167304203,0.03201914484941592,0.17748778055302453,0.11318033899823572,0.08786804270364464,6.25e-05,,,,,,,,,
2202,-0.20471099510499036,1.291926878840383,0.054724182056737625,1.760387105620997,0.028942306362314502,0.4288748371909447,0.00028563783532931564,0.027362091028368816,0.20904756581733766,0.11521107256585819,0.08626329797856655,6.25e-05,,,,,,,,,
2203,-0.16889425319462226,1.2640226130680534,0.060578207048824426,1.7659877050204125,0.028150126760001552,0.4221250542279754,0.00035975601645555147,0.030289103524412216,0.17316705027764118,0.11240803861901819,0.08551550340549022,6.25e-05,,,,,,,,,
2204,-0.18576699887057668,1.290852888715403,0.05878377155992553,1.7619422502390947,0.029749900534133622,0.45561157238969446,0.0003227589102891967,0.029391885779962768,0.19037335349185885,0.11640826641588692,0.08548170949610549,6.25e-05,,,,,,,,,
2205,-0.21409460886609086,1.3014486038504258,0.06223229950975679,1.7649079258831395,0.027002891188017485,0.3958018896044338,0.0003254929365153034,0.03111614975487839,0.21810464792051404,0.11064869203006544,0.08518119205893496,6.25e-05,,,,,,,,,
2206,-0.1893819380769407,1.2855492308921026,0.0782950818343636,1.7082563025578983,0.031697729347506205,0.486395256609686,0.00045009912816251026,0.0391475409171818,0.19430662173826202,0.12242465665471955,0.08934805310343336,6.25e-05,,,,,,,,,
2207,-0.18130390027125826,1.3007441554309458,0.05790401609138712,1.782207863906216,0.026386433182937857,0.3878072410173792,0.00032059929489593246,0.02895200804569356,0.18523195276106574,0.1082800792141301,0.08531364408292037,6.25e-05,,,,,,,,,
2208,-0.059073588679915544,1.1480512917157735,0.08851981705754411,1.699573141296984,0.030526031651883202,0.48542531815918555,0.0005320532284696106,0.044259908528772055,0.06399441803373383,0.11797468768327299,0.08997278674777581,6.25e-05,,,,,,,,,
2209,0.019892579525858173,1.0264529427837592,0.08433862198195059,1.703924875148507,0.031746086217436915,0.5250250697871438,0.00047470000749777756,0.042169310990975296,-0.014578373268169301,0.12086783180709189,0.08965062884698458,6.25e-05,,,,,,,,,
2210,-0.1266845138884591,1.210190351126569,0.06351143561324056,1.770314670153523,0.02689881592458057,0.40512424240542433,0.00032110862582913864,0.03175571780662027,0.13078842626327983,0.10899286740093894,0.08543668057244064,6.25e-05,,,,,,,,,
2211,-0.15655886843052447,1.2221092014352541,0.0638396733602569,1.770601234435947,0.025925579744396368,0.37773851789318885,0.00035663921290225465,0.03191983668012845,0.16038944585060988,0.10723498608756268,0.08607192628154715,6.25e-05,,,,,,,,,
2212,-0.12345750334583838,1.2163820192354011,0.07397549231163197,1.750547940360566,0.02698714380622593,0.41092502304329903,0.00040001239327341545,0.03698774615581599,0.1276252469257635,0.10918804384081134,0.08815542375232999,6.25e-05,,,,,,,,,
2213,-0.17690163983991974,1.2726953326940014,0.05990447404768397,1.764327016260435,0.028820101801868964,0.42424825407673783,0.0003184172111095724,0.029952237023841984,0.18119490205998467,0.11473769474710288,0.08630102811921682,6.25e-05,,,,,,,,,
2214,-0.09322902253321855,1.17182153039512,0.06288215179561561,1.7694129661293119,0.02760995262869358,0.4283272059532639,0.000335059151117627,0.031441075897807806,0.09756478038982147,0.1108261402676469,0.08598765644937888,6.25e-05,,,,,,,,,
2215,-0.13329157656490334,1.2046986097934775,0.05479332403066515,1.7854984174215147,0.027082010710872528,0.38959793981416124,0.0003259611857935541,0.027396662015332574,0.13723606722109244,0.11003597906527861,0.08568376684542531,6.25e-05,,,,,,,,,
2216,-0.04959890610112268,1.1259641801139582,0.08019585406240101,1.7395993581454985,0.028124031124658607,0.45936716322026805,0.0004369478786699645,0.040097927031200506,0.054254441132724686,0.11166542971699461,0.08741668181705406,6.25e-05,,,,,,,,,
2217,-0.21390812019371894,1.3286678548773627,0.05895863830577802,1.7751666922334428,0.027072347931577846,0.38138666128995585,0.0002964524869181588,0.02947931915288901,0.2177721823175629,0.10989692645007408,0.08617473784916493,6.25e-05,,,,,,,,,
2218,-0.06330205269807343,1.1925520552551443,0.07623236651522565,1.7342841144106134,0.029188257410039022,0.46204393942298405,0.00040285332732799094,0.03811618325761282,0.06798197964997825,0.113883931125053,0.08823822720800976,6.25e-05,,,,,,,,,
2219,-0.060501247889518744,1.1641939204722247,0.08040113659727763,1.7383189061514623,0.027921948393476656,0.44576537999836413,0.0004295056373068826,0.040200568298638814,0.0650207805032356,0.1116999385265276,0.08654793521276573,6.25e-05,,,,,,,,,
2220,-0.15475104649686502,1.2288319490481556,0.06200254430478278,1.7637882692586655,0.028709447267719033,0.42674684282489445,0.0003453949841970866,0.03100127215239139,0.15907060802980091,0.11393076301477038,0.08726504316485581,6.25e-05,,,,,,,,,
2221,-0.0738081298184208,1.122386080132685,0.07608839068978274,1.7279986244871415,0.029695784615795986,0.4786747792951065,0.0003980039361074291,0.03804419534489137,0.0786541818323227,0.1163955662207597,0.08771484432441898,6.25e-05,,,,,,,,,
2222,-0.10858094356505275,1.1753882971712115,0.06319914947434337,1.75671700270953,0.029560426712813705,0.4402415664050984,0.00033158914131931603,0.03159957473717168,0.11303584186528119,0.11573884296141362,0.08740273982304801,6.25e-05,,,,,,,,,
2223,-0.24920894378985012,1.3791581270982793,0.065075696056491,1.742581339082574,0.029411252716699986,0.4096696116664611,0.00035352015820286033,0.03253784802824549,0.2533591387695158,0.11535924910958849,0.09017642026598846,6.25e-05,,,,,,,,,
2224,-0.013475477995082086,1.0868554798972507,0.08600794863876507,1.7243901583004657,0.0293990700832989,0.47956144652500377,0.0004985625190737113,0.043003974319382535,0.018336325961425225,0.11487383665826557,0.08899983909819784,6.25e-05,,,,,,,,,
2225,-0.18877679850635454,1.2836619850110984,0.05264262814998887,1.7823249116548614,0.027472500218418124,0.3824598668705874,0.0002683886515203119,0.026321314074994436,0.19264822562476713,0.11093921794485004,0.08644793180327315,6.25e-05,,,,,,,,,
2226,-0.31362823464429973,1.452287563506836,0.05275315304323199,1.7718375423593495,0.02815995777431428,0.4156124368450904,0.00028775291440685173,0.026376576521615996,0.3178313314938399,0.11327309064204122,0.08490245056235679,6.25e-05,,,,,,,,,
2227,-0.05760389134365396,1.116870164181627,0.07318061233738457,1.7547731496693368,0.028656733646423793,0.45934737356590816,0.00038387476423957416,0.036590306168692285,0.06225534186462083,0.11283580422793688,0.08797055772848295,6.25e-05,,,,,,,,,
2228,-0.11845787337502948,1.2007385292543156,0.07914504092539862,1.720687738949135,0.029814913120119982,0.4850317009809336,0.0004159358066343523,0.03957252046269931,0.12336912914075737,0.11662873972047186,0.0868333141020263,6.25e-05,,,,,,,,,
2229,-0.14352707782443322,1.225029452105441,0.06883358786080508,1.7541814315152329,0.027122828066175022,0.41311587074628153,0.0003654528256187015,0.03441679393040254,0.14771384966839782,0.10982805982352813,0.08699147074003682,6.25e-05,,,,,,,,,
2230,-0.08415084287728646,1.1548903670614985,0.06375367621449035,1.7450509309190188,0.030595758940204096,0.4800721754504848,0.0003903217578228532,0.031876838107245176,0.08900479519678597,0.11834460338611127,0.0870908394943912,6.25e-05,,,,,,,,,
2231,-0.16127484969582606,1.233932989943265,0.05811741832135645,1.7670503862439197,0.026975702131657675,0.416466015308561,0.00032553214665415563,0.029058709160678226,0.16548949438340133,0.10992373070756252,0.08467658490182983,6.25e-05,,,,,,,,,
2232,-0.08698720994520635,1.1658165337421662,0.07591042201123133,1.7296272847726595,0.02915917334480087,0.4702705783349589,0.0004203167631616537,0.03795521100561566,0.09174937038004094,0.11488530646664723,0.08684038578179491,6.25e-05,,,,,,,,,
2233,-0.17005661738775205,1.2409194711450189,0.0638998115133683,1.7581893138125408,0.027495494999094656,0.42298128058032924,0.0003353930701934919,0.03194990575668415,0.17433931592315205,0.11084371204866794,0.08546022680332158,6.25e-05,,,,,,,,,
2234,-0.08838889832855416,1.1672770367304086,0.08296530671971315,1.7270507576870506,0.029144068077397202,0.4606790442326907,0.0004983744098119782,0.04148265335985657,0.09305942567591592,0.11470954576655484,0.08891489070352193,6.25e-05,,,,,,,,,
2235,-0.06638417566928381,1.1660759335152342,0.07804839967732524,1.7327426278803537,0.029544140183226167,0.4672320684363467,0.00044117820720981406,0.03902419983866262,0.07111725976183683,0.11586081553146563,0.08792321824069932,6.25e-05,,,,,,,,,
2236,-0.18145581470956915,1.2676788948783413,0.07009326754815726,1.7303819655262416,0.029833826624401698,0.4449649384733111,0.0003795878534039736,0.03504663377407862,0.18596161042626566,0.11728423407413202,0.08791844193997525,6.25e-05,,,,,,,,,
2237,-0.1899111819077607,1.2894956038547658,0.0602810180843611,1.7616404646616468,0.027453498877736356,0.3941438524787579,0.0003262611591952302,0.030140509042180554,0.19390363995782903,0.11094454349164729,0.0867281248267597,6.25e-05,,,,,,,,,
2238,-0.08407583103169969,1.1686368606145918,0.0569004557220681,1.7637269613645756,0.02951100506149552,0.4740406616968726,0.00029096987431813105,0.02845022786103405,0.08886523484488627,0.11528793799056439,0.08548658866573342,6.25e-05,,,,,,,,,
2239,-0.17280837240590108,1.3042744924235263,0.07165959512146089,1.740494723201505,0.030041406177293638,0.44998630037347076,0.0003928678054152709,0.035829797560730445,0.1773653988324827,0.1167818911120848,0.08892091756439699,6.25e-05,,,,,,,,,
2240,-0.12275531302189042,1.221219962451265,0.0628289095887758,1.7593621883642494,0.028955799220356664,0.4512891865236973,0.00035237564792634304,0.03141445479438789,0.12732073672028466,0.11394064848467339,0.08547925581753203,6.25e-05,,,,,,,,,
2241,-0.14076057473474973,1.2359405173372575,0.06414151113091884,1.754849985386775,0.028821508333476055,0.4304132789882449,0.0003583514757809557,0.03207075556545943,0.14511791029480933,0.11395546009054622,0.08746047003582208,6.25e-05,,,,,,,,,
2242,-0.13654073823587948,1.208507652387494,0.06825654141882001,1.7557982925287496,0.028680040288713134,0.4492488588690745,0.0003635193321756447,0.034128270709410005,0.14108854827152667,0.1134181919619652,0.08702138304303011,6.25e-05,,,,,,,,,
2243,-0.06833018599850667,1.1344687827587678,0.07645311121958055,1.730336915529894,0.031326805585996924,0.5246224138477016,0.0004199862500725999,0.038226555609790276,0.0736361399242495,0.12023437488969016,0.08754468044164793,6.25e-05,,,,,,,,,
2244,-0.1194121175571907,1.2155779644052664,0.07448804097087024,1.7196252005861439,0.030250906767064684,0.4949042872498289,0.00041369963857248836,0.03724402048543511,0.12441973769856601,0.11747817741956981,0.08687245787033965,6.25e-05,,,,,,,,,
2245,-0.21611890773066927,1.3045896830129977,0.05514008882358411,1.7812524601320145,0.026554981706749872,0.36525603402053836,0.00029578935421832885,0.027570044411792054,0.21981980853342992,0.10902228851539375,0.08635330158441219,6.25e-05,,,,,,,,,
2246,-0.024350143384130184,1.0841428555074528,0.09073171156248805,1.687333864200562,0.03193940047219844,0.5352269830329989,0.0005159503469337553,0.045365855781244024,0.029769811912352756,0.12218454806984008,0.0890416853935545,6.25e-05,,,,,,,,,
2247,-0.018913228389518914,1.0755923790737778,0.08211604516098776,1.7153113157831266,0.031144973800190313,0.5129869232734385,0.00042586803410611494,0.04105802258049388,0.024105567438332684,0.11978767647009861,0.08944936983013724,6.25e-05,,,,,,,,,
2248,-0.18119368177171113,1.2727524126534775,0.05502533286281859,1.7712454971742317,0.028679566498518508,0.4317725948163034,0.00030800230807302004,0.027512666431409295,0.18555971286435805,0.11363937558575918,0.08521749451539579,6.25e-05,,,,,,,,,
2249,-0.11708122084247374,1.1739447999547057,0.05222375187524777,1.7917815310607872,0.027944969639908404,0.4149108437578574,0.00027332165485857067,0.026111875937623884,0.12127709218784914,0.11210941523887946,0.08496568620345428,6.25e-05,,,,,,,,,
2250,-0.2032990234182661,1.2893921855499926,0.07461495903550215,1.7284519072158107,0.029574676509043246,0.4495569430481441,0.0004241248209840751,0.03730747951775108,0.2078534260955473,0.1170336547086393,0.08801085519131993,6.25e-05,-0.1676724214948685,1.2829480245330305,0.17261102700378061,0.0713661213721849,1.7282334724178625,0.03070996517079952,0.48818165654443385,0.00038235480575344607,0.03568306068609244
2251,-0.06234651565503306,1.1585639638284044,0.07200842023425164,1.727875447605031,0.03096732549471834,0.5216675046809709,0.00041935204109978005,0.03600421011712582,0.06762066718684695,0.11858183491376659,0.0870691704107171,6.25e-05,,,,,,,,,
2252,-0.28189682679442435,1.419364807547101,0.059241074311117865,1.7488844125826604,0.029269443410521456,0.45116952712355035,0.000309034802582346,0.02962053715555893,0.28645872179496706,0.1156544777245844,0.08539442199937507,6.25e-05,,,,,,,,,
2253,-0.16389412157262861,1.2417759642896296,0.05187183580021727,1.7837530466582283,0.02849146660843313,0.4112809747961703,0.00029578346927180857,0.025935917900108636,0.16805366260364973,0.1132125376602106,0.08604697489616092,6.25e-05,,,,,,,,,
2254,-0.12749246535129388,1.200205406131745,0.06390314207661593,1.749462018809008,0.030896352835439008,0.4647453886357438,0.0003656920188423765,0.031951571038307966,0.13219302234906616,0.11935219987466963,0.0876637060688188,6.25e-05,,,,,,,,,
2255,-0.06920414943544188,1.1672603919617925,0.0826595007070698,1.7030198004148858,0.03211830957194908,0.5261616242802871,0.0004621214377960678,0.0413297503535349,0.07452874684098038,0.12287255306047942,0.08843237537302084,6.25e-05,,,,,,,,,
2256,-0.14568806660129618,1.21666445809951,0.05662980744859498,1.7750632566296045,0.028783740052459362,0.427477353849431,0.00033365662654476333,0.028314903724297492,0.15001224224234655,0.11414770513129828,0.08718786092574297,6.25e-05,,,,,,,,,
2257,-0.20968871680261425,1.3197674521369858,0.07562533774080829,1.7068703165335415,0.031182202209767782,0.4859452484067822,0.0004234489555365353,0.037812668870404145,0.2146072851482732,0.12120936753598893,0.08794988864974711,6.25e-05,,,,,,,,,
2258,-0.18478936539281676,1.2570692816323803,0.06072892383285138,1.7644322747747998,0.02819495994134635,0.4116106586383965,0.0003174164198756518,0.03036446191642569,0.18895665492806363,0.11294975267701973,0.08619959303990161,6.25e-05,,,,,,,,,
2259,-0.2026284452887859,1.2999543288101438,0.04807616379419093,1.7939618254366747,0.02840239419863471,0.40471831907983236,0.00024916695547407556,0.024038081897095467,0.2067200978492904,0.11294237929540166,0.08525914635476245,6.25e-05,,,,,,,,,
2260,-0.24550926729965944,1.3370284317566068,0.06073958487796361,1.744662436836018,0.031004659061290574,0.47718402180477154,0.00034556502650900066,0.030369792438981802,0.2503323795847796,0.12026116450912866,0.08624323545013231,6.25e-05,,,,,,,,,
2261,-0.2222346753223749,1.3121755860617794,0.042085418893302626,1.798110912650546,0.027675750240836572,0.3855436408164541,0.0002317996356187565,0.021042709446651313,0.22613145354546882,0.11131768147786639,0.08490608852523998,6.25e-05,,,,,,,,,
2262,-0.28692340883634226,1.4362804384898804,0.05861025527482901,1.7480006304513085,0.030287097140471987,0.4334323300155666,0.00032063228972063274,0.029305127637414503,0.29130772359333706,0.11845697513784702,0.08724400365062072,6.25e-05,,,,,,,,,
2263,-0.10628569385526859,1.174091432638193,0.05942710091504405,1.766974255327944,0.028930588766334878,0.4318226929184037,0.00034319557000662905,0.029713550457522026,0.11065473603316348,0.11414657096885464,0.08665662065716413,6.25e-05,,,,,,,,,
2264,-0.08492544900083013,1.145065099921752,0.08700783680093371,1.6970328784727045,0.031179886678210485,0.4847097859021743,0.00048483818459701754,0.04350391840046686,0.08983786948888306,0.12026365347036325,0.08942879821596773,6.25e-05,,,,,,,,,
2265,-0.15676365537872394,1.253166485157161,0.05393995573591182,1.7678984919280099,0.030185048303235394,0.46319237350181774,0.00032066321441885507,0.02696997786795591,0.1614434347086735,0.11740366147064311,0.08544014279063812,6.25e-05,,,,,,,,,
2266,-0.2120868752088725,1.3099469221964015,0.05929217983462148,1.7643519681079303,0.027172227422410548,0.37367290256620095,0.00032158769119005763,0.02964608991731074,0.21587410972104484,0.11016549822946392,0.0873805441418504,6.25e-05,,,,,,,,,
2267,-0.09643028445635707,1.1592400332449357,0.06508658826164904,1.7425558781402966,0.031303176851506694,0.4875920649377735,0.00033009711966249184,0.032543294130824525,0.10135947492984364,0.11988802473864578,0.08703703051462981,6.25e-05,,,,,,,,,
2268,-0.11960141488386672,1.2141972190109325,0.06855368453630635,1.738600340319235,0.03038480516185702,0.47177721943064177,0.00039580109914865704,0.034276842268153175,0.12437480793483596,0.11765339312428735,0.08842507962376481,6.25e-05,,,,,,,,,
2269,-0.17070213579869964,1.2534100108958994,0.05329629954447558,1.7857210412006008,0.02781547271183349,0.41741586987892143,0.0002770786367172406,0.02664814977223779,0.17492357064404024,0.11188857916379047,0.0838974551354387,6.25e-05,,,,,,,,,
2270,-0.14263943881390312,1.222031352021436,0.0626333553153256,1.7506794579475553,0.029985430476906445,0.47199186130064574,0.0003561422479556597,0.0313166776576628,0.1474117423216263,0.11734453439005985,0.08587039441616562,6.25e-05,,,,,,,,,
2271,-0.2789171337816082,1.4160841579028487,0.05412149116351565,1.779330312975913,0.0265450253707034,0.38294728018052926,0.00030489525843059784,0.02706074558175783,0.28279450958470925,0.10934397309422238,0.08474799617437033,6.25e-05,,,,,,,,,
2272,-0.07643564428769847,1.1559758880465054,0.07805326852386921,1.7183790121886091,0.02890670154378263,0.4500828133016126,0.00043378358060831975,0.039026634261934603,0.0809970206809045,0.11479089145993579,0.08724308018426682,6.25e-05,,,,,,,,,
2273,-0.21677177430020694,1.3030267667043085,0.056142147314909255,1.7643599313290828,0.028640357303098194,0.4192160168798967,0.00029174423666579577,0.028071073657454627,0.22101256658434332,0.1143556175522609,0.08607444329069669,6.25e-05,,,,,,,,,
2274,-0.12744017386747297,1.2169081758989901,0.06749177950554296,1.7396436790296756,0.03011987592429302,0.4673586874081922,0.00036294853937402627,0.03374588975277148,0.1321685325534917,0.11781894297410726,0.08635843262430398,6.25e-05,,,,,,,,,
2275,-0.28069206151047454,1.4009077855275338,0.06738804652574389,1.737227194934759,0.027096835959451566,0.4001286443541884,0.00037798034892965273,0.03369402326287194,0.284748194052718,0.11091866934127839,0.08581899346910983,6.25e-05,,,,,,,,,
2276,-0.13435184611652395,1.1905162605461772,0.06441667207552339,1.7454311278667527,0.02982368204728971,0.4640891688409689,0.0003548069674020538,0.032208336037761694,0.1390459485219241,0.11694349247046977,0.08671199898355178,6.25e-05,,,,,,,,,
2277,-0.12344122971722926,1.2185689452366346,0.08115793469385796,1.7134778747909079,0.030839220663345508,0.5129583573162311,0.0004732125920622426,0.04057896734692897,0.12863325916240703,0.11947028208102628,0.08672112483586916,6.25e-05,,,,,,,,,
2278,-0.11461554885786887,1.2011450623947226,0.06597012850708861,1.7450877304449224,0.03023920305260759,0.4675852347244971,0.00035397891978865097,0.032985064253544305,0.11934537693586973,0.11772396595647239,0.08668019774941016,6.25e-05,,,,,,,,,
2279,-0.1761035061064624,1.3219002485693232,0.062156843970243146,1.7595753855111507,0.027906597286592658,0.38753110306755156,0.0003394390785745973,0.031078421985121573,0.18003088570376385,0.11223471157535603,0.08822546866438155,6.25e-05,,,,,,,,,
2280,-0.1563193567964118,1.2290104760354479,0.05787468813004727,1.7527172499033936,0.031589050364187354,0.4673101933822738,0.0003279000623423253,0.028937344065023636,0.161042202247422,0.12145618109100309,0.08841357573086597,6.25e-05,,,,,,,,,
2281,-0.1966193217244135,1.2848805240201426,0.07425735061498065,1.7168456383499962,0.030058132695738066,0.472898264482927,0.0004037488326879828,0.037128675307490325,0.20140663898926062,0.11835427144671568,0.08691819324274108,6.25e-05,,,,,,,,,
2282,-0.2224560618355344,1.3077541934070998,0.04748598000935178,1.7789529269511282,0.028680549823716754,0.4026554447544519,0.0002537436861534684,0.02374299000467589,0.22652668623921465,0.11491583172900825,0.08585730245191185,6.25e-05,,,,,,,,,
2283,-0.2148173544234412,1.3247118201524652,0.059215277614180176,1.7679509997726217,0.027212422653274632,0.39349394011092237,0.00031999426394236654,0.029607638807090088,0.21880278091599464,0.11100590478859892,0.08509114702398463,6.25e-05,,,,,,,,,
2284,-0.2210962274221837,1.3536689264076152,0.054335030413070445,1.765798798634059,0.029640880257437656,0.4429942766092446,0.00029054410539964756,0.027167515206535223,0.22557390113252304,0.11653949849399334,0.08540442636868337,6.25e-05,,,,,,,,,
2285,-0.20401219976068138,1.309654912309146,0.06524573493247715,1.7418516878155907,0.02902215063399117,0.44743783396516756,0.0003638809970153062,0.032622867466238575,0.20854025829464762,0.11514293242867935,0.08608370177295219,6.25e-05,,,,,,,,,
2286,-0.19882209994350225,1.300563234710287,0.05838397384984585,1.7718896184234436,0.028182611203601982,0.42056352127206525,0.00033323319029005064,0.029191986924922926,0.20307797837123495,0.11332483495493104,0.08504704199938659,6.25e-05,,,,,,,,,
2287,-0.20849150214420825,1.33113178140648,0.0736203249826301,1.718383110694468,0.030345141003803276,0.5100156218621663,0.00042843457058843934,0.03681016249131505,0.21364993670213403,0.1186674240310728,0.08571717010056154,6.25e-05,,,,,,,,,
2288,-0.16615269024551113,1.2751933365639005,0.05824585094694959,1.7790784581782775,0.026832714595821767,0.3809034186550341,0.0003055824889282651,0.02912292547347479,0.170011693967006,0.10930226095285729,0.08537936000109023,6.25e-05,,,,,,,,,
2289,-0.15143967384642637,1.2137440609590486,0.0592021978578004,1.774029731882172,0.02923915461181973,0.4317658990680426,0.0003256909026423394,0.0296010989289002,0.15580793114238095,0.11484551370245347,0.08727743307707977,6.25e-05,,,,,,,,,
2290,-0.15150365733956617,1.225256298912091,0.05208722793649344,1.795919065502805,0.025976021618722117,0.35847035661854815,0.0002742280673085131,0.02604361396824672,0.15513510599104802,0.10687864403833038,0.08526125008688529,6.25e-05,,,,,,,,,
2291,-0.1991811566354068,1.3272636472525716,0.06088140806123833,1.7579692362554078,0.029268106274861747,0.4431776886226785,0.0003241602339176669,0.030440704030619166,0.20366419552036596,0.11538718221509886,0.08617485702752273,6.25e-05,,,,,,,,,
2292,-0.09361973270754234,1.1632849108230698,0.07505104778664283,1.7186276954426936,0.031217481963638025,0.49978793670119,0.00042182964044511825,0.037525523893321415,0.09867654217180644,0.12012292489945274,0.08857913478562573,6.25e-05,,,,,,,,,
2293,-0.17960493307266567,1.2775405418263004,0.05117395784130914,1.7617324766112392,0.03102928285215795,0.47672049705679814,0.0002801158446938345,0.02558697892065457,0.1844181435053674,0.11971686325597797,0.08595336209573615,6.25e-05,,,,,,,,,
2294,-0.22566875869179226,1.3510809556477086,0.06105840190115552,1.7604818502301105,0.026924969910943564,0.40660669870500576,0.0003073326694167283,0.03052920095057776,0.22978603302498934,0.10990454372621541,0.08533193631523309,6.25e-05,,,,,,,,,
2295,-0.18116031242074776,1.253024179599583,0.0658678155480166,1.739424525461566,0.029040341294987976,0.4292359672259771,0.0003784449141350526,0.0329339077740083,0.1855067846951775,0.11525172058146345,0.08702042455943655,6.25e-05,,,,,,,,,
2296,-0.2444858027477585,1.3433113765692295,0.05812596698174474,1.7594460201351725,0.02854594263622652,0.408846749109565,0.000307837451899565,0.02906298349087237,0.24862400605706536,0.11458451162653611,0.08646727126480142,6.25e-05,,,,,,,,,
2297,-0.09838576073513663,1.1804511213614304,0.07692781017790554,1.7101526907156823,0.03168480606053593,0.49082325905927426,0.0004463213028669186,0.03846390508895277,0.10335402197075418,0.1210322057337948,0.09091415672117531,6.25e-05,,,,,,,,,
2298,-0.07137603494107687,1.1390353788526846,0.07492586910206943,1.7277397930365832,0.029978345381668818,0.46071337114446176,0.00040892607622471225,0.037462934551034714,0.07604199824576514,0.11610579575966992,0.08902044405746364,6.25e-05,,,,,,,,,
2299,-0.27711485179475415,1.381521762953715,0.05002852644219434,1.7946333440383255,0.026017489910034265,0.33791340069858833,0.00028646927873677273,0.02501426322109717,0.28053981109118886,0.10776881332715244,0.08633644161623022,6.25e-05,,,,,,,,,
2300,-0.19447408106104697,1.3300777578016962,0.07377493392539153,1.7377800997306156,0.028391979339159615,0.426703169080213,0.0004405262167473142,0.036887466962695764,0.19879978328197662,0.11395993158461235,0.08740737700521474,6.25e-05,-0.16715786327776205,1.282652253703055,0.17191398157369808,0.07161718076541075,1.7314130840269364,0.02992844534948872,0.4699160328106075,0.0003835246607018525,0.035808590382705376
2301,-0.0638091874940193,1.1306836919857897,0.073677735150754,1.7240299500927427,0.030203807556290922,0.47685495928080684,0.00041655050785814856,0.036838867575377,0.06863598175898225,0.11761422608463748,0.08773132873753312,6.25e-05,,,,,,,,,
2302,-0.19927081275979147,1.282821844999869,0.052386431848468654,1.7855148708289637,0.02699999850370889,0.37516651175753646,0.0002927318180435633,0.026193215924234327,0.2030694535601798,0.10998236570325873,0.08574731455816098,6.25e-05,,,,,,,,,
2303,-0.1277375492568825,1.204823790179561,0.06515632102254551,1.7571820551780817,0.02884401040754358,0.4247490774838677,0.0003591607321624998,0.032578160511272755,0.13203878162010582,0.11436677610460294,0.08711862077098989,6.25e-05,,,,,,,,,
2304,-0.1610784549734487,1.2579763389689718,0.07013118395450504,1.7365698399464153,0.02869301759593894,0.43186786988737375,0.0003725992137441737,0.03506559197725252,0.16545329095483657,0.11445305984542276,0.0871802145184724,6.25e-05,,,,,,,,,
2305,-0.14227007477055043,1.215537479033563,0.07587466636632414,1.7281021041376508,0.029652763514413115,0.4508341179954324,0.0004204790003055274,0.03793733318316207,0.14683783909473233,0.11661978825199679,0.08825486225427098,6.25e-05,,,,,,,,,
2306,-0.265226924739708,1.3947691340773696,0.07201145441767008,1.7169798708308674,0.029593838045602797,0.451333026059499,0.0003592486221877466,0.03600572720883504,0.269797023012442,0.11767337444179139,0.08624768840313599,6.25e-05,,,,,,,,,
2307,-0.16328986764897457,1.244483549626271,0.07172507479807656,1.7264417142879522,0.031144404651551404,0.4626696583297005,0.0003603524725361454,0.03586253739903828,0.16797329471153882,0.12041932414926734,0.08900032226512261,6.25e-05,,,,,,,,,
2308,-0.11148255425529148,1.1876983401982182,0.07734011908463627,1.729762149770833,0.03017141886213339,0.48176276850282873,0.00042207991869877364,0.03867005954231813,0.11636037042054675,0.11785261903304708,0.08746997740268175,6.25e-05,,,,,,,,,
2309,-0.1711123062242922,1.2787194335499708,0.06719301215607695,1.7521547554213166,0.0284671349129308,0.4448644091686178,0.00036147339177845003,0.03359650607803848,0.17561568310352837,0.11376950617721505,0.08643675215277055,6.25e-05,,,,,,,,,
2310,-0.13746937067264062,1.2367525166615905,0.06586708040065316,1.7410504760097207,0.030211282181815617,0.4744176451515081,0.00035124769912197673,0.032933540200326586,0.14226740364610732,0.11762018037266064,0.08704911246602282,6.25e-05,,,,,,,,,
2311,-0.21633488197313108,1.3222049976349899,0.056655449560470424,1.7744633968814207,0.027069868783172028,0.3829390765513824,0.00030813316431204394,0.028327724780235215,0.22021342642903707,0.10996697883719637,0.08590667237747612,6.25e-05,,,,,,,,,
2312,-0.09637411362249265,1.1804281689679224,0.08063831746690046,1.7169082594670946,0.02983586279867522,0.4810294035306578,0.0004557282202809624,0.040319158733450225,0.10124645318133016,0.1168441855534804,0.08741326549471282,6.25e-05,,,,,,,,,
2313,-0.21514751079290406,1.302125947514187,0.05525692599146072,1.7747763185937033,0.028564584731710245,0.4103420573497384,0.00029024895383765155,0.02762846299573036,0.2192992100821215,0.11425513651427621,0.08593878346258135,6.25e-05,,,,,,,,,
2314,0.009514445460321388,1.0620967743757346,0.0756657680358317,1.749897012835982,0.02965556790419732,0.4503691335906289,0.00043108953352024714,0.03783288401791585,-0.0049511113749336165,0.1148331990086586,0.0906419247931542,6.25e-05,,,,,,,,,
2315,-0.17849872866801664,1.2467055015199644,0.04926339154564894,1.780923043128495,0.027441683438872957,0.3995535263611758,0.00025140497688482113,0.024631695772824473,0.18253921890760133,0.11121792722867718,0.08461265660934526,6.25e-05,,,,,,,,,
2316,-0.1715985000743548,1.2577745633090585,0.057202135843337415,1.7665326150173706,0.029043882809341656,0.435650302565945,0.00030921706592836507,0.028601067921668707,0.17600436166474537,0.11485242151220025,0.08523252080460741,6.25e-05,,,,,,,,,
2317,-0.17072415080647352,1.2652771820631612,0.08459840765901566,1.6989874067746351,0.03143053182486709,0.5013896027607796,0.00047201519064783985,0.04229920382950783,0.17580205606388502,0.1212296252783025,0.08906891530644989,6.25e-05,,,,,,,,,
2318,-0.1160123034155589,1.2139814479729596,0.0623932060161548,1.7762774191386597,0.026411551321989975,0.40103525993825395,0.00033646457124835344,0.0311966030080774,0.12007498003785338,0.10812450877330151,0.08568751801645266,6.25e-05,,,,,,,,,
2319,-0.236288217374702,1.337520446001852,0.05828095439925415,1.7647645516016144,0.029147572246447873,0.41405934509633224,0.0003090201203373482,0.029140477199627077,0.24047868914958434,0.11564862399326872,0.08708945816900981,6.25e-05,,,,,,,,,
2320,-0.21759764348401742,1.3242911048372208,0.06338810220646637,1.7354498663427527,0.029962182808026826,0.46520733251790064,0.00032653774481534076,0.03169405110323319,0.22230203073641122,0.11786791636229477,0.08623866578347983,6.25e-05,,,,,,,,,
2321,-0.20735919500721486,1.310145795471469,0.06461986322715657,1.7555126944464448,0.027847189421142702,0.40357851257377525,0.0003576638550010779,0.032309931613578285,0.21144842183006063,0.1121718357421851,0.08695129839931917,6.25e-05,,,,,,,,,
2322,-0.11737030499192488,1.1991492972774662,0.06701979886919963,1.7518092630532123,0.028757095227563863,0.42864288297925224,0.00036711183073886213,0.03350989943459982,0.12171143293208993,0.11415398968401175,0.08869978347254782,6.25e-05,,,,,,,,,
2323,-0.17558522708560487,1.2465518229373183,0.06183094568702961,1.7588341963978342,0.027624201986836655,0.41121708086694375,0.0003548346858673211,0.03091547284351481,0.17974945005594045,0.11174732614045238,0.08497449051255171,6.25e-05,,,,,,,,,
2324,-0.06883343167212833,1.1604351561277677,0.07918423035796049,1.7146024032261085,0.030896273276698107,0.512058087610479,0.0004499032940401294,0.039592115178980244,0.07401524972038474,0.11960229425767627,0.08758925100690854,6.25e-05,,,,,,,,,
2325,-0.1780234459672148,1.256276595480077,0.06428884594427224,1.7520298228628244,0.028594646667123316,0.43836936962694173,0.00036604941308982517,0.032144422972136114,0.1824604648788159,0.11432876690231483,0.0859717193668594,6.25e-05,,,,,,,,,
2326,-0.05720081443468984,1.1433561328611743,0.07928189519563675,1.7303069399873583,0.029121790935159056,0.47171057788714443,0.0004349448931304113,0.039640947597818374,0.061979213679490275,0.11455371754340882,0.08746355728513146,6.25e-05,,,,,,,,,
2327,-0.046180194548202255,1.1146206649682422,0.0693984180146225,1.748896521086253,0.02891085466312091,0.43583794189519887,0.0003999528587688134,0.03469920900731125,0.0505947616699601,0.11452337129548582,0.08780418118763716,6.25e-05,,,,,,,,,
2328,-0.15675134315862205,1.2177803541676604,0.06296019346815036,1.7633081919951556,0.0284360813364,0.4004947510848629,0.0003734135651269893,0.031480096734075175,0.160809137983776,0.11392368714977454,0.08727038470939692,6.25e-05,,,,,,,,,
2329,-0.20932079385842567,1.353682937431985,0.0616691110046749,1.7604833190510634,0.02853662773017496,0.44151665701889753,0.00033751207464292985,0.030834555502337446,0.21378777493805395,0.11400171897567293,0.08476463599611991,6.25e-05,,,,,,,,,
2330,-0.18384495774559137,1.2793530527658792,0.0692147003605875,1.7368644857627404,0.029051703991886932,0.4446238828511098,0.0003735579604007076,0.03460735018029375,0.1883469081487444,0.11550081238122784,0.08605975433236346,6.25e-05,,,,,,,,,
2331,-0.20700115471512098,1.2977168865720001,0.06491464219478316,1.7487476980237102,0.029073590971352793,0.44107184690546,0.0003526657262169359,0.03245732109739158,0.21146534463951538,0.11525874490920009,0.08688506392352852,6.25e-05,,,,,,,,,
2332,-0.24086968339152376,1.3468438439428814,0.05411415281059026,1.7753282523593694,0.028222903168110866,0.4130973102900004,0.00030178127775100285,0.02705707640529513,0.24504848466613022,0.11347575743678791,0.08444706800242968,6.25e-05,,,,,,,,,
2333,-0.13083631265763318,1.200861514162293,0.059799780730451745,1.7638876686154248,0.02935961246697122,0.42498404838718007,0.00033598729943425007,0.029899890365225872,0.1351370517815507,0.11609140576938509,0.08757862987480791,6.25e-05,,,,,,,,,
2334,-0.2582610690147116,1.3892596105789634,0.053324701226444095,1.7740524517808929,0.027023300968761283,0.3833614983643843,0.0002866493957389858,0.026662350613222047,0.26214195336744384,0.11081218588658259,0.0852378343288111,6.25e-05,,,,,,,,,
2335,-0.06708967952550271,1.157184951772241,0.06360335914186879,1.7591364365349307,0.029170451519513994,0.46735856309584356,0.00033613327705739066,0.031801679570934396,0.071816019533168,0.11483872661719943,0.08526172359312326,6.25e-05,,,,,,,,,
2336,-0.26917120190854127,1.4179655107368125,0.0639394051937585,1.7308465566467834,0.030405243058766775,0.445915400725159,0.00037390607883603234,0.03196970259687925,0.27368337314474456,0.11965135130471925,0.0882433731493624,6.25e-05,,,,,,,,,
2337,-0.19085525044702514,1.3133056400322969,0.06075435838307028,1.7695468212975538,0.026218734168054265,0.37368385624055,0.000330052837084866,0.03037717919153514,0.194643462185206,0.10809667247419046,0.08542120215783824,6.25e-05,,,,,,,,,
2338,-0.15042216020231985,1.2606613055140818,0.06925336764086344,1.7253405073771972,0.030375710109767834,0.4852003040575608,0.0003498051155534587,0.03462668382043172,0.15532954138294522,0.1184958336315495,0.08597802353151707,6.25e-05,,,,,,,,,
2339,-0.1336243254114705,1.2353741073166244,0.06376637051124098,1.7584809158133634,0.02873826601575441,0.445902595260838,0.0003574907970458236,0.03188318525562049,0.13813639426646307,0.1137809449502174,0.08547949567871678,6.25e-05,,,,,,,,,
2340,-0.21181115344878526,1.3371842163621297,0.05405262296618214,1.7877795884142287,0.026653101273736962,0.3984662105308213,0.00031174910124795734,0.027026311483091068,0.21584383715247318,0.10943400796411568,0.08404734593057087,6.25e-05,,,,,,,,,
2341,-0.18694876412151723,1.303327390069454,0.06830558040161108,1.7230722624435888,0.03142616834849594,0.49954679047830475,0.0003926133774862145,0.034152790200805534,0.19199954167290034,0.12101411164926731,0.08803554484024041,6.25e-05,,,,,,,,,
2342,-0.0663370999884892,1.1395030294996813,0.08469575501988705,1.7065034602974616,0.030627443930909364,0.5041237460422835,0.0004704069727194146,0.042347877509943524,0.07144245443075217,0.1188212612692881,0.08846834134738016,6.25e-05,,,,,,,,,
2343,-0.15548526763592804,1.2379592000925865,0.07188284225445003,1.7191733930550472,0.03201511495819689,0.4944391276456462,0.00037809854525420024,0.035941421127225016,0.16048657305289482,0.12252402011968211,0.08811620544887883,6.25e-05,,,,,,,,,
2344,-0.06774312353581566,1.126793092427264,0.05889606210667964,1.7711800404440552,0.028852187510666,0.44008043038163636,0.0003146675733791505,0.02944803105333982,0.0721942343468236,0.11303305563946066,0.08612468679479064,6.25e-05,,,,,,,,,
2345,-0.1772962758638864,1.279092957859977,0.058407151642493244,1.7712437946314,0.02853412371815482,0.4282666021754202,0.0002888275098749435,0.029203575821246625,0.18162874617450692,0.11365658971665907,0.08594531105611158,6.25e-05,,,,,,,,,
2346,-0.1563435074326734,1.226651976429831,0.07556338081145983,1.7071323799420395,0.03147431281720382,0.5096516766173802,0.00040677100726487674,0.037781690405729915,0.161498944923125,0.1220069326133259,0.08707988712029799,6.25e-05,,,,,,,,,
2347,-0.18405701900769483,1.2775720728488957,0.06445434307334065,1.756917590431299,0.02846181209645634,0.4255492955832657,0.0003467824786796527,0.032227171536670325,0.18836577613575528,0.11372759349945054,0.08615688991754811,6.25e-05,,,,,,,,,
2348,-0.1651029154314098,1.241775476696169,0.06661123918280193,1.744639579458814,0.029937548488225926,0.4601311551415197,0.0003831319526276314,0.033305619591400965,0.16975881031773726,0.11713727337017368,0.08687662674515843,6.25e-05,,,,,,,,,
2349,-0.008601194333309685,1.1038905637433283,0.09399651299104861,1.6800150313083757,0.03246923071246818,0.5764495036078208,0.0005605237143428493,0.046998256495524304,0.014435093013339916,0.1224433672973472,0.08793211908651748,6.25e-05,,,,,,,,,
2350,-0.10384450698807754,1.2111802227207202,0.06852754010836165,1.734913622225205,0.031191426181358742,0.500444728730065,0.0003578158680993533,0.034263770054180825,0.10890414534033561,0.11922851930539008,0.08731584641951076,6.25e-05,-0.16805235573598076,1.283272310581482,0.17305303926419574,0.07124683167157837,1.726648896337216,0.030985860063766912,0.4943976682323852,0.00038169410919519956,0.035623415835789186
2351,-0.18377630845204684,1.260552151412747,0.051549614796574925,1.7900819719214718,0.027245927916477973,0.3924856892106271,0.0002818778172767407,0.025774807398287462,0.18774765974944335,0.11072453269716438,0.084931423416019,6.25e-05,,,,,,,,,
2352,-0.2607001797456495,1.3897492245538565,0.0655271301790985,1.7338648074699685,0.0315059455902354,0.4866179776779869,0.00037153408373936426,0.03276356508954925,0.265620177076431,0.12174733676155017,0.08656896654040928,6.25e-05,,,,,,,,,
2353,-0.06501768744633876,1.1316776270504811,0.06542767484077139,1.7455011772093183,0.03207510204118849,0.5140511796365254,0.0003472767412599483,0.0327138374203857,0.0702118408593091,0.121233144357524,0.08774675866946371,6.25e-05,,,,,,,,,
2354,-0.13302592178121841,1.2042355225129464,0.06513235124226238,1.747881589331936,0.02956774880382602,0.45253748873050037,0.00038295215981475506,0.03256617562113119,0.137605171181636,0.11558988128996633,0.08806372121224057,6.25e-05,,,,,,,,,
2355,-0.21796488394708122,1.3230989639810091,0.06934875777126509,1.7409151151023137,0.028893659650479287,0.4405987310995636,0.0003853293882405031,0.034674378885632545,0.22242680808199589,0.11503315405040562,0.08675200667064806,6.25e-05,,,,,,,,,
2356,-0.09835537090798258,1.2203474602045303,0.08174894973946262,1.7005492809232683,0.032100590478459326,0.5383501256226352,0.0004433152217401362,0.040874474869731316,0.10380118528410529,0.1218671450376118,0.0880618704622233,6.25e-05,,,,,,,,,
2357,-0.2410051444407583,1.4351956716288552,0.057472514664694684,1.7712059392793642,0.028234253615499173,0.3896869329665894,0.0003297714298897944,0.028736257332347342,0.24495175980144826,0.11283744164374605,0.08825384254447982,6.25e-05,,,,,,,,,
2358,-0.18011224659791736,1.268353329415693,0.05476517132073246,1.7685285334361491,0.02969877253073156,0.46165741187463466,0.00030612401330384876,0.02738258566036623,0.18477694982779147,0.11625597220213413,0.08422158482710751,6.25e-05,,,,,,,,,
2359,-0.11454075562067909,1.2070636350192756,0.07556252887536286,1.731207039072932,0.03057364129011676,0.5020068267165927,0.0004059211738233568,0.03778126443768143,0.11961997643441166,0.11856181325574039,0.0867478954590421,6.25e-05,,,,,,,,,
2360,-0.16377603562551837,1.2207341288479232,0.04078220370918608,1.805795536541988,0.028482592050517626,0.4023894838276051,0.00024090579500981088,0.02039110185459304,0.16784078857896456,0.11328176800082583,0.08519456522593119,6.25e-05,,,,,,,,,
2361,-0.1703504482008445,1.2441741773299038,0.0672882333116151,1.7401255352032154,0.029892526412401206,0.4650245087103623,0.0004093330724216879,0.03364411665580755,0.1750558319906802,0.11816029428647401,0.08658217594105294,6.25e-05,,,,,,,,,
2362,-0.19056119238099792,1.2799106354778744,0.04613067161612552,1.7912603574996306,0.02844308602436629,0.4195841746079305,0.00025601903054488543,0.02306533580806276,0.19480057225676572,0.11339489449378949,0.08417783784282143,6.25e-05,,,,,,,,,
2363,-0.18581427006779624,1.3095663184403243,0.07031091339790407,1.7186292541561454,0.03227703687448843,0.5070603985207639,0.0003820850250431493,0.03515545669895204,0.19094103665249482,0.12315292602185993,0.08812239978192402,6.25e-05,,,,,,,,,
2364,-0.2084519519417889,1.3183540400065898,0.07424387458842635,1.7165029797909037,0.030809515201778104,0.4721364645531754,0.0004015771881560842,0.037121937294213175,0.2132316193262943,0.11971793858415346,0.08838463501403064,6.25e-05,,,,,,,,,
2365,-0.13583778235009933,1.212438498824132,0.059904377571740455,1.772897127489152,0.02834053462555554,0.4221004947155396,0.00031321500030494546,0.029952188785870228,0.14010960060731859,0.11319138788876748,0.08586726200730009,6.25e-05,,,,,,,,,
2366,-0.2459233990989818,1.3358928785789206,0.055647436038327884,1.7642871686847774,0.02817399920536985,0.40075651508224974,0.00026066155676631895,0.027823718019163942,0.249979037455078,0.11322946138581282,0.085844667927225,6.25e-05,,,,,,,,,
2367,-0.2241607316839649,1.316744288746372,0.054282131044108076,1.7786508638803258,0.028049498373425998,0.4110418604746452,0.00029363295982806614,0.027141065522054038,0.22831901419247047,0.11286148932119776,0.08533757445498634,6.25e-05,,,,,,,,,
2368,-0.18776587148241425,1.293140214409254,0.06673087662935695,1.736872200394827,0.029728323726907167,0.46753063250569227,0.0004022613855233073,0.033365438314678475,0.19249593458164505,0.11749406239188051,0.08610806776271818,6.25e-05,,,,,,,,,
2369,-0.14008786956282795,1.214239212076684,0.06484554434784817,1.747469798665839,0.028956503753994386,0.44583989782188477,0.0003799016893047461,0.03242277217392409,0.1445999650281004,0.11458398344367662,0.08658848074149905,6.25e-05,,,,,,,,,
2370,-0.194456683176304,1.2462728691631217,0.04919210392958863,1.786328829401144,0.028764692862143518,0.3868818306964462,0.00025343010093841097,0.024596051964794315,0.19837049512453667,0.11440312322708657,0.08740008639322114,6.25e-05,,,,,,,,,
2371,-0.09935663609128233,1.1668209014349318,0.06670763632763041,1.749675501656506,0.030906722001745712,0.49244104511092124,0.0003714697092493614,0.033353818163815205,0.1043356118126644,0.11875210788082642,0.08863229243341944,6.25e-05,,,,,,,,,
2372,-0.14941441801825012,1.2738991716101018,0.06388776875266844,1.7322515745512703,0.032644752038667686,0.5226859470575616,0.0003341038959026217,0.03194388437633422,0.15469388492790662,0.12316381689113538,0.08795501905744837,6.25e-05,,,,,,,,,
2373,-0.15301554079045818,1.2740320195906207,0.059695675857508686,1.7540387454592805,0.03019580658849017,0.4531512722408158,0.0003181466954479648,0.029847837928754343,0.15759762320520415,0.11743068190500762,0.08686178292210002,6.25e-05,,,,,,,,,
2374,-0.12382980769790762,1.20636559168121,0.08540171882022893,1.7044830817299688,0.029775433168339888,0.48710831836971025,0.000533112371648124,0.042700859410114464,0.1287659676955486,0.11705182450566413,0.08849617118734898,6.25e-05,,,,,,,,,
2375,-0.18542530780768737,1.2556795688322455,0.08117546076478901,1.6966776896226015,0.0326816532863012,0.5068348319178573,0.000439566954716716,0.04058773038239451,0.19055560630369173,0.12459281866837935,0.09043411885762113,6.25e-05,,,,,,,,,
2376,-0.27374270036692994,1.4175290745785842,0.05895915405372788,1.7651933472627965,0.027405103259897864,0.39119538378899676,0.00033966799680526603,0.02947957702686394,0.27770518239528746,0.1111799274412925,0.08598409644755078,6.25e-05,,,,,,,,,
2377,-0.10006346429976315,1.1921217368622106,0.05859223689678034,1.7738887108759576,0.028947390654904658,0.4453827811636682,0.0003081552223142803,0.02929611844839017,0.10456740866918014,0.11332851794582897,0.08651007929448437,6.25e-05,,,,,,,,,
2378,-0.11117205743076078,1.1840815996294587,0.07626380992633597,1.7119476574388022,0.03221827834545356,0.5339509762203581,0.00041150844561019446,0.038131904963167984,0.11657093365895801,0.12262043198210501,0.08750790814758658,6.25e-05,,,,,,,,,
2379,-0.15837654131768367,1.275680233715891,0.07361684099206889,1.702056276958705,0.03482893173916956,0.5823366521428709,0.00043483734210248017,0.036808420496034444,0.16425808519579901,0.12919326580332258,0.0886170469879243,6.25e-05,,,,,,,,,
2380,-0.23732488554469391,1.337844107989501,0.061414547495372965,1.746414397342734,0.02991202136909738,0.44601952050143745,0.0003478549191056354,0.030707273747686482,0.24183673071662048,0.11818286362100061,0.08635398220921411,6.25e-05,,,,,,,,,
2381,-0.015121699546000381,1.132247279533775,0.09226877919924228,1.684000486033137,0.0331150871692638,0.5725575961346545,0.0005334088346239213,0.04613438959962114,0.020915583990153124,0.12429418598787467,0.08862270858958003,6.25e-05,,,,,,,,,
2382,-0.057285872368925086,1.1333198016672137,0.07040347465181043,1.736846437401287,0.030381952372214804,0.48197196739020487,0.0003653254267652198,0.035201737325905216,0.062161815498794695,0.1171487646172322,0.08803991341149107,6.25e-05,,,,,,,,,
2383,-0.06833174141371773,1.1289241815699969,0.06445963071755903,1.748112013332585,0.03211636923550207,0.530916239944067,0.0003636133849914246,0.032229815358779515,0.07369425088250042,0.12110343652950335,0.08788514071166376,6.25e-05,,,,,,,,,
2384,-0.19747795485287067,1.3341580792959902,0.05143322363711378,1.770908257990227,0.029817116217167542,0.4427887765037131,0.00029809403179939303,0.02571661181855689,0.20195224925262428,0.11700279480012099,0.08709664959532179,6.25e-05,,,,,,,,,
2385,-0.22390491660257547,1.3149718539218491,0.05237901483086206,1.771663071317055,0.029468860739093668,0.4453554616395576,0.00029099706438538974,0.026189507415431024,0.22840528732774348,0.11586247176888269,0.08513251747344353,6.25e-05,,,,,,,,,
2386,-0.14664835479150695,1.2254119413153681,0.059723342559736624,1.7589536918390547,0.030443540527609746,0.4986326608949857,0.00032742355102566577,0.02986167127986831,0.15168540684416537,0.11780434985109156,0.08516763497073557,6.25e-05,,,,,,,,,
2387,-0.1587341550242608,1.2433158373924058,0.06326009919739048,1.754776916712864,0.03048762221755985,0.477507902646675,0.00033457183475254663,0.03163004959869524,0.16356175758784092,0.11841160896794392,0.08666593100898853,6.25e-05,,,,,,,,,
2388,-0.09362236724192703,1.1729469335944858,0.05979588015136274,1.7562332807637044,0.031559101432419544,0.49546664057674383,0.00032290926163944353,0.02989794007568137,0.0986277230131942,0.12021338044271343,0.08743102827999497,6.25e-05,,,,,,,,,
2389,-0.1365764294347332,1.2434478593436133,0.08132871657430801,1.702263345314755,0.032282883448105135,0.5151596626728464,0.000423406672459049,0.04066435828715401,0.14178994711992654,0.12308134691275362,0.08996868542683209,6.25e-05,,,,,,,,,
2390,-0.09654870262867081,1.1661016458686437,0.07062892471015653,1.74311622983234,0.03144792064793869,0.5098699094129214,0.0003778382454828175,0.035314462355078256,0.10170392572990825,0.12024487965423103,0.08742919463206406,6.25e-05,,,,,,,,,
2391,-0.12884185336770382,1.2101962877517811,0.05369429750553909,1.770758344821704,0.03023873080945235,0.49217911117006596,0.0002822047069821294,0.026847148752769546,0.13381102125867528,0.11733007906611029,0.08446130457135816,6.25e-05,,,,,,,,,
2392,-0.13454172409862236,1.2393041886479141,0.07428953952571078,1.729688981889761,0.030040232516612975,0.4921094360236641,0.00040366340792517765,0.03714476976285539,0.13952129675252,0.1173489829705193,0.08613521824655224,6.25e-05,,,,,,,,,
2393,-0.2614847723398936,1.381356460949901,0.04771529355406549,1.755550164749676,0.031389474117893765,0.48918190479076146,0.00026981946513087406,0.023857646777032743,0.26642070273087703,0.12115068730545947,0.0829846709765532,6.25e-05,,,,,,,,,
2394,-0.12837592639955736,1.2253266943852665,0.06713780202413464,1.7338377939199834,0.0306895701896533,0.5071290675641096,0.0003777488704217517,0.03356890101206732,0.13350190184285393,0.11884059724296517,0.0855881304311768,6.25e-05,,,,,,,,,
2395,-0.11440255905615414,1.196236536972053,0.06927715863727527,1.725820738804537,0.03305290732246763,0.5382393056713635,0.00038513920117635146,0.03463857931863763,0.11984070029158624,0.12439423162704344,0.08745742766026157,6.25e-05,,,,,,,,,
2396,-0.12018165944277648,1.2017563246170941,0.06857592382848014,1.7317951146736756,0.03163616001240907,0.5242471767158979,0.0003652321900878464,0.03428796191424007,0.1254793894448973,0.12108650913269142,0.08635301385542704,6.25e-05,,,,,,,,,
2397,-0.1485039810573714,1.2525593611504686,0.07510399169124649,1.710388625637445,0.03334205230756705,0.515510033899803,0.0004357632269470028,0.03755199584562324,0.15371809491074087,0.12603424352619405,0.08976269364194973,6.25e-05,,,,,,,,,
2398,-0.22202243194857357,1.3305333660220318,0.05543585645678689,1.7610900341808113,0.029906788565139144,0.4567631957871337,0.00028698909635083364,0.027717928228393446,0.22663826262597858,0.11715921846054651,0.08479809283914916,6.25e-05,,,,,,,,,
2399,-0.08513056143356151,1.1686781680647513,0.07518868717262256,1.7224010657952324,0.03225881519010019,0.5273621397251734,0.0004126336675101738,0.03759434358631128,0.0904631275217326,0.1224141223633953,0.08668445104001724,6.25e-05,,,,,,,,,
2400,-0.1953460561833249,1.2616714633238164,0.05426164651496258,1.768814223428489,0.029801696239124712,0.4469286711114213,0.0002977044937357658,0.027130823257481295,0.19986313890486823,0.11686693881279021,0.08576465477451697,6.25e-05,-0.168039629984658,1.2830941278013257,0.17325824629883918,0.07095188671131447,1.722100057252268,0.03193474987688791,0.5162117498991211,0.00038018712617807714,0.035475943355657236
2401,-0.15904990404031388,1.24909544539635,0.0550569196012862,1.7623920490362388,0.02934020837604447,0.46136821134096584,0.00030102045324647517,0.0275284598006431,0.163711748738547,0.11568568301148616,0.08533546841753491,6.25e-05,,,,,,,,,
2402,-0.09653685684567773,1.1643038186276862,0.06667155564392772,1.726604805846156,0.03312312725747487,0.526955090261767,0.0003924915236654397,0.03333577782196386,0.10186093448941246,0.12460936426609484,0.09015114738669314,6.25e-05,,,,,,,,,
2403,-0.10597829280234705,1.2159827351283568,0.06580472038511875,1.7570380293236276,0.030256337814467515,0.4764022821408631,0.00036038823628077956,0.03290236019255938,0.1107963922466043,0.11694162386125373,0.08806485953528298,6.25e-05,,,,,,,,,
2404,-0.24956607219105048,1.408671377542671,0.0681790301267687,1.730740903942058,0.03111024480880328,0.48183145765543917,0.00037545948160576197,0.03408951506338435,0.25443953828652377,0.11985802571094718,0.0877731013481058,6.25e-05,,,,,,,,,
2405,-0.1567902081569142,1.262401674912665,0.06542971960799575,1.725324816179635,0.03321907468903798,0.5420243047520579,0.00036976799990355504,0.032714859803997874,0.16226411699239962,0.12509722066937523,0.08730907316584362,6.25e-05,,,,,,,,,
2406,-0.09129207642160059,1.1589213011215151,0.07465955730619823,1.697913404918978,0.035269593662658805,0.6104890279537518,0.0004069796063909841,0.037329778653099124,0.09745534540990429,0.13004309725241037,0.08742793096687473,6.25e-05,,,,,,,,,
2407,-0.11704446144921374,1.1990488340941277,0.06374837871517869,1.7548120539330576,0.029561980456604034,0.45754171074693617,0.0003478276976479791,0.031874189357589344,0.12167277914355651,0.11614045439826695,0.08597084085688897,6.25e-05,,,,,,,,,
2408,-0.22165334895749014,1.3441767509963531,0.06544612148745793,1.740381676902159,0.031898805290737554,0.48784106408648775,0.00035845920095979036,0.032723060743728966,0.22658547106787738,0.12171409278562169,0.08846538456247134,6.25e-05,,,,,,,,,
2409,-0.04481514530568235,1.1296552123454782,0.07417483320294678,1.7110043336385323,0.033523733956626056,0.5752590319690627,0.0003944328153170693,0.03708741660147338,0.050625877413464,0.12486568143276443,0.08740361906583706,6.25e-05,,,,,,,,,
2410,-0.18441971390203382,1.2729960551486967,0.06554219291987365,1.7391696493304385,0.03146109300959364,0.48564706109961014,0.0003600580252380546,0.03277109645993683,0.1893299478862355,0.12081991365271472,0.08736105257406687,6.25e-05,,,,,,,,,
2411,-0.22121375839689547,1.328891177811427,0.06279090714458511,1.7287939145233007,0.032744576782809925,0.5055316452624131,0.0003721497027096533,0.03139545357229256,0.22632147973926423,0.1244950502456762,0.08714566827971211,6.25e-05,,,,,,,,,
2412,-0.18701084129062806,1.255376307449103,0.06187236149764448,1.7346266005249231,0.03324817867468448,0.5385290914132999,0.00032817778256269203,0.03093618074882224,0.1924476964293408,0.1253591095189754,0.08689978383043571,6.25e-05,,,,,,,,,
2413,-0.16029449601611664,1.243885096717816,0.07134682121998633,1.710517550229408,0.03275827589033714,0.5329166598774588,0.0003952434799027141,0.03567341060999316,0.16568039363580256,0.12424485411012184,0.08714900239276713,6.25e-05,,,,,,,,,
2414,-0.20673590769135733,1.3114738029135866,0.06828712445870905,1.719389974245562,0.032791725520256394,0.5129165286709951,0.00036671076442656406,0.034143562229354524,0.21192007754768336,0.12389879823047709,0.08761685835216387,6.25e-05,,,,,,,,,
2415,-0.3269394343207378,1.474720960593309,0.04875057007235749,1.766634636851383,0.02917396225793293,0.4198583523026638,0.0002811396216089168,0.024375285036178744,0.33118287087138526,0.11590719466794128,0.08490565215368423,6.25e-05,,,,,,,,,
2416,-0.20408090736552179,1.3214637371478895,0.060343169853782255,1.7303648550997401,0.03211414511649888,0.5164523659214961,0.000334577335695869,0.030171584926891128,0.2092962520315716,0.12299355819460378,0.08489517781754227,6.25e-05,,,,,,,,,
2417,-0.14437153561868857,1.2105016013974077,0.053480213173802,1.7661616912493296,0.03207243035837193,0.48737593708405236,0.00029953090657950136,0.026740106586900996,0.14929269202209428,0.12224195705495175,0.08628322320494985,6.25e-05,,,,,,,,,
2418,-0.1552985411791594,1.2321262729113918,0.06972795989655661,1.7226921236755408,0.03323122264788191,0.5480659291510093,0.00038181507135319866,0.0348639799482783,0.16083510952256805,0.12526142062209228,0.08760946239543946,6.25e-05,,,,,,,,,
2419,-0.12485970217054011,1.2490420970018254,0.0721534376898618,1.7199666111976057,0.03249427490878244,0.5337471140147265,0.0004177413041077746,0.0360767188449309,0.13025462710868538,0.12312386471478924,0.08720333930557256,6.25e-05,,,,,,,,,
2420,-0.06796091198348769,1.167783994881314,0.07168803525462128,1.7347049666788292,0.032804531506945844,0.5242528039264127,0.00040631914898014304,0.03584401762731064,0.07326069428153573,0.12326188512910405,0.08904292425532895,6.25e-05,,,,,,,,,
2421,-0.23987670883983192,1.3616043137536025,0.05488060823468975,1.7433517808330337,0.03284975641145271,0.4794894310672888,0.00030460416182596277,0.027440304117344876,0.24471952301404876,0.12500785211806745,0.08906251268736798,6.25e-05,,,,,,,,,
2422,-0.1668347491522087,1.2630696749772765,0.07300803626265699,1.7276812184636858,0.03076301458653125,0.48330212730659877,0.000437738491009787,0.036504018131328496,0.17172592864050074,0.11897256154052609,0.08843281943639911,6.25e-05,,,,,,,,,
2423,-0.09015148527965809,1.1970885904998565,0.07823335532164785,1.7089672440606192,0.03307952130690639,0.5455361179222343,0.0004462548691318842,0.039116677660823926,0.0956675153576732,0.12469494932275227,0.08732598881276048,6.25e-05,,,,,,,,,
2424,-0.15093252431782922,1.2577786330642242,0.06627181493884948,1.7361510897970942,0.031769533051001456,0.4980756394666554,0.00034443407005326626,0.03313590746942474,0.15596722247156372,0.12107181750316848,0.08874425272445968,6.25e-05,,,,,,,,,
2425,-0.08967238303387451,1.1707739212251957,0.06649403090259047,1.728105400080811,0.03413017749812165,0.5349579005748981,0.00034737287905695454,0.03324701545129524,0.09507596383786615,0.1271414748914817,0.08838155552447305,6.25e-05,,,,,,,,,
2426,-0.22785188919929716,1.324238720520098,0.06195302236586971,1.7342675733347916,0.03107184172423356,0.48221835350329517,0.00035549895962151104,0.030976511182934853,0.2327259469108426,0.12048933021770364,0.08604697554212859,6.25e-05,,,,,,,,,
2427,-0.1787657458500505,1.2673687570620948,0.052733091945897564,1.771543837781043,0.02992965191219888,0.4462455642480539,0.00029033477458000544,0.026366545972948782,0.1832751868246276,0.11708007057191958,0.08520633121564654,6.25e-05,,,,,,,,,
2428,-0.17900276637489532,1.2767188606525686,0.05917027625617286,1.758660062217249,0.030149871641335396,0.4562517077881828,0.0003275907681769563,0.029585138128086427,0.18361573109920915,0.11808727234726583,0.08538177859169832,6.25e-05,,,,,,,,,
2429,-0.12098798284216743,1.1862139431011334,0.054184483099040795,1.7728309824363855,0.029663009118194403,0.4466764224310389,0.0002981432892829764,0.0270922415495204,0.12550254905074454,0.11625666175877042,0.08595947150363972,6.25e-05,,,,,,,,,
2430,-0.18050093658630112,1.2548268704138938,0.0707731757157489,1.705485670687278,0.03257392860755029,0.5254532086663634,0.00038212358607492356,0.03538658785787445,0.18581173135339024,0.12446133521762666,0.08633127475555169,6.25e-05,,,,,,,,,
2431,-0.10548942796176539,1.1982946647669839,0.0602060495171345,1.7534716878810368,0.032386874195690606,0.5131494672326783,0.00031437382167532094,0.03010302475856725,0.11067170411394629,0.12225466853062916,0.08731927568839826,6.25e-05,,,,,,,,,
2432,-0.1667843625565493,1.233665690180992,0.046745636374906974,1.7928313637888704,0.02957222358875776,0.43683769301453834,0.0002480285719360954,0.023372818187453487,0.17119652090423942,0.11598130661983432,0.08478532784732756,6.25e-05,,,,,,,,,
2433,-0.16514773266937696,1.2997088358200688,0.05928673112120522,1.7567334347401486,0.030313181919683636,0.48010319870087037,0.00030326528188167186,0.02964336556060261,0.1699990080091125,0.11739631869187162,0.08594235157874638,6.25e-05,,,,,,,,,
2434,-0.17608778023369456,1.2855616916477532,0.059871506314498904,1.7491554407651475,0.03051049071520291,0.4601970284629774,0.00031505926361703263,0.029935753157249452,0.18074032841852541,0.11843914153947904,0.08699762949879872,6.25e-05,,,,,,,,,
2435,-0.19845964039812145,1.301274364279291,0.05326323482700413,1.7696198476734954,0.029981788040215767,0.4452259320556124,0.00030220744689244555,0.026631617413502062,0.20295924960903672,0.11739171304179191,0.08540493118215661,6.25e-05,,,,,,,,,
2436,-0.17817833889869414,1.2680885165288482,0.05980717002912701,1.7407377158392843,0.03258531103068627,0.5226380742005321,0.00030787312505066666,0.029903585014563503,0.18345510933412293,0.12363364742825544,0.08580322302351544,6.25e-05,,,,,,,,,
2437,-0.16514893336071873,1.24866801941393,0.05266199582332719,1.7839286947130952,0.027570617694841138,0.4150264268449564,0.00025661836712062753,0.026330997911663594,0.16934593409769827,0.11125842850149548,0.08427443684619079,6.25e-05,,,,,,,,,
2438,-0.15602842760372004,1.2449406561433312,0.06802454387880728,1.721690042656849,0.03320223114330992,0.5421577887612626,0.0003946687507294618,0.03401227193940364,0.16150518135120598,0.12527779927590604,0.08643725137774562,6.25e-05,,,,,,,,,
2439,-0.20828317016478307,1.293119215063999,0.056879177202864194,1.7466508835728387,0.0311864474479348,0.4750232480307718,0.0003006926435478314,0.028439588601432093,0.2130823156689634,0.12114863966955183,0.0860814909113869,6.25e-05,,,,,,,,,
2440,-0.20496802822151217,1.296897806890043,0.06385423231361603,1.7449619050713685,0.030563386028354976,0.4812213854734273,0.0003652213939947266,0.03192711615680803,0.2098332710253939,0.11912029462995297,0.08567592811311961,6.25e-05,,,,,,,,,
2441,-0.18595861494378016,1.2823960706583732,0.05561081810253614,1.764302520495868,0.03057369604704064,0.4791313681500039,0.00030617188607116354,0.02780540905126807,0.19079843877839714,0.11884779921780358,0.08505442814616099,6.25e-05,,,,,,,,,
2442,-0.22407716455280335,1.3385837615960021,0.052554888945433295,1.7548913011355016,0.031091601848787218,0.47938332555324686,0.00030635484928082964,0.026277444472716648,0.22891788771431273,0.12023673657182171,0.0843214848964611,6.25e-05,,,,,,,,,
2443,-0.1983655875815688,1.2886094844818308,0.06664882150855796,1.7212184849457706,0.03197472122044784,0.487225330658352,0.00037913549044866395,0.03332441075427898,0.20329216883866058,0.12318880152040468,0.08770922344711449,6.25e-05,,,,,,,,,
2444,-0.23315536046327756,1.3236400529444938,0.06364715238063588,1.742105375695987,0.03075770848677629,0.4673832466054341,0.0003570484157278466,0.031823576190317934,0.23788200804343643,0.11975881969174476,0.08697174650699846,6.25e-05,,,,,,,,,
2445,-0.2988837438939,1.428403414381278,0.05711936769776431,1.750732442775218,0.0298362847362241,0.4278925264671111,0.00031481898820177043,0.028559683848882154,0.30321188435672974,0.11802720606981987,0.08715211873195917,6.25e-05,,,,,,,,,
2446,-0.3119698148791917,1.4430363204052674,0.04278145462172658,1.7763639154354989,0.030741471599706756,0.45404976306738515,0.0002329245623729025,0.021390727310863288,0.3165517961219545,0.11959763181260774,0.08332593679078537,6.25e-05,,,,,,,,,
2447,-0.18263898944999768,1.3072773617247804,0.04261887435403261,1.7858758946307072,0.02973349782510217,0.44720092504836506,0.00023099563969856225,0.021309437177016305,0.1871524768530016,0.11650347200875005,0.08421379265354378,6.25e-05,,,,,,,,,
2448,-0.1914543332739918,1.2897791888405186,0.0566317826267829,1.752602257814373,0.03038115816491363,0.4605387575643816,0.0003076192142121364,0.02831589131339145,0.19610863895566932,0.11932028290462562,0.08560346483493532,6.25e-05,,,,,,,,,
2449,-0.2395043630607308,1.3377160436516502,0.06342883263078461,1.7387199203487378,0.030366968895078138,0.4757923263676129,0.0003621090177108315,0.031714416315392305,0.24431500903010295,0.11869842704575859,0.0850613944793458,6.25e-05,,,,,,,,,
2450,-0.15624186732617193,1.25999003327237,0.06402905080982546,1.726003549268019,0.03235709999792846,0.5136026821853945,0.00034401226558332393,0.03201452540491273,0.16143060883157928,0.1234363133708998,0.08774681030633294,6.25e-05,-0.16802391815336148,1.283038055350239,0.1732249793818958,0.0710012820892884,1.721843422928211,0.03182982802842571,0.5144537315977482,0.0003804837282887181,0.035500641044644204
2451,-0.10309797028157115,1.1889227726928786,0.06286524511860096,1.7394415659805644,0.03026352913942747,0.48445054136234056,0.0003678724166854958,0.03143262255930048,0.10799498145758052,0.11765478294317354,0.08587990985054195,6.25e-05,,,,,,,,,
2452,-0.10365857582662154,1.2055742409143426,0.08369105140288793,1.7068471428847842,0.030897683611651315,0.5057960127418646,0.0004878865576990785,0.041845525701443974,0.10878032881674746,0.1194772985462739,0.0882411553705632,6.25e-05,,,,,,,,,
2453,-0.10288673003531942,1.211733756765724,0.06470260976346205,1.7476689310138362,0.031130332409558852,0.5028178744697855,0.0003749028938338177,0.032351304881731026,0.10796848580314747,0.11978948878088681,0.08700484599542402,6.25e-05,,,,,,,,,
2454,-0.15872634100342803,1.2401097967391963,0.07315195931917887,1.7150393287289525,0.031174746729607197,0.4765740016274528,0.000430006429925985,0.03657597965958943,0.1635501074569487,0.12091013382106555,0.08741254947071567,6.25e-05,,,,,,,,,
2455,-0.13078643155220604,1.1993829142531915,0.0802552298409358,1.7126119644217035,0.03140594634487352,0.5252901981906154,0.0004435688143558015,0.040127614920467895,0.13610102295682044,0.1212613948647982,0.08628750211705721,6.25e-05,,,,,,,,,
2456,-0.11579730033483786,1.1827499143247096,0.07853330979645667,1.7222514754704603,0.030792767312463536,0.4810625469901605,0.0004351850812755677,0.03926665489822834,0.12066876682520515,0.11927347304113495,0.08904421282434898,6.25e-05,,,,,,,,,
2457,-0.20698215757319954,1.3015646728479018,0.07444777539991097,1.7110324136602957,0.031950749546452696,0.4892219599106977,0.00041277287254746586,0.03722388769995549,0.2119328391128686,0.12325839870971891,0.08824957001359447,6.25e-05,,,,,,,,,
2458,-0.11789002089026082,1.1760419204938937,0.059443517392102914,1.7678723918820727,0.029196722888552157,0.4468903234680237,0.0003030115434526575,0.029721758696051457,0.12240935472299044,0.11526473737519277,0.08618511696662658,6.25e-05,,,,,,,,,
2459,-0.11992180280578668,1.207258619517292,0.059223387734865705,1.774437067609841,0.028674033749597108,0.43074667241798203,0.00030891565398004925,0.02961169386743285,0.12427971475104985,0.11380428729000855,0.08601762192981674,6.25e-05,,,,,,,,,
2460,-0.19257642227706417,1.2920425778435818,0.05323991474592479,1.7627786248455903,0.03091333339938937,0.4484906561211115,0.00026246379987564895,0.026619957372962397,0.19710820121989547,0.12000057820723609,0.0868603914936209,6.25e-05,,,,,,,,,
2461,-0.1835796741122391,1.266207480384502,0.057438901480725266,1.7755434055651622,0.027271040922164067,0.3917949084461594,0.0003191480636508948,0.028719450740362626,0.1875472895621332,0.11096576342586904,0.08596771614787835,6.25e-05,,,,,,,,,
2462,-0.17428165096346074,1.2638432722324495,0.06007751677496148,1.759799463604285,0.029352012927816817,0.43712638714056007,0.0003408512078258631,0.03003875838748074,0.17870396009996814,0.11607817603619898,0.08654157992455741,6.25e-05,,,,,,,,,
2463,-0.17905053962236842,1.2935539226140849,0.0806981913627505,1.6943714654816442,0.03338128846046516,0.5247597092020941,0.000409166538316602,0.04034909568137525,0.18435952119010873,0.12653416960683248,0.08974471617332422,6.25e-05,,,,,,,,,
2464,-0.21336230018661728,1.318848266255976,0.05352759948488817,1.7675238513201914,0.030123540066064766,0.4386991782201559,0.000291101898055879,0.02676379974244409,0.21779664202605506,0.1178780057917562,0.08598303546021602,6.25e-05,,,,,,,,,
2465,-0.18027098251403817,1.287616830773775,0.06453531491806694,1.736710953575072,0.030464790040309473,0.4782904980058414,0.0003450600352327104,0.03226765745903347,0.1851069728614437,0.11917631950969464,0.08562525679972144,6.25e-05,,,,,,,,,
2466,-0.10150801414771887,1.1920622461107802,0.07128457680969019,1.7317171404498073,0.030288846025836466,0.49135015559382933,0.0004246235225956147,0.035642288404845096,0.10647872139869248,0.11797638666213137,0.08647710015237114,6.25e-05,,,,,,,,,
2467,-0.2682446760297934,1.3845846095271597,0.04966213163095598,1.775030047129379,0.02943728940131112,0.422803983773114,0.0002857567435870811,0.02483106581547799,0.2725181548012472,0.11645796828176731,0.08629991931512249,6.25e-05,,,,,,,,,
2468,-0.2494067181316668,1.3438003970836332,0.05738650932654235,1.7587554545689645,0.028477834927903446,0.40644632679842996,0.00031943524745337633,0.028693254663271175,0.25352065656133455,0.11486334795569869,0.08577992353252831,6.25e-05,,,,,,,,,
2469,-0.1579256312852182,1.246351234128916,0.05447127282483648,1.7597189677194152,0.031008445852262825,0.4677097615879503,0.0003156438927731687,0.027235636412418242,0.16265071816611504,0.12023306226363495,0.08610987689641736,6.25e-05,,,,,,,,,
2470,-0.19426814164842476,1.2972066467304086,0.050585172734845356,1.7692529374583565,0.02909672838469632,0.4387850001011684,0.00030018366074577535,0.025292586367422678,0.1987019786017859,0.11540535493795048,0.0846636675184488,6.25e-05,,,,,,,,,
2471,-0.07953855956578415,1.1498687125012084,0.06705452600711417,1.7312417834059985,0.03228857922952566,0.5336192506171712,0.00036932978194858287,0.03352726300355709,0.08492928505061295,0.1229311090333488,0.08652800361811033,6.25e-05,,,,,,,,,
2472,-0.1474936881973839,1.2195998529700218,0.06115604784809989,1.7595813110822849,0.029880981328473513,0.47087556452092694,0.00032108091119299124,0.030578023924049944,0.15225382848873997,0.1172928607910313,0.08542444848684592,6.25e-05,,,,,,,,,
2473,-0.09897924168534461,1.177002042535753,0.08109899867329842,1.7131063666033888,0.03207183873086964,0.49555449564243315,0.0004445659460372456,0.04054949933664921,0.10399691286423199,0.12281091205760579,0.09108984971077523,6.25e-05,,,,,,,,,
2474,-0.09617251000866564,1.18471844085126,0.07242614491424343,1.7423191381209198,0.029202134664479247,0.4512828565693088,0.0003640760192803604,0.036213072457121714,0.10074261559838987,0.11544019803983302,0.08679416511411008,6.25e-05,,,,,,,,,
2475,-0.15216151401947686,1.2357327200030865,0.04987787092507809,1.7931516596600794,0.027181732241385446,0.3904833003286964,0.0002729740879790577,0.02493893546253904,0.15611194721570276,0.11020145064909147,0.08427352749594177,6.25e-05,,,,,,,,,
2476,-0.15949086662262918,1.2246538024289293,0.05250437940462103,1.7802396230922382,0.02871776097246985,0.4436989405906583,0.00027841855528553793,0.026252189702310514,0.16397469480002183,0.11451260381459027,0.08369429029156457,6.25e-05,,,,,,,,,
2477,-0.09536060130043117,1.1636756468389178,0.0763761596260468,1.7039305006725909,0.032274365707762764,0.5307134588170038,0.00045540225401084636,0.038188079813023405,0.10072751729596108,0.12364628557667218,0.08692048053034573,6.25e-05,,,,,,,,,
2478,-0.24020674281742826,1.35711174533257,0.05182214118828318,1.7924822488807353,0.02690476919629055,0.3765028573808426,0.0002969017722259731,0.02591107059414159,0.2440185763020419,0.10964485102693548,0.08505581535181199,6.25e-05,,,,,,,,,
2479,-0.08621543103341185,1.1601650341679042,0.08659340904592552,1.6947306729673928,0.03193687116934886,0.5176927448654479,0.00048549071138509573,0.04329670452296276,0.0914574574004328,0.12214662685786576,0.08937508153463689,6.25e-05,,,,,,,,,
2480,-0.22187745056743963,1.3331647515838985,0.06064439115310517,1.752800128296479,0.029966677246424128,0.45274318295532046,0.0003394016154586579,0.030322195576552587,0.22645612661000694,0.117599768461259,0.08610225900262328,6.25e-05,,,,,,,,,
2481,-0.18631706567628042,1.2850661948236444,0.059971340366872565,1.7595651750306724,0.028520615652266428,0.4190764881767606,0.0003650049340483192,0.029985670183436286,0.19055906192932226,0.11450011667956664,0.08512746642018315,6.25e-05,,,,,,,,,
2482,-0.18209151164737286,1.271839401648041,0.06584670339105735,1.7463682207960012,0.0293700809320172,0.45663474895488937,0.0004162759138827243,0.03292335169552867,0.18671240892996405,0.11629526920121994,0.08537591351894631,6.25e-05,,,,,,,,,
2483,-0.19752937497765466,1.3060221731902202,0.057931651094721044,1.7641451038366165,0.029426971477401222,0.45527846827925633,0.00031649742317973984,0.028965825547360522,0.20213193191126475,0.11621414847546346,0.08496772975958028,6.25e-05,,,,,,,,,
2484,-0.1261906592479083,1.2453940204800196,0.0812026567519325,1.7087116879861677,0.03039031951149715,0.4782870118391958,0.0004506545894492277,0.04060132837596625,0.1310357243574506,0.11854742535325283,0.08849133241983809,6.25e-05,,,,,,,,,
2485,-0.16644824551576515,1.237823896143798,0.06007945329058706,1.76059682444532,0.029277475764349706,0.42904452453497766,0.0003115024889071542,0.03003972664529353,0.17078945148089372,0.11615221230233821,0.08606338737970107,6.25e-05,,,,,,,,,
2486,-0.1674894579441849,1.2419330020412096,0.07544077321541233,1.721348354973704,0.02989044868174951,0.4923124187594483,0.00038525732601938045,0.03772038660770617,0.17247136857519704,0.11762465847314883,0.08525600623074707,6.25e-05,,,,,,,,,
2487,-0.19179005220878292,1.2514679818032197,0.05248843240336907,1.780166403848662,0.028038315871165218,0.3948138603394403,0.0002710891189033212,0.026244216201684534,0.19578494758360654,0.11347335485482109,0.08586262915860471,6.25e-05,,,,,,,,,
2488,-0.10315962906955906,1.1946049104857739,0.06785973173013178,1.7455869572204823,0.02888050830220479,0.46160036595204657,0.00034615699853230927,0.03392986586506589,0.10783048003450213,0.11449563924912727,0.08663214522525745,6.25e-05,,,,,,,,,
2489,-0.20257871956733298,1.2807560947358088,0.05359375284881618,1.7747218381170038,0.028174827535563052,0.4104205524750211,0.0002687790923448192,0.02679687642440809,0.20673015697781222,0.1138385852219227,0.08482460500666,6.25e-05,,,,,,,,,
2490,-0.1768890937191281,1.266976107803755,0.05557369277091519,1.7782679577589933,0.027784473347766292,0.3990781852112559,0.00030210868701520296,0.0277868463854576,0.18092846618407388,0.11219279412382627,0.08466632236880851,6.25e-05,,,,,,,,,
2491,-0.035820935120925754,1.1108514710618662,0.07853175587423837,1.7365570528167351,0.028715208357573394,0.4541900641658023,0.0004475053518529587,0.03926587793711918,0.040423942264567594,0.1134946652128282,0.08802883361953989,6.25e-05,,,,,,,,,
2492,-0.19933178767599366,1.3360700158133703,0.06486651878067873,1.7554701937046366,0.027952961286346736,0.4219488315639974,0.0003493367325509924,0.032433259390339364,0.20360475732028654,0.11258374634255544,0.08583116393224716,6.25e-05,,,,,,,,,
2493,0.011124793183823811,1.0398024304946052,0.08388056546777228,1.7132733148876134,0.03033580383865695,0.5169718767040712,0.00046858982444939975,0.04194028273388614,-0.005891315502655838,0.11732750859652397,0.08818219739749535,6.25e-05,,,,,,,,,
2494,-0.11078207515820282,1.2243263006489296,0.05622725337885586,1.7725540207554968,0.0283443436972534,0.427120798705426,0.00032584212426243315,0.02811362668942793,0.11510238073339668,0.11295612883264428,0.0854159781362763,6.25e-05,,,,,,,,,
2495,-0.17439295405664315,1.2691878570932018,0.07399772538989607,1.7188221905655485,0.030039072303897647,0.4559316337083096,0.00041057441268135467,0.03699886269494804,0.17901056322245368,0.11792979063211113,0.08741701513499532,6.25e-05,,,,,,,,,
2496,-0.10648642084956449,1.1810096820611728,0.07037141990933754,1.7405695512600499,0.029543411691677096,0.46877240964566497,0.0003962773282123707,0.03518570995466877,0.11123069912477052,0.11669666034790009,0.08549462568450115,6.25e-05,,,,,,,,,
2497,-0.11710071992974613,1.20616842989408,0.06841655223646739,1.7531472795675116,0.029514220764395166,0.4572281979315349,0.0003542363347394396,0.034208276118233696,0.12172828402132278,0.11568827792780559,0.08690609369826141,6.25e-05,,,,,,,,,
2498,-0.11506858383629595,1.1947491153695382,0.06389682067321532,1.766054316513032,0.027028864365074512,0.4038323675352178,0.0003411069724728114,0.03194841033660766,0.1191599275348746,0.11030321527239544,0.08580254759344622,6.25e-05,,,,,,,,,
2499,-0.1956488082287559,1.3279742309773739,0.058359527602198494,1.7673631075677447,0.026780687361978694,0.3963303082429527,0.0003045445407059854,0.02917976380109925,0.19966201015146928,0.10959106505495998,0.08395229526034274,6.25e-05,,,,,,,,,
2500,-0.2196470981497905,1.3368495791998467,0.051716145577322195,1.7760084905937967,0.028509495150066833,0.4036338366925305,0.0002778221921497561,0.025858072788661098,0.22372983289633191,0.11391439817893745,0.08573443090408042,3.125e-05,-0.16729691989063544,1.2827420963137994,0.1720407738623984,0.07162558718722012,1.730722194276415,0.029822090005923417,0.46868983541974074,0.00038356020292218087,0.03581279359361006
2501,-0.26583791205200735,1.41278817481576,0.059339311076723376,1.745325250284802,0.0299331316028594,0.44767735557757943,0.0003193389357789381,0.029669655538361685,0.27036500190518215,0.11798956439452316,0.08550565406944799,3.125e-05,,,,,,,,,
2502,-0.09017941314085391,1.186289851326177,0.06322396450752067,1.7696180489307212,0.02735231496489094,0.42890526810178986,0.0003539365769608136,0.031611982253760336,0.0945213133503845,0.11044649228233144,0.0849442245730674,3.125e-05,,,,,,,,,
2503,-0.15396403318339172,1.2304131422061075,0.06963112740783549,1.7395444229481631,0.029383680591347754,0.42529777098775634,0.00039096345280674276,0.034815563703917744,0.15827313153573075,0.11662726088924172,0.08787845579940945,3.125e-05,,,,,,,,,
2504,-0.20583730878348028,1.3582853556312928,0.0681123359226332,1.7417402177244639,0.02785730950726393,0.43323561391747334,0.0003772915534345962,0.0340561679613166,0.2102249114083279,0.1131457080474291,0.08507845870668931,3.125e-05,,,,,,,,,
2505,-0.17255566630589658,1.2857990644212474,0.05348247040896698,1.7925050618688152,0.026443924771624834,0.3725464606317319,0.00029442549221183863,0.026741235204483495,0.1763287414529592,0.10863716510396536,0.0858067387572134,3.125e-05,,,,,,,,,
2506,-0.1798885035324565,1.290728002066115,0.06046600805784857,1.7707407082675415,0.025775411011677872,0.3599601709110919,0.0003316870219760269,0.030233004028924284,0.18353936252289876,0.10750839308310212,0.08592074950171588,3.125e-05,,,,,,,,,
2507,-0.1234629175699129,1.1980627132126302,0.07200100827376552,1.727368890388294,0.030894508551747524,0.4620222674937001,0.0003905707793617208,0.03600050413688276,0.12814032014568427,0.11951082168037816,0.08975024527784631,3.125e-05,,,,,,,,,
2508,-0.09244290376533054,1.1633352285286356,0.061207731507852914,1.7635181293747324,0.02867265949575515,0.41491483088452197,0.0003356375378671686,0.030603865753926457,0.0966436474966021,0.11467373912073629,0.0875548067268768,3.125e-05,,,,,,,,,
2509,-0.1210050976888287,1.214891810232559,0.07390839129032689,1.7331330746371119,0.028670227284849335,0.4407495025895884,0.0003961123055605793,0.036954195645163446,0.12547083936417175,0.1142896546537487,0.08634462414702229,3.125e-05,,,,,,,,,
2510,-0.1306860108980637,1.2059528141503213,0.06990415442200554,1.728754627622981,0.029623044790615546,0.4507560072477145,0.00038597655364519187,0.03495207721100277,0.13524967035956453,0.11697251365980478,0.08800771120070376,3.125e-05,,,,,,,,,
2511,-0.06391059264319937,1.1210498180299786,0.0671600906850491,1.753933783488709,0.028522074722920142,0.4340699267701682,0.0003870383969348173,0.03358004534252455,0.06830628167804781,0.11355357108164313,0.08662281082329076,3.125e-05,,,,,,,,,
2512,-0.19913292909951275,1.3086245052796812,0.06976718490488451,1.7367352971444023,0.02864754120092735,0.4503310601608814,0.00038984552070121873,0.034883592452442255,0.20369238910175247,0.11406913499650216,0.0858632817501042,3.125e-05,,,,,,,,,
2513,-0.20918121347873334,1.2938167649541819,0.05308903049027332,1.7853803864426037,0.026691730759401143,0.3872002994906646,0.0002978911363774482,0.02654451524513666,0.21310059370411333,0.10953718362200399,0.08438970528543108,3.125e-05,,,,,,,,,
2514,-0.11880311645129796,1.1927181147008925,0.07324091389082021,1.732007012844894,0.028653623024350462,0.4356710597820761,0.0004187717577738308,0.03662045694541011,0.1232179552937703,0.11422873393193778,0.08672040978257539,3.125e-05,,,,,,,,,
2515,-0.15781860888259108,1.2188055316300686,0.0801556931191135,1.7257111859970486,0.028397723920220747,0.4391339707310161,0.000447790212345313,0.04007784655955675,0.16227176145044422,0.11454405631338863,0.08740957973227972,3.125e-05,,,,,,,,,
2516,-0.2368191100713055,1.3617990000292322,0.056652624244110925,1.7603683417425524,0.0288188094111467,0.42181519546451707,0.00030438411336998386,0.028326312122055462,0.2410862358626238,0.11518459419949495,0.08512726240943994,3.125e-05,,,,,,,,,
2517,-0.13628117700834186,1.246294169569984,0.07424060771144098,1.7277508775286312,0.030024550349649428,0.45657682165564767,0.00041175293101660077,0.03712030385572049,0.1409054605668395,0.11767795361357283,0.08758927763896203,3.125e-05,,,,,,,,,
2518,-0.12173631200228281,1.2226263227910377,0.06064786041853948,1.7584709959534504,0.02985615558494254,0.45660703124546415,0.00033119956926891625,0.03032393020926974,0.12635360295059894,0.11665183865483919,0.08572202275244917,3.125e-05,,,,,,,,,
2519,-0.16794806130479956,1.266106220462188,0.07671423586580259,1.7210287743910908,0.029435365324374137,0.45301293108705837,0.0004087983470859066,0.038357117932901294,0.1725378460048178,0.11676731663926294,0.08787243951542806,3.125e-05,,,,,,,,,
2520,-0.08788728116381818,1.1325419972190502,0.06662270262309453,1.7564924136545692,0.027476640570754392,0.409086020997366,0.00037177654249839493,0.03331135131154727,0.09203273541466489,0.11126843257351494,0.08621285578796987,3.125e-05,,,,,,,,,
2521,-0.1913560470980467,1.2903811025017842,0.057403953485840445,1.771072762810549,0.027267226906796206,0.40852961269134136,0.00030251482497614625,0.028701976742920222,0.1954907810775809,0.1112943060242039,0.08400139286303052,3.125e-05,,,,,,,,,
2522,-0.19814943904009058,1.2882036098344951,0.06061323748946035,1.7541024040760416,0.028170615420291922,0.4223275628376294,0.0003231244467472567,0.030306618744730177,0.20242379355571985,0.11335048987462808,0.08580441468354708,3.125e-05,,,,,,,,,
2523,-0.22345623600699654,1.3308704985757864,0.0684813145711907,1.7375726567429153,0.027868794972460358,0.442976296578615,0.0003825232524653041,0.03424065728559535,0.22794144058916038,0.11265368237575996,0.0841707176632015,3.125e-05,,,,,,,,,
2524,-0.22145908102606415,1.368274403644496,0.057559988080303784,1.7766427740694821,0.026738499145498737,0.3773216360453363,0.0003152031125412865,0.028779994040151892,0.22528199583942374,0.10962950153809689,0.0852079015182712,3.125e-05,,,,,,,,,
2525,-0.18279509101481006,1.2893005859020732,0.07006693434515793,1.7390713832880256,0.028771132179457638,0.4432699624769033,0.00036603413088105523,0.035033467172578964,0.18728387516189338,0.11502462755572965,0.08647690227431029,3.125e-05,,,,,,,,,
2526,-0.13218047960626617,1.1791816255555787,0.07012937383311778,1.7407083681419595,0.028620086185563973,0.4401060662492099,0.0003654386178579805,0.03506468691655889,0.13663766642553485,0.11502494999802264,0.08588708742430315,3.125e-05,,,,,,,,,
2527,-0.2655248567018842,1.3713463126997056,0.06670153658011399,1.7428538479930489,0.028561878735719255,0.3958124733490718,0.00035941307669138224,0.033350768290056995,0.2695373548729118,0.11481224931110799,0.08853963813113044,3.125e-05,,,,,,,,,
2528,-0.09888171288543143,1.1759855531700747,0.06999321331058009,1.7463599339943077,0.028988399410654654,0.4595144604417866,0.00039106958634696113,0.03499660665529004,0.10353322839170798,0.11516449106050958,0.08476882634868338,3.125e-05,,,,,,,,,
2529,-0.20582808778310152,1.3083935039488335,0.0617282515824252,1.7528037362243267,0.02842684731110775,0.43961021054680477,0.00031572889018519144,0.0308641257912126,0.21027573934062488,0.11416883917149634,0.08407537533145679,3.125e-05,,,,,,,,,
2530,-0.12144240514566801,1.2165840027834887,0.06681177448276977,1.7460318431717132,0.02910947004018511,0.4590203935063813,0.00036786679417757267,0.033405887241384886,0.12608715395434666,0.11547302464162049,0.08546556972151685,3.125e-05,,,,,,,,,
2531,-0.25308412852186946,1.4035586370886501,0.04659035252369701,1.7984876616624592,0.02587271902476736,0.36211416205428115,0.000239679566147657,0.023295176261848505,0.25674894699095224,0.10782352426457995,0.08266973809729261,3.125e-05,,,,,,,,,
2532,-0.15547244073130106,1.2382720839612804,0.07091304432104972,1.751269554943823,0.02806347481148718,0.4050014370250765,0.00040448525834198366,0.03545652216052486,0.15957946917184518,0.11332021260574662,0.08780731945800621,3.125e-05,,,,,,,,,
2533,-0.09259651041655294,1.1380896245610377,0.07794661242252451,1.7323361991938435,0.028187602326067415,0.4408723840844303,0.00041427313692967436,0.03897330621126226,0.09706567365696972,0.11291470585764063,0.08670379932419939,3.125e-05,,,,,,,,,
2534,-0.08253078212231066,1.2017274054446654,0.06633657043815813,1.7610482980040505,0.0282533533856694,0.45672189884735703,0.00036177692914033267,0.033168285219079066,0.08715239764827476,0.11321957515296399,0.08471612680235965,3.125e-05,,,,,,,,,
2535,-0.12729313401670977,1.209037735767422,0.06168311608196597,1.7671193810457488,0.026990398915376645,0.41827222265608666,0.00033939587723190624,0.030841558040982986,0.13152776295389437,0.10975301817677383,0.0845835161703549,3.125e-05,,,,,,,,,
2536,-0.1124064650050697,1.169596822353383,0.05535991263695762,1.7667958375229902,0.02858183911057085,0.4228537704346462,0.0002920779397777493,0.02767995631847881,0.11668327140350768,0.11457050101302674,0.08513945846465068,3.125e-05,,,,,,,,,
2537,-0.16921962126519466,1.2654991288087074,0.08074008399947707,1.708594428569041,0.029384425181697475,0.44517145344320364,0.00047053680187470007,0.04037004199973854,0.17373349715393083,0.11671274839616687,0.08831463170228847,3.125e-05,,,,,,,,,
2538,-0.16781044328315559,1.2316074042205516,0.07524362971776195,1.7401642071571977,0.02721760282211394,0.40316456810940454,0.0004119982166305399,0.03762181485888098,0.17190123240334643,0.11072324070054518,0.08689541459114218,3.125e-05,,,,,,,,,
2539,-0.13816443579763169,1.2302157346295681,0.0659947989774902,1.7542246807137643,0.02722646739068713,0.41640180006679134,0.00032384394587859234,0.0329973994887451,0.14238223188405424,0.11088763632924914,0.08449446171585,3.125e-05,,,,,,,,,
2540,-0.24750701041089795,1.3816342696026012,0.05411905034917888,1.7757114024290068,0.02752550043869228,0.3995908781834445,0.00027338689977957363,0.02705952517458944,0.2515504697009291,0.11174432176208744,0.08409944730211005,3.125e-05,,,,,,,,,
2541,-0.25323251700716987,1.3995943928741368,0.06030255041415124,1.7555389198539295,0.02825852248226112,0.40560921168072844,0.00031552781084253305,0.030151275207075626,0.2573394710664912,0.11417702056926807,0.08457620679024062,3.125e-05,,,,,,,,,
2542,-0.21932671656012376,1.3506960862979103,0.07225172631412788,1.7360046948681618,0.028282588895964748,0.4442348827882948,0.0003920811216076366,0.03612586315706394,0.22382647210932854,0.11402755866545791,0.08583280774535934,3.125e-05,,,,,,,,,
2543,-0.13717077401694755,1.1873505256559034,0.05267362071213172,1.7822634746606645,0.02609214865214168,0.3638302315152435,0.00028916580972242434,0.02633681035606586,0.14085612743529988,0.10863687270018799,0.08424650167656428,3.125e-05,,,,,,,,,
2544,-0.11789109092465985,1.2025801686888744,0.061034105534510656,1.7805640340881335,0.026008353475873845,0.37273070940257347,0.00033236741283643797,0.030517052767255328,0.12167004438592208,0.10786612354421975,0.0847204441379107,3.125e-05,,,,,,,,,
2545,-0.06536572416638393,1.122487688586523,0.0789056380113537,1.7287130621847273,0.02925119900017869,0.4595380844334852,0.0004422650537015573,0.03945281900567685,0.07002226761088333,0.11575913386761102,0.08731758294941035,3.125e-05,,,,,,,,,
2546,-0.10256525040747971,1.1984336760610417,0.07396440618124209,1.74078673401002,0.02793042249800939,0.43263135647588996,0.0004226040889609542,0.036982203090621044,0.10695018008355894,0.11293468511644006,0.08606196183763998,3.125e-05,,,,,,,,,
2547,-0.17795428492437768,1.2629456431164088,0.05395766936089018,1.787870795364724,0.026126885108352288,0.3626396717122681,0.0002983901075948506,0.02697883468044509,0.1816285230852104,0.10863020093645807,0.08427684460334517,3.125e-05,,,,,,,,,
2548,-0.12315215622165465,1.218062267182025,0.07358087280426527,1.7419291336323028,0.02686067450106696,0.4180938192168141,0.00044655850142002085,0.03679043640213264,0.12739176972657545,0.11020087252030186,0.08493348280583138,3.125e-05,,,,,,,,,
2549,-0.20548025489335292,1.2975276956614823,0.0668987531215329,1.7286338311366736,0.030745650244359875,0.42603919485839264,0.00039545689450862703,0.03344937656076645,0.20979533712575404,0.11998528366820507,0.09003237296858058,3.125e-05,,,,,,,,,
2550,-0.16651392441067048,1.2573943635764602,0.05822368363312541,1.7780779835751461,0.025861166603946377,0.36944399968407615,0.00034172953433176854,0.029111841816562706,0.17025867432450686,0.10807127064679214,0.08427971963260533,3.125e-05,-0.16673109695102534,1.282294980056822,0.17132526721895475,0.07189354774061928,1.7328465885697177,0.02917470677547046,0.4537042738710766,0.0003852289462622896,0.03594677387030963
2551,-0.1250040102365051,1.2006536314770297,0.06311183904939323,1.7561729237779689,0.028074037587284488,0.42575467653921495,0.0003370674343492493,0.031555919524696614,0.12931404532500324,0.11318112754750108,0.08531835483979347,3.125e-05,,,,,,,,,
2552,-0.1644475158203012,1.2641421638483945,0.05567645697958626,1.7886897438787661,0.02635872832879519,0.3834018349250756,0.00031418285842548655,0.027838228489793126,0.16833040112406478,0.1082872025099911,0.08470699611366889,3.125e-05,,,,,,,,,
2553,-0.31268379748369174,1.434256149933785,0.05043145072475694,1.7745278591394942,0.02792615312105936,0.35559795161143326,0.00026170282114499775,0.02521572536237847,0.3162853550319713,0.11339248564867155,0.08567943841681379,3.125e-05,,,,,,,,,
2554,-0.09602225037008175,1.1498883059039873,0.0686665327775342,1.7423153793808321,0.028747881691882846,0.44519463682730587,0.0003752343206087324,0.0343332663887671,0.10052970550174346,0.11506063136150181,0.086370660100588,3.125e-05,,,,,,,,,
2555,-0.17670902750068118,1.2723742979690797,0.078579145167224,1.7163040346658684,0.02826858689581325,0.44920738683725303,0.000414462653538242,0.039289572583612,0.18126169860851934,0.11394012387809183,0.08543795275895792,3.125e-05,,,,,,,,,
2556,-0.12265383612478575,1.1977864703634862,0.06896508967444372,1.741962487359194,0.02902734866192993,0.4445904591853723,0.0003716807542256029,0.03448254483722186,0.12715535969389252,0.11635169522017683,0.08538244264140557,3.125e-05,,,,,,,,,
2557,-0.1101785755907407,1.227069262944823,0.08478340845268152,1.713844690733433,0.02824271464549491,0.447446064477652,0.00045779187150639004,0.04239170422634077,0.11471714430536596,0.11360880649208588,0.08679191571334602,3.125e-05,,,,,,,,,
2558,-0.14878961963769033,1.2562373040947579,0.07167335382079008,1.735701695967146,0.028620210657252114,0.4566200165316626,0.00039434290742252487,0.03583667691039504,0.15341295692595125,0.1145043489220117,0.08482914936072722,3.125e-05,,,,,,,,,
2559,-0.09625749031604364,1.1871864590369303,0.07608248761947065,1.7307930272846472,0.027513739663470208,0.4292773590406639,0.0004112356982193181,0.03804124380973532,0.10060972543751506,0.11191143355795721,0.08640620937663496,3.125e-05,,,,,,,,,
2560,-0.14563323396124878,1.2189648430444922,0.06943835092692582,1.7466526620227727,0.027990010379237446,0.43707774285709033,0.00039490985196230304,0.03471917546346291,0.15006014619042302,0.11329581513793116,0.08482039082124665,3.125e-05,,,,,,,,,
2561,-0.16017816960999337,1.2577996222877692,0.055864122523867445,1.7803078162699923,0.026969754139415457,0.4096221875313699,0.0003130960876644289,0.027932061261933722,0.16432325758560834,0.11014103951042467,0.08323899216836861,3.125e-05,,,,,,,,,
2562,-0.11510701314347396,1.1626549657234246,0.0704602829015368,1.7532375272401717,0.02745285553793693,0.41666312973636366,0.00036125851176783394,0.0352301414507684,0.11933001954267844,0.11169451883723419,0.08520328029594502,3.125e-05,,,,,,,,,
2563,-0.17176861409790478,1.2823995773772874,0.07433911711356797,1.746013758376773,0.027172441960829064,0.39584565128795357,0.00039968921144986516,0.03716955855678399,0.17578569719903936,0.11150871784456348,0.08610353831929567,3.125e-05,,,,,,,,,
2564,-0.11790300436244078,1.2025055645134881,0.06390831850728151,1.7588210083242366,0.02758607560618164,0.39608200191438336,0.0003629319716322467,0.03195415925364076,0.12191699607063783,0.11201300687173385,0.08483514177298083,3.125e-05,,,,,,,,,
2565,-0.17130403269687983,1.2686944151976967,0.05804667994533266,1.7843747920126842,0.025857119775650014,0.36393656984513734,0.0003372878608745299,0.02902333997266633,0.17499363836183277,0.10747635918612806,0.0850155921126229,3.125e-05,,,,,,,,,
2566,-0.1787927339150956,1.2558493361961673,0.057068923461707124,1.7697630265543758,0.02654598414587932,0.3728427735543214,0.0003142293572144547,0.028534461730853562,0.18257053603620738,0.11004079285335455,0.08392508336099794,3.125e-05,,,,,,,,,
2567,-0.18855844875260427,1.293196849546831,0.060515657501329305,1.7736561085093943,0.025974388001021927,0.37338227439301247,0.0003353977073136796,0.030257828750664652,0.19234361986344334,0.10848813791288275,0.08408334556913721,3.125e-05,,,,,,,,,
2568,-0.1669608280115591,1.2435324321017767,0.06768271148425173,1.7458494687046695,0.028438509179646437,0.43720710839997834,0.0003464810729147709,0.03384135574212586,0.1713876637567172,0.11450787027355683,0.08550439807838967,3.125e-05,,,,,,,,,
2569,-0.25214725841076246,1.367480035256066,0.060083505703415876,1.761971733690661,0.026880702764933234,0.37348711379058536,0.00033977989416332055,0.030041752851707938,0.2559331888177986,0.11081016304936826,0.08526608046497662,3.125e-05,,,,,,,,,
2570,-0.19170433575832796,1.2799839092204417,0.06427061006891834,1.7509253225741437,0.029146372457447615,0.43038665059517106,0.00038622610377295343,0.03213530503445916,0.19606170908357762,0.11639698665211415,0.08511685323552404,3.125e-05,,,,,,,,,
2571,-0.1785355528160476,1.2668206513485576,0.05730073571183696,1.7695090560374833,0.02638430115779767,0.3885228330747324,0.0002900502815071514,0.02865036785591848,0.1824700271080263,0.10923029990280089,0.08284995534621264,3.125e-05,,,,,,,,,
2572,-0.1527770556315478,1.2545427844615409,0.0709253769024008,1.7449387312526505,0.0268572855974204,0.4226102606521237,0.000376690360073601,0.0354626884512004,0.15705983721743352,0.11038377710368348,0.08461828309689323,3.125e-05,,,,,,,,,
2573,-0.19915730334544482,1.3075150039100616,0.058234729732884426,1.7773504315149249,0.026090737853317454,0.37123056322096637,0.00033135371496476333,0.02911736486644221,0.20291981338398568,0.10841989685772756,0.08390723112625953,3.125e-05,,,,,,,,,
2574,-0.23611314165952213,1.3451525151965824,0.05152355649169035,1.7824211318214485,0.026309420660302424,0.35263528132070576,0.000281675812185533,0.025761778245845177,0.2396858972204151,0.10964380118705663,0.0846036046188885,3.125e-05,,,,,,,,,
2575,-0.1483370198536437,1.2131374195166198,0.06838336557602791,1.7460584722260837,0.029129496257406868,0.4543964265415968,0.000427982383610802,0.034191682788013954,0.15293691621040606,0.11633332494394738,0.0846864290943625,3.125e-05,,,,,,,,,
2576,-0.20758597409781104,1.3087849729354821,0.06282910017287983,1.7729428899918553,0.025827574103560222,0.3693715986390594,0.00031094161650779036,0.03141455008643992,0.21133194347935308,0.10807162672675867,0.08506175859546594,3.125e-05,,,,,,,,,
2577,-0.053001040907609695,1.1096240149808518,0.09323755094224624,1.6927687803163316,0.028514570067306712,0.4703943639496351,0.0005158875698503213,0.04661877547112312,0.05777368988607883,0.11463976836206624,0.08758650509196567,3.125e-05,,,,,,,,,
2578,-0.011883308564674937,1.0662477863837725,0.07352555818964421,1.754698442848757,0.02797664315471864,0.4356546359767287,0.0004276190657663885,0.036762779094822104,0.016298440878623185,0.11253717888156896,0.08605716174849301,3.125e-05,,,,,,,,,
2579,-0.2909669338433074,1.39802023142365,0.05122030872582645,1.780652499840958,0.02657768039353205,0.36909891744194423,0.00026604135055726953,0.025610154362913223,0.2947040001105937,0.11057468590245978,0.08310130732264454,3.125e-05,,,,,,,,,
2580,-0.1768705138286239,1.2681601409867802,0.051641882136897944,1.7919766794109746,0.025078280277153624,0.34853544243886725,0.0002840076799654251,0.025820941068448972,0.18040244903767477,0.10633472953175087,0.08305285474776644,3.125e-05,,,,,,,,,
2581,-0.13622599459471615,1.2050201164460264,0.0551811022915388,1.7852695957098972,0.025533712449818505,0.35261851603891436,0.0002846845808736467,0.0275905511457694,0.13980046984801692,0.10734863107842729,0.08420326111456258,3.125e-05,,,,,,,,,
2582,-0.21218932664087892,1.2930581742540634,0.0737662105383913,1.723241873115425,0.028969658562472557,0.44429469581860376,0.0004244795061666609,0.03688310526919565,0.21669063391812698,0.11615582417951922,0.0855468196479127,3.125e-05,,,,,,,,,
2583,-0.27383578302848854,1.3763513551408848,0.056099478289018935,1.780958172485961,0.02528001212640824,0.35342105848196925,0.0003090331688951508,0.028049739144509464,0.2774189432658665,0.10708313958460514,0.08327033261053535,3.125e-05,,,,,,,,,
2584,-0.08846695390717417,1.154351471019775,0.07726437465892243,1.7301377325052751,0.03107232994150174,0.46380356872647266,0.000434468986066846,0.03863218732946121,0.0931652678489541,0.1204961642607949,0.08941371076011925,3.125e-05,,,,,,,,,
2585,-0.09408906225184895,1.1623609361663236,0.0648203472991856,1.764501115304999,0.027031059131799456,0.4037105056872047,0.0003617976983842782,0.0324101736495928,0.09817984047050748,0.11072166161853854,0.08548387893029091,3.125e-05,,,,,,,,,
2586,-0.15483070308100974,1.231982852797763,0.07169172805581184,1.7445660060067767,0.027458435585784514,0.39278598775078233,0.00042516138307631456,0.03584586402790592,0.15881610609643626,0.11206307061127033,0.0868507942228024,3.125e-05,,,,,,,,,
2587,-0.11232854386900677,1.2025965799511773,0.07285188109878256,1.7390172377950235,0.027857876791296452,0.4226278931284031,0.0003783938231245233,0.03642594054939127,0.11661242285144939,0.1133653560947688,0.08654336259922038,3.125e-05,,,,,,,,,
2588,-0.16035456011462298,1.2625907112082813,0.06394481753194303,1.7604169062913027,0.027286638208286213,0.4352785084930846,0.00033541291227856085,0.031972408765971516,0.16476027590650555,0.11119958196044451,0.08242903046836572,3.125e-05,,,,,,,,,
2589,-0.15892830879574393,1.2666942255055074,0.07101565931893483,1.7420916810828613,0.028072760401427907,0.4147293737341666,0.00039247566474237214,0.035507829659467416,0.16313245603620335,0.1133730179767729,0.08609597082261318,3.125e-05,,,,,,,,,
2590,-0.20160745458673837,1.2866605553076165,0.05916248965211824,1.765412925237725,0.027500535173526824,0.3997484006722588,0.00031515782530891327,0.02958124482605912,0.2056553255457925,0.11227543758065671,0.08448867031291264,3.125e-05,,,,,,,,,
2591,-0.06615882185503062,1.128684403704905,0.08297869245771085,1.7137403613098654,0.029458959064462286,0.47501440506304765,0.0005025773146955879,0.041489346228855424,0.07097261842865002,0.11653597788714995,0.0871035533866315,3.125e-05,,,,,,,,,
2592,-0.13347213012638842,1.2336037373638258,0.0648417083350412,1.7604317477091285,0.026499535810784222,0.40164757033739906,0.0003297780368416058,0.0324208541675206,0.13754192878177543,0.10884666325905343,0.0839058039879944,3.125e-05,,,,,,,,,
2593,-0.11351984083081595,1.1860013815589294,0.05347788070292513,1.79788445848974,0.0258743667043021,0.3627157958436335,0.0002748919505332105,0.026738940351462567,0.117194465493694,0.10771272047349684,0.08383313454028071,3.125e-05,,,,,,,,,
2594,-0.17915164223875757,1.2623275298578887,0.06317561591131299,1.765568658178939,0.02720930967632306,0.38971008348082703,0.0003580987455185276,0.031587807955656494,0.18310156755555845,0.11131892375080493,0.08490378141487628,3.125e-05,,,,,,,,,
2595,-0.1629243141495918,1.2567489914615804,0.06980146428056812,1.7380325217853225,0.029098681389178142,0.44264579319575736,0.00037250336466626045,0.03490073214028406,0.16740677817255417,0.11614478481759383,0.08683186636443234,3.125e-05,,,,,,,,,
2596,-0.12467428199021348,1.2078963508268603,0.07781358532310624,1.7232547335642827,0.029036681015993937,0.44319068342444723,0.0004199261142947212,0.03890679266155312,0.1291665274255981,0.11577339182981128,0.08731581076293526,3.125e-05,,,,,,,,,
2597,-0.09851610568312846,1.1753922986650458,0.0734779410533775,1.736958395636874,0.028230713507741177,0.44691035662073075,0.00041538093894659964,0.03673897052668875,0.10304347161320829,0.1135925750919059,0.08508542799120458,3.125e-05,,,,,,,,,
2598,-0.33666812373313015,1.5108331501720857,0.04473377453015983,1.7908006866991102,0.026461381339620123,0.33967079478944373,0.00023799312554743625,0.02236688726507991,0.3401074865064121,0.11008003004682579,0.08434431927000516,3.125e-05,,,,,,,,,
2599,-0.10703637773458241,1.1795642357720875,0.07400433758022615,1.7386416974789487,0.0281499065319014,0.4449372496438422,0.00042712630722952817,0.037002168790113074,0.11154441007985805,0.11343534303214481,0.0858570662497207,3.125e-05,,,,,,,,,
2600,-0.14085607348520493,1.2665400217268585,0.07138591882792059,1.73210769258738,0.02813117941378606,0.4436174967485329,0.00038267805619028193,0.03569295941396029,0.14534908926959195,0.11380294168452534,0.08518416048627218,3.125e-05,-0.16667305403366947,1.2822693340846198,0.17122190182413416,0.0719688359644866,1.7334903116463973,0.028973296121595084,0.4491672279531176,0.0003856189834808199,0.03598441798224329
2601,-0.15266975417755052,1.238949457712684,0.07747506432763526,1.716992473173372,0.03006847399734217,0.4936850223570359,0.0004447628162242007,0.03873753216381763,0.15766695948617868,0.11818682281539566,0.08579011846226095,3.125e-05,,,,,,,,,
2602,-0.10161668062393062,1.1922404131766493,0.0911575903044406,1.6871125628848551,0.02943751900327715,0.4800685712386972,0.0005208071291138169,0.04557879515222029,0.1064850243283898,0.11716185348440256,0.08818070780535561,3.125e-05,,,,,,,,,
2603,-0.16532691325637627,1.2500925197307269,0.06040408324495902,1.7544236654446155,0.029760594639290972,0.45472360095565467,0.000305762819921924,0.03020204162247951,0.16992495317240897,0.11770933306717896,0.084584306208057,3.125e-05,,,,,,,,,
2604,-0.1447375272573011,1.234137146668858,0.06934194098837315,1.751186543842338,0.02711333966321678,0.41592301644692165,0.00033723008087208127,0.03467097049418657,0.14895231255851166,0.11098918850286567,0.08483883935234102,3.125e-05,,,,,,,,,
2605,-0.13507188278352925,1.1979200026768293,0.05769457734866036,1.7733974950017188,0.027130614973452673,0.401853897788382,0.00029038689051986483,0.02884728867433018,0.13913990689394262,0.11113209783930564,0.08447383842601863,3.125e-05,,,,,,,,,
2606,-0.11145726447122131,1.2134950344820392,0.08607210421015918,1.709213304940044,0.029188895433427387,0.4683464324487361,0.0005110902506000885,0.04303605210507959,0.11620596788336914,0.11637320839817247,0.08689839505116098,3.125e-05,,,,,,,,,
2607,-0.11518080499859078,1.199145489804376,0.07059606378140067,1.7373716747281034,0.028629824070994868,0.43726343537939516,0.00039227976347828,0.035298031890700333,0.1196100338986575,0.11485871817887337,0.08656972164361192,3.125e-05,,,,,,,,,
2608,-0.2368561230342652,1.3381221201139608,0.058734466038478664,1.748621353697364,0.029141263489444215,0.42093186056277043,0.00032779751315382597,0.029367233019239332,0.24111557306158063,0.11655960109780307,0.08655158682865943,3.125e-05,,,,,,,,,
2609,-0.022436895767434385,1.0830147110396975,0.07513937269146793,1.7240630150974523,0.031283830385959666,0.5001312890210653,0.00044272480504932833,0.03756968634573397,0.027497446222192246,0.1205055997358283,0.0871792879873463,3.125e-05,,,,,,,,,
2610,-0.2217523954003959,1.2955767453387887,0.052278726230346344,1.7716725548901684,0.028212139753303916,0.3946818050955631,0.0003073489883036142,0.026139363115173172,0.22574614302989865,0.1141702883310452,0.08514386781612432,3.125e-05,,,,,,,,,
2611,-0.0970611131798425,1.1877687752757193,0.07772916069239968,1.7236021132275838,0.029107546619599165,0.4654716099313772,0.00045084145851887034,0.03886458034619984,0.10177643829521996,0.11574160949225415,0.0860398708314319,3.125e-05,,,,,,,,,
2612,-0.08729400934072973,1.1199152300346567,0.08071766766549066,1.7141654705598426,0.030417702477744633,0.4934913547984444,0.0004489582292197203,0.04035883383274533,0.09229091295954471,0.1192683614863234,0.08626415541504667,3.125e-05,,,,,,,,,
2613,-0.11109300775503039,1.1832664256876508,0.06935026745862982,1.745546640808687,0.028488284161427305,0.43094973096598,0.0003955296601067185,0.03467513372931491,0.11545859096142866,0.11418067661724254,0.08624935480663248,3.125e-05,,,,,,,,,
2614,-0.10525405674109618,1.1945712773272394,0.07199822487529911,1.7448527965636593,0.026846066066053012,0.42877720817356013,0.00037134648456038606,0.035999112437649555,0.1095989899280807,0.10975818691277772,0.08394054510808924,3.125e-05,,,,,,,,,
2615,-0.1716853481049888,1.26543288954945,0.0743306965505132,1.7284391613816559,0.028544267194397024,0.44152769786830504,0.00039516577701663013,0.037165348275256596,0.17615902648133103,0.11510182964236534,0.08612977877255512,3.125e-05,,,,,,,,,
2616,-0.06572740038461551,1.1294457295552476,0.06125869510816283,1.7723889536536412,0.026942205074294026,0.3945671983205372,0.00032366649045398126,0.030629347554081414,0.06972466226981601,0.1097435173006542,0.08577985116009802,3.125e-05,,,,,,,,,
2617,-0.3424297160196311,1.5066266447375705,0.04621758740783173,1.779613984800566,0.0276905641634245,0.3819308123741191,0.0002645891805662193,0.023108793703915866,0.3462925749687299,0.11345644290861426,0.08358047141128844,3.125e-05,,,,,,,,,
2618,-0.1611735115547687,1.2475455472883508,0.06275294804419487,1.7518426257729667,0.02783329010656201,0.4135303064342176,0.0003576141000967696,0.031376474022097436,0.16536128566039165,0.11333745345476179,0.08422680037032718,3.125e-05,,,,,,,,,
2619,-0.1534405761862923,1.2529341777081098,0.06865043121341934,1.758230991406567,0.02627677196295594,0.36741637727772414,0.00037409167335286154,0.03432521560670967,0.15717038840132386,0.10898224552709132,0.08702701807834354,3.125e-05,,,,,,,,,
2620,-0.2033847128365021,1.3247789667375924,0.07967787940662292,1.7170745001530305,0.029627707971057966,0.4565971864751898,0.00045099144474570064,0.03983893970331146,0.20801220430040634,0.11756685598769598,0.08686079863823033,3.125e-05,,,,,,,,,
2621,-0.0967601977033106,1.1560221122672334,0.07543596434490488,1.7205213306300249,0.028952241257985793,0.4631405658590082,0.0004373539975207883,0.03771798217245244,0.10145090009735462,0.11609873544685326,0.0857982773031307,3.125e-05,,,,,,,,,
2622,-0.1081660123288982,1.1679817341519867,0.06779436748424814,1.7572242290168412,0.027483050803761427,0.40327672391534625,0.0003909821770459246,0.03389718374212407,0.1122541588158544,0.11156973820122393,0.08637236956252438,3.125e-05,,,,,,,,,
2623,-0.15409060948097716,1.2416834629653934,0.048179815755512556,1.8138111988129555,0.02470952673523131,0.33952625736897674,0.00025947090814904266,0.024089907877756278,0.1575306947836143,0.10448708197001319,0.08308833719592759,3.125e-05,,,,,,,,,
2624,-0.15153815907683632,1.249036223762677,0.06309404970829487,1.7623911609410812,0.02730580670424931,0.4039204167346679,0.0003127187118090284,0.03154702485414743,0.15562966136776465,0.11116296937626181,0.08461778072090376,3.125e-05,,,,,,,,,
2625,-0.07322658750705868,1.1434236867684016,0.0722442070981675,1.748629111130839,0.0278059702048411,0.42213216637391926,0.00043248384542146406,0.03612210354908375,0.07750584240391248,0.11225900098554077,0.08620685288246807,3.125e-05,,,,,,,,,
2626,-0.01261970863174669,1.1105831044952008,0.08397503992446326,1.714107447966494,0.029741437590792338,0.4954151498947513,0.0004910145139694419,0.04198751996223163,0.01763789887027582,0.11747732238619304,0.08685583623727747,3.125e-05,,,,,,,,,
2627,-0.1778899516050228,1.273656882183786,0.04944069765237101,1.7848093102945435,0.026320377725889563,0.3831271906664707,0.0002583901130683534,0.024720348826185505,0.18176637585474736,0.10862127817753944,0.08332198446363392,3.125e-05,,,,,,,,,
2628,-0.28751329942501247,1.402042551107786,0.06016878553061587,1.7647438354884597,0.025976806092057037,0.3475890461941016,0.0003331826781580488,0.030084392765307937,0.2910402535448553,0.1093956068828153,0.08582317014995022,3.125e-05,,,,,,,,,
2629,-0.1366340258714349,1.2393854876387655,0.05466789279478474,1.7708812611292672,0.028879417516324488,0.44945901983362435,0.00029385213628733617,0.027333946397392367,0.1411765973501427,0.11536543997037843,0.08333944843071905,3.125e-05,,,,,,,,,
2630,-0.244722279379652,1.3606637058628126,0.0640934885187027,1.759516080281175,0.02630533851538579,0.3743571282120343,0.0003886390946170302,0.03204674425935135,0.24851937895778065,0.10953139499296269,0.08448808746592859,3.125e-05,,,,,,,,,
2631,-0.165099624816401,1.228774241662995,0.06285267328287494,1.7702051096845293,0.025661951508709445,0.3657527081540742,0.0003527555425373694,0.03142633664143747,0.1688098078411054,0.10780185304301404,0.0851763147904254,3.125e-05,,,,,,,,,
2632,-0.10725843645215369,1.1871864907038803,0.06711485548789639,1.7511349624619466,0.02721401907981736,0.40257771675145365,0.0003904782381432844,0.033557427743948195,0.11133918717941821,0.11097221109495974,0.08561520988985989,3.125e-05,,,,,,,,,
2633,-0.10014078048955029,1.1786502488702137,0.06201794826228233,1.7809874385914313,0.026621592942893783,0.410880282973315,0.00035649337426766476,0.031008974131141166,0.10430196710154316,0.10923616063948073,0.08401834164053124,3.125e-05,,,,,,,,,
2634,-0.07315024335567208,1.1328559780366216,0.075235407663275,1.727815026154327,0.028961792231496385,0.4489291181257479,0.0004258655157352609,0.0376177038316375,0.07769868904618007,0.11552595912912575,0.08716419281820073,3.125e-05,,,,,,,,,
2635,-0.22241353751599888,1.323042619984371,0.05918042174667065,1.7747403655905978,0.025574497616328105,0.36049102338428224,0.00034874572186293013,0.029590210873335326,0.22606927282158962,0.10781933145203354,0.08426324551074846,3.125e-05,,,,,,,,,
2636,-0.2345609715022804,1.345929746904609,0.05709450917628987,1.7729144184873586,0.02695917982417527,0.35970007076073374,0.00030098090828131486,0.028547254588144937,0.2382072584177436,0.11063170291735394,0.08659932588000738,3.125e-05,,,,,,,,,
2637,-0.13625170647498336,1.2076329652939317,0.08219444769526053,1.7057846236570575,0.031153410557284544,0.49448328206411607,0.0004598128087264479,0.04109722384763026,0.14125929249379598,0.12133190711404024,0.08713487183630983,3.125e-05,,,,,,,,,
2638,-0.057099685019998375,1.1072232634049077,0.07125540819916837,1.7573022590361633,0.027504028985277384,0.4099504571170183,0.00039626215713764614,0.035627704099584184,0.06125635293942987,0.11171387264344956,0.08561741733268063,3.125e-05,,,,,,,,,
2639,-0.13759672271585432,1.2098418083041849,0.07620509863468053,1.7144257309406092,0.030042147737507886,0.46509448253144114,0.0004392508473150925,0.038102549317340265,0.14230730685626863,0.11862490205417253,0.08565361892819198,3.125e-05,,,,,,,,,
2640,-0.25305150724590886,1.3694462666032654,0.059019638961723776,1.7653346236346543,0.02709425611723619,0.3700668560149483,0.0002974264097223747,0.029509819480861888,0.25680231323587277,0.11155215611975465,0.08546266807371675,3.125e-05,,,,,,,,,
2641,-0.19784689630163318,1.2931337450209632,0.05401878936118533,1.7797864136914308,0.026933410587411385,0.3847200395457337,0.00029613313455335096,0.027009394680592665,0.20174186528725357,0.11084733699251054,0.08405555669367415,3.125e-05,,,,,,,,,
2642,-0.114048932183231,1.2176761059915115,0.06968487608202349,1.7358120385161797,0.030199797106394533,0.48768879789714165,0.00037552540546769667,0.034842438041011746,0.11898177597468326,0.11852650396661595,0.08534983136585511,3.125e-05,,,,,,,,,
2643,-0.18741416779252162,1.3131311241964299,0.0605882751657357,1.7732724235041535,0.02613760975675877,0.3734533055106837,0.0003405706268878704,0.03029413758286785,0.19120013341571526,0.10811117733857474,0.08437991015763235,3.125e-05,,,,,,,,,
2644,-0.20131740990760535,1.3113219817776163,0.06514997967111952,1.7465419856521522,0.028699631301397036,0.4237785908969227,0.00032894820906471814,0.03257498983555976,0.20560852570835733,0.1151525490371399,0.0860907765381764,3.125e-05,,,,,,,,,
2645,-0.29224082227814024,1.419950229155965,0.06326439249782821,1.7281631507216353,0.03015548067023474,0.45360628695436894,0.0003526452749833556,0.031632196248914106,0.2968293254281899,0.11986907245008094,0.08490410755081773,3.125e-05,,,,,,,,,
2646,-0.04731942052975826,1.1480912449635876,0.08684618065623693,1.695848054802092,0.030476824587351674,0.5257288124252005,0.00049961657325013,0.04342309032811847,0.05264208639061892,0.11934551673647872,0.08715094907902923,3.125e-05,,,,,,,,,
2647,-0.25336249132805294,1.3621271840766158,0.06098444845770126,1.7410546847680026,0.029314535466239473,0.4114403750314962,0.00034361095716598595,0.03049222422885063,0.2575282339590161,0.11741320542600733,0.08702045560116034,3.125e-05,,,,,,,,,
2648,-0.19024143582502323,1.2648482881513083,0.0719535406369814,1.7321242548801443,0.029892739614046607,0.4546380932010241,0.000402591286553205,0.0359767703184907,0.19484514068276626,0.11849157833952526,0.0864028349106746,3.125e-05,,,,,,,,,
2649,-0.165342098698886,1.2599238531571566,0.05456024910535602,1.7744368539532478,0.028058751440771704,0.4080769392247594,0.0002906192793771808,0.02728012455267801,0.16947079877701957,0.11337987832842733,0.08346096828966085,3.125e-05,,,,,,,,,
2650,-0.2035111426541406,1.2819291797179146,0.045578421901332766,1.8024253285431575,0.02604039429966764,0.35882631555085376,0.0002555680727770477,0.022789210950666383,0.207142774954613,0.10787590484638421,0.08366161892434655,3.125e-05,-0.16710039391035977,1.282540429138217,0.1717762646206934,0.07178342035393345,1.7309022103804295,0.029523754857731115,0.4618826563795031,0.0003843414257763823,0.035891710176966726
2651,-0.14126186228600518,1.196438985387408,0.0689900300066155,1.74257454262652,0.029138402658613956,0.4387190350207454,0.0003990432627948554,0.03449501500330775,0.14570496382927017,0.11612500364467898,0.08620805162247022,3.125e-05,,,,,,,,,
2652,-0.23061010429690487,1.3464202718815965,0.05154517836684287,1.7855301294833068,0.027375339491377767,0.3887878872478112,0.00026753066008856127,0.025772589183421436,0.23454428636646213,0.11148943980191187,0.08445251243227961,3.125e-05,,,,,,,,,
2653,-0.050548404930636885,1.1164642706797316,0.06411048253239729,1.7518355723836065,0.028857527038349408,0.4522567614725327,0.000358844031715077,0.03205524126619865,0.05512413458266939,0.11481413780640054,0.08476004180868438,3.125e-05,,,,,,,,,
2654,-0.23822449707959767,1.336904301328554,0.06376024356434024,1.7429294881823139,0.029302817871722064,0.4158544920766486,0.0003542285049300918,0.03188012178217012,0.24243589370207747,0.11720708036037442,0.08698526391127603,3.125e-05,,,,,,,,,
2655,-0.18027209074567102,1.2631600124631934,0.05699362137287685,1.7660579057173598,0.029038220236408195,0.431012000544182,0.00031692015071458886,0.028496810686438424,0.1846315373423636,0.11548159348289627,0.08483312867913481,3.125e-05,,,,,,,,,
2656,-0.06406116618348298,1.1325777923998857,0.0689390813361729,1.7440947318338613,0.02877613716505461,0.44592118710386003,0.0003665199294750793,0.034469540668086454,0.06857595374180278,0.11507200375073434,0.08531344739671634,3.125e-05,,,,,,,,,
2657,-0.19915171713398874,1.2961665915289209,0.0778540472999706,1.71918499369309,0.028937826153327215,0.41465102066310844,0.00042656528818048106,0.03892702364998531,0.20335861186708853,0.11606625763022135,0.08810443523243836,3.125e-05,,,,,,,,,
2658,-0.21354768611182268,1.3048017435986194,0.05208037611324252,1.7838668164413822,0.02658288071566627,0.37743968330714583,0.0002802396215048971,0.02604018805662126,0.2173687641973302,0.10951186889609264,0.08370367658323057,3.125e-05,,,,,,,,,
2659,-0.10147984593003877,1.1916290392389133,0.06646833342071873,1.7561275408885908,0.0279080877813195,0.4222845308365383,0.00039671332832632124,0.033234166710359364,0.10575745381380668,0.11279693355541236,0.08605303615111601,3.125e-05,,,,,,,,,
2660,-0.2041363122438195,1.2755279799173107,0.059468791461024934,1.750250182241823,0.029683200200645236,0.44749195216961607,0.0003178623624769859,0.029734395730512467,0.20866164728669334,0.11791386179111141,0.08470285220558656,3.125e-05,,,,,,,,,
2661,-0.20162693021116104,1.2857781009419038,0.05474753867053158,1.781899859180132,0.02659416074970777,0.37159044318209905,0.0002900148620708304,0.02737376933526579,0.20539092755952978,0.10959911511233576,0.08435268766736435,3.125e-05,,,,,,,,,
2662,-0.13538123797729967,1.2566169789309758,0.06540543623869405,1.7549947415780567,0.028111951442037608,0.43563928411179964,0.00037100804271646246,0.03270271811934703,0.13979159356437992,0.11301142142348344,0.08524197450687206,3.125e-05,,,,,,,,,
2663,-0.16462976462434212,1.2847604967482316,0.06232170344515385,1.7429249162668765,0.030912451604923074,0.48490972337189997,0.00034065342925819134,0.031160851722576925,0.16953085849323896,0.12029380993323192,0.08593368299876918,3.125e-05,,,,,,,,,
2664,-0.08480245844424099,1.165618560780801,0.0681535160953751,1.7485312486060431,0.02869094384527776,0.4512498117029853,0.0003932177486820936,0.034076758047687554,0.08937045080929142,0.1151130183307979,0.08505181828041534,3.125e-05,,,,,,,,,
2665,-0.20379718915593167,1.3294382371555502,0.06927780977330254,1.7350377657927245,0.03007912325018918,0.4574916758243886,0.000384792708735761,0.03463890488665127,0.20842794312380747,0.11855732700728253,0.08580038439138105,3.125e-05,,,,,,,,,
2666,-0.1965661438743616,1.2884353241839375,0.06378631029918,1.756760957553462,0.027112995689012855,0.4061999502133248,0.00035279394862746543,0.03189315514959,0.20068113208070623,0.11125839677181912,0.08471563934936421,3.125e-05,,,,,,,,,
2667,-0.18091500961859125,1.3429304476281483,0.05727311040479237,1.763181423645856,0.02809407421894466,0.4309842654693987,0.0003025804115994075,0.028636555202396184,0.1852741464468401,0.11347573172979095,0.08373454556581568,3.125e-05,,,,,,,,,
2668,-0.19211196910615247,1.272507201742829,0.05376151275381094,1.7768844914631998,0.027901383882426967,0.40830588887205493,0.0002940386008324923,0.026880756376905474,0.19624261798217288,0.11341406276026342,0.08337558656665221,3.125e-05,,,,,,,,,
2669,-0.10046600320475046,1.19796803756865,0.0952403170511723,1.6731716457746528,0.03064512882248243,0.49822231554260277,0.0005435423955047062,0.04762015852558615,0.1055180136591149,0.11986977491525143,0.08750423028966145,3.125e-05,,,,,,,,,
2670,-0.26822921426684343,1.3907504597615623,0.05591019958900212,1.7575146372442387,0.02895906517749928,0.44413616491645647,0.0002985034975577789,0.02795509979450106,0.27271909119715054,0.11627768952149496,0.08344844803076668,3.125e-05,,,,,,,,,
2671,-0.18411724485183315,1.3192970176128387,0.05881388846420019,1.7780605600892256,0.026044447951999956,0.3665183257989966,0.00033260019006990725,0.029406944232100097,0.18783294166155678,0.10801697646935544,0.08437031068302622,3.125e-05,,,,,,,,,
2672,-0.0845792151272855,1.177617259088318,0.07287754452331194,1.7436270696537242,0.027948955870776764,0.44013638840769137,0.0003803699918725234,0.03643877226165597,0.08903825775423932,0.11241076184789527,0.08613903942389214,3.125e-05,,,,,,,,,
2673,-0.24424245877062806,1.3417619039473763,0.07075615452037974,1.7190229101749368,0.03055982464407476,0.46362210799962583,0.00039262173824239805,0.03537807726018987,0.2489351743743687,0.1202721192627056,0.08689123436088612,3.125e-05,,,,,,,,,
2674,-0.13154700371759426,1.210643336332562,0.06318020830960017,1.7608895876509096,0.02786031473400952,0.4151879737403076,0.00037946223955390124,0.03159010415480008,0.1357518770774242,0.11234615533524936,0.08457618592518326,3.125e-05,,,,,,,,,
2675,-0.0627982522301814,1.121978294872557,0.08664207885218335,1.705142186484624,0.031611318931235366,0.49136311854094095,0.0004971614815219933,0.043321039426091675,0.06777722749169697,0.121926919231477,0.08860618000806099,3.125e-05,,,,,,,,,
2676,-0.12231562727072727,1.1910135479002464,0.05996962532412742,1.7585431510985945,0.028027469618804125,0.4204740359107,0.0003163649858773931,0.02998481266206371,0.12657110152386608,0.1130887079178436,0.08465333085235215,3.125e-05,,,,,,,,,
2677,-0.19462356158933286,1.2738097105031225,0.07039343594503364,1.7240584595927997,0.030581838751051714,0.4748545531520793,0.0003650218471646603,0.03519671797251682,0.19942819464189376,0.12023793819038213,0.08730256924126598,3.125e-05,,,,,,,,,
2678,-0.20101408071811952,1.325515613498002,0.06589825187182743,1.741266096293192,0.02885695487996276,0.440577669062745,0.00036227979410225007,0.03294912593591372,0.20547384199358684,0.11551305597410273,0.08564832928434342,3.125e-05,,,,,,,,,
2679,-0.22545625016565385,1.3434788297784603,0.06288465145222158,1.743826644672087,0.02897474621435775,0.41772089445162336,0.0003092915633294034,0.03144232572611079,0.2296854326179762,0.11561551236362438,0.08634326239826123,3.125e-05,,,,,,,,,
2680,-0.25370605747217645,1.356549920733891,0.0634757901206896,1.7490088557990182,0.027659860079716676,0.3980145926018369,0.0003265158308322225,0.0317378950603448,0.2577386965401215,0.11271368252747355,0.08610708206038704,3.125e-05,,,,,,,,,
2681,-0.11968254915801935,1.1995201184206616,0.06873007634868396,1.7525805990120642,0.027327670844106713,0.4134326903350749,0.00039164463102382376,0.03436503817434198,0.1238726833518448,0.11125289678789703,0.08580259082996607,3.125e-05,,,,,,,,,
2682,-0.17603030738113762,1.258089458929072,0.058047362784193146,1.771665058483623,0.026704979921703134,0.39189997413130895,0.0003403861865289671,0.02902368139209657,0.1799994513162929,0.10944129052192011,0.08444173444528993,3.125e-05,,,,,,,,,
2683,-0.2829302996459097,1.4670160000667183,0.04016971201882674,1.805407894372294,0.026300214760107396,0.36920445199799845,0.00023614260589455195,0.02008485600941337,0.28666284452690177,0.10894284895644621,0.08255274327240576,3.125e-05,,,,,,,,,
2684,-0.1659980365143483,1.2443528930563272,0.054498891053812136,1.772555055829663,0.027994914574781225,0.4080187545043962,0.00030978480129165555,0.027249445526906068,0.17012629690349038,0.11335399432194854,0.08463232350400852,3.125e-05,,,,,,,,,
2685,-0.07627657579930831,1.1532318702007789,0.08703469358180187,1.6926036695512265,0.030728926456416138,0.5228214381121942,0.00048676029080552054,0.04351734679090094,0.08157010116682473,0.11988231755656746,0.08581486838259562,3.125e-05,,,,,,,,,
2686,-0.21855895386178598,1.30286634317418,0.050665365013620275,1.7690593992378385,0.029067601894754568,0.41876107393682294,0.00024458647943292997,0.025332682506810134,0.22279203374244771,0.11617712149617633,0.08529728589762141,3.125e-05,,,,,,,,,
2687,-0.20067332417954858,1.312871729096232,0.05393829865034275,1.7731541026823476,0.027912854195201016,0.42352157260257506,0.0002793283859013229,0.026969149325171374,0.20495603387978534,0.11321216328597918,0.0839033353402665,3.125e-05,,,,,,,,,
2688,-0.1918894694207472,1.2985354123830575,0.08361211279764807,1.7079056060424633,0.028601269434970433,0.39725337225719715,0.000444405041403988,0.04180605639882403,0.19592533230619247,0.11544688957398722,0.09031863342112173,3.125e-05,,,,,,,,,
2689,-0.09226047744973485,1.1980548121798227,0.0749737670206069,1.7178568592632752,0.03150213502675115,0.5220859270084518,0.0003998931585799896,0.03748688351030345,0.0975400011035081,0.12142244142242639,0.0863251044440831,3.125e-05,,,,,,,,,
2690,-0.06514789017417133,1.1210896361903995,0.06957959547501552,1.7545110645310884,0.027387295479599442,0.4177724396190575,0.0003893839451170922,0.034789797737507754,0.0693818433181959,0.1114620595938411,0.08625060298379199,3.125e-05,,,,,,,,,
2691,-0.13959545652117053,1.2565930230772375,0.0710528636905416,1.7358657636135484,0.027894083871400927,0.4393661353813185,0.0003705080880836377,0.03552643184527081,0.14404570804534594,0.11280496997143555,0.08431343691573512,3.125e-05,,,,,,,,,
2692,-0.12070629857343647,1.1864034333156928,0.057115358037914135,1.7843346787192038,0.02736770383093575,0.391429429186529,0.0003122989462966727,0.028557679018957068,0.12467011688057086,0.11174545094336531,0.08423736772384208,3.125e-05,,,,,,,,,
2693,-0.17965319688046724,1.23520869743332,0.07373911401097227,1.7281474340914365,0.02976001250166018,0.4591041217312667,0.00041476381963941245,0.03686955700548613,0.1843025367673227,0.1178090676991404,0.08648353005868087,3.125e-05,,,,,,,,,
2694,-0.14281889714807466,1.2198360218119781,0.07721329644231524,1.7194370024948347,0.029362226291923255,0.47287168141725466,0.0004439392001605259,0.03860664822115761,0.1476078543724949,0.11632356108354168,0.08566357186407877,3.125e-05,,,,,,,,,
2695,-0.20308749086265515,1.290218133024783,0.05785865584378336,1.7705303234408827,0.02823139573992662,0.4416162622825144,0.0003188883816682402,0.02892932792189168,0.2075534770004533,0.11380460676785024,0.08400621122641375,3.125e-05,,,,,,,,,
2696,-0.14515439259418905,1.2047632522116545,0.0535842606130144,1.784959435395924,0.027461396633378155,0.39578822419164733,0.0002727665543198075,0.0267921303065072,0.14915964422630917,0.1113820571553435,0.08408142751405184,3.125e-05,,,,,,,,,
2697,-0.12930161462322148,1.224518871218893,0.0826005094010834,1.711709821263359,0.029260569862328247,0.45276910807772003,0.00046506313483614815,0.0413002547005417,0.13389237368826024,0.11654494995002262,0.0869631557242819,3.125e-05,,,,,,,,,
2698,-0.22052752256929053,1.320773746865615,0.05572806484114375,1.7718617232463443,0.02772740669319719,0.4139539092313874,0.00028955569924239406,0.027864032420571876,0.22471553986824985,0.11272394244370847,0.0832264408172531,3.125e-05,,,,,,,,,
2699,-0.05615352374541833,1.1256889873147689,0.07044172328071661,1.7373308448713392,0.02901568972461393,0.461640023470708,0.00037661781080152416,0.03522086164035831,0.060826284328322516,0.11547962090188726,0.08515748562539462,3.125e-05,,,,,,,,,
2700,-0.22232425273725304,1.3418029966326497,0.050932150811423466,1.7741583639343799,0.027018736748790226,0.3741190096053384,0.00027276486529489367,0.025466075405711733,0.22611137814100443,0.1110128585977821,0.08446542735817457,3.125e-05,-0.1672111116302522,1.28261442854768,0.17190976599057045,0.07174509310986549,1.7304447338480369,0.029619705439980226,0.4641636248020703,0.00038411184041244983,0.03587254655493275
2701,-0.15962216590402417,1.27091259797713,0.06726202801692037,1.7496190447909288,0.028958606576680028,0.4300219515548699,0.0003471334477080292,0.03363101400846019,0.16397698395850635,0.11528659181603493,0.08692892677563731,3.125e-05,,,,,,,,,
2702,-0.0946590312529158,1.1950177652900975,0.06756575641416797,1.7374966460547625,0.030111972981828317,0.48836758988953943,0.0003882575948557577,0.033782878207083984,0.09959774757242738,0.11771260903846015,0.08522005019590698,3.125e-05,,,,,,,,,
2703,-0.2156544957879032,1.336189886762424,0.05691767083164523,1.7656971375182462,0.02702788235237611,0.40882686013425384,0.00030781350331831394,0.028458835415822614,0.21979195833106996,0.11092637660051419,0.0839787790491161,3.125e-05,,,,,,,,,
2704,-0.12379744054811309,1.1955942714094927,0.07457809434879326,1.7330004069786793,0.028922819103288568,0.44209649581560573,0.0004050987119954679,0.03728904717439663,0.12827707554463327,0.11530026105836988,0.08686863346560338,3.125e-05,,,,,,,,,
2705,-0.12389956410476091,1.220560003466418,0.06814876349765858,1.751034049255547,0.027454551420245436,0.4215309556776841,0.00037455364289369067,0.03407438174882929,0.12817020392020806,0.1114082562569538,0.08549112491045491,3.125e-05,,,,,,,,,
2706,-0.08690348502762321,1.1358668908708398,0.07140404271386204,1.7335023517309236,0.030287532375113408,0.4688717380927476,0.00037703722169120965,0.03570202135693102,0.09164900982564185,0.11885877396855937,0.08593624027165347,3.125e-05,,,,,,,,,
2707,-0.1850383513271877,1.2699156503378533,0.07590682877843746,1.7148871364263893,0.030207371990169776,0.46356189370776013,0.00040949123171298056,0.03795341438921873,0.18973316746233593,0.11894551838695232,0.08649132096786186,3.125e-05,,,,,,,,,
2708,-0.13941555151129015,1.2399762590689662,0.06553009344992691,1.7550341195511558,0.02808772585167085,0.419531877491652,0.0003739353326017158,0.032765046724963456,0.14366492502745312,0.11306572101179838,0.08577200810128434,3.125e-05,,,,,,,,,
2709,-0.23812863602585552,1.3562357959774831,0.05581608839242695,1.7673767510403633,0.02701099331581293,0.38882380664344257,0.000314847234175657,0.027908044196213476,0.2420656043763383,0.11130423317349847,0.08395641773102099,3.125e-05,,,,,,,,,
2710,-0.11317886402936442,1.1698697922547452,0.06497881173423246,1.7557080202137134,0.027834184362153094,0.43018005535375325,0.00037638067372149715,0.03248940586711623,0.11753447487570842,0.11299264599020148,0.08377260349984646,3.125e-05,,,,,,,,,
2711,-0.1539036721080164,1.246033396241375,0.08085456992997025,1.7013681784509358,0.03164976734028199,0.5130301191014557,0.0004690541320423884,0.04042728496498513,0.15909610480710085,0.1228816906081681,0.08723709245735993,3.125e-05,,,,,,,,,
2712,-0.16260245220913871,1.2407330270065822,0.06028092571295891,1.7635992942653878,0.028007980300876385,0.42069245905603786,0.0003419449185049604,0.030140462856479457,0.16686057270468327,0.11371336790698344,0.08440090163489106,3.125e-05,,,,,,,,,
2713,-0.04503999192452229,1.1232591372004639,0.08836230461175812,1.7072394526264363,0.02985192709388913,0.49832178725633525,0.0004968833436991857,0.044181152305879066,0.05008943217735477,0.11711700052730895,0.08630813724012737,3.125e-05,,,,,,,,,
2714,-0.20107145173708957,1.316334571991566,0.07147409634738663,1.7298334116099934,0.028975726979988955,0.42547833326837936,0.00038199818262395744,0.03573704817369332,0.2053830904338894,0.1161864017325007,0.0879317814848411,3.125e-05,,,,,,,,,
2715,-0.24650609555985858,1.4184831665975857,0.05382102738913311,1.7808287523174684,0.026158174689878178,0.3730466077860271,0.00030795700820542135,0.026910513694566547,0.2502843600090186,0.1088326841027098,0.08328663220282512,3.125e-05,,,,,,,,,
2716,-0.11777988150280838,1.184796690942234,0.06085656515918178,1.7766220857224586,0.02762208761049851,0.4088944651234027,0.00030749931604933636,0.03042828257959089,0.12192009565063973,0.11150252946167208,0.08481232296356678,3.125e-05,,,,,,,,,
2717,-0.09397895451635023,1.1697530705645347,0.07543470739712849,1.729565592732785,0.029276702681850994,0.46433467769243214,0.0004157452597274535,0.03771735369856425,0.09868147175549769,0.1163698539252434,0.08532200674401147,3.125e-05,,,,,,,,,
2718,-0.2062518248555666,1.271057237002236,0.06389356730347642,1.7424761054791944,0.029066558368111013,0.4391736276426643,0.00035216177675283136,0.03194678365173821,0.2106964542944673,0.11641920910244728,0.08481381556608494,3.125e-05,,,,,,,,,
2719,-0.17434288735041348,1.2784511403184442,0.06372889640927135,1.7535909759443513,0.027944629692513302,0.40967433849994705,0.00035254074682059986,0.03186444820463567,0.17849255650084522,0.11349131533908452,0.08620756676728193,3.125e-05,,,,,,,,,
2720,-0.14946699101129562,1.2404252857263685,0.0674914619613786,1.7431603782991711,0.02797606998457507,0.4382055391280689,0.00037691569378992505,0.033745730980689295,0.1539039928942779,0.11334812738086715,0.08494182747399917,3.125e-05,,,,,,,,,
2721,-0.17709339970219407,1.2879517833294236,0.06494939299554864,1.7525575335625692,0.028838347460079836,0.47669535687274806,0.0003363035265786651,0.03247469649777432,0.18191371657802075,0.11527443383169245,0.08327900397797444,3.125e-05,,,,,,,,,
2722,-0.13537120933226027,1.2219629956911682,0.057606092843407314,1.7895198927675051,0.02665402778254481,0.3724308752714969,0.00034072320098319626,0.028803046421703653,0.13914562356233445,0.10914838695152615,0.08561650707002491,3.125e-05,,,,,,,,,
2723,-0.14125431135702052,1.2192974265035124,0.06405883518210484,1.7485636487972909,0.029830817721030585,0.46078754815193224,0.00034299453587569376,0.03202941759105242,0.1459151318379776,0.11766479438431234,0.08527326085342078,3.125e-05,,,,,,,,,
2724,-0.10679138837691698,1.1825525628361433,0.07097906074341069,1.7438251017778819,0.027213559882713897,0.4063373748318257,0.0003561409760298674,0.03548953037170534,0.11091125131638503,0.11065924523025514,0.08553196480637609,3.125e-05,,,,,,,,,
2725,-0.38044515077251806,1.5274604785302044,0.04880097152196927,1.780805437378906,0.02663534732972653,0.32630592997692054,0.00024670064480493555,0.024400485760984636,0.38375288561887005,0.11049007986959491,0.08566742494153995,3.125e-05,,,,,,,,,
2726,0.012089976844237134,1.0456027441863767,0.08854860653891752,1.700709603816299,0.031038201280530572,0.4956471092319755,0.00048781356599855415,0.04427430326945876,-0.00706734621694978,0.11995268720079612,0.08926807128563408,3.125e-05,,,,,,,,,
2727,-0.24530220026252747,1.3625230602793952,0.05726412857885341,1.7736377115326392,0.02611692670312505,0.3665534258087501,0.00031739782137088556,0.028632064289426704,0.24901727694023346,0.10915384480318521,0.08392232009180077,3.125e-05,,,,,,,,,
2728,-0.15843665690134429,1.2650841956488552,0.06320252574472013,1.7460749532749094,0.02880325638718962,0.4668875241808278,0.0003607014972197121,0.031601262872360064,0.16315820117052984,0.11531981849390904,0.08390733490307553,3.125e-05,,,,,,,,,
2729,-0.1176450762386102,1.1924110614838443,0.06843288546233188,1.7488911399386478,0.028066346227652507,0.42453428659316617,0.00036861569541918554,0.03421644273116594,0.12194581061562662,0.11308482801150094,0.08586251639427256,3.125e-05,,,,,,,,,
2730,-0.08592062285410246,1.154497997336649,0.06268858671761295,1.7526256120358892,0.029055469667768834,0.4467956839867155,0.0003432450257072349,0.03134429335880647,0.09044088269370587,0.11556885908526038,0.08558038268356155,3.125e-05,,,,,,,,,
2731,-0.10622456891397342,1.2078522391930648,0.08022830851775659,1.7082976374994976,0.030666113534341895,0.48864323694621903,0.00042254820425899087,0.0401141542588783,0.11117242389611207,0.11978422557303234,0.08720843886954324,3.125e-05,,,,,,,,,
2732,-0.18976501531572948,1.3150281785311582,0.06261834532185273,1.7664775915629638,0.026706255824446093,0.38284165683251026,0.00034487723881630836,0.031309172660926365,0.19364585460501932,0.10994272652965206,0.08497943688208731,3.125e-05,,,,,,,,,
2733,-0.21533865942620328,1.3240723526443476,0.07461098812527447,1.7272046966349,0.028883333968815476,0.4435902517329143,0.000398503473848315,0.03730549406263724,0.21983312451929987,0.11545733076415954,0.08545165382461845,3.125e-05,,,,,,,,,
2734,-0.1889589548230478,1.26911847488704,0.05292863172752442,1.7760586906975955,0.027565442844926298,0.40093989526708673,0.00030531418469797913,0.02646431586376221,0.1930156318203364,0.11266510973768457,0.08366404759129942,3.125e-05,,,,,,,,,
2735,-0.12174006592403479,1.2167422084642663,0.08980491909541985,1.7020812818196833,0.030191100633902842,0.5124610107876375,0.0005297875706609701,0.044902459547709925,0.1269318971799837,0.1184918809808062,0.08678008335331902,3.125e-05,,,,,,,,,
2736,-0.12892722477898683,1.2361728331344812,0.08267449544449125,1.7113839353340374,0.029625482824015996,0.4529896220131018,0.0004635898931074045,0.041337247722245625,0.1335202079851245,0.11695871309524009,0.08864603970854204,3.125e-05,,,,,,,,,
2737,-0.22646362158059463,1.3276615322285532,0.062047800146196735,1.7480767017227512,0.028845693229517883,0.4323592279923275,0.0003664027311375993,0.031023900073098364,0.23083938255491962,0.11566913037046103,0.08590679222229608,3.125e-05,,,,,,,,,
2738,-0.14816594866541907,1.2386689402246311,0.06058853632385728,1.7613205249084143,0.028849994724308638,0.43348592752222004,0.0003244776186187858,0.03029426816192864,0.15255196019023848,0.11523352888958836,0.0852988781600644,3.125e-05,,,,,,,,,
2739,-0.1709742298596884,1.2709468580437935,0.05991292586669721,1.765467145040477,0.027937083451676385,0.41075240863342144,0.00033783102771623347,0.029956462933348606,0.17513274339068352,0.11343251253856429,0.08594992977399074,3.125e-05,,,,,,,,,
2740,-0.06506124862089635,1.1542665310873013,0.08496032823746716,1.6990080284206626,0.0309014818871213,0.528915522761312,0.0004884418187644213,0.04248016411873358,0.07041475851110006,0.12051143881480361,0.08628716915583036,3.125e-05,,,,,,,,,
2741,-0.07881558969759161,1.1264382060597151,0.0800466851245873,1.7205200886821235,0.030256048734841813,0.4750544058870637,0.0004584331688772137,0.04002334256229365,0.08362794663160014,0.11912829093217883,0.08746051541364815,3.125e-05,,,,,,,,,
2742,-0.20398400113599807,1.3453955075775503,0.056403619232061705,1.7679490224689918,0.02903555150022076,0.41717081310280973,0.0003079154050130088,0.028201809616030853,0.208204669720917,0.11595648491829118,0.08522361833696654,3.125e-05,,,,,,,,,
2743,-0.08883897722319498,1.2416150592033874,0.0762947507798324,1.7361952847536841,0.0287829397274765,0.46004057264420317,0.0003921898132589055,0.03814737538991621,0.09349881417600706,0.11414023031824519,0.08645753951143532,3.125e-05,,,,,,,,,
2744,-0.21546217580709454,1.30072871534484,0.06889966593220984,1.737190436499473,0.02864240478158303,0.403205134955565,0.00035912930156272403,0.03444983296610492,0.2195496401869969,0.11615602988583287,0.08741716478102149,3.125e-05,,,,,,,,,
2745,-0.1703234537086735,1.2758785510582196,0.06534982326509359,1.7363004008405123,0.030979243749020176,0.4884665551641024,0.00034262851637343765,0.032674911632546794,0.1752615834611192,0.12011618727625158,0.08574640001789005,3.125e-05,,,,,,,,,
2746,-0.1440988358104734,1.2423383441998466,0.058410624936552205,1.7663612077231496,0.027465852825522122,0.40412052999448955,0.00032110244836790815,0.029205312468276103,0.14819012105944745,0.112314680631006,0.08522960310742352,3.125e-05,,,,,,,,,
2747,-0.11373872076425742,1.2064774859983638,0.07564064466934457,1.730332868968377,0.029973969858871345,0.48341343471030984,0.0004177574750689555,0.037820322334672286,0.11863215633713556,0.11778651856129618,0.0855633522571746,3.125e-05,,,,,,,,,
2748,-0.16259384820025446,1.258956397648772,0.06802060164180151,1.734959796061836,0.030466754237025433,0.4615752334305603,0.0003689905889747482,0.03401030082090076,0.16726465033923135,0.11955486849637822,0.08595856764219173,3.125e-05,,,,,,,,,
2749,-0.06075415425493674,1.1590631590158185,0.08286154955478386,1.7034540962573743,0.030590766131819554,0.5055103210775134,0.0004964209041687351,0.04143077477739193,0.06587268699049352,0.11932132080756128,0.08683121351368278,3.125e-05,,,,,,,,,
2750,-0.04115986846885706,1.1144380181127562,0.08738089321034942,1.7021976266399486,0.030087136239278108,0.493615409540581,0.00045709297512785464,0.04369044660517471,0.04616130591688571,0.11773525085593217,0.08725081099074217,3.125e-05,-0.16721158437976807,1.2826215958515816,0.1719077086324859,0.07175483264080448,1.7304665770813408,0.02959879912289138,0.4639100293471324,0.0003841877155273444,0.03587741632040224
2751,-0.022557304181028193,1.078513106741744,0.07398344244301662,1.733697318765224,0.03037507626439022,0.5109636537439308,0.0004074870212752295,0.03699172122150831,0.027725344283089426,0.11829692337108703,0.08578804425494269,3.125e-05,,,,,,,,,
2752,-0.18090282105790095,1.2854894392736393,0.07197570890374635,1.7245369279979932,0.029722780414863932,0.4777727601828763,0.00038702895714220293,0.03598785445187318,0.185737652173033,0.1176635541359516,0.08562546156902999,3.125e-05,,,,,,,,,
2753,-0.007254777319871002,1.0762366792375924,0.058672070640011446,1.7687989918085774,0.029164412022028515,0.46436501552169035,0.00030366082910423175,0.029336035320005723,0.011948488108617046,0.11535121439596971,0.08449088324573158,3.125e-05,,,,,,,,,
2754,-0.11899111571866308,1.2014211005777895,0.07304731516743303,1.7431526617774518,0.029334720140888747,0.46173633096975186,0.00040361632901041525,0.036523657583716514,0.12366647037585222,0.11615801590710631,0.0855315879227538,3.125e-05,,,,,,,,,
2755,-0.06805682903516976,1.1551479752580962,0.08580775129274645,1.6849176287449392,0.0319868748226961,0.5443603689503466,0.0004972757526701948,0.04290387564637323,0.07356515853413376,0.12238894662567355,0.08730673321104837,3.125e-05,,,,,,,,,
2756,-0.07179198719999266,1.1476671575112056,0.07477054435222909,1.7392616364579525,0.02943586497008604,0.45791165936186107,0.0004176950087701652,0.03738527217611454,0.07643005863223966,0.11614481090824091,0.08756139751216208,3.125e-05,,,,,,,,,
2757,-0.1114492238445337,1.1784927917156005,0.05470414927978853,1.7822210719375966,0.02785140795211017,0.41257170900151463,0.00029523334001838584,0.027352074639894267,0.11562306755330834,0.1125504500096291,0.08425133654163092,3.125e-05,,,,,,,,,
2758,-0.18205540379019275,1.2891365646549593,0.05373008916618808,1.791162707516504,0.026380902036826165,0.3578846762251481,0.00029452789415826706,0.026865044583094043,0.18568197250304405,0.10920991351149197,0.0851595963574861,3.125e-05,,,,,,,,,
2759,-0.22230412826125073,1.3207097327346033,0.07114194361793122,1.7204657336693086,0.03019081835608281,0.4391787537739721,0.0004047835543470299,0.03557097180896561,0.22675273926367956,0.1199263422985734,0.08767328247543515,3.125e-05,,,,,,,,,
2760,-0.15472805753196495,1.2193251209803093,0.06549571352956371,1.7469688768056906,0.02930658595612188,0.4505014284286214,0.0003873467510895725,0.032747856764781855,0.1592871628292949,0.11632516422635598,0.08550524652806196,3.125e-05,,,,,,,,,
2761,-0.200962335943859,1.2812968906809656,0.056295164406519896,1.7657728487351787,0.027812021674882302,0.4074038287325207,0.0003074657973381577,0.028147582203259948,0.2050852541998482,0.11303429804670038,0.08378188896448985,3.125e-05,,,,,,,,,
2762,-0.13394250525287413,1.2109714779585166,0.07471258025813333,1.7448545206315735,0.029578111286829203,0.4436898024199942,0.00041588195661925755,0.03735629012906667,0.13843836693197564,0.11680071720798552,0.08835427426826686,3.125e-05,,,,,,,,,
2763,-0.1455220771703958,1.227982346626761,0.05739169903564899,1.7653645859632359,0.02827075502284275,0.39181255812427895,0.0003172823094679633,0.028695849517824494,0.14948972507011077,0.1135478686499386,0.0876498057397176,3.125e-05,,,,,,,,,
2764,-0.08793519044896557,1.1751996752680474,0.07900070159358173,1.7176789004148247,0.029861019752719466,0.47896211981904946,0.00044442538544596944,0.039500350796790866,0.09278593304081147,0.1178917067379538,0.0870742770308302,3.125e-05,,,,,,,,,
2765,-0.2867932297116111,1.4300945460221017,0.07266708182541635,1.7175960976802993,0.029184891917532565,0.4380005410514596,0.0004182569150877878,0.03633354091270818,0.2912309271931661,0.11709387008188749,0.08642717586609552,3.125e-05,,,,,,,,,
2766,-0.12538908228135184,1.2222776320872524,0.07636508325560898,1.7216475520258476,0.03016282046670097,0.4674981244324527,0.00043025474407598337,0.038182541627804496,0.1301237650902652,0.1184905942447049,0.08643321141344394,3.125e-05,,,,,,,,,
2767,-0.2073136498914001,1.2881030802150604,0.06598608143252419,1.7496119114162911,0.027956239214518758,0.40525526294302683,0.0003672539901660812,0.032993040716262086,0.21142036422056246,0.11369115766902918,0.08517660628312904,3.125e-05,,,,,,,,,
2768,-0.09724559460323473,1.1804748368377824,0.07664990838034708,1.7225444697823225,0.030588376041078884,0.4913274089581585,0.00046627997129317696,0.03832495419017354,0.10221908189141723,0.11891800372356937,0.08711180824285941,3.125e-05,,,,,,,,,
2769,-0.07987593194374897,1.1767352611951478,0.08202045170539098,1.7207678775295547,0.027522804759624153,0.445112151368803,0.00047209671505094947,0.04101022585269549,0.0843899923292155,0.11217606402547908,0.08541740922323549,3.125e-05,,,,,,,,,
2770,-0.14858315657900753,1.2123976128113498,0.07440437219363333,1.731374385739938,0.02894218370337243,0.4476094495418572,0.0004382911543230448,0.03720218609681667,0.15311814991592354,0.11614702985366665,0.08590213044250383,3.125e-05,,,,,,,,,
2771,-0.17492056694651914,1.2650431105727584,0.06423913895871872,1.7555109704474092,0.027426204992092095,0.39137940222603707,0.0003198083805950271,0.03211956947935936,0.17888723373176932,0.11208864176072966,0.08627047331874285,3.125e-05,,,,,,,,,
2772,-0.15988805842386677,1.2518578587201965,0.07228844812524021,1.7250510387837952,0.02937904233175293,0.45834201170792954,0.0003805029352928568,0.036144224062620106,0.1645286783047495,0.11658346976073261,0.08575165814240304,3.125e-05,,,,,,,,,
2773,-0.22986983983131873,1.3284824177234231,0.05514142703225103,1.7779797361778258,0.02664862421681338,0.37745203488205104,0.0002954462993607315,0.027570713516125514,0.23369266515401071,0.11026108217453047,0.08430535908014444,3.125e-05,,,,,,,,,
2774,-0.1474976584053323,1.240327998677037,0.06933344755548718,1.7371315639665457,0.02988940427699835,0.4796601274184892,0.00038868978246410794,0.03466672377774359,0.1523501846167592,0.1179228113771117,0.08503711349423776,3.125e-05,,,,,,,,,
2775,-0.18371293436351682,1.285535543073331,0.06474468289435378,1.7602423261828646,0.027487009250435894,0.4030337163737414,0.0003497166393759963,0.03237234144717689,0.18779674345835695,0.11172256596558068,0.08494502470473571,3.125e-05,,,,,,,,,
2776,-0.18407524492202487,1.2628812996636438,0.06679634220032965,1.7433432586424693,0.028625854768484456,0.43139145774129123,0.0003687506754328137,0.033398171100164825,0.1884436786098787,0.11524835891714419,0.08481296420944373,3.125e-05,,,,,,,,,
2777,-0.20658946132043368,1.342872853410039,0.06279479795826005,1.753202876951906,0.027857161941126647,0.40684501117492866,0.00033369634645948607,0.03139739897913003,0.2107101778233962,0.11260695822967358,0.08453154465003554,3.125e-05,,,,,,,,,
2778,-0.11492011030402349,1.1843712045270136,0.06346473735250754,1.7636019395456668,0.02741970367479967,0.4270231411699221,0.00032448627617196667,0.03173236867625377,0.11924295496655614,0.11150937223693005,0.08407057531537393,3.125e-05,,,,,,,,,
2779,-0.2059838110868249,1.2725256152833464,0.051095607626217204,1.7974507861289015,0.02563628360874455,0.35464404277254374,0.0002891398695580385,0.025547803813108602,0.2095766652249203,0.10745467633400554,0.08352748431183404,3.125e-05,,,,,,,,,
2780,-0.0929939145847811,1.1534851318252755,0.08008035987482266,1.710608235011341,0.031356969664932365,0.510131641889575,0.0004407654923476266,0.040040179937411324,0.09815678492088785,0.12165373456403278,0.08666435728357563,3.125e-05,,,,,,,,,
2781,0.03323531276578145,1.030167267906206,0.07856928035539196,1.7350402030619856,0.027713532086125876,0.45006448173375,0.0004145037413496301,0.03928464017769598,-0.028673887868822134,0.1115515829127278,0.08464586306393278,3.125e-05,,,,,,,,,
2782,-0.1566974863975396,1.2308299215144345,0.05090547787471636,1.7809313049118929,0.027244487806228873,0.3978771046062336,0.00025932392808839904,0.02545273893735818,0.1607221127348693,0.11157389553144234,0.08333556805285117,3.125e-05,,,,,,,,,
2783,-0.042472894708718,1.1062145461532173,0.07210104031877913,1.7435095756006778,0.028805499475146094,0.4420589629166452,0.00038864035757850044,0.03605052015938957,0.04695085635737564,0.11433145530825892,0.08638680848168001,3.125e-05,,,,,,,,,
2784,-0.1413526101030278,1.2507649798332063,0.0530221082845564,1.7885376478527504,0.0259219447278215,0.36690341696104467,0.00030980383948332345,0.0265110541422782,0.14506913874165384,0.10754592042267493,0.08349520240662983,3.125e-05,,,,,,,,,
2785,-0.19071858874792752,1.2919320609782043,0.05594676856921673,1.7881167621258731,0.026470492200210444,0.3772871622184412,0.0003037088460173316,0.027973384284608365,0.19454035201047798,0.10970317127992993,0.08367055882849916,3.125e-05,,,,,,,,,
2786,-0.14278158883519185,1.231585512933059,0.052544683715841645,1.7716641259388333,0.027436457920447625,0.41156850981617676,0.0003069830531644487,0.026272341857920822,0.14694433274700255,0.11198601491339323,0.08289416780946413,3.125e-05,,,,,,,,,
2787,-0.17624997593278352,1.2573993229244047,0.05972794895269021,1.7673265312739714,0.02605793760372973,0.3703250778673422,0.00031509191660070846,0.029863974476345104,0.180003914870412,0.10885189613654564,0.08424956106278371,3.125e-05,,,,,,,,,
2788,-0.18862157170043403,1.2856876018861185,0.06771404256361055,1.7383077545763062,0.028924129184876475,0.4401310098797407,0.0003827437987400939,0.03385702128180528,0.19307794933604638,0.11570866960081976,0.08520787131075971,3.125e-05,,,,,,,,,
2789,-0.1362631116466268,1.2408930892119923,0.06394269066224686,1.7599108110980204,0.02772380286719086,0.43392551206877494,0.00033734569270706257,0.03197134533112343,0.14065531067768372,0.11217929003846544,0.08360623585992236,3.125e-05,,,,,,,,,
2790,-0.19365562395109898,1.3093879515143814,0.06838693212500507,1.7477623744486357,0.02804601083825814,0.4429728608919451,0.00040787570598337997,0.03419346606250254,0.19814110240688523,0.11364043592559397,0.08321965085449419,3.125e-05,,,,,,,,,
2791,-0.15639819637088503,1.2794578061546078,0.053294314166455706,1.7849212030574761,0.026749341428597674,0.3956732608920227,0.00026990743926259494,0.026647157083227853,0.1604021244233117,0.11018757693917083,0.08273207964632273,3.125e-05,,,,,,,,,
2792,-0.180094021274205,1.2546864471615942,0.06105124687876285,1.7606539107937875,0.02887138895184439,0.4457601221310337,0.000323211386505956,0.03052562343938143,0.1846029867719277,0.1153082771127149,0.08359279695668159,3.125e-05,,,,,,,,,
2793,-0.12987132709625485,1.2161351202297297,0.07007328200983111,1.7376529947520227,0.028714796841200874,0.44787348941131633,0.00040093142393386836,0.03503664100491556,0.13440648447555978,0.11522810508894693,0.08560045900729403,3.125e-05,,,,,,,,,
2794,-0.20375194058396282,1.3021754405902848,0.0586010993993962,1.7844790969929756,0.025774804779321397,0.35531812875057145,0.0003470268843555947,0.0293005496996981,0.20735573748098168,0.10802026066468243,0.08482129884563759,3.125e-05,,,,,,,,,
2795,-0.2234932880448916,1.3180493144457843,0.04793779277457129,1.8010048513861023,0.024795572813919614,0.33241625156360644,0.00029297761014501143,0.023968896387285644,0.22686235928153026,0.10569133625593133,0.08269337546958672,3.125e-05,,,,,,,,,
2796,-0.18304334194205363,1.2687631841273417,0.06367738352476028,1.7553683944726117,0.02769883238128444,0.407431054545431,0.00033732563869825073,0.03183869176238014,0.18717041811960203,0.11234966223439016,0.08568982787045332,3.125e-05,,,,,,,,,
2797,-0.13461610470364166,1.2083618110857712,0.05468268124580462,1.7743120156850902,0.027483743488510695,0.4100344993288063,0.0003321629915889484,0.027341340622902312,0.13876485578762532,0.11192025998260043,0.08326229666353491,3.125e-05,,,,,,,,,
2798,-0.09784181180738616,1.182561971824652,0.06734214921383103,1.759457127520903,0.02743235405090441,0.4319228814631064,0.00036897684848814793,0.03367107460691551,0.10221599603638422,0.11189074800388685,0.0839034332373724,3.125e-05,,,,,,,,,
2799,-0.2190038796349894,1.3723689609602114,0.0681265381423965,1.732967815401533,0.028079428050323735,0.43424367113578743,0.0003550381661895887,0.03406326907119825,0.22340125967523441,0.11375336335488818,0.0847621385670316,3.125e-05,,,,,,,,,
2800,-0.2253525090392743,1.4039257688587856,0.07608666724693108,1.712043427512847,0.02927580660971083,0.4374829031085463,0.0004028282621757607,0.038043333623465535,0.22978653012088016,0.1171008772138993,0.08725617912043837,3.125e-05,-0.16665989715312346,1.28222501009606,0.17119667234781233,0.07201275187967127,1.7332350805744747,0.02891194377876819,0.447957805043406,0.0003858417509231513,0.036006375939835626
2801,-0.18499148499720627,1.275674421519248,0.0706997773868351,1.7317386053123354,0.030002373417655416,0.44002217904010105,0.00037472479152239217,0.03534988869341755,0.18944812131026906,0.11881963320029701,0.08775560736804557,3.125e-05,,,,,,,,,
2802,-0.17234947633018122,1.2781006680034865,0.06340795949400055,1.766857456616877,0.027242079357246738,0.38742890323439383,0.00035065066314855515,0.03170397974700028,0.1762766444234698,0.1115156029395605,0.08583564697398983,3.125e-05,,,,,,,,,
2803,-0.13355114186029518,1.2389386681397756,0.06540329274824591,1.746180338998212,0.028592282654801023,0.44117826103982194,0.0003293575197388413,0.032701646374122956,0.13801638149565493,0.11423758307236047,0.08530839126614377,3.125e-05,,,,,,,,,
2804,-0.1428515857712725,1.2046011362521274,0.07125376613715725,1.743039456082237,0.027300165746561144,0.40621147703593646,0.00036175315422136564,0.03562688306857863,0.14697037535080348,0.11185297937861566,0.08455386432353953,3.125e-05,,,,,,,,,
2805,-0.07735603375481073,1.1641606066079786,0.0803820033385929,1.7187947357685256,0.028958421127569973,0.46708664244283493,0.00044605601892243026,0.04019100166929645,0.08208873968845526,0.11513221988692332,0.08663939093001058,3.125e-05,,,,,,,,,
2806,-0.2436018921549732,1.3612079766745646,0.05347848415308369,1.7738270362505697,0.0260551159942188,0.3506060443644425,0.0002756326653007282,0.026739242076541846,0.2471551864377097,0.10924925830336453,0.08393109513654295,3.125e-05,,,,,,,,,
2807,-0.15683886531388197,1.2753707950695303,0.06012912694466841,1.7635393847734329,0.02756800631169874,0.4116167090598782,0.00032714706191328924,0.030064563472334205,0.16100600383241997,0.11242043700440527,0.0836784024347671,3.125e-05,,,,,,,,,
2808,-0.20917427173286704,1.2957971617365107,0.05799193842624691,1.7827375857498584,0.025716065808579134,0.3389088100585387,0.0003139487705113538,0.02899596921312346,0.21261332266622812,0.10806372996521649,0.08546319175395012,3.125e-05,,,,,,,,,
2809,-0.22031730107763148,1.327887629051265,0.060934305259311386,1.7717828514726208,0.026240932276048918,0.3721440847461836,0.0003597891436980093,0.030467152629655693,0.22409052479767466,0.10904841956287076,0.08491776827415529,3.125e-05,,,,,,,,,
2810,-0.22566115470864484,1.3213968546822263,0.05942050302581679,1.7635853227478817,0.026790494121707007,0.3640074105129033,0.0003136663766796907,0.029710251512908396,0.2293517115822811,0.11055772370133811,0.08638145905301395,3.125e-05,,,,,,,,,
2811,-0.15007295046933844,1.2506589899934792,0.07074534705678551,1.7353274612628358,0.02881666204275369,0.4311444774383163,0.0003529702167370378,0.035372673528392753,0.15444065089402997,0.11527449574217438,0.08494673161718354,3.125e-05,,,,,,,,,
2812,-0.15876612969515247,1.2648828974848225,0.06894230655927408,1.7478178215895745,0.026871471244485,0.3966101168517776,0.0004006285762228164,0.03447115327963704,0.16278818648092797,0.11018144333348685,0.08495506464683927,3.125e-05,,,,,,,,,
2813,-0.17119136763191284,1.2668692788374316,0.06156791511189699,1.7677868811060113,0.026632154537757025,0.3936687784749215,0.00036344135186566285,0.030783957555948493,0.1751801516565477,0.11030828178883705,0.08374473513226652,3.125e-05,,,,,,,,,
2814,-0.20737437746822016,1.3444819488587259,0.0662087862636236,1.7477627342982722,0.02759304436853327,0.40726401098095644,0.0003644851862118556,0.0331043931318118,0.2115012444503666,0.11257620247010157,0.08447876339089055,3.125e-05,,,,,,,,,
2815,-0.10513128663372873,1.18370548775575,0.0700706595166862,1.75515324119552,0.02596346980765527,0.3874667989844823,0.00040493010054603066,0.0350353297583431,0.1090625907867493,0.10800814457830543,0.08463172881598502,3.125e-05,,,,,,,,,
2816,-0.1766513114115669,1.2539927454530022,0.05438268084625106,1.7974361216442212,0.024609211485066833,0.3262992157845692,0.00030419160633294326,0.02719134042312553,0.17996251118711548,0.10498729266907306,0.08403483862497212,3.125e-05,,,,,,,,,
2817,-0.18503539389886897,1.2996309821572305,0.0596519147982993,1.7723481720286274,0.024768150789231246,0.3600266739025342,0.00033394843993923585,0.02982595739914965,0.18868654956141312,0.10563360652674375,0.08303019509174255,3.125e-05,,,,,,,,,
2818,-0.1278086124374291,1.199411495892524,0.05131098605290911,1.7946172876574558,0.026054678391492392,0.35017609447235654,0.00026563177269329114,0.025655493026454555,0.13135663136578266,0.10834816680807256,0.08434007570933416,3.125e-05,,,,,,,,,
2819,-0.10850610972687534,1.1833994501250804,0.077220699357859,1.734510001892007,0.027575801658496466,0.4521855429870749,0.0004096216588543545,0.0386103496789295,0.11308801682303249,0.11158374701350021,0.08550139917050982,3.125e-05,,,,,,,,,
2820,-0.2153599317540419,1.3308580460242407,0.06063826524184399,1.7718995178546688,0.026030123169587357,0.3763734141388543,0.00034434023345385797,0.030319132620922,0.21917514742556443,0.10888940525930994,0.08418628702614553,3.125e-05,,,,,,,,,
2821,-0.14501778631100892,1.2258341638908474,0.07733806576194274,1.7179929848179776,0.030114463762338152,0.4761290448605795,0.0004276707927203838,0.03866903288097137,0.14983920243027107,0.11873636133542766,0.0862769862491469,3.125e-05,,,,,,,,,
2822,-0.23772125704743383,1.388035851773091,0.06400096490759152,1.7572950587442049,0.0265857175005528,0.39580142363172,0.0003736409802145009,0.03200048245379576,0.24173258112659446,0.11025451141894713,0.08375887946517653,3.125e-05,,,,,,,,,
2823,-0.16522320210194713,1.2616581310969792,0.06922975399497332,1.7478053274116863,0.027519531899419927,0.3812248129828356,0.0003552497031934303,0.034614876997486665,0.16909109565907898,0.11202804182009474,0.08755303566796543,3.125e-05,,,,,,,,,
2824,-0.15078377819723887,1.284660206270971,0.07844371079680806,1.7083939936414585,0.02921429093339516,0.45759599245115046,0.00044881750786356756,0.03922185539840403,0.1554205320921638,0.11683233377418253,0.08747289810002196,3.125e-05,,,,,,,,,
2825,-0.18463074688765116,1.2842840482583984,0.07391733743827829,1.7337576877688368,0.027669836653830743,0.4193024523725677,0.00041214410768613706,0.036958668719139144,0.18888218909805055,0.11269408123825633,0.08625307361808181,3.125e-05,,,,,,,,,
2826,-0.05023519272539207,1.1123140898018724,0.062021156984071395,1.7709581121105882,0.02717211809896109,0.4138930539647203,0.0003396990021950202,0.031010578492035697,0.05442624041467435,0.11116682510668222,0.08427030595987824,3.125e-05,,,,,,,,,
2827,-0.19008029996429682,1.2888725223950017,0.0766012510394588,1.7304311112562762,0.026643193953067412,0.412268786395539,0.0004058450964529374,0.0383006255197294,0.194262651215849,0.11020497884939162,0.08418157941258048,3.125e-05,,,,,,,,,
2828,-0.0947043620529763,1.208887019349798,0.07788086120226853,1.712143423396276,0.028775423758871335,0.45033685078089436,0.0004565211397061997,0.038940430601134265,0.09926835763701744,0.11542551085092555,0.08603466281608042,3.125e-05,,,,,,,,,
2829,-0.1410415618661437,1.207233395778535,0.0635505704704428,1.7560947196934267,0.026603191757098105,0.3868454610524404,0.00033680889289879805,0.0317752852352214,0.14496272079802924,0.11011236498541119,0.08431508012280907,3.125e-05,,,,,,,,,
2830,-0.045265752078279285,1.119588747227902,0.07480945439819792,1.742476662154366,0.028161915664172435,0.45238939985483206,0.0004361187328985441,0.03740472719909896,0.049848836757977244,0.1131163996568277,0.08462133038633604,3.125e-05,,,,,,,,,
2831,-0.13883505834213875,1.2298987023496435,0.07516306032984013,1.7294889471602675,0.028319267335317345,0.43100897046566455,0.0004314400678842304,0.037581530164920066,0.14320433886711076,0.11395565385801702,0.08672429841755885,3.125e-05,,,,,,,,,
2832,-0.129225487147686,1.2205718378675257,0.06502366279975177,1.768472578276323,0.027504676420033236,0.4116268735806508,0.0003516070547117187,0.03251183139987589,0.13339546851122225,0.11201154520617634,0.08529678696325146,3.125e-05,,,,,,,,,
2833,-0.12481161622774256,1.1877646343832478,0.07270075723713362,1.7453187800045478,0.025673379837220817,0.38740874590554086,0.00041238544192969155,0.03635037861856681,0.12874363110763587,0.10819214135869801,0.08424510781374248,3.125e-05,,,,,,,,,
2834,-0.2569517563802492,1.3705813315532658,0.07062658318121637,1.7319410527412828,0.02837576024426182,0.39489956958237393,0.00039200192581151556,0.035313291590608184,0.26095730479744905,0.11480284020197534,0.08720751551000776,3.125e-05,,,,,,,,,
2835,-0.17243918184488294,1.2556592001486948,0.08113206768647835,1.7041669513347288,0.030933387795782197,0.4813553391066854,0.00042257484190537424,0.040566033843239174,0.17731456868772544,0.12127856292600184,0.08786590435461565,3.125e-05,,,,,,,,,
2836,-0.04988343736511776,1.107990532458773,0.07151101705731966,1.741022986364741,0.0283872352521119,0.44624359027821997,0.00040666491987892807,0.03575550852865983,0.05440310565549106,0.11373269308287076,0.08502814424132463,3.125e-05,,,,,,,,,
2837,-0.1754543138263529,1.2622807924329895,0.07378979308609576,1.7414829536595782,0.027812632280393417,0.42780729749141155,0.0003791050370354277,0.03689489654304788,0.17979048757771704,0.11277447864204526,0.084780320062709,3.125e-05,,,,,,,,,
2838,-0.16786924196447162,1.2650208812954788,0.06974107746068398,1.748632034182879,0.02745783302363905,0.4136141664006428,0.0003773491237189963,0.03487053873034199,0.1720615139787874,0.11232894982151809,0.08542834602953538,3.125e-05,,,,,,,,,
2839,-0.31931714812401313,1.484075125040436,0.05440482674204823,1.7574741540390224,0.028649293711022535,0.42532338246155543,0.00031251877130472215,0.027202413371024116,0.32361828429125317,0.11565492640041436,0.08428011083369977,3.125e-05,,,,,,,,,
2840,-0.18200481880546016,1.2714628785526467,0.061708133750758724,1.7547165749642928,0.027924184282584176,0.42979374089964945,0.0003498259857686791,0.030854066875379366,0.18635465570693938,0.11304438023920882,0.08425706557893636,3.125e-05,,,,,,,,,
2841,-0.17893019250007325,1.2737718188376417,0.06204639602504965,1.7782666046745703,0.025319897103494544,0.36012982771978974,0.0003243496595412811,0.031023198012524823,0.18258354013792583,0.1068707392909301,0.08385748086390143,3.125e-05,,,,,,,,,
2842,-0.04201517589318557,1.1061368302377161,0.09619956864684986,1.6861976236057208,0.030333183212920917,0.4922059751996688,0.0005374486459169091,0.04809978432342493,0.0470075718922009,0.11918626010429448,0.08805693633325722,3.125e-05,,,,,,,,,
2843,-0.18409302147937318,1.2838096440144708,0.0871136017272109,1.7066309543712215,0.028369783068292475,0.4464713672575742,0.0004850268968728306,0.04355680086360545,0.18862320853132497,0.11473288035492182,0.08628350806423468,3.125e-05,,,,,,,,,
2844,-0.22050607161048563,1.3257837627462667,0.05479329321803179,1.7768328764502195,0.027486243990369055,0.4251178272997719,0.0003089772975421624,0.02739664660901589,0.22480550463183233,0.11209137865148992,0.08263847465873031,3.125e-05,,,,,,,,,
2845,-0.2582959255908686,1.3557138622118856,0.05757166698248102,1.7804405004402608,0.02537385292567132,0.3475780105779225,0.0003266874017481192,0.02878583349124051,0.2618215628091609,0.10746421687487687,0.08403466829511497,3.125e-05,,,,,,,,,
2846,-0.15477027058413395,1.2607631208660444,0.0744113707182282,1.7357280160941442,0.028296511190217283,0.4640742121850805,0.0004085336578089981,0.0372056853591141,0.15946966100808294,0.11381210721725908,0.08365410286088387,3.125e-05,,,,,,,,,
2847,-0.1813167564407335,1.2861561920346174,0.059527885203777296,1.7702249451438687,0.027683166900199195,0.40249596287685296,0.00031527825722395595,0.029763942601888648,0.1853923350441276,0.11272626594521978,0.08484214817704155,3.125e-05,,,,,,,,,
2848,-0.07184467092902315,1.1372057483824323,0.08169213214269216,1.7139844280109968,0.03058944913288509,0.4970645700265721,0.0004651603710735154,0.04084606607134608,0.07687795414335107,0.11986957173972296,0.08593116471311894,3.125e-05,,,,,,,,,
2849,-0.08008852188997004,1.126517514437115,0.06945067077765894,1.7492283540655977,0.02888924782338606,0.45708288457001506,0.00036720438251873884,0.03472533538882947,0.08471524039842485,0.11572485126860046,0.08553104699226535,3.125e-05,,,,,,,,,
2850,-0.19991227424200197,1.3072662580866095,0.06089640794228832,1.770476551149182,0.026452329803590212,0.3653955254490697,0.0003868005663741582,0.03044820397114416,0.20361825047163912,0.1097248063106056,0.08482994736850333,3.125e-05,-0.16670891226215168,1.282256147683616,0.17128217816820474,0.07194650354920896,1.7327729083250156,0.02907489853761581,0.4516110010222629,0.0003854914972583755,0.03597325177460449
2851,-0.1149397579463429,1.2155417586043353,0.06428633156509864,1.7538148740046435,0.02890959897465774,0.44212308381089216,0.0003732873404514787,0.03214316578254932,0.11941440297237892,0.11469776842783559,0.08513086033244008,3.125e-05,,,,,,,,,
2852,-0.24119361241902162,1.33901912189485,0.0534258765268503,1.780334537448049,0.025695236510222465,0.3642085462886659,0.00031116700943412644,0.02671293826342515,0.24488332583564051,0.10784408734112892,0.08278273162607458,3.125e-05,,,,,,,,,
2853,-0.13194027908258113,1.2284732730971488,0.06097572818543845,1.7632379104336788,0.027860715418625087,0.4089967587992004,0.00033672667989836696,0.03048786409271922,0.13608173418056915,0.11266226991100509,0.08498335848636931,3.125e-05,,,,,,,,,
2854,-0.2401188975346587,1.3235156505605679,0.05816230388135923,1.7567419192256284,0.027783515318142018,0.40873369404174337,0.0003085786018667429,0.029081151940679614,0.24425596883222775,0.11370434751633807,0.08401079375350971,3.125e-05,,,,,,,,,
2855,-0.21867652007058636,1.3132243527732226,0.06389828122861804,1.7523105430007477,0.027796391134907762,0.3878059708652495,0.0003751292603648759,0.03194914061430902,0.22260780331788682,0.11335323300390342,0.08629294020563219,3.125e-05,,,,,,,,,
2856,-0.15459919303078712,1.2278770549989297,0.06582914648475387,1.7505494731424314,0.028803416731591126,0.43680552783022675,0.00036591210083179016,0.032914573242376934,0.1590213274980715,0.11529854468034233,0.08514228668429068,3.125e-05,,,,,,,,,
2857,-0.17051958588509486,1.2965009461325228,0.054594596174374316,1.7827857471554918,0.027258435394041172,0.39232647173044277,0.0002953909391347412,0.027297298087187158,0.17449092966734936,0.11135117969184093,0.08507925545211689,3.125e-05,,,,,,,,,
2858,-0.0807820240119928,1.1673899096086193,0.08000153698939022,1.7178866099199948,0.029884994880195775,0.49045981309951037,0.0004515480735196109,0.04000076849469511,0.08574831725831698,0.1176558894165438,0.08584812915812749,3.125e-05,,,,,,,,,
2859,-0.10022019089105778,1.173230757411912,0.0695262236720399,1.7485839934316816,0.02667897754664088,0.4049494397278168,0.0003961093759685354,0.03476311183601995,0.10432589533386599,0.11013067995730728,0.08444913238844323,3.125e-05,,,,,,,,,
2860,-0.2326766527789063,1.3817159137939448,0.06022544066767261,1.7683218378411092,0.026235621244412893,0.3886170200908988,0.00033361369509192105,0.030112720333836305,0.23661395505547847,0.10834114568045439,0.08309340171064108,3.125e-05,,,,,,,,,
2861,-0.08836788611501796,1.1727109568922929,0.07322447834812576,1.7293326958391864,0.02947097504748114,0.46549417367248735,0.00037568229264043013,0.03661223917406289,0.09308049024080167,0.11694925291627903,0.08541025833476573,3.125e-05,,,,,,,,,
2862,-0.1148017064118189,1.177752650765067,0.0739782139188131,1.737930607852714,0.02713137004231169,0.40478854799617714,0.0004449538567869269,0.03698910695940655,0.11890840984338649,0.11118402103297975,0.08662008835743845,3.125e-05,,,,,,,,,
2863,-0.18893950553399327,1.2819549058444468,0.07605256099314484,1.722467738230509,0.030282493984507972,0.4460165937338864,0.0004364413545766242,0.03802628049657242,0.19345928684275676,0.11912060785865751,0.08789633349235804,3.125e-05,,,,,,,,,
2864,-0.11549829163052208,1.216747487985503,0.0880044209462386,1.691665899578081,0.03052665764777641,0.5062726508294177,0.0004984969387229097,0.0440022104731193,0.12062692197767237,0.11996322785300234,0.08673113495840108,3.125e-05,,,,,,,,,
2865,-0.18959443348193733,1.2851980447803553,0.06075921209519586,1.75531936630209,0.029507413532552852,0.4478297900589461,0.0003208928278095626,0.03037960604759793,0.19412387311051552,0.11695079554697171,0.0845409478152752,3.125e-05,,,,,,,,,
2866,-0.1309930454403619,1.1885102575091744,0.061860693834526734,1.7665453402339002,0.027538267266157976,0.4179384825295053,0.00033257717731936473,0.030930346917263363,0.13522435183774975,0.11209804693101955,0.08446480649593506,3.125e-05,,,,,,,,,
2867,-0.15345109462467704,1.2266345238281078,0.0698204857487204,1.7473528736740753,0.027498714980743303,0.4105226145790223,0.00041459714120491587,0.0349102428743602,0.1576128505134904,0.11184516662545588,0.08534378786608299,3.125e-05,,,,,,,,,
2868,-0.12891049522063133,1.2040523465208346,0.08061312336958723,1.715103034414613,0.03045437204672168,0.49532140478483805,0.0004225048780266436,0.040306561684793615,0.1339253919092889,0.11942620875818744,0.08712838691391708,3.125e-05,,,,,,,,,
2869,-0.11422680709745964,1.2240956865068413,0.07394919059167165,1.7446945064383526,0.026770176114106276,0.4396188425377636,0.0004144798900094513,0.03697459529583583,0.11868156186209755,0.10956086624743554,0.08443961549526514,3.125e-05,,,,,,,,,
2870,-0.19059772600665362,1.2723390322743593,0.050387113279646054,1.8033275844386438,0.02472872193687571,0.3173609949426501,0.00027566904179171937,0.025193556639823027,0.19381731947898223,0.10545675636541699,0.08409701043074226,3.125e-05,,,,,,,,,
2871,-0.12978276590602011,1.1903809068977778,0.06590170046284255,1.748004933261133,0.02953251698273,0.4597322475822827,0.00036573443451034724,0.032950850231421275,0.13443417662575208,0.11658800878471412,0.08600631072054374,3.125e-05,,,,,,,,,
2872,-0.1441235308587133,1.2427196551311388,0.06764987635718524,1.730935663125086,0.030798110166579098,0.4770745676779307,0.00036699619881380767,0.03382493817859262,0.14894908079229058,0.12057612160811382,0.08659367352376873,3.125e-05,,,,,,,,,
2873,-0.21404257412769517,1.3380852538244865,0.0694083702111527,1.735589477984672,0.028532231136399983,0.4379881235218588,0.00040449209681898285,0.03470418510557635,0.21847856036376737,0.1144812454100648,0.08602576940929615,3.125e-05,,,,,,,,,
2874,-0.19872063211741364,1.2835827825749784,0.05358739695641247,1.794386020753162,0.025927445877801502,0.3557685718438272,0.00027693284625791273,0.026793698478206236,0.20232582472300023,0.10773616441380393,0.08459229314770403,3.125e-05,,,,,,,,,
2875,-0.12953060974632663,1.20201029159285,0.062272664524213206,1.7524711308576937,0.029211169407247016,0.44656670094969886,0.00036853986617142915,0.031136332262106606,0.134048623198056,0.11649583951658565,0.08548255186597922,3.125e-05,,,,,,,,,
2876,-0.1627266382906666,1.2398394676784106,0.07299173384979354,1.7261478438639235,0.02979059683481441,0.4450031315546449,0.00040182937746317403,0.03649586692489677,0.16723444524535125,0.11811585750534358,0.08741406058311867,3.125e-05,,,,,,,,,
2877,-0.08214789865233225,1.1633377506728413,0.06618183605787459,1.7592966131683982,0.027659592467165633,0.41481426829131296,0.00038867867554379137,0.033090918028937294,0.08635061200616145,0.11191836563116972,0.08635433162443779,3.125e-05,,,,,,,,,
2878,-0.2019471594218042,1.3269259070721047,0.055786564554465394,1.7810442700375075,0.026334046449860225,0.3745967473102826,0.00031950767946552276,0.027893282277232697,0.20574202569667926,0.10908650603346913,0.08406467986448751,3.125e-05,,,,,,,,,
2879,-0.07175980844697422,1.154965932429028,0.07594093493469671,1.7311963054477948,0.028912639518091844,0.44815990725531524,0.000404718166410975,0.03797046746734835,0.0763007371317133,0.11524554082171201,0.0866435813992279,3.125e-05,,,,,,,,,
2880,-0.2597556472861364,1.403314883232045,0.06398838779650275,1.7459405389870497,0.02847076372142586,0.40396503805649076,0.00034324031533482105,0.03199419389825137,0.26384818366914287,0.11479441564055494,0.08704358645326796,3.125e-05,,,,,,,,,
2881,-0.19180686989552082,1.2717098064125936,0.05851056541702954,1.7695220160705345,0.026957806648980138,0.40256746470258786,0.0003183430847446074,0.029255282708514768,0.19588267847626337,0.11082851348399379,0.08357950842677858,3.125e-05,,,,,,,,,
2882,-0.09223443853564353,1.2053960693501842,0.07684158960664832,1.726414472472541,0.029330673883255668,0.4922561189292465,0.00041142853640028105,0.03842079480332416,0.09721679894982804,0.1155940532644929,0.08527400395694741,3.125e-05,,,,,,,,,
2883,-0.2324023619992997,1.3271857693951998,0.05239681780725236,1.7775023219090464,0.028188898660059976,0.40758683920553984,0.000278670331742669,0.02619840890362618,0.23652499052679526,0.113417233312049,0.08477990683446578,3.125e-05,,,,,,,,,
2884,-0.1824415474130468,1.310087966142885,0.06332044558095529,1.7715854749586835,0.0258818403908558,0.35093280483621286,0.00035450939348933186,0.03166022279047764,0.18600379663288388,0.10816952853253045,0.0867408397894258,3.125e-05,,,,,,,,,
2885,-0.19879523037117403,1.2958717855196,0.05755189111540461,1.7821935064511951,0.026478619172655,0.3824955973058811,0.00030681148004879237,0.028775945557702305,0.20266985233965554,0.10959008355616212,0.08361577640551682,3.125e-05,,,,,,,,,
2886,-0.1434973988411386,1.2239470562921115,0.059819672042108904,1.7596528421405124,0.029206788543123426,0.422173805776799,0.00031278798980041386,0.029909836021054452,0.14776977114324708,0.1159563169282469,0.08662346366863019,3.125e-05,,,,,,,,,
2887,-0.07930520314088967,1.1786967159577206,0.06884698777744461,1.7417113513749882,0.029379314578979996,0.47099543343427797,0.0003887215292349407,0.034423493888722304,0.08407088529792724,0.11537051786680114,0.0850405684988511,3.125e-05,,,,,,,,,
2888,-0.04799883932506865,1.1442948207278618,0.06787645075850375,1.7343908875722274,0.031200485595401548,0.5287376170955143,0.00039048364167185005,0.033938225379251875,0.0533414024666955,0.12015052288342709,0.08640021445978305,3.125e-05,,,,,,,,,
2889,-0.15955950973293256,1.257826140124279,0.06456505138077409,1.7722118227103172,0.02627644613799856,0.3699347706990845,0.0003460136589321072,0.032282525690387046,0.16331232222043024,0.10859744168094342,0.08583619351778217,3.125e-05,,,,,,,,,
2890,-0.12875126199656287,1.2427769942947338,0.07359190782673394,1.7336778973067,0.029644799778048847,0.4356097565294397,0.00038235416265648974,0.03679595391336697,0.13316531583637026,0.11699449500933723,0.08913996476658828,3.125e-05,,,,,,,,,
2891,-0.1384308687170008,1.2313789571643006,0.08224201871424786,1.717295307331096,0.028073924825249535,0.43510446150224247,0.00048457200843143714,0.041121009357123935,0.14284505301453798,0.1128555516784236,0.08766231710352218,3.125e-05,,,,,,,,,
2892,-0.30843349877077886,1.4770503558094656,0.06311949762027252,1.744924825367904,0.026901144948317343,0.3649450033303513,0.0003541539943052024,0.03155974881013626,0.3121354993410892,0.11069782257134538,0.08710301949554738,3.125e-05,,,,,,,,,
2893,-0.2280336967471437,1.3192954882346837,0.05217709712031735,1.7846978332999437,0.02701232338563741,0.37582415878121345,0.0002751410549141694,0.026088548560158676,0.23183862527239812,0.11075941138663346,0.08483872041257942,3.125e-05,,,,,,,,,
2894,-0.2512165285523411,1.3692386650341577,0.0565140465016847,1.7725197127892642,0.026929529041712398,0.3798132232690183,0.0002960522034575573,0.02825702325084235,0.2550636035274446,0.11046457304302884,0.0850982393577934,3.125e-05,,,,,,,,,
2895,-0.11776795603626661,1.2567537766157253,0.0630093755120045,1.7623734350025693,0.02867733976824924,0.4371705920504651,0.0003300376177940181,0.03150468775600225,0.12219209075505524,0.11400692275206376,0.08535474114102451,3.125e-05,,,,,,,,,
2896,-0.19707682434082824,1.3197086485861473,0.06155628343161315,1.76271236552021,0.0281629479385677,0.43266840094849646,0.0003695565958983949,0.030778141715806576,0.20145560918164318,0.11351587630696616,0.08489674099320413,3.125e-05,,,,,,,,,
2897,-0.17636557370108338,1.2597796220488449,0.061144318426383654,1.773963920319885,0.026270393705754756,0.3718794154797348,0.0003683639510255834,0.030572159213191827,0.1801363632938074,0.1082229294052088,0.08525475445157311,3.125e-05,,,,,,,,,
2898,-0.1998699427955889,1.3140348384974396,0.05874752997642287,1.7743681268970728,0.026964934155549312,0.3883672167713919,0.000339580281171557,0.029373764988211436,0.2038041282123717,0.1102473591915744,0.08475290911644948,3.125e-05,,,,,,,,,
2899,-0.24197736072522666,1.3566989671196428,0.055446533768900366,1.7723633234680045,0.0267209052883883,0.3778381951033876,0.00028668382624638493,0.027723266884450183,0.24580405641464215,0.10962427834676106,0.08487505213319482,3.125e-05,,,,,,,,,
2900,-0.17273997532037852,1.2929845398145705,0.06474519735030174,1.760012164278523,0.025811807078135428,0.3602307141990477,0.00036496666500068043,0.03237259867515087,0.17639590484933693,0.10772346828062004,0.08570354984297288,3.125e-05,-0.16672259966305797,1.282354749515065,0.17129697611778538,0.07187375174191217,1.733846168513854,0.029090533703816597,0.4517249015497088,0.00038521016742416165,0.035936875870956085
2901,-0.2819947691262491,1.3873732562473422,0.0544711526815215,1.776066641048303,0.026855987588237106,0.37265148259313796,0.0002744912411437952,0.02723557634076075,0.28576902510734314,0.11022835186234159,0.08443972529281994,3.125e-05,,,,,,,,,
2902,-0.14598316417920598,1.246885779927784,0.0678933333554887,1.749596729412414,0.02741879106236869,0.42570859364514524,0.00038596082405016564,0.03394666667774435,0.1502955523578698,0.11117591501094229,0.08480003756993212,3.125e-05,,,,,,,,,
2903,-0.17449334149616974,1.2339895747151612,0.04961857294128663,1.780239422528366,0.02812929542040362,0.42128589501457503,0.0002742311289596319,0.02480928647064332,0.17875155443830099,0.11374650589678123,0.08300831623774618,3.125e-05,,,,,,,,,
2904,-0.22439236715521277,1.3488222514147943,0.047753681475281674,1.815068096764936,0.023099709363846605,0.28887897100220616,0.0002734377294734162,0.023876840737640837,0.22732591876423486,0.1006849200628024,0.08309793428770881,3.125e-05,,,,,,,,,
2905,-0.12159119605654947,1.1776690070349365,0.06698167976637569,1.7452151134323153,0.028923697435256784,0.431085243397578,0.00037056125006818176,0.03349083988318785,0.12595669709404345,0.11507404688458578,0.08692303023517753,3.125e-05,,,,,,,,,
2906,-0.19956628144518826,1.2866530079494791,0.05338645815744443,1.7880003863819005,0.025517939283029457,0.35177573783131044,0.0002694763437147026,0.026693229078722215,0.20313130681988104,0.1066839677214445,0.08358014337286429,3.125e-05,,,,,,,,,
2907,-0.17890924685186516,1.2719293415892983,0.05554791215683494,1.7878434020364484,0.024926876911165886,0.3572133979401412,0.00029912663169412304,0.02777395607841747,0.1825300244876823,0.10554433501777029,0.08427721666117474,3.125e-05,,,,,,,,,
2908,-0.2004734874333597,1.331397050773416,0.07335958258162796,1.7312089186256803,0.02844905508806326,0.4693250508446094,0.000413382881686486,0.03667979129081398,0.20522486365109968,0.1138969670279906,0.083413445423725,3.125e-05,,,,,,,,,
2909,-0.09460623563181166,1.1677891239345315,0.07095986172794731,1.757100100661773,0.026390985404708935,0.38228645283675233,0.000407261145759983,0.035479930863973656,0.09848622370350736,0.10892710315250702,0.08647344350011074,3.125e-05,,,,,,,,,
2910,-0.1502141637242561,1.2134986085853452,0.05953720119290158,1.774908821485812,0.025967623217333646,0.3679470771249811,0.00032596277302497244,0.02976860059645079,0.15394441181204746,0.10835869338543179,0.08442465288911863,3.125e-05,,,,,,,,,
2911,-0.16747468049990377,1.2628279942273095,0.05990405492870691,1.7653643969474073,0.02674839586049265,0.38752345200508065,0.00033681844625703644,0.02995202746435345,0.171400888875851,0.10999299030877688,0.08496573102452082,3.125e-05,,,,,,,,,
2912,-0.12687116930487866,1.2030193859822211,0.0700483389853162,1.7439318152333012,0.029596898290673943,0.4329192855967012,0.0004280222502581396,0.0350241694926581,0.13125710587099326,0.11647625503475519,0.08929357670670907,3.125e-05,,,,,,,,,
2913,-0.18026580732776037,1.2541209303280403,0.04671787958056829,1.8033682405684732,0.02610275983303522,0.33913454647291774,0.00025605049509726333,0.023358939790284146,0.18370110591963648,0.1078418215703055,0.08555458350552952,3.125e-05,,,,,,,,,
2914,-0.15841607755587386,1.2592684879536038,0.07155929129482429,1.7443364184943462,0.027948122725398095,0.4403458913192592,0.00038178553407546684,0.035779645647412144,0.16287657733423958,0.11275216738084558,0.08556987028440569,3.125e-05,,,,,,,,,
2915,-0.11884962393324659,1.2292891241326411,0.06547188122930676,1.7612317940725872,0.026692029216756046,0.39156335860279823,0.0003659716242112243,0.032735940614653375,0.12281926549407207,0.10939245707801094,0.08519935457937919,3.125e-05,,,,,,,,,
2916,-0.22189580495751807,1.322835248426605,0.06800063614606543,1.7439621772152087,0.027242852414886165,0.40790741103537975,0.00037514374663680965,0.03400031807303272,0.22603007044518342,0.11128076592628691,0.08605057827202164,3.125e-05,,,,,,,,,
2917,-0.11371297173827868,1.2033334891165477,0.07110846808888191,1.7354359397795982,0.028684276925146315,0.44042563738725315,0.00037939174621854217,0.035554234044440955,0.11817393062305565,0.1145019334536213,0.08616303408335357,3.125e-05,,,,,,,,,
2918,-0.21256650484065256,1.2932286630193415,0.057946608803662036,1.7683466314840985,0.027679022838828393,0.38679581805921553,0.0002943379273794723,0.028973304401831018,0.2164840631712352,0.11226654865561142,0.08677905296742833,3.125e-05,,,,,,,,,
2919,-0.15820888684532253,1.2212133565534251,0.04737550448222062,1.81939553739908,0.022787841829699243,0.2812512147474442,0.00025492301624381955,0.02368775224111031,0.1610658299305745,0.0998764033052118,0.0846130617884473,3.125e-05,,,,,,,,,
2920,-0.21473695061368428,1.313867992700047,0.05616430442090217,1.7802612801559043,0.026233305336211016,0.3752531408794136,0.0002984758210226505,0.028082152210451086,0.21853835154570067,0.1091416425926807,0.08417380589235494,3.125e-05,,,,,,,,,
2921,-0.1422021106621996,1.2327514771072754,0.07659055030887556,1.7269378300221119,0.028088615478128208,0.4555518200116784,0.0004031596971039692,0.03829527515443778,0.1468172251127421,0.1126664527596247,0.0857420723579925,3.125e-05,,,,,,,,,
2922,-0.21643118427011093,1.3312041134631567,0.05145811915447917,1.784420010921823,0.027033151185511767,0.40025249583307243,0.0002514074700863031,0.025729059577239588,0.22047979656282896,0.11069885073681959,0.0829475965096971,3.125e-05,,,,,,,,,
2923,-0.23194057330108298,1.3229067615387404,0.058045624025088054,1.7722482344844923,0.025464483801891726,0.33711860039349045,0.0003026750023956313,0.029022812012544027,0.23536153134939924,0.10681742419412713,0.08582940711301502,3.125e-05,,,,,,,,,
2924,-0.15595710786029873,1.277541378370859,0.06220513038578329,1.7577275651757989,0.02771781455664311,0.40682653799702273,0.0003505927467364805,0.031102565192891646,0.16007755900858098,0.11190722941582616,0.08643320470874075,3.125e-05,,,,,,,,,
2925,-0.16128047688084088,1.2323513275352713,0.04839763224786123,1.8191476409413028,0.024565801976869243,0.3243217848797312,0.0002793831010159514,0.024198816123930614,0.16456887885318172,0.10366709849720668,0.08517629075536622,3.125e-05,,,,,,,,,
2926,-0.013000781618149458,1.086871093085283,0.08502504571929494,1.7068323600954791,0.03085190896398135,0.5084127674869405,0.00044848530446208574,0.04251252285964746,0.018148974992524082,0.11900134724796288,0.08772168816699084,3.125e-05,,,,,,,,,
2927,-0.13302862778940572,1.2396600612940907,0.07924575785549193,1.727911608178151,0.02728188488541746,0.42067892997609213,0.000411524641652208,0.039622878927745964,0.1372964343305927,0.11098917354180436,0.08672946591093164,3.125e-05,,,,,,,,,
2928,-0.12004690074419705,1.187876394854773,0.06710486864994537,1.7523898931783952,0.028266115214835835,0.39384917043862744,0.00038186659489578044,0.03355243432497269,0.12404028744778904,0.11371800855182732,0.08792774573440246,3.125e-05,,,,,,,,,
2929,-0.2251794852556852,1.3466309479230287,0.061317736574087275,1.767393613948393,0.025635683155762715,0.3514218892920655,0.00031756079097701115,0.030658868287043638,0.22874521256094216,0.10741633688042848,0.08628187698352333,3.125e-05,,,,,,,,,
2930,-0.21525966405156854,1.3176578078812577,0.07080184670641185,1.729400575664313,0.028176069255918028,0.4329245982956609,0.00042310814343111193,0.035400923353205924,0.21964583604506932,0.11358418083875538,0.08616272887298326,3.125e-05,,,,,,,,,
2931,-0.12622883772818472,1.2163884310631943,0.07049980574280221,1.7445470218575863,0.027720321089708164,0.4139666172571677,0.00039065038342529714,0.035249902871401104,0.13042510577768063,0.11163990556803557,0.08659801927822154,3.125e-05,,,,,,,,,
2932,-0.21409770040632722,1.3046910084491325,0.06189229466880397,1.7519770619467536,0.027359975397732383,0.39860335110360123,0.00033072024607459034,0.030946147334401986,0.21813550703777784,0.1116102696657606,0.08596434198299793,3.125e-05,,,,,,,,,
2933,-0.2330146271199424,1.3472445576005003,0.044942261276301194,1.8114890258754217,0.02450846220549411,0.3369154977512382,0.0002571340828923823,0.022471130638150594,0.2364269394591806,0.10432066852901514,0.08265444111674486,3.125e-05,,,,,,,,,
2934,-0.17569754884359645,1.2959504903109154,0.06253536733436815,1.7631124520135384,0.027043902534370938,0.4039449468606202,0.00035729398722566185,0.031267683667184076,0.1797894700602622,0.11051603699944641,0.08477022767988834,3.125e-05,,,,,,,,,
2935,-0.11237648967549782,1.1940012822641661,0.07351760456560014,1.745728290107136,0.028045737907289592,0.428783381566464,0.0003970560723194836,0.03675880228280007,0.1167225101370695,0.11288666074072362,0.08597766025990229,3.125e-05,,,,,,,,,
2936,-0.09458775828393326,1.1877554098647702,0.08963048968640894,1.7028285720131797,0.02828339678269739,0.445809905270816,0.0005155938857960623,0.04481524484320447,0.0991128568060627,0.11343264748015908,0.08895394768192777,3.125e-05,,,,,,,,,
2937,-0.08584118740582514,1.1568661895845094,0.05958317507294246,1.7837312327273263,0.026451966863248955,0.3829225946435341,0.0003431711022551886,0.02979158753647123,0.08972147396314678,0.1087986312417353,0.0859408025939641,3.125e-05,,,,,,,,,
2938,-0.2684473473036621,1.3849630815737488,0.04582865959064767,1.7982316976687605,0.025885424969882356,0.34836795991205516,0.0002719868783379591,0.022914329795323832,0.27197464341833805,0.1079149964559182,0.08471202049128726,3.125e-05,,,,,,,,,
2939,-0.2068133205342041,1.2995475987742173,0.06138314897822387,1.7704508225955031,0.026163010018576644,0.3821754545769499,0.00035466976323381713,0.030691574489111934,0.21068701786032096,0.1087636796118531,0.0844748180693686,3.125e-05,,,,,,,,,
2940,-0.06681434657090805,1.1626907690410189,0.06874862929101569,1.7546260280342467,0.027940623987860944,0.43547373781169985,0.00037493575228579276,0.034374314645507845,0.07122475388147374,0.11159390051092025,0.08608571244521358,3.125e-05,,,,,,,,,
2941,-0.24716548829304327,1.362804070881296,0.0596410723965797,1.7691544356836575,0.026889506463566793,0.3706386802288634,0.0003242510661445316,0.029820536198289855,0.25092262968654844,0.11016056294548864,0.08595311596359956,3.125e-05,,,,,,,,,
2942,-0.27201958567630913,1.3948140275285503,0.05307421692731473,1.7770488843269034,0.026035688774372234,0.3514622701859642,0.0002846093617209206,0.026537108463657366,0.2755813620690929,0.10868917501777049,0.0851143253277544,3.125e-05,,,,,,,,,
2943,-0.1992314162730494,1.2965242735196858,0.05487769189327237,1.7849508351090877,0.026626431306045056,0.3858820198695575,0.0003089958746151693,0.02743884594663619,0.20313861478478884,0.10961616539046196,0.08478748350608319,3.125e-05,,,,,,,,,
2944,-0.015126480330255557,1.06889606914568,0.08507019738521077,1.72021923293087,0.02885335172740475,0.47611437659241057,0.0004764059673279366,0.04253509869260538,0.019952125446874858,0.11474294572772106,0.08710087910405581,3.125e-05,,,,,,,,,
2945,-0.22544562136571597,1.3358438161969943,0.05397967893705202,1.7716411865620798,0.027693274256883477,0.3982569535821294,0.0002880379606336843,0.02698983946852601,0.22947577753247775,0.11184304636273917,0.08539039825808911,3.125e-05,,,,,,,,,
2946,-0.23209492513839444,1.3654740295222672,0.05375220875723501,1.7894880624266407,0.024945086922139294,0.3387399452044637,0.00031681280995639707,0.026876104378617503,0.23553026370354152,0.1052199977695889,0.08381346148431507,3.125e-05,,,,,,,,,
2947,-0.19202060368155735,1.2797371144519851,0.06109785967290855,1.7768975502398217,0.02495918773033241,0.3564790934272263,0.0003083424925606423,0.030548929836454276,0.1956367959460941,0.10580523594860358,0.08488455348047468,3.125e-05,,,,,,,,,
2948,-0.11536093176891975,1.220070063619144,0.06922069847628977,1.7595642323447782,0.025429075349371923,0.38393724744078706,0.00039845502847004856,0.034610349238144884,0.11925649478517389,0.10602304479540722,0.08513760636739823,3.125e-05,,,,,,,,,
2949,-0.1898392737341574,1.2914495810291085,0.06896352569607966,1.728084975196285,0.02925499634451504,0.4715201491855415,0.00039340592253591354,0.03448176284803983,0.19461017189783816,0.11626297041672372,0.08494344454533423,3.125e-05,,,,,,,,,
2950,-0.046773392891732046,1.113497690923443,0.07525132270523216,1.7590044361141,0.026415765501251305,0.4109035715471385,0.00041927333205531186,0.03762566135261608,0.05094183704623774,0.10799600073259708,0.08662309045330949,3.125e-05,-0.1667036118130883,1.282593992929248,0.17112937343048362,0.07203985002369258,1.73741212113711,0.028453543617564712,0.4368506859454067,0.00038607117180371284,0.03601992501184629
2951,-0.14448471490048884,1.26427978652652,0.0616941805072204,1.761572337836839,0.02800834961493391,0.4341014506572607,0.0003399766168710402,0.0308470902536102,0.14887759198686212,0.11236461313408803,0.08510106393350533,3.125e-05,,,,,,,,,
2952,-0.011587755736040957,1.1024380879984568,0.10024337076731481,1.6773095713401383,0.02984806550530821,0.5224829930413664,0.0005379186058592771,0.0501216853836574,0.016884859633610253,0.1168199290624268,0.08749771829664318,3.125e-05,,,,,,,,,
2953,-0.09090617181385874,1.161099196739067,0.06528129018135713,1.7499529004949,0.029356985832046205,0.4467237489384855,0.0003320862916958671,0.03264064509067856,0.09542687034025618,0.11557006694652697,0.08722917785167311,3.125e-05,,,,,,,,,
2954,0.006894534714120569,1.0733934646733077,0.09070789324034248,1.7146789644330096,0.02898696954172741,0.4807416493878583,0.0004599378861142743,0.04535394662017124,-0.0020200181051163446,0.11420824794040482,0.08759616725638386,3.125e-05,,,,,,,,,
2955,-0.1246358786789016,1.1993061821389306,0.06220194706822512,1.7499430109051302,0.02940942057627039,0.4539561047831092,0.00031490501699183533,0.031100973534112564,0.1292271891805458,0.11618551050007372,0.08561344454104189,3.125e-05,,,,,,,,,
2956,-0.09398505692373596,1.1540535999116184,0.05976232128441844,1.7853600684213782,0.025816114374801753,0.3751354869601177,0.00033675417883242156,0.029881160642209227,0.09778751409645188,0.10698021001978891,0.0856345969357263,3.125e-05,,,,,,,,,
2957,-0.2167861406496227,1.3196880597855358,0.052427922325326975,1.7993731869822147,0.02549546388855834,0.3435672392433655,0.00033420777534363456,0.026213961162663488,0.2202693628128423,0.10692604741329784,0.08492965832076992,3.125e-05,,,,,,,,,
2958,-0.2472429096630851,1.3895001514236895,0.05654838747221905,1.789674636923575,0.024585593547347347,0.33518001636339523,0.0003117422916611246,0.028274193736109524,0.25064399818974104,0.10449483719537386,0.0849630146615853,3.125e-05,,,,,,,,,
2959,-0.05586301430148856,1.1163987482390505,0.07747724966278549,1.7223998011028567,0.029391306069436282,0.46706712859965044,0.00045271427894112953,0.038738624831392746,0.0605941753531169,0.11583659172522276,0.08783092572902321,3.125e-05,,,,,,,,,
2960,-0.14488735841635125,1.2164249738895885,0.06957449808443412,1.749510144177401,0.028073441425830493,0.4199409109289065,0.00038795380416906344,0.03478724904221706,0.14914292941416596,0.11287440466856156,0.08568347779327048,3.125e-05,,,,,,,,,
2961,-0.10452650259972983,1.1975491087770331,0.06540729926375433,1.7502904246347035,0.028668708845664782,0.4401668013479021,0.0003586321711777601,0.032703649631877156,0.10898196348879882,0.11459781307706327,0.08560667265775287,3.125e-05,,,,,,,,,
2962,-0.17385967027374105,1.2561609632624564,0.05984839738719633,1.7761028329200619,0.02509156224130636,0.35847833424342224,0.0003277942357351022,0.029924198693598164,0.17749541678555542,0.10562395047347703,0.08580538916698821,3.125e-05,,,,,,,,,
2963,-0.13202086189053172,1.2338798196346819,0.05329697867149141,1.7953885815265083,0.026439322479614405,0.3587157927223692,0.00029686273848126914,0.026648489335745706,0.13565559082029122,0.10844720939368047,0.08622607937159715,3.125e-05,,,,,,,,,
2964,-0.22858692404702136,1.3469337545967874,0.06250822532632427,1.7547305764135743,0.02785588103956521,0.41404700254912635,0.0003463468466121407,0.03125411266316213,0.232779658959406,0.11281423068302582,0.084768279586449,3.125e-05,,,,,,,,,
2965,-0.1315715961682396,1.1984572839882344,0.08306999259786478,1.7033258101803836,0.030408923760345506,0.4633369140350724,0.00045154336277418065,0.04153499629893238,0.13626804899661876,0.1193984920603037,0.0890163186861245,3.125e-05,,,,,,,,,
2966,-0.15775898316698234,1.2312601816477482,0.06983699605441043,1.7456711520647703,0.027905066707937996,0.4219559281763221,0.0003616679216450427,0.034918498027205216,0.16203453433750983,0.11292851281576025,0.08573742285898305,3.125e-05,,,,,,,,,
2967,-0.14375196623080774,1.228333077760639,0.05892387866097763,1.7706860528184503,0.027291616941955005,0.4179539393684558,0.0002990628306421483,0.029461939330488816,0.14798166505265742,0.11091433246169502,0.08410370260343343,3.125e-05,,,,,,,,,
2968,-0.1639825722475124,1.2991201573329239,0.07071031910522972,1.7468144955914995,0.026307076559124273,0.41005439736936755,0.0003792566610995448,0.03535515955261487,0.16813973209232558,0.10831428126893795,0.0846978019647974,3.125e-05,,,,,,,,,
2969,-0.2255043573713072,1.3306625796639149,0.0587054524082282,1.7844747517972883,0.02533903137746063,0.32525326453964715,0.00032844804052432604,0.0293527262041141,0.228807371970831,0.10652073604250983,0.08757758318357489,3.125e-05,,,,,,,,,
2970,-0.13696562208645863,1.2347571284055212,0.07138554910716458,1.7523611583335688,0.027300532754961315,0.407363037667816,0.0004144982210264996,0.03569277455358229,0.14109661383148395,0.11044401016577371,0.08600152911136516,3.125e-05,,,,,,,,,
2971,-0.1937027659249045,1.296198565482959,0.07117126398585392,1.7532023912738741,0.026504080197472673,0.37894838684662246,0.00040327816095763467,0.03558563199292696,0.19754940023088605,0.10934955085092861,0.08651303093595027,3.125e-05,,,,,,,,,
2972,-0.16136108502940139,1.2546139613041813,0.05011847883091566,1.8005784344416638,0.02449157732484099,0.3451431413839521,0.00028027360660259817,0.02505923941545783,0.16485838420306678,0.10438938790559807,0.08288491621605087,3.125e-05,,,,,,,,,
2973,-0.17234492413986602,1.2669796788291963,0.06713108196238879,1.754395919094461,0.02739999959077767,0.3745339785664925,0.00037090763102097166,0.0335655409811944,0.1761450825020133,0.11141961181023696,0.08730828682534553,3.125e-05,,,,,,,,,
2974,-0.20624445346799056,1.2978976811912393,0.0559448891344074,1.7830102912664556,0.025181510659015187,0.3439849917677043,0.00029890598828579166,0.0279724445672037,0.20973309499303028,0.10659442868576925,0.084852258402837,3.125e-05,,,,,,,,,
2975,-0.2249381630698513,1.3298981182806817,0.057299092654826585,1.7711644097145145,0.027499254659057032,0.379197657579181,0.00030616801373347524,0.028649546327413292,0.228779562516205,0.11167104282836934,0.08702762453286621,3.125e-05,,,,,,,,,
2976,-0.15033446784683785,1.2376407994364347,0.0923777098722802,1.6777685345698592,0.031399351616491315,0.49562866796738675,0.0004696558837822715,0.0461888549361401,0.1553584176256314,0.12156176621396675,0.09064233605441703,3.125e-05,,,,,,,,,
2977,-0.1704624051512714,1.278307535558558,0.06523050714994208,1.7590277109089891,0.026313549559286345,0.39608073710932445,0.00035008299822894247,0.03261525357497104,0.174476918883031,0.10851269068189018,0.08603344566782588,3.125e-05,,,,,,,,,
2978,-0.2091845018054444,1.3286849674243566,0.07471613181624162,1.7370604909232936,0.02603111863269311,0.39035141606934476,0.00042498738595293746,0.03735806590812081,0.21314699451081473,0.10806655158915904,0.08619606244569598,3.125e-05,,,,,,,,,
2979,-0.11119834688015649,1.1633992535579052,0.09042490016900687,1.6882539071478684,0.030969777530889052,0.5278048568847664,0.0005419507496619642,0.04521245008450343,0.11654390994565675,0.11996847567650282,0.08739461978897453,3.125e-05,,,,,,,,,
2980,-0.21843849573677468,1.337897027185519,0.05457828673017098,1.7834075500190663,0.025317193297312142,0.33724836879195624,0.00029421935544720224,0.02728914336508549,0.221859044837114,0.10600578048487663,0.08512071657468884,3.125e-05,,,,,,,,,
2981,-0.0978314808619114,1.1755805827701966,0.07270453830187984,1.7638940758859454,0.026266503640536547,0.37179198710840317,0.0004495225457158928,0.03635226915093992,0.1016078871683624,0.10844024795952456,0.0868342527654054,3.125e-05,,,,,,,,,
2982,-0.24543966502112,1.3552568862100562,0.04855095973981421,1.7922936956475803,0.025709418341585313,0.3541878816340691,0.0002790966130797603,0.024275479869907104,0.24902653322041785,0.10725472141449205,0.08333380909962149,3.125e-05,,,,,,,,,
2983,-0.07553290499329503,1.1429761889760668,0.0821024480434838,1.7132960031383384,0.029009603933332767,0.47258612272431794,0.0004820590958855458,0.0410512240217419,0.08032177099555018,0.11515103705211668,0.08731888446490382,3.125e-05,,,,,,,,,
2984,-0.15983028611229555,1.279326688521489,0.07289025706129992,1.745454210373744,0.026874983899030522,0.3968483832895707,0.0003661373977460185,0.03644512853064996,0.16385633098980312,0.10966491644356936,0.0864538922101633,3.125e-05,,,,,,,,,
2985,-0.06089293220382562,1.1211869222382433,0.08212656467087939,1.7190740913573193,0.029539599454078545,0.47153699842330243,0.0004528909233759212,0.04106328233543969,0.06567108512054143,0.11660205182265539,0.08825447857039558,3.125e-05,,,,,,,,,
2986,-0.20901354747194012,1.334747087123128,0.07050380196440377,1.7323657195845918,0.027981162398621563,0.4068131361617781,0.0004003641929845506,0.03525190098220188,0.2131382580336658,0.11302793179405127,0.0870160078660561,3.125e-05,,,,,,,,,
2987,-0.16210233610067237,1.2765974541766223,0.08173262143881654,1.735208888318461,0.02676669275735384,0.36753574072870354,0.0004785670514264023,0.040866310719408265,0.16584069757807623,0.10976087755017108,0.09000472072945856,3.125e-05,,,,,,,,,
2988,-0.24597490674172268,1.3270051631772737,0.050035801904462614,1.8011987981861641,0.02411382574226456,0.30374847961474977,0.00027547265313179146,0.025017900952231307,0.2490581761533356,0.10362296970258456,0.0848086387843049,3.125e-05,,,,,,,,,
2989,-0.1584214281706543,1.2420787196214935,0.06713271240625286,1.7548833087506597,0.028198723589846098,0.4100118369391962,0.00041508564300793296,0.03356635620312643,0.162576812585767,0.11319910961088293,0.08797894578156445,3.125e-05,,,,,,,,,
2990,-0.13845833401963187,1.1919117127688206,0.04542800662405114,1.8119139591166151,0.025331652003193587,0.3498759454526429,0.00022488740796473903,0.022714003312025572,0.14200017549114113,0.10607460471857878,0.08445121464033452,3.125e-05,,,,,,,,,
2991,-0.18899787385316275,1.2652303549578372,0.060303265187529646,1.7705556979604666,0.026339123384335528,0.3954230484254879,0.0003500597978230858,0.030151632593764827,0.1930034621249692,0.1084605193641701,0.08451712212689816,3.125e-05,,,,,,,,,
2992,-0.13863171991696938,1.2257857312992724,0.06291768284094156,1.753823941385844,0.029339882738720412,0.4420467665614908,0.0003257784641613133,0.03145884142047078,0.14310444244806025,0.1160446788776239,0.0867267382034402,3.125e-05,,,,,,,,,
2993,-0.12910080658192793,1.2087758555541486,0.0730374082333131,1.732076137460564,0.029607252434073063,0.4656932959525231,0.00042945553966211586,0.03651870411665656,0.13381587356234104,0.116503044733371,0.08710972894417343,3.125e-05,,,,,,,,,
2994,-0.20501474230752667,1.3096987322627598,0.04826444109118616,1.8012847738565267,0.025010343178315922,0.3291213301691188,0.00026665385787781105,0.02413222054559308,0.20835076721608076,0.10539080683926927,0.08490527623560558,3.125e-05,,,,,,,,,
2995,-0.15330451198785347,1.2209242027139071,0.06431750989804555,1.7763091887421827,0.02503899098092337,0.34335984762356164,0.00034627040764778774,0.032158754949022775,0.156791495015002,0.10559935487524648,0.08569418514241431,3.125e-05,,,,,,,,,
2996,-0.11788644151547861,1.1913827047363559,0.06801167414960177,1.758312750557912,0.02677354679278722,0.4130376428554823,0.0003751991552718835,0.034005837074800885,0.12207215890016657,0.10946044743050874,0.08546611188384315,3.125e-05,,,,,,,,,
2997,-0.17824025826181264,1.2706091704171003,0.05005031546729422,1.7895724866687666,0.02745518172073816,0.3824972482172836,0.0002954310056697561,0.02502515773364711,0.18211110593664248,0.11131926360172215,0.0855471445179667,3.125e-05,,,,,,,,,
2998,-0.19905108895397577,1.3307934622003663,0.053502353096890234,1.7814691478608693,0.026331344372362845,0.3576337071832852,0.00026413805345636165,0.026751176548445114,0.20267463327437024,0.1084011789381875,0.08604809564557259,3.125e-05,,,,,,,,,
2999,-0.20911976107935332,1.30041932980937,0.06032643535045786,1.7658384993436294,0.02654767316178451,0.384878202968571,0.0003326481888955401,0.03016321767522893,0.21301969119359662,0.10944765433221335,0.08511650764478758,3.125e-05,,,,,,,,,
3000,-0.12731978726524487,1.2155449196007306,0.057073971363539804,1.7934162599697117,0.026149785760957972,0.37395154974978106,0.00032416224308127355,0.028536985681769902,0.13110901553345494,0.10730947620969224,0.08533978949995066,1.5625e-05,-0.16667342830103596,1.2825824198232598,0.17106940236535068,0.07208069185301166,1.738151822150142,0.028332792136768505,0.43386897454905826,0.0003862454676113496,0.03604034592650583
3001,-0.13468724690778866,1.184876233258182,0.06660290995754037,1.7452127504294013,0.0283082681280932,0.41312129087847493,0.00035435443271760814,0.033301454978770184,0.13887275694338364,0.11344755743520994,0.08698796196843359,1.5625e-05,,,,,,,,,
3002,-0.1387776941182192,1.2227081813753076,0.05448246725749828,1.799700297953996,0.024964323542862543,0.3508282365688531,0.00029618045165853647,0.027241233628749136,0.14233417652503258,0.10428903342918187,0.08466250653198179,1.5625e-05,,,,,,,,,
3003,-0.19919580177733054,1.3033713117318968,0.06912965734638463,1.7570800334459395,0.02540525520283822,0.3561138060110827,0.0003532369734601267,0.03456482867319231,0.2028126078361836,0.10656520334652503,0.08625327556041638,1.5625e-05,,,,,,,,,
3004,-0.1374021284366127,1.2150847671539755,0.06361505985410683,1.7644820311350906,0.027431199931986835,0.4181229903200635,0.0003182848377302248,0.031807529927053414,0.14163599353842904,0.11100353217841197,0.08528478799518895,1.5625e-05,,,,,,,,,
3005,-0.1617795876058274,1.2254435124851981,0.060109801929230385,1.7742643776899572,0.026154170446006077,0.3636793201194172,0.00034171268538169615,0.030054900964615192,0.16546759547861686,0.10858481629094961,0.08666383712063574,1.5625e-05,,,,,,,,,
3006,-0.20362759560105698,1.33367439789295,0.06586697909371036,1.758541937974182,0.026327767912383296,0.3773929565811339,0.00035616634648364705,0.032933489546855176,0.20745560573925975,0.10870191718025687,0.08565243719738559,1.5625e-05,,,,,,,,,
3007,-0.03339908123669619,1.0906175231246913,0.08950894469031412,1.7075536587015592,0.028375422200928015,0.45081281275178475,0.0005378886409435766,0.04475447234515706,0.03797441825955564,0.11333184882887662,0.08705275053529984,1.5625e-05,,,,,,,,,
3008,-0.23678535958643462,1.3377608757418415,0.06658831389221873,1.7584050303226997,0.0260915306382502,0.3568638478144224,0.00038363553278343424,0.03329415694610936,0.24040871262715602,0.10853895443134763,0.08651236998987176,1.5625e-05,,,,,,,,,
3009,-0.26535209510911145,1.3902088512580906,0.06278711703981985,1.7650413357452095,0.026874160180438228,0.37436266443835026,0.0003184348546463576,0.03139355851990992,0.26914795007391884,0.11023046887480693,0.08614471471045698,1.5625e-05,,,,,,,,,
3010,-0.15832216124179366,1.248685245607815,0.05571211726882707,1.7825197943742388,0.026442633776584044,0.3843510395765854,0.0003000484993111123,0.027856058634413535,0.16221435337913076,0.10900245734474963,0.08552750966169462,1.5625e-05,,,,,,,,,
3011,-0.0502074464488283,1.1081469847563308,0.07223188011351155,1.7382267162366019,0.02827488260881674,0.46172170166877097,0.00038688399473338526,0.03611594005675577,0.054882030512682464,0.11322522579958338,0.08581443903206398,1.5625e-05,,,,,,,,,
3012,-0.11138254273376272,1.1787980469018824,0.06555554086459921,1.775998286474831,0.025321666685400715,0.35005255096870724,0.00032930813037407314,0.032777770432299604,0.11493689907805058,0.10546803650567463,0.08644739944208092,1.5625e-05,,,,,,,,,
3013,-0.12298895883520194,1.1939343463176086,0.07019601682543355,1.7431470805014286,0.0280493656664026,0.42031700029454255,0.00038638039717224255,0.03509800841271678,0.12724852212133683,0.11281335562757273,0.08728477033532325,1.5625e-05,,,,,,,,,
3014,-0.16048251254339746,1.2926601520338585,0.07021989364430797,1.7291503814722757,0.02910561565837038,0.45349015304078855,0.000410625806433758,0.03510994682215399,0.16507392178250657,0.1153357669110977,0.08694880147502973,1.5625e-05,,,,,,,,,
3015,-0.13582635816138983,1.2325938983802627,0.08008723582794018,1.7268087748839964,0.02713283993819718,0.40507624431384587,0.0004877228059356013,0.0400436179139701,0.13993930953825048,0.11080747892745921,0.08708564857806037,1.5625e-05,,,,,,,,,
3016,-0.08567729934616769,1.1817686454831513,0.0984471862516064,1.6838682388816661,0.029638214966826355,0.46349551482785334,0.0005450182856177557,0.0492235931258032,0.090383766952817,0.11641614749955397,0.0910147130854778,1.5625e-05,,,,,,,,,
3017,-0.2242362885497095,1.324856250822418,0.059521280387953554,1.7838264826988488,0.02552790259725282,0.34191824043897834,0.00032573326553343994,0.029760640193976774,0.22770632719177555,0.10655315622699697,0.08585730444765402,1.5625e-05,,,,,,,,,
3018,-0.2861665314310148,1.3918060723711347,0.05731530524725931,1.7696151040125048,0.02729928954546399,0.3793019560341472,0.0002844569765002737,0.028657652623629654,0.29000874936478505,0.11132537674511898,0.08519218537910248,1.5625e-05,,,,,,,,,
3019,-0.1099474072157874,1.2215785593131034,0.08219922339581028,1.7197113907737016,0.027340270584843004,0.4541429224507596,0.00046308338272857625,0.04109961169790514,0.11455176399972791,0.11047426085980343,0.08506601217018779,1.5625e-05,,,,,,,,,
3020,0.039468328307800025,1.012283957441177,0.08052780726590526,1.7237703701970726,0.028214375663051225,0.4532021389455989,0.000442659147805985,0.04026390363295263,-0.034874378719531064,0.11237295385501975,0.08855773873394712,1.5625e-05,,,,,,,,,
3021,-0.14084498472956633,1.2426548646521274,0.07294068897692657,1.7517272217023745,0.024888339157360058,0.38339432428070785,0.000411848495071694,0.036470344488463285,0.1447370340740296,0.104805304568551,0.08476693740349127,1.5625e-05,,,,,,,,,
3022,-0.10908394595461371,1.178464454279151,0.06480567890356737,1.7683550938489416,0.026508802756661363,0.4019454123473206,0.00038671242684126816,0.03240283945178368,0.11315735359274559,0.10873466076318641,0.08567406051799631,1.5625e-05,,,,,,,,,
3023,-0.24250432754815354,1.324589026690642,0.053178994578597864,1.7772611743161817,0.028103383449025507,0.4011671450720954,0.00030046914008465854,0.026589497289298932,0.24656336579930782,0.11353007061294217,0.08472903710166937,1.5625e-05,,,,,,,,,
3024,-0.11542317463519113,1.2037453045654982,0.0723234739203795,1.7282726466454932,0.030259244872112304,0.48691054023646274,0.0003729480469052478,0.03616173696018975,0.12034945398145147,0.11847666740155263,0.08713581030668392,1.5625e-05,,,,,,,,,
3025,-0.2514684600550222,1.3591371756993413,0.038478010140231035,1.8249354486900171,0.024792525544470943,0.3147433435509509,0.00020455209773981374,0.019239005070115518,0.25465542737106617,0.10489527753581834,0.08367387704522969,1.5625e-05,,,,,,,,,
3026,-0.1998901664571616,1.3174427235725272,0.06428409426998921,1.7736951603881088,0.026154608191120313,0.3705417106449448,0.0003536654247743789,0.032142047134994606,0.20364899921659768,0.10837972330534984,0.08668290311214713,1.5625e-05,,,,,,,,,
3027,-0.18787094059925852,1.290414096041828,0.05480499732750436,1.7865380056744522,0.025156444445560255,0.36124156706725996,0.0002916103696371354,0.02740249866375218,0.19153154025234798,0.10587971395578964,0.08401107561933883,1.5625e-05,,,,,,,,,
3028,-0.12901935494625522,1.2066107101626744,0.07856787407046639,1.716135506563834,0.029729343618482458,0.46276415498991214,0.0004181033814583496,0.039283937035233196,0.1337076228220698,0.11678754902021962,0.0881358874831772,1.5625e-05,,,,,,,,,
3029,-0.1905871273692734,1.287170950238795,0.07059783677188401,1.7429300585453098,0.027488440683731796,0.40526999836069477,0.00040386999284426324,0.035298918385942006,0.1946965942717802,0.1118545616310821,0.08616586404480911,1.5625e-05,,,,,,,,,
3030,-0.11880461270377657,1.209260118068353,0.07598573024307985,1.7354380413560009,0.028909595086928,0.4647838402047343,0.00040445054905285883,0.03799286512153992,0.12351184285684955,0.11452138953001625,0.0871091533972035,1.5625e-05,,,,,,,,,
3031,-0.08945693828261124,1.1857179660022243,0.0751232427499824,1.7426926339307287,0.026213556117635713,0.37637394861901413,0.0003871098249582642,0.0375616213749912,0.09327953741476525,0.1083994294300995,0.08754705490873044,1.5625e-05,,,,,,,,,
3032,-0.16280206496251298,1.2934717819036963,0.06890555665234464,1.75421405449713,0.026536049970366807,0.381579674890665,0.00034288634579115725,0.03445277832617232,0.1666732854937487,0.10892624075247004,0.08592153249071526,1.5625e-05,,,,,,,,,
3033,-0.17102355393172153,1.2609929028164075,0.06954060071279496,1.7374098690421895,0.029788193602769023,0.44391044480141284,0.0003540625519080085,0.034770300356397485,0.17551834340430156,0.11725182732844698,0.08786907691759199,1.5625e-05,,,,,,,,,
3034,-0.19378352594495676,1.3428454498650317,0.06836863389142057,1.7587172578365848,0.026656124601338933,0.3992970420061765,0.000402995147914837,0.03418431694571029,0.19783229780602174,0.10960537701819956,0.08544885096637737,1.5625e-05,,,,,,,,,
3035,-0.2147489488531579,1.3293748934449359,0.06254521593538091,1.7617339237952412,0.02624942666343842,0.35849139720626977,0.00034098381119794356,0.03127260796769046,0.21838616261053825,0.10865113890403377,0.08671356426591334,1.5625e-05,,,,,,,,,
3036,-0.11920157135013743,1.185841173944063,0.06142247099884186,1.7616714155714503,0.027918148123099784,0.41548217922710584,0.00034654865712778184,0.030711235499420928,0.12340818657863488,0.11231752236293438,0.08565548269438827,1.5625e-05,,,,,,,,,
3037,-0.07013567424918785,1.1712754150149447,0.06877914176662331,1.7436866985447184,0.029471133475176298,0.46890768218768974,0.0003804435832043321,0.03438957088331166,0.07488038194476557,0.11577605825234175,0.08653362990065439,1.5625e-05,,,,,,,,,
3038,-0.21323327044300033,1.275100360565385,0.058581615708683164,1.7811282109158224,0.025293639804485568,0.3319599837771665,0.0003433995183840944,0.029290807854341582,0.21660340636591932,0.10658974734145399,0.08562166193324056,1.5625e-05,,,,,,,,,
3039,-0.10350941836464876,1.2016911537350032,0.09348891719778277,1.7000043025048246,0.029000406897046763,0.4654012951300519,0.0005011477779176239,0.04674445859889138,0.10823218729535242,0.11491520268689412,0.08918383360719669,1.5625e-05,,,,,,,,,
3040,-0.11464848691756942,1.2513050188096386,0.07537638122608291,1.7228485129670137,0.029271523336366664,0.46342027377179945,0.00041549727913063443,0.037688190613041454,0.11934176130382143,0.11470166355589688,0.08850284949385198,1.5625e-05,,,,,,,,,
3041,-0.1916874061761646,1.2884930476312357,0.05735994396662372,1.781004827505768,0.026302634283458096,0.3828423800821332,0.00030528805858025764,0.02867997198331186,0.1955653728778301,0.10869456753265355,0.08456033378986881,1.5625e-05,,,,,,,,,
3042,-0.1616343838287034,1.2721647750558167,0.06290165854944464,1.7696406497390194,0.025567854237874044,0.3762106719773235,0.00028868092674690885,0.03145082927472233,0.16544852459351625,0.10690934445718367,0.08440977484116982,1.5625e-05,,,,,,,,,
3043,-0.23121791839754305,1.3194193515865336,0.06203715354604035,1.7745640327827799,0.025521384165419006,0.35719748066192214,0.0003447427738202729,0.031018576773020175,0.23484210484900134,0.1065855529921082,0.08604921373126209,1.5625e-05,,,,,,,,,
3044,-0.18843341531228947,1.260494995270874,0.058524750482133805,1.7673051665417336,0.02768066384189158,0.3935175441212472,0.00033618046403948137,0.029262375241066903,0.1924188879850488,0.11234245328226448,0.0858937937676587,1.5625e-05,,,,,,,,,
3045,-0.20607877580761572,1.300866779409814,0.07535411867027159,1.7192684461940793,0.028739239553570647,0.4147250183724708,0.0004581880991780585,0.03767705933513579,0.21028547761612926,0.11547116347744227,0.08900894651463093,1.5625e-05,,,,,,,,,
3046,-0.17384109761652855,1.3132329140628354,0.06210620900401368,1.7544089187143213,0.02770172590692513,0.4159206288564634,0.000333372943947411,0.03105310450200684,0.17805223482822183,0.11249164872486553,0.08469523691601297,1.5625e-05,,,,,,,,,
3047,-0.15175814389824538,1.2212886206852467,0.06577069186371795,1.7590589435441253,0.026332450330177073,0.3648820592173006,0.0003506660014472895,0.032885345931858975,0.15546094708580016,0.109178747745901,0.08665772714980652,1.5625e-05,,,,,,,,,
3048,-0.07651099539969623,1.1296730121837972,0.0776741332673033,1.7302523560346639,0.02821464607736313,0.4199168266834998,0.00039632281969868757,0.038837066633651655,0.08077026648492222,0.11351100842826477,0.08810664079944608,1.5625e-05,,,,,,,,,
3049,-0.0353179803295214,1.0974890331574816,0.05936845993832353,1.7871086958182976,0.02718910074087194,0.4042508069179612,0.00028784663912359077,0.029684229969161764,0.039410922182019595,0.11012524002111762,0.08674914609433243,1.5625e-05,,,,,,,,,
3050,-0.22016500078267898,1.2982661891857217,0.046240016309613094,1.7975125861887729,0.02605567046757728,0.3458346660600778,0.0002538744454886868,0.023120008154806547,0.22366698132175133,0.10836766088674506,0.08432658013280156,1.5625e-05,-0.16668341205260379,1.2825919241970687,0.17108675208076046,0.07206891471802794,1.7379885464636322,0.02836110754117497,0.4346063723683231,0.0003861961649773398,0.03603445735901397
3051,-0.2237473702855588,1.3038792825505308,0.05532014742262716,1.7775086146878216,0.02600681300812744,0.3633364164280322,0.0002903833554125092,0.02766007371131358,0.22742907344325144,0.10826204313549687,0.08483000055675735,1.5625e-05,,,,,,,,,
3052,-0.04115329257944335,1.1238449371941743,0.08967750813258507,1.7033168073552696,0.029102276862577554,0.48489443399397336,0.0005113735710819692,0.044838754066292535,0.046069222577233754,0.11489891947503941,0.08722138959022244,1.5625e-05,,,,,,,,,
3053,-0.09978283375596858,1.1674816486625068,0.062707432540447,1.7708652481999088,0.026525975501310486,0.3804440503717501,0.000357102739111846,0.0313537162702235,0.10363990765582942,0.10879135029434658,0.08675554364735893,1.5625e-05,,,,,,,,,
3054,-0.07519240609588083,1.119742204803052,0.07667330491478527,1.739827808130554,0.028308436794904586,0.43745782154765056,0.00043062460820327973,0.038336652457392636,0.07962702548797806,0.11310051217451234,0.08772771271966562,1.5625e-05,,,,,,,,,
3055,-0.19955146667918455,1.3051040642753229,0.06368663461054488,1.7547427403735436,0.028479001001853597,0.4143969677211231,0.00036035813998271305,0.03184331730527244,0.20374843068250464,0.11395275611283892,0.08686597494330892,1.5625e-05,,,,,,,,,
3056,-0.19042832184547243,1.277829409103513,0.056897842600418,1.7775737511025842,0.026931586445891373,0.3951623010662195,0.0003114941869542985,0.028448921300209,0.1944292844568154,0.11037242555346322,0.08517823381687512,1.5625e-05,,,,,,,,,
3057,-0.17151110929288585,1.293353127915022,0.07502918061030472,1.715308255025139,0.030018655033888515,0.44225491340952494,0.00041331471402764075,0.03751459030515236,0.17599245924697682,0.11755822735761326,0.08940416920654518,1.5625e-05,,,,,,,,,
3058,-0.11755392043322598,1.1813016735096546,0.05241965608297422,1.7872211708572086,0.026638954278668664,0.39573757374452684,0.00027509615745856123,0.02620982804148711,0.12155812917199588,0.10910171620249072,0.08419059142011154,1.5625e-05,,,,,,,,,
3059,-0.24032402461625146,1.3691330464397813,0.05659524783620205,1.7599923976138832,0.028046475779192642,0.40271076546620377,0.0003221949675059169,0.028297623918101027,0.2444002517684828,0.11355843508198912,0.08547388505075126,1.5625e-05,,,,,,,,,
3060,-0.02346212808120778,1.092213055317378,0.06801940824998513,1.765891217532616,0.026547270992218708,0.3878603144303854,0.0003662564330681491,0.03400970412499257,0.027396062406142622,0.10837530373072288,0.08745381637657917,1.5625e-05,,,,,,,,,
3061,-0.2132891844091666,1.3158618004133344,0.05584073989400011,1.790092946363636,0.025812081628016438,0.35222775486446234,0.00030750760375545887,0.02792036994700005,0.21686035833325945,0.10717950756587445,0.08603703766692976,1.5625e-05,,,,,,,,,
3062,-0.04829348194957488,1.1102193401749423,0.10672853473239355,1.6767472893875137,0.02909354025179304,0.47879327183574427,0.0005970482070684084,0.053364267366196774,0.053157516890263073,0.11510169764121277,0.08963405149187348,1.5625e-05,,,,,,,,,
3063,-0.15818101869103987,1.247686818741535,0.05088370751383872,1.8018301070867349,0.024926590993833632,0.34153240841724974,0.00030702751785123176,0.02544185375691936,0.16164287320521864,0.10493167581122737,0.08447977472312057,1.5625e-05,,,,,,,,,
3064,-0.05568969411648221,1.1276102132416683,0.06051742012908323,1.7850926051491252,0.02673639281740333,0.4097545463458896,0.00032104496772944154,0.03025871006454161,0.059838559665734446,0.10884068927693813,0.08506565194203779,1.5625e-05,,,,,,,,,
3065,-0.11375437266552815,1.1755895021597271,0.05822765401299458,1.7737302815227014,0.02720290838235831,0.4071841062679552,0.00030243539563019623,0.02911382700649729,0.11787608921198572,0.110571288636982,0.08487533855358828,1.5625e-05,,,,,,,,,
3066,-0.19249119919941376,1.3185565086966304,0.08625275378833552,1.6944888133175193,0.028643058263215143,0.4626284522155347,0.00047759110361194414,0.04312637689416776,0.19718233089763257,0.11440154318864157,0.0873966899572392,1.5625e-05,,,,,,,,,
3067,-0.15772671020470838,1.2130723564977561,0.05146998441317647,1.8061797805804236,0.024998853940423497,0.33211461172375617,0.00028802110861697974,0.025734992206588234,0.16109453332304452,0.10529896824361247,0.08518505989403033,1.5625e-05,,,,,,,,,
3068,-0.03041773026096994,1.0993774809593093,0.06564514817983391,1.7724790397409793,0.026866273407413876,0.41014539364795305,0.0003714313995525924,0.032822574089916956,0.03457344587593233,0.1088606814929289,0.0858121869129572,1.5625e-05,,,,,,,,,
3069,-0.14329586474935502,1.2076874472846826,0.05727939506785186,1.7654712489481297,0.029714705163442608,0.45821596868490244,0.000325638593732797,0.02863969753392593,0.14792757523216477,0.11710775151062748,0.085149903090983,1.5625e-05,,,,,,,,,
3070,-0.18312393555295856,1.2733452621860206,0.06641556326542616,1.7596077072436582,0.026613204730203198,0.3852887807518406,0.00035683420700147607,0.03320778163271308,0.18703119556125214,0.10938988712446848,0.08652283767227982,1.5625e-05,,,,,,,,,
3071,-0.09245321114155657,1.1531442238779934,0.07626217845987546,1.724946106861065,0.030349730118484144,0.47126387900594,0.00043987865551234785,0.03813108922993772,0.09722562926846964,0.11877016177305927,0.08706150689147946,1.5625e-05,,,,,,,,,
3072,-0.19546697430493823,1.3031908089841933,0.07858335980835608,1.7241533044909936,0.027944410980814315,0.41016174719448906,0.00043639866738831893,0.03929167990417804,0.19962948897650612,0.11284476209152589,0.0881824722260616,1.5625e-05,,,,,,,,,
3073,-0.1984296318629494,1.329243073981807,0.06781099852911357,1.7479923667905393,0.027389568532486495,0.40381901517855945,0.0003860299646777024,0.033905499264556785,0.20252306773731424,0.11114023538525444,0.08648164473952999,1.5625e-05,,,,,,,,,
3074,-0.16888395415730442,1.2691749919918598,0.07790976750978124,1.736346953209468,0.027843380527963663,0.4147850348266507,0.0004393819270811079,0.03895488375489062,0.17309251667812872,0.11235727433293685,0.08775977101865967,1.5625e-05,,,,,,,,,
3075,-0.07192496838268564,1.14229590449197,0.0750308574937639,1.732730202881207,0.03053481120431035,0.4637589295255782,0.00041495439248055634,0.03751542874688195,0.07662154995264192,0.11845274053244358,0.08975465167957539,1.5625e-05,,,,,,,,,
3076,-0.1378027508989733,1.2156035546475976,0.05973313424682126,1.7709800693741276,0.026675639952691014,0.3711468619103518,0.0003268236849915615,0.029866567123410633,0.14156506412274386,0.10944971031117373,0.0863867557999703,1.5625e-05,,,,,,,,,
3077,-0.14903602602760907,1.2287498979573543,0.05530403414778662,1.7857563293791991,0.02633433870268112,0.3745651366258804,0.0002977320499314951,0.027652017073893313,0.1528301642947349,0.10814903698085968,0.08478568753588947,1.5625e-05,,,,,,,,,
3078,-0.17922877356433034,1.2712112328657186,0.059091424677624314,1.7824219595044868,0.02600684133067148,0.34308665421913903,0.00032769145039963584,0.029545712338812157,0.1827102869529596,0.10739129949063156,0.08798811216095946,1.5625e-05,,,,,,,,,
3079,-0.16532808425155876,1.2540077500074291,0.05884181768680119,1.7680021262473273,0.026936128319169063,0.4045435448200886,0.00030342411499570084,0.029420908843400595,0.16942365487101546,0.1098356741947806,0.08526021570124444,1.5625e-05,,,,,,,,,
3080,-0.18497211287677667,1.2795128602854908,0.06375233979266773,1.7548997571711402,0.02797006807442584,0.4268414262451381,0.0003704997047581203,0.03187616989633386,0.18929365730374367,0.11223459732067656,0.08615174848263459,1.5625e-05,,,,,,,,,
3081,-0.13772608705859948,1.2047982529194137,0.058722885057837994,1.7759554284766919,0.027199987545017467,0.39145864896488397,0.000315863967513245,0.029361442528918993,0.14169095318473712,0.11040403036378035,0.0858258773042744,1.5625e-05,,,,,,,,,
3082,-0.2196303438497171,1.309517663158129,0.05837289666521621,1.7786375055202461,0.02598902529149985,0.3572132367855954,0.00031976305851468944,0.029186448332608105,0.22325264667154604,0.10802338344037928,0.08550941711497761,1.5625e-05,,,,,,,,,
3083,-0.23053072471569333,1.3487916251826069,0.0510811540313319,1.7905583023496228,0.025000656652270505,0.3469780636513562,0.0002818720473025489,0.025540577015665953,0.23404677023271908,0.10569302113286701,0.08425229660683548,1.5625e-05,,,,,,,,,
3084,-0.12011903057439835,1.2235283800062415,0.05748716268413631,1.781207628420255,0.02586420042902458,0.39239885575747,0.0003305361112640884,0.028743581342068156,0.12409288015071192,0.10673382674977067,0.0842631993419769,1.5625e-05,,,,,,,,,
3085,-0.32070992840956347,1.4336726379954605,0.06391899636796207,1.7535670014018676,0.026967880924526004,0.35571093445833524,0.00036990988400027996,0.03195949818398104,0.32432023202118476,0.11145722178377723,0.0875583287065266,1.5625e-05,,,,,,,,,
3086,-0.12372109003880356,1.204943806732587,0.07450995105582016,1.7290903657922707,0.02983405578465536,0.44229482715599333,0.0004170472218273012,0.03725497552791008,0.12820275466176762,0.11777519574203063,0.08912680776667178,1.5625e-05,,,,,,,,,
3087,-0.1841649680016878,1.2767147973288338,0.031016491256455874,1.8495959677485234,0.0234992363352867,0.2955172839853754,0.00015732534673297912,0.015508245628227937,0.18715571830031458,0.10086394792682457,0.08351196851862938,1.5625e-05,,,,,,,,,
3088,-0.17230646012864803,1.239705499301993,0.050890228093679574,1.7836827595438733,0.026593312296547204,0.3825898879354492,0.0002796765598195931,0.025445114046839787,0.176178437715243,0.10972454289150825,0.08443355395437403,1.5625e-05,,,,,,,,,
3089,-0.2995177764436461,1.437921150252789,0.06115392381042379,1.768213171149541,0.02495111994256539,0.33757115330946363,0.00032125159095210734,0.030576961905211898,0.30294495958626694,0.10546838858158786,0.08552286770991592,1.5625e-05,,,,,,,,,
3090,-0.16164735767044114,1.2546647961210962,0.062072217658217445,1.7724269477016463,0.026340092731089334,0.38096303999047165,0.0003177830857848164,0.031036108829108726,0.16550892627950983,0.10810453780465071,0.0854038911824494,1.5625e-05,,,,,,,,,
3091,-0.08541094627552652,1.1783064310187716,0.0649245119860752,1.7670079440596438,0.027081019383651993,0.4137888295482273,0.0003418145534804735,0.0324622559930376,0.08960238505197723,0.10962932041600629,0.08679506620714227,1.5625e-05,,,,,,,,,
3092,-0.17676376380191475,1.2954854739053625,0.05298917358551043,1.7903508268602975,0.025966129278173176,0.38603716653975256,0.00026800556529884537,0.026494586792755216,0.18067121361802663,0.10729798879325894,0.0841229226354572,1.5625e-05,,,,,,,,,
3093,-0.18439285973039066,1.2725818003607685,0.073940463645778,1.7261049931094832,0.02975215683802967,0.42771011450241125,0.0004088093046597486,0.036970231822889,0.18872828025021535,0.1175221841857253,0.08921314495465678,1.5625e-05,,,,,,,,,
3094,-0.10469782313180874,1.192141006419281,0.06393635699798167,1.7651737603680056,0.02737439851611352,0.4271016929692911,0.0003644116901668791,0.031968178498990835,0.109022104094506,0.11029794515930294,0.08437222407771242,1.5625e-05,,,,,,,,,
3095,-0.19906081095748707,1.2931197965463475,0.0610091316100598,1.7694177129871635,0.026154483832527258,0.3762043022992523,0.0003154266893064022,0.030504565805029905,0.2028742069903076,0.10798855186627447,0.08618617478960208,1.5625e-05,,,,,,,,,
3096,-0.2305020812377477,1.338925206440812,0.06734149511153914,1.7382399818885794,0.02749079186502275,0.39062421475907866,0.00040194323992984735,0.03367074755576958,0.23446339596511245,0.1121641293408459,0.0872171777699405,1.5625e-05,,,,,,,,,
3097,-0.11978074255763982,1.2166176681173693,0.07199834653173864,1.7512705922667733,0.027400399442158673,0.39771468924362086,0.0003541732608880524,0.03599917326586932,0.12381494306187343,0.11138256556563772,0.0875136637394498,1.5625e-05,,,,,,,,,
3098,-0.21157830246284276,1.3101231653211558,0.055719650389354905,1.802066537004177,0.024250614005104268,0.324356786773626,0.0002903068694142405,0.027859825194677452,0.2148706538898379,0.1034928853619372,0.0846210104249163,1.5625e-05,,,,,,,,,
3099,-0.19258451958815875,1.2732983357992484,0.04314936807437119,1.8182051058415416,0.024259056844559444,0.33081143765478316,0.00023412262912199839,0.021574684037185595,0.1959347319260934,0.1033427158046553,0.0835387595619949,1.5625e-05,,,,,,,,,
3100,-0.1732259172110811,1.2300313382873047,0.07111174076623754,1.7466366913719242,0.02656464521262296,0.39051044503290944,0.00040568747748367424,0.03555587038311877,0.17718810077348185,0.10960507326416327,0.0863885152053638,1.5625e-05,-0.1666757610891914,1.2825896922080893,0.17106874474049374,0.07208339297800678,1.7383337647582797,0.02831582497446329,0.43356958149489655,0.0003862802216773736,0.03604169648900339
3101,-0.23334969091334756,1.3641160435227833,0.0690226467295959,1.7468607891035368,0.02723001412715207,0.41688267424401215,0.00039791887442486664,0.03451132336479795,0.23757447677578775,0.11067482730013503,0.08484729820861611,1.5625e-05,,,,,,,,,
3102,-0.11070738956951331,1.164550668771101,0.07218031767214546,1.7485198809665852,0.028203211036791662,0.41488996901436925,0.0003911485680631118,0.03609015883607273,0.11491377610298341,0.11334035773169192,0.08850589195798872,1.5625e-05,,,,,,,,,
3103,-0.16031648850957111,1.2624830109200547,0.06048063553246034,1.7728292776462622,0.0257413661904241,0.38834077959657837,0.0003258792987461392,0.03024031776623017,0.16425112370906705,0.10679364558628328,0.08390198983300398,1.5625e-05,,,,,,,,,
3104,-0.17332943197781356,1.27978642975553,0.0678159815051678,1.7504812123321738,0.027344742313609192,0.407242791170696,0.0003519333670782677,0.0339079907525839,0.1774567920260672,0.11106184938759228,0.08558985415340477,1.5625e-05,,,,,,,,,
3105,-0.12347644884776707,1.2458953241736306,0.06246679933245035,1.7734198790124487,0.02555021402836298,0.35292778788141377,0.0003658593935211335,0.031233399666225174,0.12705835291897277,0.10606701421889092,0.08627943147057347,1.5625e-05,,,,,,,,,
3106,-0.24630197069700122,1.3474064260587577,0.06679177441206094,1.7576971686889515,0.02623473865453002,0.38626997994139034,0.00039045519172622057,0.03339588720603047,0.25021954790722534,0.10921228991527937,0.08493293325824194,1.5625e-05,,,,,,,,,
3107,-0.18697723743500252,1.2787359530471951,0.0676142824716437,1.7398204349318136,0.028587212728895743,0.43174299756142914,0.00035973918324167816,0.03380714123582185,0.19134947014803438,0.1144406102774171,0.08687422517143914,1.5625e-05,,,,,,,,,
3108,-0.10676603133028524,1.1723755496371608,0.05836835130228435,1.780119285918122,0.026121717309519475,0.3744811791807839,0.0003142279129096003,0.02918417565114218,0.1105609707697325,0.10780590485300076,0.08469826752477663,1.5625e-05,,,,,,,,,
3109,-0.15215387048677081,1.2246820453112999,0.06394424751930518,1.7618437098476682,0.02625339588051545,0.3829119928282519,0.00036003859714899103,0.03197212375965259,0.15603618136188294,0.1089379953979932,0.08485355158814674,1.5625e-05,,,,,,,,,
3110,-0.3157033718340535,1.468675010444866,0.05146166821024172,1.7816712690234349,0.025334138938395003,0.34647835282283923,0.00026235279470016005,0.025730834105120858,0.31921432643702424,0.10693524419395811,0.08323261273413882,1.5625e-05,,,,,,,,,
3111,-0.13208123577517875,1.2018821303933445,0.06577114484597252,1.7708177619703593,0.026165680016167786,0.37286680686676726,0.0003430583780611572,0.03288557242298626,0.13586392817766968,0.10804115977677012,0.08664896194217972,1.5625e-05,,,,,,,,,
3112,-0.23351730852868458,1.329862237978385,0.057153798168358125,1.7803559211043511,0.025504496516888513,0.3579840595710547,0.0003094814702946774,0.028576899084179062,0.2371466243973933,0.10732840018479942,0.08499057327164947,1.5625e-05,,,,,,,,,
3113,-0.2711586177804211,1.379848047277008,0.0525830266721704,1.7748718611894196,0.026542025254542734,0.37277623712667163,0.0002743663121992088,0.0262915133360852,0.2749331640467578,0.10980563250932557,0.08467104297450342,1.5625e-05,,,,,,,,,
3114,-0.13589262700848076,1.2514654425302867,0.07676269295825085,1.7425268700740895,0.02762640295738146,0.39833214701540764,0.00044637872882116324,0.038381346479125424,0.1399362188811029,0.11139818705630658,0.08835252299842367,1.5625e-05,,,,,,,,,
3115,-0.06549458680869337,1.1348369459842453,0.07222934247675378,1.7416155116741039,0.028791316208883165,0.44261615966992934,0.0004247874869912353,0.03611467123837689,0.06997852710661767,0.11388837341291036,0.08709455882945435,1.5625e-05,,,,,,,,,
3116,-0.14004126514377488,1.2216016095463027,0.06269814967433703,1.7717805135358629,0.02650454235184795,0.4010203204584424,0.00034647385007980833,0.03134907483716851,0.14410399996683265,0.10834720333862985,0.08609433713171988,1.5625e-05,,,,,,,,,
3117,-0.17729503098775626,1.2390184734693586,0.05706550826299282,1.7678369801630982,0.027373334514430442,0.3892342782984715,0.0003124362219880622,0.028532754131496415,0.18123670925689397,0.11144449093694136,0.0859831448320368,1.5625e-05,,,,,,,,,
3118,-0.18902502102031088,1.2769771861399417,0.07377147928840114,1.746449872737017,0.025699367574025543,0.38044813458949456,0.0004285963288294841,0.03688573964420057,0.1928881385678657,0.10743990410174739,0.08509398604494418,1.5625e-05,,,,,,,,,
3119,-0.24506779600811668,1.3621459736437402,0.06290448423636896,1.7481075370010966,0.0275553967166775,0.39111037372585883,0.0003752166553732455,0.03145224211818448,0.2490315852294172,0.112287315504868,0.08601917450308298,1.5625e-05,,,,,,,,,
3120,-0.13947566871433192,1.2148679509146332,0.06021130193932596,1.776960862638391,0.026507453203702902,0.3745683545144096,0.0003194363416191873,0.03010565096966298,0.14327242188248823,0.10879453964861313,0.08597976829987533,1.5625e-05,,,,,,,,,
3121,-0.2721965946153683,1.4112272195163216,0.06281492641939823,1.7529491672327722,0.0258217568758164,0.36224698577586534,0.0003326396055825338,0.031407463209699116,0.27587132782406487,0.10828080152278008,0.08447266096624051,1.5625e-05,,,,,,,,,
3122,-0.2256885325977226,1.3182002732527716,0.0558054090364644,1.780962720411492,0.026382743723203615,0.3609390107028366,0.00030813835168849355,0.0279027045182322,0.22934671641999022,0.10901519266298262,0.08541125439763086,1.5625e-05,,,,,,,,,
3123,-0.11540048013477312,1.1665062243904412,0.05727537098869353,1.786800447345733,0.026171701701802833,0.368747822297001,0.00032730595561967016,0.02863768549434676,0.11913773710726712,0.10763686547111215,0.086103105157504,1.5625e-05,,,,,,,,,
3124,-0.024433738146272258,1.0839062547756058,0.08763878061256869,1.7067406413556174,0.029958013495830972,0.49407738252034133,0.0005344853660811657,0.043819390306284345,0.029440743621856336,0.11651385971420558,0.08867361226412154,1.5625e-05,,,,,,,,,
3125,-0.10933848942568486,1.215199240448825,0.08384689271015798,1.7168870405701695,0.02788958628574274,0.44461681209275117,0.00044917626206659116,0.041923446355079,0.11384824162599382,0.11241471356935648,0.08684840361984628,1.5625e-05,,,,,,,,,
3126,-0.12205058711373909,1.199913620451847,0.06492597864727992,1.7615024525081666,0.026833941752571117,0.39458890930235246,0.0003486382895835407,0.03246298932363996,0.12605004060350716,0.10979675692975834,0.08569866384408556,1.5625e-05,,,,,,,,,
3127,-0.16244525420058767,1.2371181018233925,0.0601851300861223,1.77949925731969,0.02605091398825775,0.3743009954630454,0.00035147294135279603,0.030092565043061154,0.1662396664422479,0.10806241654126617,0.08485087562355818,1.5625e-05,,,,,,,,,
3128,-0.10042380300006931,1.1995445375558837,0.06891161446002439,1.7640418026911096,0.025765422980686556,0.39531905979607346,0.0003977219251300086,0.034455807230012195,0.10443306704253826,0.10681878777264306,0.0848820810849383,1.5625e-05,,,,,,,,,
3129,-0.19876524835281084,1.3045133631008572,0.06890454777047347,1.769547602391472,0.02554750606421964,0.35031185827091005,0.00036587421419381305,0.03445227388523674,0.202324173427571,0.10631217146199544,0.08613652409399153,1.5625e-05,,,,,,,,,
3130,-0.21454261931039492,1.3230852561076738,0.05288056306007927,1.7824156667052011,0.026177138066778183,0.3794815048711895,0.00029907460828519893,0.026440281530039637,0.2183846895433868,0.10810543597442582,0.08425721244586323,1.5625e-05,,,,,,,,,
3131,-0.07129772838962592,1.1883889842794628,0.07588118739721758,1.7565594065727643,0.025763932016202473,0.41056980169351626,0.00044662616228554393,0.03794059369860879,0.07546339885594826,0.10602256038321282,0.08515125995133468,1.5625e-05,,,,,,,,,
3132,-0.14275391299609785,1.221738253538836,0.07323210348124046,1.7356031797084874,0.027413594229585246,0.3988714367488055,0.0004060428480385014,0.03661605174062023,0.14680065987560398,0.1113161262980155,0.08727830477127148,1.5625e-05,,,,,,,,,
3133,-0.13398945981126897,1.2109641269330247,0.06238221551041248,1.7719702414515752,0.026683149202053905,0.39560790800787493,0.00036037617034255303,0.03119110775520624,0.1379980534632209,0.10930515722726628,0.08553344597102364,1.5625e-05,,,,,,,,,
3134,-0.19328897298464928,1.2892222782649045,0.06901506996654272,1.7342777366360387,0.02847221330631843,0.441538968404214,0.00038097131397377875,0.03450753498327136,0.19776002269418075,0.1141021919259642,0.08489904380478036,1.5625e-05,,,,,,,,,
3135,-0.1493354275372059,1.2238148698896192,0.06553592919189888,1.7701385355155757,0.025746980135921534,0.3759321811804608,0.0003357520593972227,0.03276796459594944,0.1531485762195556,0.1071411975861502,0.08562191417305556,1.5625e-05,,,,,,,,,
3136,-0.12104172160528515,1.1773127572665603,0.055133035491612525,1.7863804251096718,0.027039962897461193,0.39106766076028204,0.00032120911022375133,0.027566517745806263,0.1250010406259871,0.11024132791496455,0.08539841828344044,1.5625e-05,,,,,,,,,
3137,-0.18035203413965567,1.2958672665625275,0.058993926876817156,1.7804861847101983,0.02478498028927644,0.3475192078525025,0.00029939037189550177,0.029496963438408578,0.18387752194718518,0.10466931111182014,0.08472255626273831,1.5625e-05,,,,,,,,,
3138,-0.18738943726104795,1.2613761868324613,0.05956485882687258,1.7729108099225481,0.026916193378271874,0.3796118447321706,0.0003264402190750551,0.02978242941343629,0.1912363316480731,0.11045437839509356,0.08593570555839014,1.5625e-05,,,,,,,,,
3139,-0.20483916049117581,1.2951098939224912,0.05854952711106689,1.7791650810966573,0.025700850615163775,0.35684620606465317,0.00032604749016737126,0.029274763555533444,0.20845794944109053,0.10697672130204644,0.08591563628787849,1.5625e-05,,,,,,,,,
3140,-0.2191572282982728,1.3304162646643882,0.059207035298143126,1.7701250707836729,0.026866815015844293,0.374223031477961,0.0003080857422311363,0.029603517649071563,0.22294984423883163,0.11026807119975726,0.08664394632041944,1.5625e-05,,,,,,,,,
3141,-0.20261066044456255,1.2738684663725994,0.07149873201912343,1.743337281222411,0.027609655281619166,0.3933421860180412,0.00040304053309739047,0.035749366009561724,0.20660129544889574,0.11216853628346714,0.08805359642541546,1.5625e-05,,,,,,,,,
3142,-0.17687498080743658,1.2639849620053842,0.06256994996924772,1.7738408229917768,0.025804448393665892,0.36335571462514415,0.0003402453406451243,0.03128497498462386,0.18056096379030903,0.10734390915302619,0.08630517814628075,1.5625e-05,,,,,,,,,
3143,-0.20746509048864098,1.301925625014128,0.04611180011899551,1.8018909880484442,0.025699927294148092,0.33817090947222317,0.0002567871238658928,0.02305590005949775,0.21089044226454182,0.10692332783476852,0.08535958258176601,1.5625e-05,,,,,,,,,
3144,-0.12890934678685292,1.223433785743175,0.07525960842089607,1.7366238656336157,0.02750746539649178,0.4093930716445188,0.00047864031628534276,0.03762980421044804,0.13306305994932774,0.11129839207669728,0.08711690420696462,1.5625e-05,,,,,,,,,
3145,-0.0723758863355176,1.1431273126434045,0.0826182761074358,1.7213459707854164,0.027564159788926578,0.4229804418626599,0.0004530917374522355,0.0413091380537179,0.07666874426928028,0.1115971844333097,0.08790415309233987,1.5625e-05,,,,,,,,,
3146,-0.1893382050693994,1.2754468914545798,0.07260759400066812,1.743895339364139,0.02757252483193319,0.37288721141845593,0.00043366652180398845,0.036303797000334065,0.19312515659919596,0.11231045012419419,0.0890316584084149,1.5625e-05,,,,,,,,,
3147,-0.17420722871915717,1.2402822751980627,0.04553545323907632,1.8090895752308473,0.025980086337113382,0.34437273464174484,0.00026626351097538015,0.022767726619538155,0.17769447732305624,0.10779067632888151,0.08537237331042974,1.5625e-05,,,,,,,,,
3148,-0.1555959554920091,1.2559898532691172,0.0670976011250091,1.743418951713886,0.0282712166674801,0.43108550147662567,0.00035204742507002814,0.03354880056250455,0.15996131397110572,0.11310189834078452,0.08602959966200205,1.5625e-05,,,,,,,,,
3149,-0.09300977260246239,1.173149875042618,0.07305417129272594,1.7484494530817476,0.026672376850564963,0.4046249385348106,0.0004234808467779737,0.03652708564636297,0.09711426837645545,0.10903507279306283,0.0870242317955715,1.5625e-05,,,,,,,,,
3150,-0.16026963188352822,1.2836662770954765,0.05917218662237005,1.7818486894853693,0.025463433341502355,0.3512312318508999,0.0003284814575093833,0.029586093311185026,0.16383263359681832,0.10622351875562253,0.08558117444027549,1.5625e-05,-0.1666605907048152,1.2826502148736865,0.17100117602246728,0.07216714118681697,1.7395788253992186,0.028090092066505673,0.4283238594414641,0.00038673643900054636,0.036083570593408484
3151,-0.05005282169115502,1.1165853317057381,0.07526782184035531,1.7448270792936902,0.027998670910109852,0.438077340638706,0.00039565356931529807,0.037633910920177656,0.05449263381494836,0.11185850495492494,0.08700033509642519,1.5625e-05,,,,,,,,,
3152,-0.21540057862201212,1.3138271635124212,0.04706577155620932,1.7953939435773698,0.02612214290618001,0.3474922542392625,0.00024736403570810946,0.02353288577810466,0.21891946162997572,0.1082591992890023,0.08447660436868576,1.5625e-05,,,,,,,,,
3153,-0.21800619274603114,1.3023757494196415,0.065702303870278,1.7572190045230496,0.0267535086655821,0.3698997135169102,0.00034753702297245947,0.032851151935139,0.22175908859341037,0.10981013373916855,0.08636459069079212,1.5625e-05,,,,,,,,,
3154,-0.16632288246401034,1.267796631762713,0.06744940287050816,1.7501733623132814,0.026854072340223887,0.4031793853578667,0.00036078616191695655,0.033724701435254086,0.17040951061426657,0.11004624159194,0.08573660985345147,1.5625e-05,,,,,,,,,
3155,-0.22327465497295376,1.3696877254402005,0.06680361372227703,1.7450789679860645,0.026957954763299975,0.37584540206815453,0.00037177255208522793,0.033401806861138514,0.22708767931569718,0.11038230827101063,0.0883298458626761,1.5625e-05,,,,,,,,,
3156,-0.21819731027369876,1.3350865409169457,0.05183406682428142,1.787049360791781,0.025096659824555542,0.3378324433699367,0.0002654817317108598,0.02591703341214071,0.22162207705173526,0.1057421670169219,0.08443559162022476,1.5625e-05,,,,,,,,,
3157,-0.15544908169161095,1.2396014150213257,0.07048490714386482,1.742486158196689,0.027626059794173985,0.40989670669647127,0.00036576401559590584,0.03524245357193241,0.15960437371388553,0.11232600782832901,0.0867076645563006,1.5625e-05,,,,,,,,,
3158,-0.2266813784963689,1.3030657664734675,0.061049069158473454,1.7579097124841887,0.026416148162331593,0.37022948607679196,0.00036114535538965683,0.030524534579236727,0.23043538844239478,0.10955588032604237,0.08502023189665545,1.5625e-05,,,,,,,,,
3159,-0.2014703592114604,1.3028974428980107,0.05801844921375422,1.7761327122568606,0.02605004087555131,0.370671893704925,0.0002900956217952689,0.029009224606877115,0.20522674965645704,0.10794330028562196,0.0859660729951969,1.5625e-05,,,,,,,,,
3160,-0.22232105625099538,1.350671510495425,0.05587639522924469,1.7771617175690095,0.02535794343456506,0.3663181772220777,0.0002723008488691206,0.027938197614622344,0.22603267084649514,0.1065579500346756,0.08400446861452915,1.5625e-05,,,,,,,,,
3161,-0.14709805718642766,1.2286291926784096,0.06575827977915996,1.7558309406565002,0.02787955539700274,0.40698538480048885,0.0003439210185841326,0.03287913988957998,0.15122178769391453,0.11242263858610177,0.08637211298246766,1.5625e-05,,,,,,,,,
3162,-0.19202042699288746,1.298391284818412,0.06501455672396378,1.766559739935846,0.025502229691738154,0.35801890973613454,0.00036415231571935573,0.03250727836198189,0.1956544304891673,0.10672168193591736,0.0853107493997899,1.5625e-05,,,,,,,,,
3163,-0.11170540143966906,1.2029227238164757,0.0590112119621997,1.7944503837293753,0.024574777664358206,0.3325685508776294,0.0003109368681229882,0.02950560598109985,0.11508164642694498,0.10320839457299208,0.08697057607148262,1.5625e-05,,,,,,,,,
3164,-0.14975293392570993,1.2865184999124153,0.07214656226070934,1.759385335227536,0.025068636220109956,0.3646129024184058,0.0003958952735186247,0.03607328113035468,0.1534566890371118,0.104470633423938,0.08634096727781415,1.5625e-05,,,,,,,,,
3165,-0.16931709581191964,1.2777571824542153,0.07074545583577141,1.7500125542290328,0.027398184631820716,0.3741826260104082,0.0003686421450746826,0.035372727917885705,0.17311548134693464,0.11111920019832539,0.08963739332396355,1.5625e-05,,,,,,,,,
3166,-0.12463069572712758,1.2088422379473323,0.08011776566394704,1.7294153956448655,0.027294723260156896,0.41346183131172287,0.00044225215678600163,0.04005888283197352,0.1288270895986011,0.11074529431092131,0.08819809906356615,1.5625e-05,,,,,,,,,
3167,-0.17551999956830971,1.2641117776123107,0.051612889643182065,1.7825976887041923,0.0275243629391511,0.39729390857089364,0.00028629612633658183,0.025806444821591036,0.17953943403699063,0.11134604373038032,0.08518276496873939,1.5625e-05,,,,,,,,,
3168,-0.3463809551402578,1.4625603846048383,0.03499368276053933,1.8353422285165575,0.021960907452881907,0.236880772867381,0.00018851804136562397,0.017496841380269666,0.3487874983130107,0.09860816923176363,0.08338515607857545,1.5625e-05,,,,,,,,,
3169,-0.2055137336837357,1.2953752872341484,0.06532728223163162,1.7520702801275883,0.025901219295829454,0.3794782253593654,0.0003447840799695418,0.03266364111581581,0.20936214812204618,0.10784091282226048,0.08580674373794842,1.5625e-05,,,,,,,,,
3170,-0.17789524915057925,1.3025126986000528,0.07342151758784692,1.7465216959392653,0.026320508108329158,0.39063774973253595,0.00043322947362270175,0.03671075879392346,0.18186013491839415,0.1083970155543062,0.0865769232966518,1.5625e-05,,,,,,,,,
3171,-0.18330853528745894,1.2948938705179431,0.05389679711582976,1.7796510158697463,0.026814008675946417,0.36314637291092433,0.0002820867710210267,0.02694839855791488,0.186987564792995,0.10942387103439564,0.08633813395360818,1.5625e-05,,,,,,,,,
3172,-0.17786264948199457,1.298006237862088,0.05698286309360563,1.7804604705513116,0.025625538119941678,0.3630419596929544,0.00033212381828444664,0.028491431546802816,0.1815426863533593,0.10673983300992393,0.08518217431298698,1.5625e-05,,,,,,,,,
3173,-0.13264191719506643,1.1970144357892702,0.06164377463939497,1.7684048443622065,0.027180955947978206,0.40710570774264776,0.00032935220585525037,0.030821887319697486,0.13676477373031481,0.11033753864199114,0.08608627768550928,1.5625e-05,,,,,,,,,
3174,-0.14447576678947888,1.2010434102573195,0.07411567392470214,1.729916851545613,0.02935727193334564,0.45404271416803693,0.0004296940219632967,0.03705783696235107,0.1490748478768567,0.11628279268752323,0.0879207902305211,1.5625e-05,,,,,,,,,
3175,-0.18947966226685686,1.3054558638930787,0.07602100937944314,1.7346043473606079,0.02702263309934339,0.40449932986798015,0.00043358503896413834,0.03801050468972157,0.19358434796408963,0.11047899640024365,0.0869494833030393,1.5625e-05,,,,,,,,,
3176,-0.15661662609791485,1.2387265950076696,0.05612932079407876,1.793505421297521,0.025319843034081798,0.35030407486296794,0.00031253370547806,0.02806466039703938,0.16016879189820935,0.10584258159972385,0.08550031912532222,1.5625e-05,,,,,,,,,
3177,-0.20345626974552458,1.2831519727608212,0.05783414860228914,1.7774283786245018,0.026490037330512153,0.36163354014806437,0.0002987227590716333,0.028917074301144572,0.20712228373268332,0.10910472631250581,0.08659180103688834,1.5625e-05,,,,,,,,,
3178,-0.1615423414273528,1.2431744028833502,0.07529881897901808,1.7468383931753242,0.02590270934455395,0.37102407171624496,0.00042075477268360613,0.03764940948950904,0.16531190748566338,0.10746392264155954,0.08657595972386159,1.5625e-05,,,,,,,,,
3179,-0.07952294804684334,1.1594092980544586,0.062147228729430695,1.762318606482792,0.02823872489311288,0.4163813217093988,0.00038821522673815497,0.031073614364715348,0.08373934021663423,0.11221004957902875,0.08663409554409504,1.5625e-05,,,,,,,,,
3180,-0.05129506391108696,1.135334439034453,0.07872774239703087,1.7257276187987725,0.028842077832767217,0.47050178721384095,0.0004131318562258355,0.039363871198515435,0.05606083424917413,0.11424610380120923,0.08643708865670252,1.5625e-05,,,,,,,,,
3181,-0.1090565879649048,1.1769744109398663,0.0698932994954365,1.7471033394669904,0.02779820078698421,0.41521086147301656,0.00041062247781215,0.03494664974771826,0.11326522048755547,0.1123744162335592,0.087972412628815,1.5625e-05,,,,,,,,,
3182,-0.28853018429636956,1.411182801871428,0.060708638953025945,1.7596101951764862,0.025695218138215924,0.3578091504562282,0.00036167724899490675,0.030354319476512976,0.2921598429948501,0.10782994143622453,0.0846692628908873,1.5625e-05,,,,,,,,,
3183,-0.24415925852656484,1.3511342255492687,0.03961492762044398,1.8217977330880841,0.02363243146094124,0.29726581123570134,0.00021387114102352627,0.01980746381022199,0.24717208079147318,0.10162299237817261,0.08382593674043715,1.5625e-05,,,,,,,,,
3184,-0.11260323559254112,1.208563448690103,0.07471195195270891,1.7338687018138876,0.02877402244001215,0.45856609449865976,0.000453610379905004,0.037355975976354455,0.11724812730432127,0.11441353065967122,0.0862395220028076,1.5625e-05,,,,,,,,,
3185,-0.17368674254607433,1.275645927046475,0.06765276319114275,1.7452336639849833,0.02928421077973087,0.4264216103793831,0.0003699654413976606,0.03382638159557137,0.17800593702251755,0.11640881192247171,0.08922038079250824,1.5625e-05,,,,,,,,,
3186,-0.09574297694667608,1.1773008331451054,0.07875123643887288,1.7174067671456839,0.02886368031034351,0.48292382153174407,0.00045785233980598247,0.03937561821943645,0.10063334337128249,0.11519460551989641,0.08620579998829159,1.5625e-05,,,,,,,,,
3187,-0.2847586541560834,1.4253394307311706,0.07279646392664962,1.7423929017105981,0.02593681007152982,0.3589352124404539,0.000382653500628993,0.03639823196332481,0.28840565497647463,0.10787792162393327,0.08630591222579714,1.5625e-05,,,,,,,,,
3188,-0.19154905089182242,1.287034923222128,0.05990662231573078,1.7724578946469025,0.02687781070127137,0.40098803486114387,0.0003617930234184456,0.029953311157865394,0.19561022706077238,0.10991355423590872,0.08482559774596474,1.5625e-05,,,,,,,,,
3189,-0.20237387038747123,1.3041304242735983,0.055326699224239884,1.7770055278351733,0.027247429504019885,0.38250438202753523,0.0002872027054728344,0.027663349612119942,0.20624721963969178,0.11086983044456918,0.08614510966739267,1.5625e-05,,,,,,,,,
3190,-0.1908467606603247,1.299104569436938,0.06421318399538689,1.7515275173092941,0.02736860640418117,0.39978224299269627,0.00035904320488580187,0.032106591997693446,0.19489779538947127,0.1113145989293234,0.08646670934771353,1.5625e-05,,,,,,,,,
3191,-0.20941679308184247,1.3073641302413925,0.06790102994258311,1.742242164726509,0.027682970914507,0.41211407756518226,0.0003846166419972587,0.033950514971291555,0.2135931529605328,0.112846985897946,0.08648914605397975,1.5625e-05,,,,,,,,,
3192,-0.20509225446433071,1.338859654202887,0.07878213226990191,1.7089471798136922,0.029438269694555055,0.4436624589154917,0.0004561454512003102,0.03939106613495095,0.20958992104593072,0.11653803491035908,0.08872567240336716,1.5625e-05,,,,,,,,,
3193,-0.08032255490119114,1.1430496821575553,0.0680562688380075,1.7610846284847694,0.027432524388225694,0.411780747678704,0.0004007818541138926,0.03402813441900375,0.08449600917722318,0.11045782819324564,0.0869796092080917,1.5625e-05,,,,,,,,,
3194,-0.177988002623645,1.2770862125825087,0.06420299868275156,1.774544772636014,0.024533338750211478,0.33157266151241993,0.0003687095270348737,0.03210149934137578,0.1813572632811073,0.10403786013768407,0.08589695057534888,1.5625e-05,,,,,,,,,
3195,-0.06099720381650868,1.1222679629035899,0.07324125988929761,1.7433216132279794,0.027926201220028517,0.44263836735559725,0.0004197400467861012,0.036620629944648805,0.06548183873660944,0.11189289285936346,0.08635018707467529,1.5625e-05,,,,,,,,,
3196,-0.18680342897485167,1.267964531902365,0.0527645178618677,1.7952545568764373,0.024594676957484025,0.3430298080231494,0.0002785737368342869,0.02638225893093385,0.19028084759695119,0.10439803195366396,0.08361979133379238,1.5625e-05,,,,,,,,,
3197,-0.24198040957768252,1.3661254966447645,0.04993065189440708,1.7996863397653153,0.02404826889094764,0.3065704762808561,0.00027614650471126297,0.024965325947203545,0.24509183799488304,0.10336532777469584,0.08513158335791898,1.5625e-05,,,,,,,,,
3198,-0.19576128763610273,1.300498257380553,0.05768868925430902,1.7787058585192612,0.026035630007948556,0.3762349358644861,0.00033317142134034456,0.02884434462715451,0.1995736001121734,0.10809183177359483,0.08446019436815935,1.5625e-05,,,,,,,,,
3199,-0.21939334885639505,1.3359577368799667,0.07093731331059266,1.7388279424157282,0.028687202616008003,0.43371925448121385,0.00040078894720437284,0.03546865665529633,0.2237874062267587,0.11414867276260093,0.08667335094272306,1.5625e-05,,,,,,,,,
3200,-0.1358748058787101,1.2214459488418923,0.08047002328416628,1.7305792317453905,0.02715136074786436,0.4048529477219808,0.00046602384038532354,0.04023501164208314,0.1399855363982933,0.11043803692790312,0.0877194754845268,1.5625e-05,-0.16662009610775708,1.2826120274703867,0.1709468965703263,0.07219877531771163,1.7398015473176116,0.02802872194629556,0.4269434444540951,0.00038686148962706167,0.036099387658855814
3201,-0.2088615749729435,1.3200547945230903,0.052587713363875424,1.7955573135987026,0.02489350896841048,0.32103231441178703,0.0002901531080775948,0.026293856681937712,0.2121190490779601,0.1045668632492463,0.08594919382386909,1.5625e-05,,,,,,,,,
3202,-0.13994573485581635,1.23480117399642,0.08529920639489441,1.706645588360919,0.028999758031086786,0.44604321741052055,0.00048425920483871924,0.042649603197447206,0.14447072568105102,0.11502904381609974,0.08836311476544732,1.5625e-05,,,,,,,,,
3203,-0.22484244427253888,1.3390252043736337,0.06496063312025344,1.7609312475749013,0.025702343010373014,0.3544974803148758,0.00035216762572337114,0.03248031656012672,0.22844103038098074,0.10688318358632909,0.08663774634858772,1.5625e-05,,,,,,,,,
3204,-0.1395442241607921,1.2064915355059807,0.07965521651561644,1.707757060170809,0.02967833464173754,0.44161092667844876,0.0004575243344239623,0.03982760825780822,0.14402181384978033,0.11683422856118111,0.08923780659460884,1.5625e-05,,,,,,,,,
3205,-0.19163279221180393,1.271287381640164,0.047900871964279765,1.806646089191549,0.024401082375844336,0.3347469153829228,0.00026693007513118217,0.023950435982139882,0.19502494756325855,0.10342399000340108,0.08380193393721358,1.5625e-05,,,,,,,,,
3206,-0.04957935579100282,1.108279925510939,0.0771842269778521,1.7418444174929046,0.026838295904206413,0.4083666601517132,0.00042749239396506426,0.03859211348892605,0.05372330787412346,0.10966054697523886,0.08644623211568361,1.5625e-05,,,,,,,,,
3207,-0.10651042676914518,1.1613708104948641,0.06942699544167277,1.7551689616786037,0.028072913364076663,0.4076266126370725,0.00038942061523594083,0.034713497720836387,0.1106428522890059,0.1128569031345098,0.08839637448296084,1.5625e-05,,,,,,,,,
3208,-0.18614753766939976,1.2988107953085777,0.05951506359277741,1.7701519601798483,0.02628328677016104,0.39864508990920633,0.00032918463118703,0.029757531796388705,0.19018473946620185,0.10795734978670288,0.08401374787712883,1.5625e-05,,,,,,,,,
3209,-0.17082155753819633,1.2713226633099581,0.07426155391477374,1.7500402539144218,0.026809704337330327,0.3831435075500321,0.00039760173055085086,0.03713077695738687,0.17471159981049866,0.10979699298883103,0.08851506284789905,1.5625e-05,,,,,,,,,
3210,-0.14045730714283527,1.2271143314275352,0.06915333220955341,1.7608172032454716,0.02700791354584559,0.39701789850264746,0.00037654073118134027,0.0345766661047767,0.1444834363733108,0.11005405401461267,0.08657506192488403,1.5625e-05,,,,,,,,,
3211,-0.15416499516191767,1.2174649657056946,0.055106738137141925,1.7888159710764173,0.026935977539867307,0.3800459228968125,0.00030878933505540135,0.027553369068570963,0.15801398381301568,0.10954409359015908,0.08603032256953891,1.5625e-05,,,,,,,,,
3212,-0.1566255489402692,1.2527073049739887,0.07581326837457777,1.726578229134761,0.02901839278795728,0.4471777028525627,0.0003663043374541469,0.03790663418728889,0.161156161428648,0.11549907990281169,0.08671761747119455,1.5625e-05,,,,,,,,,
3213,-0.2540476353055197,1.358180160871445,0.06867662603357075,1.7499167891555996,0.02706022864978065,0.3838760601022038,0.00037147087722754055,0.034338313016785374,0.2579419480962224,0.11149058504633841,0.08666331142943613,1.5625e-05,,,,,,,,,
3214,-0.24471519380686949,1.3940327891774231,0.05069617790152327,1.789073897079714,0.026514871806015305,0.36766355338372825,0.00029028535491015475,0.025348088950761634,0.24843797102217746,0.10874866513133448,0.0848061215887071,1.5625e-05,,,,,,,,,
3215,-0.12825212492522922,1.2129106191922165,0.07534471666563997,1.7325628288919088,0.028011890672166598,0.42734360007699557,0.0003964040633103057,0.03767235833281998,0.132584522953254,0.11275801394350252,0.0867684644008016,1.5625e-05,,,,,,,,,
3216,-0.140851677574333,1.231925547989381,0.07402973839936394,1.7276648351418384,0.02866555639117701,0.45435260098848407,0.00040491714936335033,0.03701486919968198,0.14545354427326257,0.11496833637922002,0.08673642674808499,1.5625e-05,,,,,,,,,
3217,-0.1849998437772749,1.2626470964416439,0.04508112388298184,1.8284091019842457,0.023138140706885937,0.29576463009199494,0.00024264224851028,0.02254056194149092,0.1880007411536413,0.09999630872002982,0.08379843911583548,1.5625e-05,,,,,,,,,
3218,-0.18323099413031296,1.2869267892743186,0.058832423853415416,1.7815631876625915,0.026271448177827162,0.3570745758020482,0.00031688086896443325,0.0294162119267077,0.18685214054082638,0.10824992811778367,0.085911555662283,1.5625e-05,,,,,,,,,
3219,0.02290454585632562,1.068181275607638,0.10485536708586815,1.661911586369686,0.02993026820401675,0.5015192608300412,0.0005940982160962587,0.052427683542934075,-0.017814365466457618,0.11701873095809734,0.08967236443943799,1.5625e-05,,,,,,,,,
3220,-0.1075643159120401,1.2137526267238954,0.0789420362694855,1.7256710292376929,0.028037220804982072,0.4376010452296282,0.0004503736299421484,0.039471018134742755,0.11200155782906293,0.11245924171763466,0.08789923136775397,1.5625e-05,,,,,,,,,
3221,-0.2245257613694802,1.3231412113364,0.05540386476455058,1.7886821043207939,0.025192456698707427,0.3369274108546702,0.0003147033820792968,0.02770193238227529,0.22794377126527318,0.10624414471543502,0.08450160730915515,1.5625e-05,,,,,,,,,
3222,-0.16496811740057477,1.2944409820655938,0.06988791775579883,1.7408259256232508,0.02798507822117678,0.4345501231045006,0.00036907184498911666,0.03494395887789942,0.16936966156820382,0.11256578228262146,0.08630504715765791,1.5625e-05,,,,,,,,,
3223,-0.17676480977218723,1.246363391648698,0.0654178844940032,1.764798957362225,0.025467980718025893,0.36930367723649643,0.00035792861091273986,0.0327089422470016,0.18051178276248198,0.1062089607497248,0.08647822054634222,1.5625e-05,,,,,,,,,
3224,-0.09252617424395758,1.1924985504897296,0.07924978862509696,1.7378883447615003,0.026366460999680257,0.42209431102525347,0.0004616749394625041,0.03962489431254848,0.09680873788136489,0.10806463446912565,0.08605747349302442,1.5625e-05,,,,,,,,,
3225,-0.05862314109333015,1.1140395996030519,0.05995383667989304,1.7863266695438442,0.025629960370866296,0.37034404791200604,0.0003040055431924336,0.02997691833994652,0.062377461812917534,0.10624110480337343,0.08571388685375456,1.5625e-05,,,,,,,,,
3226,-0.25232086319252633,1.4073598228013884,0.07030588055066493,1.7443260818090462,0.02694122076794453,0.3762931954798687,0.0004020150085494807,0.035152940275332466,0.2561404114985039,0.10999474421798791,0.08717299470988024,1.5625e-05,,,,,,,,,
3227,-0.07147020511934682,1.1217681698683386,0.06249506030973147,1.7741866311193635,0.026762106381415546,0.38376246056209307,0.000334406316859176,0.031247530154865734,0.07536016318460242,0.10945591054306945,0.08687152760285424,1.5625e-05,,,,,,,,,
3228,-0.2318186912182837,1.3351422150510235,0.0503269428934712,1.7837631375535783,0.026100181334566052,0.35718687367692703,0.00026545627756652474,0.0251634714467356,0.23543621562065092,0.10816468307191707,0.08441841528147576,1.5625e-05,,,,,,,,,
3229,-0.2003614068377763,1.3367616876643877,0.07444951664126223,1.731590662010409,0.027031859733420316,0.437418291327038,0.00043395887699417267,0.037224758320631116,0.20479447000475737,0.11031319132233917,0.08429240947299058,1.5625e-05,,,,,,,,,
3230,-0.18209360019053009,1.278165136922342,0.07278615888260756,1.7502625963303886,0.02678925548887559,0.3767687334815782,0.0004039173311539447,0.03639307944130378,0.18591922240406203,0.1099294369687953,0.08740618726024393,1.5625e-05,,,,,,,,,
3231,-0.21608015901568706,1.3726044116962928,0.053942206426563645,1.7892305314760182,0.02642504076626823,0.38388186451659856,0.0003213424893484404,0.026971103213281823,0.21996705449427456,0.10868372886115339,0.0851924107267209,1.5625e-05,,,,,,,,,
3232,-0.13684221777269012,1.2112429270954892,0.06463846086326083,1.7528541520515233,0.02862633622676461,0.435080708864543,0.00034483117611140506,0.032319230431630416,0.1412463209450488,0.11468486845022081,0.08612335977312095,1.5625e-05,,,,,,,,,
3233,-0.16609200989808798,1.2570659630968821,0.06584124814486142,1.7684075023412875,0.025467190066831215,0.3764649903779936,0.0003758153968405587,0.03292062407243071,0.16991102265493213,0.1065662843959326,0.08495701176175333,1.5625e-05,,,,,,,,,
3234,-0.1380805976239808,1.2023205990519725,0.05723908208339873,1.780764086165577,0.025879928290944952,0.3806298349477044,0.0002987369119964468,0.02861954104169937,0.1419363105244812,0.10757967960151962,0.08455326889787051,1.5625e-05,,,,,,,,,
3235,-0.12026621987852608,1.2098145768597122,0.0673788626110765,1.7633145847381497,0.026750579697292446,0.4101566355017563,0.00038964610448381743,0.03368943130553825,0.12442300527174141,0.10834759987660769,0.08541795546910139,1.5625e-05,,,,,,,,,
3236,-0.06502899807961038,1.1334782198218076,0.06592051671503585,1.7652546691484465,0.02652472263682152,0.39400670348062944,0.0003912594417747537,0.032960258357517924,0.06902359051388343,0.10812096238780287,0.08628057660311185,1.5625e-05,,,,,,,,,
3237,-0.18198448169986517,1.2820161940332566,0.06813343443700814,1.749842652912484,0.028120792622345667,0.39833729126537576,0.00035943357592905866,0.03406671721850407,0.18602301409202587,0.11310989603457874,0.08843420761053056,1.5625e-05,,,,,,,,,
3238,-0.21353039135778845,1.314724899984513,0.07051561781728685,1.747265738628944,0.027503555680889295,0.3889127745069181,0.00039304276360882116,0.035257808908643426,0.21747617999678862,0.11175661146538514,0.08887833299663918,1.5625e-05,,,,,,,,,
3239,-0.16510832483731433,1.2426340804649185,0.05303666217113786,1.7894655745688959,0.02654515892178248,0.3557932611773581,0.0002945722864496018,0.02651833108556893,0.16871361615878366,0.10899285673444076,0.0868534915077775,1.5625e-05,,,,,,,,,
3240,-0.16166642048192442,1.2777508286995847,0.061407078348941754,1.7750997780627165,0.024907145617299422,0.3679438932841068,0.000326309956139511,0.030703539174470877,0.16539757705128205,0.104672032570439,0.08435951230558703,1.5625e-05,,,,,,,,,
3241,-0.13942089312902411,1.229554990401733,0.06791595039681661,1.7580538849045135,0.026438967819893765,0.3998353200600747,0.00037393921885322363,0.033957975198408305,0.14347452423586082,0.10879862876195728,0.08542276554473567,1.5625e-05,,,,,,,,,
3242,-0.24210771301435038,1.3255052941146561,0.04790849052912933,1.7992313272002836,0.02603320968108422,0.3488519520045212,0.00023919585324319438,0.02395424526456466,0.2456405710514646,0.10787837004291698,0.08547953101634997,1.5625e-05,,,,,,,,,
3243,-0.17770553814931,1.2972645386937325,0.06697905689112861,1.7626305904689206,0.026074169497338866,0.36132420236565327,0.00032866913555643426,0.0334895284455643,0.18137318269867236,0.10785427159625949,0.08747500908139463,1.5625e-05,,,,,,,,,
3244,-0.1231382861459562,1.2001683188650207,0.05854761642945947,1.7838197647541498,0.025543676222651565,0.3592143191331521,0.000338627619566974,0.029273808214729736,0.12678092761934565,0.10626887124848368,0.08604830063663155,1.5625e-05,,,,,,,,,
3245,-0.3110970469028208,1.4547759643769487,0.05920100044954277,1.77485059573764,0.025277767877173167,0.318736638546143,0.0003168377485056887,0.02960050022477138,0.3143349306719494,0.1063500261332824,0.08698720745464347,1.5625e-05,,,,,,,,,
3246,-0.18472254068347405,1.2813597908736498,0.07327408559219489,1.7409786434446075,0.027931320726110237,0.39902853302195773,0.00038648865770155776,0.036637042796097447,0.1887707377295012,0.11280387634164893,0.08814369353559033,1.5625e-05,,,,,,,,,
3247,-0.13790885135950817,1.2049424072590098,0.05676743497958377,1.7785058479664013,0.026573812298945572,0.3565093413919186,0.00030652441623813757,0.028383717489791883,0.1415231787935592,0.10932912288993352,0.08739916357003565,1.5625e-05,,,,,,,,,
3248,-0.06641269431061357,1.1215814681618859,0.07350980879910957,1.7518872120719569,0.02792329008264008,0.41579309316064206,0.00040971295387238083,0.03675490439955478,0.070628996148279,0.1126208944213053,0.08769417279359058,1.5625e-05,,,,,,,,,
3249,-0.10343746471887891,1.1764207040674632,0.07023087546272347,1.7477814690117701,0.027572992664210507,0.40776148592953587,0.000388879068511675,0.035115437731361734,0.10757156162128087,0.11122589904020465,0.08803476336227531,1.5625e-05,,,,,,,,,
3250,-0.12821534200984197,1.2069727069238536,0.07321960145802452,1.7449487286911165,0.026570183198064645,0.40390249271401785,0.0003937595374866147,0.036609800729012265,0.13231236382037292,0.1091570295686473,0.08677903002716021,1.5625e-05,-0.16662627508065841,1.2826144233940628,0.1709538761560938,0.0721958559915758,1.7397012406830712,0.0280329258066935,0.4270237746626003,0.0003868388406803521,0.0360979279957879
3251,-0.13291948084835925,1.1946731345381016,0.06612001602629401,1.7653547931621834,0.026423619885412718,0.404466932620937,0.0003453751739854828,0.033060008013147006,0.13701831748225324,0.10827912392847905,0.08566777827495142,1.5625e-05,,,,,,,,,
3252,-0.19667980133249685,1.272711522552356,0.05480444268239283,1.7764620220785694,0.026626821297093522,0.3790919652878655,0.00030524547109700363,0.027402221341196416,0.20051894028164852,0.11024339671760765,0.08527870726782968,1.5625e-05,,,,,,,,,
3253,-0.165598502437861,1.2256180254400224,0.06886382499293478,1.7468633612268454,0.02758645148831462,0.41449987401884053,0.0003512680055063231,0.03443191249646739,0.16979891440421319,0.11221412334110309,0.0864818903096875,1.5625e-05,,,,,,,,,
3254,-0.21163858177640904,1.317861899101627,0.05476326332721149,1.7867109602545803,0.02600054767424724,0.36719010201294977,0.00034622848712815,0.027381631663605743,0.215359193822676,0.1071673898730581,0.08499814472204986,1.5625e-05,,,,,,,,,
3255,-0.12117844039427919,1.1965423803021458,0.07660072419113689,1.740079967497685,0.026947242021448662,0.4224928066872147,0.0004271667849234737,0.03830036209556844,0.12546334129077114,0.10976638213788839,0.08675749469097935,1.5625e-05,,,,,,,,,
3256,-0.24212831028681137,1.3610838059034198,0.05568103643295183,1.7883779561341817,0.025218786040151226,0.33032457112552605,0.00030606772407227456,0.027840518216475915,0.24548034097308516,0.1058614170724182,0.08577006845445027,1.5625e-05,,,,,,,,,
3257,-0.1528003655481549,1.2547025218779575,0.07182374941394665,1.7471408562529271,0.027046207946395284,0.41441073078445967,0.000405909182082114,0.035911874706973324,0.15700191523108986,0.11038599581291186,0.08557505701485253,1.5625e-05,,,,,,,,,
3258,-0.195823223066367,1.2966032550674842,0.057017834542998316,1.7907408585517046,0.024991433190304793,0.34373476215258886,0.00030422129945865094,0.028508917271499158,0.19931002922674446,0.10489861248878757,0.08550781383169141,1.5625e-05,,,,,,,,,
3259,-0.09947565613780687,1.1741888639882863,0.07390842832420746,1.748963231833377,0.026183451214224353,0.40685214884838705,0.00039601577171827066,0.036954214162103725,0.10360258163048837,0.10726809573867108,0.08628693086564496,1.5625e-05,,,,,,,,,
3260,-0.1587980882638837,1.2659754740221385,0.06809621392656118,1.7495440829602664,0.027602825622175815,0.4132562956624545,0.00037470578383051885,0.03404810696328059,0.16298594182613943,0.11162135651029798,0.08506553888087483,1.5625e-05,,,,,,,,,
3261,-0.07229492234240513,1.1350543633738028,0.06411624475144398,1.7806267694563025,0.02582030231524688,0.38125988178552117,0.0003654962861710673,0.032058122375722,0.07616104051319236,0.10661813955471358,0.0852463839031673,1.5625e-05,,,,,,,,,
3262,-0.16102892787385115,1.2717177927370407,0.058853125498299866,1.7797296813049326,0.026174978869488635,0.3701279781576445,0.0002905473689218169,0.029426562749149933,0.16478033698867905,0.10780272759751826,0.08655173090267279,1.5625e-05,,,,,,,,,
3263,-0.12324577748854887,1.2002362635666128,0.07862112196652964,1.7222672912683377,0.028435056560301798,0.44789430104070294,0.0004178698600756216,0.03931056098326482,0.12778543243145257,0.11382413489260759,0.08650667443854781,1.5625e-05,,,,,,,,,
3264,-0.2914576612696676,1.460333055692918,0.0467758795055714,1.813476838347011,0.02420818298533612,0.3127545935968796,0.00024189516451749286,0.023387939752785705,0.29462914886541786,0.10347469918464247,0.08444480563929019,1.5625e-05,,,,,,,,,
3265,-0.26368239761436096,1.373513195326597,0.038047105469945275,1.8231450992738027,0.02406288212031829,0.2806279909642533,0.00021554152214895756,0.019023552734972637,0.2665280879429527,0.10304696935613934,0.08512155158717707,1.5625e-05,,,,,,,,,
3266,-0.2513565527372499,1.3311549467964776,0.05829129431124398,1.7673057335970919,0.027098777214658427,0.3688329446531279,0.0003023151520942038,0.02914564715562199,0.2550947240397937,0.11127136103348831,0.08547334199485712,1.5625e-05,,,,,,,,,
3267,-0.09910719479012926,1.1888287998071467,0.07235307108273004,1.7353766391191565,0.029447719706417744,0.4876322499701171,0.00040284087190749565,0.03617653554136502,0.10404107600048206,0.11549827034060323,0.08572568394202339,1.5625e-05,,,,,,,,,
3268,-0.1939875704099573,1.327915072748573,0.06711813184456153,1.7574222726772573,0.02795519687030768,0.42709636753789415,0.00036310863692262836,0.033559065922280765,0.1983132984603545,0.11199913595603445,0.08570667294487108,1.5625e-05,,,,,,,,,
3269,-0.21915768836812347,1.3136003488683203,0.05386354074298622,1.7794918946396217,0.026356115412041196,0.3635020727600755,0.00031506184957834886,0.026931770371493108,0.22284058640353793,0.10855424198760848,0.08500411544809747,1.5625e-05,,,,,,,,,
3270,-0.2524013756171245,1.4190415454295067,0.05471889497645048,1.787688460963943,0.025373241901961656,0.3471657961395232,0.0002990403247583997,0.02735944748822524,0.25592126031386514,0.10643696307879681,0.08521658104360441,1.5625e-05,,,,,,,,,
3271,-0.15149701222178935,1.238078205222786,0.056222051141912935,1.7897611170699412,0.02564058733301397,0.3673602547989908,0.0002704253066042082,0.028111025570956467,0.15521932765958696,0.10635489397868397,0.08509815184880881,1.5625e-05,,,,,,,,,
3272,-0.11723349429819777,1.1960329661184521,0.06757789792251584,1.7625054010444205,0.02764461834543109,0.42640765810119524,0.00037421736711060216,0.03378894896125792,0.12155272705585253,0.11146467672582494,0.08582380837262374,1.5625e-05,,,,,,,,,
3273,-0.2962747386182487,1.4729706604498383,0.053970002990723576,1.7865879775254165,0.025095508791473705,0.35523661042914395,0.00028540559980144286,0.026985001495361795,0.29987480965980884,0.10584609006621605,0.0840731234295029,1.5625e-05,,,,,,,,,
3274,-0.2681600707849447,1.4302669232200955,0.05685599768233744,1.7728601244188775,0.025562868883700633,0.3691794110309651,0.0003116864024339365,0.028427998841168724,0.271901138359364,0.10721645688062918,0.08339105978309297,1.5625e-05,,,,,,,,,
3275,-0.15039838623658555,1.2297489617856519,0.0664246678584594,1.7456025242038,0.0286409593531438,0.46091931775161565,0.00036730510865718867,0.0332123339292297,0.15506192082435954,0.1138788716567498,0.08495864763122424,1.5625e-05,,,,,,,,,
3276,-0.19569789266164342,1.2860288668821638,0.06687112555158886,1.7642601471615305,0.026181651611274934,0.3930356417408084,0.0003655096231946512,0.03343556277579443,0.19968298233953086,0.10807469507733797,0.08569879682554708,1.5625e-05,,,,,,,,,
3277,-0.15685151569089667,1.2284707659063407,0.05346573676832743,1.8019847113274894,0.02528609987043608,0.33543852694451093,0.00029547610832360294,0.026732868384163715,0.16025360843692246,0.10585201637631493,0.0855710278576408,1.5625e-05,,,,,,,,,
3278,-0.23793294767763895,1.3456625925498682,0.04751579033993886,1.8022182260324944,0.025018929219609222,0.31181228343672945,0.00023966338421052766,0.02375789516996943,0.24109524722327866,0.10528807328483791,0.08714105474675579,1.5625e-05,,,,,,,,,
3279,-0.03647582918505278,1.1036488233381827,0.086835813657326,1.7089859458818377,0.02986128849874446,0.46823227248924537,0.0004987061755923139,0.043417906828663,0.04122364673798864,0.11660219839342553,0.09057289908016974,1.5625e-05,,,,,,,,,
3280,-0.20925916029204533,1.3091870735776518,0.06130107161240135,1.7685120448407448,0.026909321758315344,0.39496711936096573,0.0002994384918827673,0.030650535806200675,0.21326016152682845,0.10973539630620013,0.08629955906278568,1.5625e-05,,,,,,,,,
3281,-0.12649358734909957,1.1995663242379093,0.06103999751941942,1.7706178208429115,0.027778383732537187,0.40893910042130355,0.00035585715050067757,0.030519998759709708,0.13063476310178576,0.11175711922236987,0.08629371188101187,1.5625e-05,,,,,,,,,
3282,-0.26534889842829623,1.397230448325949,0.051295510883426515,1.7859137537461214,0.02388256839480233,0.3198547976382078,0.00026184165423227455,0.025647755441713254,0.2685935717141998,0.10344067769117721,0.08291395011706112,1.5625e-05,,,,,,,,,
3283,-0.1154773676683489,1.20705581145192,0.06870700143629171,1.756090164198206,0.027333890682371506,0.41068681755802333,0.00038525340701459987,0.03435350071814586,0.11964000278035941,0.11084566233663642,0.08661630537327686,1.5625e-05,,,,,,,,,
3284,-0.12958216009734458,1.2419786992646065,0.06924752766899189,1.7616206631305498,0.02566192012517353,0.3776955620675013,0.00035841281266004116,0.034623763834495946,0.133414939816612,0.1065213493080642,0.08569943888454992,1.5625e-05,,,,,,,,,
3285,-0.19980900514873645,1.362442513150056,0.06673223801087352,1.7518619960700421,0.02866516200521023,0.4141573860957243,0.0003618366276357607,0.03336611900543676,0.20400508211493618,0.11440667947180147,0.08847463426932062,1.5625e-05,,,,,,,,,
3286,-0.07187695247332042,1.1359154389055468,0.08198398988004678,1.7261109874839167,0.028555316419626005,0.45734040727244174,0.0004759152357265051,0.04099199494002339,0.07651336880321698,0.11351829784632927,0.0869622000646004,1.5625e-05,,,,,,,,,
3287,-0.17742842468706058,1.3238214709258873,0.053401621098517274,1.8057693557727175,0.02439226722334229,0.3225920898822996,0.0003102045029204797,0.026700810549258637,0.18070220613501972,0.10285791298488031,0.08691471341368587,1.5625e-05,,,,,,,,,
3288,-0.16418815364023026,1.2661820547177887,0.06336692257844914,1.78344852419782,0.024499649390670113,0.35848429808731463,0.0003531179096304401,0.03168346128922457,0.16782604574673093,0.1034525974551656,0.08509997847412754,1.5625e-05,,,,,,,,,
3289,-0.10783940469011903,1.1515223514029715,0.050146806786673145,1.8056258061023183,0.02519390455473558,0.3369424776171633,0.00027919958367485015,0.02507340339333658,0.11125475112358177,0.10567588407254044,0.08562271304166497,1.5625e-05,,,,,,,,,
3290,-0.15706524838985425,1.2390809449864302,0.07727095400592163,1.7237928963223528,0.029474579624317272,0.4361162937872586,0.00044451973464902753,0.03863547700296082,0.16148672993103952,0.11600216996976419,0.08922222840439831,1.5625e-05,,,,,,,,,
3291,-0.15982586962998108,1.27539186914923,0.06185590801708635,1.7743898100264712,0.025796951484432076,0.3676601036920937,0.000345235320345822,0.030927954008543174,0.16355459487221424,0.10688069542138745,0.08572545670656753,1.5625e-05,,,,,,,,,
3292,-0.2273959403974433,1.3116672660710795,0.05700537281986362,1.7806364087650306,0.02527356136587926,0.33839471182406683,0.00036427411658566825,0.02850268640993181,0.2308298393073474,0.10670644228119461,0.08592016242272942,1.5625e-05,,,,,,,,,
3293,-0.20546620217276715,1.3260280977530763,0.07174787594117947,1.7409319868166007,0.026849263224206794,0.4005030694362667,0.0003708577226021789,0.035873937970589735,0.20952822470219457,0.11016070540222793,0.08641148439748979,1.5625e-05,,,,,,,,,
3294,-0.2929664939059374,1.4269400869978925,0.06594864899040973,1.7607641627348631,0.025547559387416575,0.34332085204776364,0.00032217523649831123,0.03297432449520486,0.2964535061449025,0.10674481715468692,0.0877201963360554,1.5625e-05,,,,,,,,,
3295,-0.2038957802525584,1.3056580746310413,0.07839823320974627,1.7195016711530344,0.02821357099934784,0.40961894149801864,0.00041716212362564466,0.03919911660487314,0.20805253542209123,0.11411279140773897,0.08784491993200969,1.5625e-05,,,,,,,,,
3296,-0.07267095494448172,1.150366350494037,0.06805532073417876,1.7583158040794045,0.026668991686359268,0.4090199188977052,0.00035569731286931887,0.03402766036708938,0.07681632192499535,0.10854386893186856,0.08612631995793402,1.5625e-05,,,,,,,,,
3297,-0.18306203200426163,1.3003459414644216,0.05673538231010883,1.7988050994129139,0.023990948390596782,0.32076154391358286,0.00031996357013835687,0.028367691155054414,0.18631920282124803,0.10222968520385725,0.08547641960516836,1.5625e-05,,,,,,,,,
3298,-0.16971198985194302,1.2480591788464546,0.07507037284235114,1.7261362103033213,0.028612083871748045,0.4250198869049504,0.0004054879806861763,0.03753518642117558,0.17402104014932357,0.11449159782649744,0.087665188260397,1.5625e-05,,,,,,,,,
3299,-0.07928248070076965,1.1520204992170506,0.06674022927437072,1.766293797216008,0.02760368860429179,0.40942331465134385,0.0003782038046965935,0.03337011463718535,0.08343152893793941,0.11126863834179429,0.08765777914821876,1.5625e-05,,,,,,,,,
3300,-0.21085619238514008,1.2956587875716363,0.05403077574467802,1.787013384777385,0.026181328362385663,0.3618863565072967,0.0002835242115031345,0.02701538787233901,0.21452277671404818,0.10828571940426779,0.08578910976543896,1.5625e-05,-0.16658864618652625,1.282614421659633,0.17089368922966197,0.07223076023632066,1.740515680400899,0.02793125825733854,0.42476532083108054,0.00038692979027233905,0.03611538011816033
3301,-0.1751220423172724,1.285115612001869,0.06096971735443791,1.768100691002497,0.026340939667024704,0.3913176875200828,0.0003464434677739412,0.030484858677218955,0.17908684949273818,0.10862763058375022,0.08493510317434111,1.5625e-05,,,,,,,,,
3302,-0.20208384201392554,1.2672599065350885,0.060115886206819014,1.775390072731847,0.025334865308982206,0.35317244143871607,0.00034038514602963404,0.03005794310340951,0.20566678212360373,0.10622349721957126,0.08596423825819458,1.5625e-05,,,,,,,,,
3303,-0.17691873655292722,1.2395619249089922,0.05473425557498264,1.7983301318795133,0.025172968724575643,0.3498847297630947,0.000301914029083258,0.02736712778749132,0.18046595341995528,0.10528288870023951,0.08517985495192543,1.5625e-05,,,,,,,,,
3304,-0.24725213370435467,1.3510477060161508,0.047355358708999234,1.7881126195698802,0.026481652444907924,0.3487170343625338,0.0002208792675959163,0.023677679354499617,0.25078307164620617,0.10967894830639417,0.08560995845764718,1.5625e-05,,,,,,,,,
3305,-0.2954742929528012,1.4359430916137663,0.055286746566840725,1.782630671205551,0.025133055321815992,0.33171548745283536,0.00034223426971293023,0.027643373283420362,0.2988403398500221,0.10599431757729799,0.0853761859001965,1.5625e-05,,,,,,,,,
3306,-0.0918608063847004,1.1743966617705015,0.07819653176264309,1.741891119886421,0.027450791205366212,0.4404900590681894,0.000452401743943838,0.03909826588132154,0.09632674816990192,0.11063015000319054,0.08641922541318592,1.5625e-05,,,,,,,,,
3307,-0.20262919610600827,1.3232241725103462,0.055603358670375545,1.7785288079631991,0.026345684331274474,0.376653947130393,0.00030428732502018355,0.02780167933518777,0.20644436541797723,0.108488590237897,0.08464680919523661,1.5625e-05,,,,,,,,,
3308,-0.09716696498794003,1.1834921267020788,0.06868439460626186,1.7599817493170875,0.026216432315440612,0.41129707275089716,0.0003951767004000145,0.034342197303130914,0.1013358294972493,0.10809280645829461,0.08409984884442115,1.5625e-05,,,,,,,,,
3309,-0.26401926849466084,1.3842551915940753,0.0623835908905237,1.7601702068983007,0.027349724245635778,0.3701686837360796,0.00031546706896466985,0.031191795445261846,0.26777290350022553,0.11147569972141128,0.08828455684233458,1.5625e-05,,,,,,,,,
3310,-0.014474893280709224,1.0656206431492687,0.09008654522948692,1.7072943871969255,0.028916644275793518,0.4665569366453651,0.0005125264701122576,0.04504327261474347,0.019207704128350704,0.11476460290538644,0.08766092332665995,1.5625e-05,,,,,,,,,
3311,-0.17963514977137257,1.2464935065728566,0.047726527995020675,1.8009961628074178,0.025364931975521452,0.3477159813597375,0.00025828860951319487,0.023863263997510337,0.18315676569669065,0.10625605806720013,0.08546755071131469,1.5625e-05,,,,,,,,,
3312,-0.10898257093954955,1.1607337768282342,0.07302583371764565,1.7535942642652067,0.027196547228935525,0.3987583258757817,0.0003962183794817875,0.03651291685882282,0.11302816524160365,0.1100410302058771,0.08783379438372965,1.5625e-05,,,,,,,,,
3313,-0.22611474321906527,1.3152769599968681,0.054088597801286054,1.7786199120402522,0.026025906539468444,0.37248748845930146,0.00029780799663178033,0.027044298900643027,0.2298874266816457,0.1078333757220937,0.08380749839641838,1.5625e-05,,,,,,,,,
3314,-0.13935804848169955,1.210185961267272,0.08252604922370961,1.7197192221280484,0.027777500310472766,0.41361863270369853,0.00043059318775536107,0.04126302461185481,0.14355700095744722,0.1124550190944702,0.08839868152102902,1.5625e-05,,,,,,,,,
3315,-0.24977646776077825,1.3428189988682036,0.06199910116464241,1.7623089292550005,0.02702965473182309,0.3925386572538966,0.0003462853678816405,0.030999550582321206,0.2537539398268709,0.11055509383982375,0.08492204348974493,1.5625e-05,,,,,,,,,
3316,-0.1260025516733716,1.2049410838036727,0.0650907651116138,1.768636530461877,0.02716014737950669,0.40696578227581354,0.00037137242780228515,0.0325453825558069,0.13012615496826818,0.10975471777816881,0.08633339707472665,1.5625e-05,,,,,,,,,
3317,-0.17323266374349874,1.286153698537733,0.04780621668828417,1.7896745249106758,0.02738145609173625,0.39145965886572176,0.00024436419514187906,0.023903108344142086,0.1771915038277006,0.11066728479589283,0.0845171846052675,1.5625e-05,,,,,,,,,
3318,-0.10316246745063876,1.1682601543445497,0.07180105834877387,1.738575692644083,0.02818684548266187,0.4214396794932801,0.00038951865702736843,0.035900529174386936,0.10743404571824265,0.11277106296867262,0.08847202167242821,1.5625e-05,,,,,,,,,
3319,-0.039911714256327585,1.1278930090853423,0.07812381830692905,1.74207000429065,0.02704175394472641,0.4372955669072983,0.00044923911302513335,0.039061909153464525,0.04434564492572719,0.10950592782654878,0.08626192968451726,1.5625e-05,,,,,,,,,
3320,-0.18212244277506406,1.2778789615533246,0.06428138152026333,1.7657440530629493,0.02581446677714839,0.3514117364155719,0.0003657036517082726,0.032140690760131665,0.18569001530702758,0.10666631258033749,0.08741229123879805,1.5625e-05,,,,,,,,,
3321,-0.11020111448341868,1.1764754162362083,0.0646160656136866,1.7644606472168776,0.027335581399096802,0.38941461198974436,0.000359837511545964,0.0323080328068433,0.1141488116177106,0.11052408256398784,0.08676137770054011,1.5625e-05,,,,,,,,,
3322,-0.1163801597289547,1.1857333027722592,0.08209115659860143,1.7117759833889552,0.02720514595585827,0.4342995546795074,0.00048721383182486454,0.041045578299300715,0.12078619075220119,0.11120840119526375,0.0860728168502127,1.5625e-05,,,,,,,,,
3323,-0.08159321021979106,1.1624505628478294,0.07536647112418947,1.7377555828534619,0.02791136627059601,0.44662345900063555,0.000391771745129819,0.037683235562094734,0.08611842331863935,0.11266229982781448,0.08634606052870557,1.5625e-05,,,,,,,,,
3324,-0.18164229115512937,1.2760296216336853,0.061773305610049754,1.7720148250384518,0.02494398654922749,0.3646712932368348,0.0003433699009336575,0.030886652805024877,0.18534104458756245,0.10494032866917563,0.08392431354402047,1.5625e-05,,,,,,,,,
3325,-0.13334352473422417,1.2147875154440375,0.07011507562405302,1.7431622283286958,0.028237061796408735,0.40847443264280386,0.0004005815631019715,0.03505753781202651,0.13748476403637855,0.11334555207073152,0.08824596088743003,1.5625e-05,,,,,,,,,
3326,-0.2629507282151699,1.3628442332116764,0.050794653410770225,1.8005670452527727,0.023761966059073106,0.2911879268730533,0.0002760806927203355,0.02539732670538511,0.26590877128798557,0.10263177991083147,0.0853993702382044,1.5625e-05,,,,,,,,,
3327,-0.1536540677416513,1.2310427074760046,0.06468098758847717,1.7663593952780952,0.026082519695454158,0.36963134999573877,0.0003773941066875832,0.03234049379423858,0.15740415927042253,0.10770943246324363,0.08583870017578422,1.5625e-05,,,,,,,,,
3328,-0.1944331961436414,1.2841193476266333,0.054990389166921436,1.7770378862019256,0.026025244736711754,0.34983984749033925,0.0002890609340307351,0.027495194583460718,0.19797975080133057,0.10806179420295789,0.08621401244463975,1.5625e-05,,,,,,,,,
3329,-0.23659426912964848,1.3302170755320448,0.05958974516347379,1.7699137716882731,0.025859410210250993,0.35920778189340485,0.0003339070391536348,0.029794872581736895,0.24023718002927266,0.10804196459447649,0.08537213603256365,1.5625e-05,,,,,,,,,
3330,-0.08159908665031124,1.1529260761368822,0.06912697587007524,1.7507852048569192,0.026590380123408516,0.3713717792289277,0.0003870097469591768,0.03456348793503762,0.08536874588005369,0.10889997363781351,0.08888754114369656,1.5625e-05,,,,,,,,,
3331,-0.1629201904876153,1.2553222609771486,0.06178637165838878,1.7698764171367496,0.026270909909177378,0.37657855371222176,0.00032756207716837287,0.03089318582919439,0.16673784359550975,0.10803344110360288,0.08610850691502661,1.5625e-05,,,,,,,,,
3332,-0.17905767889855256,1.2806842527896094,0.062265806313511765,1.7651918302763436,0.025463625718486045,0.36581477801476436,0.0003385166250606718,0.03113290315675589,0.1827679966664103,0.1064879951665514,0.08485016913889545,1.5625e-05,,,,,,,,,
3333,-0.16648802123920042,1.2445990620932412,0.06950291089110051,1.749279534674425,0.02790346454811824,0.41078196406764145,0.00036946466352707835,0.03475145544555026,0.1706517797773044,0.11239944883330424,0.08624796011719095,1.5625e-05,,,,,,,,,
3334,-0.1380820652156233,1.2173058318177807,0.047469942637398455,1.8054419994829836,0.025874207341425842,0.35035049062788215,0.0002529944789899009,0.023734971318699227,0.1416298894580056,0.10683646877450062,0.08626344556089,1.5625e-05,,,,,,,,,
3335,-0.14963949645756075,1.2480440594594262,0.07373410050255566,1.7399957551756797,0.027140210522398664,0.41829158674420513,0.00042494027601133917,0.03686705025127783,0.15388092873556594,0.11092909713921617,0.08526278792846301,1.5625e-05,,,,,,,,,
3336,-0.19725785240976434,1.2981778487288962,0.06465350537376763,1.7704747645164596,0.025163556100798484,0.35355649830204494,0.00037073240800081805,0.03232675268688382,0.20084715621719684,0.10602824013688912,0.08508643796733105,1.5625e-05,,,,,,,,,
3337,-0.1584606704072629,1.238844667967483,0.06919136988850154,1.7527701837997687,0.02684443560836713,0.40970988769347194,0.0003803795953538329,0.03459568494425077,0.1626136964669334,0.1101550396748519,0.08548231857879021,1.5625e-05,,,,,,,,,
3338,-0.09086800891943067,1.163097185322346,0.06071030836501194,1.7937800107764308,0.02345339625387863,0.33167170828071724,0.00035626297227086114,0.030355154182505967,0.09423658158625081,0.10053110401512856,0.0837661234574276,1.5625e-05,,,,,,,,,
3339,-0.2262786306720176,1.340802554721162,0.056166428625086695,1.7830696715291376,0.02543427463332079,0.3511001400871187,0.0003055111796909615,0.028083214312543348,0.2298386010957135,0.10662857544867507,0.084598183189984,1.5625e-05,,,,,,,,,
3340,-0.07658719695830318,1.1738993407616123,0.06995411518735065,1.7532933033697509,0.02741159324554762,0.4298282920275693,0.00040189587735304496,0.03497705759367532,0.08094200882797978,0.11052505804308008,0.08586016089890312,1.5625e-05,,,,,,,,,
3341,-0.12634154371255085,1.2072650403145526,0.07215046113535244,1.754563401592502,0.026557251924951574,0.4164700549726084,0.000403006184872384,0.03607523056767622,0.13056389518870926,0.10891182748197509,0.08528473299730448,1.5625e-05,,,,,,,,,
3342,-0.3067435757892143,1.439300126619521,0.044282956444284274,1.8063284807732898,0.025153372348285193,0.32584137944153024,0.00023537605346336305,0.022141478222142137,0.3100445481071941,0.1063792347918205,0.08399551644128242,1.5625e-05,,,,,,,,,
3343,-0.1622400196979742,1.239925597081888,0.08309245449010338,1.7185738152319912,0.027351490951505245,0.40156780080468046,0.000461220869457849,0.04154622724505169,0.16631904188011293,0.11136363238051711,0.08800847113150559,1.5625e-05,,,,,,,,,
3344,-0.14213229972281508,1.2068558327795191,0.062369269674965325,1.768500949506956,0.026812226136572,0.39511335297245875,0.0003382189332413987,0.031184634837482662,0.14613568508620461,0.109731528753575,0.08645494660895633,1.5625e-05,,,,,,,,,
3345,-0.00019108879787923562,1.04653753686316,0.07770711679512142,1.7435187549283022,0.027958065412671606,0.4355913621731308,0.00044005146270573907,0.03885355839756071,0.0046076916801844545,0.11152984193821332,0.08720373534907894,1.5625e-05,,,,,,,,,
3346,-0.0685429756000583,1.1781599552052961,0.06892286422558719,1.7578377843476536,0.026892017860280275,0.4153038950191422,0.0003821258483834334,0.034461432112793594,0.07275187561868982,0.10916287766532475,0.08608680458595214,1.5625e-05,,,,,,,,,
3347,-0.17169417681647,1.258226029284606,0.062365075857287525,1.767231014302829,0.02668598217249724,0.37412101611524473,0.0003452201234713746,0.031182537928643762,0.17548769402692882,0.10966446428925822,0.08683310002356676,1.5625e-05,,,,,,,,,
3348,-0.2282654502013176,1.3804007552064956,0.06177110284517575,1.7782868070471571,0.024636131671497828,0.3455065151410549,0.00035607725072471204,0.03088555142258788,0.23177274454472846,0.10459641498781164,0.08446632432228281,1.5625e-05,,,,,,,,,
3349,-0.12530726704220196,1.1882264663301387,0.07737104997988825,1.731979676618454,0.02843316422434656,0.42458318447944365,0.0004393520668850487,0.038685524989944126,0.12961349772942138,0.11398864448134882,0.08721360532006109,1.5625e-05,,,,,,,,,
3350,-0.18762989685157488,1.2796678387180922,0.07582035733556011,1.7307096951997432,0.029016217803602758,0.4348963454271675,0.00040112820504770424,0.037910178667780056,0.1920380888635168,0.11540279360731089,0.08741069592348319,1.5625e-05,-0.16658126336646212,1.2826641682150075,0.1708608498918257,0.072272019411748,1.7410263176638694,0.02781299951134712,0.4222169071279406,0.00038711812016780376,0.036136009705874
3351,-0.02605618246621831,1.111495964781965,0.0822222010723298,1.7349290794321899,0.02774896458675017,0.4300776890778617,0.00045819698596869223,0.0411111005361649,0.030420001718187102,0.11095142206885757,0.08875385454390769,1.5625e-05,,,,,,,,,
3352,-0.2046736889787763,1.298498634425588,0.08192631094717362,1.7183883317826538,0.027886235255333056,0.39292045993015656,0.00046008192810383184,0.04096315547358681,0.20866564143615027,0.11320686439806109,0.08903345845207164,1.5625e-05,,,,,,,,,
3353,-0.09639467824245274,1.1659527103101646,0.06405396987386433,1.7795067592618938,0.02574920478042448,0.38683842848682604,0.0003622712921554863,0.032026984936932165,0.10031650729277208,0.10677590116335592,0.08471149182317753,1.5625e-05,,,,,,,,,
3354,-0.20025652672012365,1.3149314760217645,0.0805265474184034,1.7119952528118012,0.0286365395393174,0.4504306317154473,0.00046896242831425913,0.040263273709201707,0.2048229058877986,0.11537361835360779,0.086587195133175,1.5625e-05,,,,,,,,,
3355,-0.12043695271118063,1.191502570682648,0.06320608319379195,1.78321315868724,0.025144326023977807,0.35185725269548446,0.00034741571495803007,0.031603041596895975,0.12400843456846883,0.10517162283915038,0.08601259829208993,1.5625e-05,,,,,,,,,
3356,-0.167265778543588,1.2817804103387869,0.05229352498646791,1.8053492640434083,0.02310806177666492,0.30412566497245763,0.0003045308236948092,0.026146762493233954,0.17035428075668319,0.10062040057345684,0.08384451876953111,1.5625e-05,,,,,,,,,
3357,-0.18665739346285476,1.2884845971805228,0.0588645767407721,1.7787727131979718,0.02614335072231652,0.35682116601949787,0.0003170553902039491,0.02943228837038605,0.19027599569245413,0.10842774337669148,0.08585615658386399,1.5625e-05,,,,,,,,,
3358,-0.18418821730417198,1.2892011213618193,0.05842800855755327,1.7812363420697919,0.026041420995687126,0.36839928338412303,0.00031067609127617885,0.029214004278776635,0.18792234326662546,0.10701480090915992,0.0857534466404454,1.5625e-05,,,,,,,,,
3359,-0.2258627129881262,1.3092091350908455,0.06490652138794462,1.761509231283255,0.02630831987322967,0.362862019619394,0.0003556375431870691,0.03245326069397231,0.2295449579127588,0.10877288411652514,0.08641005328839188,1.5625e-05,,,,,,,,,
3360,-0.24374093641692662,1.353632290441556,0.07684211355590682,1.7150297416140083,0.028458722059610912,0.43386257141957135,0.0004086182479677795,0.03842105677795341,0.24813921966779612,0.11416116514505499,0.08713619582875104,1.5625e-05,,,,,,,,,
3361,-0.21000873959328945,1.2895233317508372,0.06844549786397353,1.7539963787031763,0.027347424635401768,0.3909256537729319,0.0003809942719227373,0.03422274893198676,0.21397356878645699,0.11139177135791914,0.08749229834635014,1.5625e-05,,,,,,,,,
3362,-0.1268982737539598,1.2235455089600833,0.07551351629284517,1.7383614004500398,0.026902889885213294,0.4124391195655766,0.0004318295353584273,0.037756758146422584,0.13108212361712007,0.10983634806369655,0.08661029108370258,1.5625e-05,,,,,,,,,
3363,-0.1301459069939775,1.2045816301026517,0.06507943273220199,1.763021784137592,0.026748305764721772,0.39647518841280016,0.00034554796851859397,0.03253971636610099,0.13416428429199814,0.10939850181391184,0.08621659962625125,1.5625e-05,,,,,,,,,
3364,-0.16192806071924176,1.2508525199473635,0.07390523889245901,1.7366987199198591,0.027901271433107076,0.41420093132830715,0.0004013236909055794,0.036952619446229504,0.16612840287607933,0.11274396572548875,0.08748281570162209,1.5625e-05,,,,,,,,,
3365,-0.07292087762814713,1.1255258001572455,0.06270141692898973,1.787777667945946,0.024884168957500778,0.35597739333855205,0.0003446661895109699,0.031350708464494864,0.07653332670857169,0.10467626574416003,0.08623048681749929,1.5625e-05,,,,,,,,,
3366,-0.18369103718948157,1.2973653974972028,0.06692669661901005,1.761313396673271,0.026361370232473917,0.3640186723963338,0.0003724151762871191,0.03346334830950502,0.18738602454748401,0.10881916077991494,0.08693600404856869,1.5625e-05,,,,,,,,,
3367,-0.09866967586374761,1.1650959923003743,0.06502639778540248,1.7711932439505917,0.02703136660292036,0.4039945650648983,0.0003274044065204336,0.03251319889270124,0.10276312068979401,0.10960244250015228,0.08621585653801328,1.5625e-05,,,,,,,,,
3368,-0.06707559933910731,1.1659912698328676,0.09425046836910327,1.69589139209716,0.02867149229771712,0.4720695029277564,0.0005639118435720606,0.047125234184551626,0.07186601763492614,0.11348848434290748,0.0888272415000117,1.5625e-05,,,,,,,,,
3369,-0.1616348290704337,1.2391397791114058,0.06970467871974598,1.7596316475147007,0.02632263369666092,0.3743491348706581,0.00041630668743326734,0.03485233935987299,0.16543493214184965,0.10870800878894459,0.08637525248016811,1.5625e-05,,,,,,,,,
3370,-0.12749435840670575,1.2092662798747076,0.07508127753958893,1.75374943325628,0.026906977637664413,0.37661779525589,0.0003872195142843466,0.037540638769794465,0.13131948668750987,0.10979990872777146,0.08836343663014734,1.5625e-05,,,,,,,,,
3371,-0.11860548450374228,1.2067940316913681,0.06273231971915019,1.7706053062099265,0.027513113592869502,0.3961105958892907,0.0003411239600493185,0.031366159859575096,0.12261907391515733,0.1111712199006373,0.08688911130870067,1.5625e-05,,,,,,,,,
3372,-0.2629640844980595,1.3747793163219995,0.061244560958110345,1.7688792212335673,0.024801153386501813,0.32948788032352727,0.000322462136533035,0.030622280479055172,0.26631049899535153,0.10506688441766458,0.08589471162285456,1.5625e-05,,,,,,,,,
3373,-0.23205054723882534,1.3306223907499102,0.06432577003616906,1.7620405257094314,0.02618834573647416,0.37935940423059145,0.00037892169735756666,0.03216288501808453,0.23589771378837998,0.1088625062169106,0.08483974897705449,1.5625e-05,,,,,,,,,
3374,-0.16192370102316955,1.2526422833914292,0.05737074091599369,1.7779454470623803,0.026771703828227914,0.38067203562469154,0.00032973883333033594,0.028685370457996844,0.16578018359267838,0.10942224252502003,0.08555085121333277,1.5625e-05,,,,,,,,,
3375,-0.1750272849589795,1.26551982409975,0.05822604969315723,1.7741675727531279,0.026676798972455004,0.3704138098401785,0.00032752725906049103,0.029113024846578614,0.178781553030546,0.10930758140462246,0.08635002000312023,1.5625e-05,,,,,,,,,
3376,-0.07027014916306076,1.16239266022685,0.07148252379276285,1.7567484368692161,0.026820191642921862,0.4218083403479582,0.00039023079964013295,0.035741261896381424,0.07454544362080182,0.10910783614736413,0.0856308289787136,1.5625e-05,,,,,,,,,
3377,-0.21769795424706495,1.3186426525191461,0.05121598991050167,1.79829071920499,0.024344901635892507,0.3229334916645521,0.00026066241195752445,0.025607994955250835,0.22097348668997735,0.10358827388042359,0.08495150731836673,1.5625e-05,,,,,,,,,
3378,-0.22420805344288958,1.3506209685696375,0.06255547281983967,1.7708881616996686,0.025591661799422082,0.3459789663356775,0.0003499890617146449,0.03127773640991984,0.2277203296148904,0.10675265315745347,0.08686121682548795,1.5625e-05,,,,,,,,,
3379,-0.13808507391785582,1.2286141072132102,0.059787440487895416,1.7807700352272824,0.025470050301740745,0.36193602175250095,0.0002999348983989323,0.029893720243947708,0.14175513490496106,0.1054122350668189,0.08604419591191198,1.5625e-05,,,,,,,,,
3380,-0.21208926094957545,1.3034470512594072,0.05391318861238924,1.790038722776511,0.025890265159790406,0.33103183670685316,0.0002995289548161285,0.02695659430619462,0.2154474315877261,0.10738320898281391,0.08750783588989508,1.5625e-05,,,,,,,,,
3381,-0.1881557289447821,1.2753348387874839,0.05550336486545986,1.781287556699002,0.02647637987355878,0.38276576133423856,0.00031310589172205854,0.027751682432729935,0.19203208217504145,0.10910760648782059,0.08508368826457682,1.5625e-05,,,,,,,,,
3382,-0.1815043350600457,1.2882284888894224,0.07572777053939767,1.723752748546128,0.028342027714030785,0.4173794960225712,0.00043827331982403204,0.03786388526969883,0.1857376141662248,0.1141929023673788,0.08869454943611217,1.5625e-05,,,,,,,,,
3383,-0.16456538203869467,1.2508444187196384,0.05529730372021657,1.7927245898041324,0.026078704426122215,0.37933487036605174,0.00030105859059362364,0.027648651860108286,0.16840731722601926,0.1071354751313906,0.08543209457941497,1.5625e-05,,,,,,,,,
3384,-0.17611390131257199,1.2743976012886353,0.07220754776725968,1.741300477068093,0.026021783273426982,0.39317932046605264,0.00040302109202192197,0.03610377388362984,0.18010324150680704,0.10833477432046235,0.08591443307059735,1.5625e-05,,,,,,,,,
3385,-0.20601853421906513,1.3283147664494948,0.0600194851166075,1.7778625639442387,0.025148910004767128,0.3714827064836698,0.00035283021184485865,0.03000974255830375,0.209784677954218,0.1058423974245989,0.08432671015727083,1.5625e-05,,,,,,,,,
3386,0.009408260791791597,1.0977626492200818,0.0986051114715318,1.7034142126303622,0.027966917167381054,0.4850306496403798,0.0005992038770479839,0.0493025557357659,-0.004485625558755257,0.11150243003490587,0.08835866221789346,1.5625e-05,,,,,,,,,
3387,-0.24210092987565113,1.3393241152164606,0.04758536639582593,1.803815450828039,0.025121974718773886,0.33448630063457163,0.0002889902592479213,0.023792683197912966,0.24549051362229554,0.1061994975336027,0.08370959080111262,1.5625e-05,,,,,,,,,
3388,-0.16449931851719068,1.260358289494117,0.06789613726509652,1.7525605868000345,0.026707032271951755,0.3972660192294388,0.0003397671052183327,0.03394806863254826,0.1685268500550378,0.10931026396045793,0.08590298948784844,1.5625e-05,,,,,,,,,
3389,-0.05556384654749463,1.1156039027524636,0.07989300417880568,1.7234278704632708,0.029849857025722154,0.48035028372410793,0.0004705674849267589,0.03994650208940284,0.060429235840379014,0.11705283794599808,0.0874375028539569,1.5625e-05,,,,,,,,,
3390,-0.16162816805201596,1.2494422305371664,0.059871994457194155,1.7801555991050892,0.025887773021112153,0.36087900549376206,0.0003112632008834873,0.029935997228597078,0.16528780829218204,0.10689015782815865,0.08571465989691747,1.5625e-05,,,,,,,,,
3391,-0.219933020971896,1.3428840127214376,0.058892040678509595,1.7798845654154016,0.024530823770359093,0.33848120491634126,0.0003132083870328575,0.029446020339254798,0.2233682099709231,0.10415563310294686,0.08435405151743965,1.5625e-05,,,,,,,,,
3392,-0.3691244068214796,1.5001586862580982,0.03925813642288789,1.812451258874007,0.024262773370744017,0.28578781830240085,0.0002001303756193362,0.019629068211443945,0.37202203988905996,0.10445351652220317,0.08410896832458364,1.5625e-05,,,,,,,,,
3393,-0.1253099451199312,1.2059028786331791,0.07174501570501976,1.7512902109725723,0.02631022169130694,0.3841455814751211,0.00039104453839146596,0.03587250785250988,0.12920869679002858,0.10859692049474773,0.08681278819533958,1.5625e-05,,,,,,,,,
3394,-0.20151659364247038,1.3179430230112015,0.07645032273520741,1.7349843516765286,0.026587500106092267,0.3811453120376934,0.000422484310860378,0.038225161367603705,0.20538784661084028,0.10937816888164495,0.08813717120257433,1.5625e-05,,,,,,,,,
3395,-0.11994475142275357,1.1978039734633998,0.059502796617011744,1.7704739066465347,0.02625119043522149,0.3830578648677675,0.00032221049929184265,0.029751398308505872,0.12382600831379917,0.1082582786657706,0.08537723029605122,1.5625e-05,,,,,,,,,
3396,-0.15915707625411357,1.2361196634876204,0.05972644834029143,1.7740142695573944,0.026705752933107684,0.37077988508092313,0.00034205737990140774,0.029863224170145714,0.1629158990455875,0.10948193369337716,0.08661169146924036,1.5625e-05,,,,,,,,,
3397,-0.14230746845881576,1.2220048165817603,0.05744888634900298,1.7913658843963223,0.023549992490925147,0.3309976300902795,0.00029819810295816706,0.02872444317450149,0.1456670648427666,0.10129336725880833,0.08410225946377567,1.5625e-05,,,,,,,,,
3398,-0.20095231496008858,1.3030674497225188,0.05678664805353792,1.7927785743534366,0.023701848284801624,0.31153247300294074,0.00029407728345564655,0.02839332402676896,0.20411690157272286,0.10192980939134211,0.08501989525591547,1.5625e-05,,,,,,,,,
3399,-0.12104521686638184,1.1914244825049058,0.05940662997337315,1.7916736092933263,0.02456045299886764,0.3502099063295721,0.00032995274374122757,0.029703314986686574,0.12459823550819459,0.10360164953443696,0.08498951996513043,1.5625e-05,,,,,,,,,
3400,-0.1528065701002279,1.2412002981984829,0.0602490222367549,1.776779510022663,0.0262428402718895,0.3896700185536082,0.000341514088440513,0.03012451111837745,0.156754577732867,0.10786598443627504,0.08417239994984345,1.5625e-05,-0.16661762153843315,1.2826483478871364,0.17093990437195444,0.07218776023171582,1.7404021375386223,0.028008381152260876,0.42649173081278485,0.00038676239021961695,0.036093880115857915
3401,-0.0864395098552615,1.1853588157870516,0.0810095806775475,1.7114483956907987,0.02925200296830098,0.4779860499590659,0.0004617144583110211,0.040504790338773744,0.09128160677373096,0.11533427508027658,0.08806933747059324,1.5625e-05,,,,,,,,,
3402,-0.2514321563971905,1.3747783718970996,0.06473943974895201,1.7586452195811915,0.027227268245850582,0.38860368818330393,0.0003514568103366617,0.032369719874476004,0.2553716640191972,0.11140336829391179,0.08699081614693727,1.5625e-05,,,,,,,,,
3403,-0.23943402375356454,1.3772825143945342,0.05651124302213418,1.791750438735693,0.02401340281095487,0.3269144705527043,0.00028421872028770224,0.02825562151106709,0.24275218377219288,0.10244760729008957,0.08442321706186408,1.5625e-05,,,,,,,,,
3404,-0.07718882354236825,1.1278886477680137,0.07456488187976557,1.7383417608895242,0.028188399276115533,0.4308064836872756,0.00044432077715042794,0.03728244093988278,0.08155599744556129,0.11328465158385179,0.0887446874575683,1.5625e-05,,,,,,,,,
3405,-0.12929442365746774,1.2717475631391773,0.05592427971866476,1.7941957769686656,0.02559738700360528,0.38311884350431735,0.00032465386975993773,0.02796213985933238,0.1331747627288375,0.10538741605872493,0.08410327371558658,1.5625e-05,,,,,,,,,
3406,-0.22618749141369643,1.3241680142843029,0.06338796189948269,1.7573661057308692,0.02739926933800256,0.39664388766988634,0.00034561424363290297,0.031693980949741345,0.23020665407483867,0.1114177322410749,0.0855396879407034,1.5625e-05,,,,,,,,,
3407,-0.08876626300103851,1.200152806464279,0.08167676128904364,1.7394884756204463,0.027301263238019933,0.4139394883616766,0.0004606605067813409,0.04083838064452182,0.09296849775512382,0.10982067576949861,0.08921403701130012,1.5625e-05,,,,,,,,,
3408,-0.1868736550756667,1.2702711690472452,0.07190388708496788,1.7375308185416065,0.02814073655867139,0.40831483030895643,0.00038095262756185415,0.03595194354248394,0.1910139401567598,0.11302446560225467,0.08763440937052057,1.5625e-05,,,,,,,,,
3409,-0.2168169068385679,1.3599066391408041,0.07538676583463086,1.7384348939950838,0.028038211277531214,0.40847230000316903,0.00040510628093538484,0.03769338291731543,0.2209607586332662,0.11283737683538227,0.08901788059903283,1.5625e-05,,,,,,,,,
3410,-0.1576774694120303,1.2561997017334596,0.06114090193021142,1.7602770635542333,0.02768635763113972,0.4052198737362165,0.0003050171670285054,0.030570450965105706,0.1617808915426634,0.11187610006625107,0.08707675019330394,1.5625e-05,,,,,,,,,
3411,-0.14341533127532477,1.203709050798385,0.07935614084118459,1.7282461412447068,0.02855387026789727,0.4077815316496096,0.00048718896906671614,0.03967807042059229,0.14755497901334458,0.11450869925018342,0.08929623403976752,1.5625e-05,,,,,,,,,
3412,-0.15472255976828161,1.2453273723678637,0.07086189375468643,1.749654890794936,0.02738645275350507,0.42282746598071297,0.00038663362736008646,0.03543094687734322,0.15900762826014764,0.11044672150041149,0.08733568024667754,1.5625e-05,,,,,,,,,
3413,-0.12333932290080714,1.208259536807819,0.07126884121400841,1.7519054228088096,0.026049145778902133,0.3734709206038557,0.00037946676399381625,0.03563442060700421,0.12713098024932074,0.10788837029012607,0.0867968010484716,1.5625e-05,,,,,,,,,
3414,-0.3069358136555184,1.4380875157026738,0.04419081987671966,1.805348389581526,0.024701497978885198,0.3235959557958454,0.0002492419372588726,0.02209540993835983,0.31021441452668364,0.1051362995263883,0.08404577556485177,1.5625e-05,,,,,,,,,
3415,-0.2638865398830239,1.4003732821273804,0.06213572224383178,1.7525659481426508,0.02741147151754515,0.37963573441076587,0.00033826038411056806,0.031067861121915882,0.267734873351576,0.11197672892395079,0.08751106862663634,1.5625e-05,,,,,,,,,
3416,-0.2195764169069957,1.3027437634298655,0.050505228246167655,1.8051872219644618,0.023828713965448386,0.3026972046141533,0.00029008655214264785,0.025252614123083827,0.22264959430500136,0.10225920946091294,0.08542535849641653,1.5625e-05,,,,,,,,,
3417,-0.17490226455170826,1.2734287649149607,0.056789426036540226,1.7773253664499191,0.026538106653574638,0.35655726872873744,0.0003251271762153815,0.028394713018270117,0.1785172564774406,0.10892351563329347,0.08711971708357902,1.5625e-05,,,,,,,,,
3418,-0.21946011527612508,1.2953433578352573,0.07429432686230276,1.7432997719525245,0.02693811761954975,0.3662644023065272,0.0004163659262944262,0.03714716343115138,0.223181503119604,0.11047329321833796,0.08960744563527297,1.5625e-05,,,,,,,,,
3419,-0.328707334643467,1.4810706839509242,0.07709811702166713,1.7138005306432962,0.02811437711323634,0.3856123903605908,0.0004102634909774803,0.03854905851083357,0.3326232482458,0.11412057577823195,0.0893596322181957,1.5625e-05,,,,,,,,,
3420,-0.07500285057110304,1.1648039674428732,0.07406789552194293,1.7479607712853955,0.027351088594919394,0.4339286404145668,0.000387288787589468,0.037033947760971464,0.07940052341859843,0.11068670191892027,0.08578290968586044,1.5625e-05,,,,,,,,,
3421,-0.1292158424814167,1.1921367718236542,0.06388748841784789,1.7791986978811276,0.024952880098069213,0.34556698708048716,0.00037342464829800536,0.031943744208923944,0.13272498232989227,0.10467514880996884,0.08656814461111091,1.5625e-05,,,,,,,,,
3422,-0.14802443517224495,1.2304592611741765,0.06023412269047604,1.7756883838212372,0.025278528310845247,0.37398482944888134,0.00034507117324179923,0.030117061345238016,0.1518156081236496,0.10582906127289662,0.0851293883179706,1.5625e-05,,,,,,,,,
3423,-0.29625865366294196,1.4954643787556234,0.06470036839514177,1.7487255529634094,0.02701177730482194,0.3868439527142604,0.0003417625365993158,0.03235018419757089,0.3001803482551777,0.11088604156162521,0.08604621934593475,1.5625e-05,,,,,,,,,
3424,-0.2579845027503888,1.40750700464142,0.05196555900520858,1.7858159440164774,0.025321690224536758,0.33835988370174763,0.00028681355805223465,0.02598277950260429,0.26141481066192956,0.10630555822142596,0.08513453895259224,1.5625e-05,,,,,,,,,
3425,-0.24597640253714528,1.3780016409025873,0.056008658657358476,1.7865149216863982,0.024373436683171663,0.34873408380501647,0.00030345473691502085,0.028004329328679238,0.2495126474011101,0.10357792670453037,0.08422701861004683,1.5625e-05,,,,,,,,,
3426,-0.26039176799785146,1.3704269106489786,0.060596630584620115,1.7521669038174577,0.027184343805800638,0.41623063542398886,0.00035144135036076283,0.030298315292310057,0.26460540874992544,0.11093172982111471,0.08411657293692144,1.5625e-05,,,,,,,,,
3427,-0.1710288523052656,1.271110875176473,0.048764545728294556,1.8180075195704526,0.023697816854247936,0.3227390079139496,0.000274258554122544,0.024382272864147278,0.17430154731800615,0.10121452230707365,0.0842790777349201,1.5625e-05,,,,,,,,,
3428,-0.1631135083464461,1.2448786622758603,0.06335272483081919,1.7775862205082094,0.02547464930258546,0.36215584063718237,0.0003632641278143523,0.031676362415409595,0.16678815161871657,0.10611286736233153,0.08632226212438221,1.5625e-05,,,,,,,,,
3429,-0.2545922838231749,1.3904897330731663,0.05361581769453508,1.7884761727108272,0.024540771878790456,0.3224503268606316,0.00028673747844519353,0.026807908847267536,0.25786434713714007,0.10452102764197937,0.08429170801664118,1.5625e-05,,,,,,,,,
3430,-0.1393805376936823,1.251688746212759,0.07173877497709281,1.7563436803578683,0.026403320143824675,0.3687345875304682,0.0003967994540579275,0.03586938748854641,0.14312528438781968,0.1078611153817845,0.08888406647584757,1.5625e-05,,,,,,,,,
3431,-0.1681395154250372,1.253395128513704,0.06431248004806375,1.7733251646826118,0.024682928662155646,0.36056959841364306,0.00035468478647872044,0.032156240024031876,0.1717986477487093,0.10401707595326778,0.08523334522672453,1.5625e-05,,,,,,,,,
3432,-0.09035193808112485,1.17809035864257,0.06888189112158752,1.7580973377450726,0.02779370323315508,0.4141436877268919,0.000389750814354306,0.03444094556079376,0.09454929438547555,0.11129723785055382,0.08809566233257946,1.5625e-05,,,,,,,,,
3433,-0.15206547888546879,1.2348546069428665,0.04994436124490072,1.8031501886940517,0.025500863161039243,0.3450557566248389,0.0002660293003224535,0.02497218062245036,0.1555617004272298,0.10596267768037054,0.08534650681135947,1.5625e-05,,,,,,,,,
3434,-0.08008901427987462,1.1556289840370146,0.07601419514119777,1.738398354760816,0.02784972077512375,0.4273845112934329,0.00042266252665945034,0.038007097570598884,0.08442247709919376,0.11165547115137234,0.08690685115707653,1.5625e-05,,,,,,,,,
3435,-0.1663003886737473,1.2689075358245896,0.060575677419577735,1.7643620370250672,0.02720564829557301,0.40656012546026865,0.0003261571394604643,0.030287838709788868,0.1704171829588247,0.11073906714172307,0.08617565919661577,1.5625e-05,,,,,,,,,
3436,-0.2585906438496278,1.3696410925045845,0.049960551635156975,1.798224925294519,0.02439882603352765,0.33914595843412043,0.00026467139304162004,0.024980275817578487,0.26202771267297,0.10393475432914781,0.08312159182311973,1.5625e-05,,,,,,,,,
3437,-0.2101940940579889,1.29684735911193,0.045344799538649685,1.808711383652937,0.025875288967875033,0.3431814003615114,0.00022831759444682205,0.022672399769324843,0.21366895075115427,0.10716911027202708,0.0857822879275249,1.5625e-05,,,,,,,,,
3438,-0.1299707984751935,1.2227762552081605,0.06695851723873161,1.7596600344036024,0.027215423938091177,0.38475895504960733,0.00036434587959125885,0.033479258619365806,0.13387310734344887,0.11075453904865369,0.08792071412385084,1.5625e-05,,,,,,,,,
3439,-0.2821165473824836,1.4304708150949443,0.05664551287014173,1.780377781086711,0.02570793100768726,0.34995831286104007,0.00029946662072091734,0.028322756435070866,0.28566525171154716,0.10691003139822156,0.08538083730151243,1.5625e-05,,,,,,,,,
3440,-0.13523612279250669,1.22770193032608,0.06850044088175093,1.7648433254182252,0.026397837512295103,0.394503876441013,0.0003568442390338202,0.03425022044087546,0.1392366286530022,0.10809416625521326,0.08631343289684205,1.5625e-05,,,,,,,,,
3441,-0.20365029276792618,1.2930977606480574,0.04483202496202555,1.8228406261480454,0.022827403437790515,0.27991128073028126,0.0002465011652064641,0.022416012481012774,0.20649251500562354,0.09967213110243053,0.0838628928378378,1.5625e-05,,,,,,,,,
3442,-0.17170379613929776,1.2464647338516484,0.056739030357671624,1.7923591937380858,0.02452191863303616,0.3411462837928173,0.0002907235343683341,0.028369515178835812,0.17516445931968583,0.10397964171967783,0.08414523951142047,1.5625e-05,,,,,,,,,
3443,-0.09576610433101512,1.192780686726711,0.0766199836127848,1.7371231647091596,0.02833121761649468,0.4530579827404347,0.00045023498142965986,0.0383099918063924,0.10035686773168724,0.1130599767368987,0.08734809926057338,1.5625e-05,,,,,,,,,
3444,-0.13857399490573802,1.2069550228344057,0.0648710901570451,1.761582747700606,0.027167479331224327,0.3847387461909018,0.00038412335906862146,0.03243554507852255,0.14247527497379323,0.11025910715092764,0.0877925156849821,1.5625e-05,,,,,,,,,
3445,-0.17755758515337502,1.2869767363934135,0.06751132937850313,1.7653093706671206,0.02529293528696362,0.3748829993552162,0.0003833141056605628,0.03375566468925156,0.18136165704637972,0.10607448289881045,0.08528036100587738,1.5625e-05,,,,,,,,,
3446,-0.15208238139149244,1.2258450676507877,0.062198469716818985,1.765299133244228,0.02705677952610505,0.3821115052884495,0.00038157369868236225,0.031099234858409493,0.1559560644075546,0.11033793682110626,0.08722086174500224,1.5625e-05,,,,,,,,,
3447,-0.1618098178705339,1.2491000737551823,0.05230278477863633,1.8069132644593127,0.023384201612060736,0.3209876642838524,0.00028137775857261463,0.026151392389318164,0.16506672881599202,0.10085128778136862,0.08382468209233018,1.5625e-05,,,,,,,,,
3448,-0.15540119122167073,1.2326514162027433,0.07141958347251948,1.752501444653547,0.02643537460060628,0.4030566231451841,0.00038003945952549793,0.03570979173625974,0.1594887926539006,0.10858030253568919,0.08633210597620096,1.5625e-05,,,,,,,,,
3449,-0.24559426707678753,1.3492798019960488,0.052015183491276,1.7892128118949002,0.025565300539709276,0.3445257681773808,0.0002738245525265383,0.026007591745638,0.2490861627239512,0.10681254574357271,0.08552624525996202,1.5625e-05,,,,,,,,,
3450,-0.09599231546506456,1.1621870201141826,0.0708461751794618,1.7492487636405039,0.026997695008811995,0.40262564046248284,0.0004123374951271542,0.0354230875897309,0.10007561081986681,0.1100920728402553,0.08673528369685084,1.5625e-05,-0.16661658570684687,1.282767635106035,0.17089642320686182,0.072252127601335,1.741662334645405,0.027814025239420465,0.422242423344375,0.0003870579424070544,0.0361260638006675
3451,-0.1122510297827006,1.1849893786203307,0.07445650678850807,1.741237099340132,0.026586380839156865,0.4072304368681737,0.00042177845693174546,0.037228253394254035,0.1163821925603393,0.10920354102288735,0.08631041548028245,1.5625e-05,,,,,,,,,
3452,-0.1448245149439081,1.2573040396089146,0.06513071824587743,1.7704187354605185,0.026002221101940216,0.34893963913731024,0.00036281614690441535,0.03256535912293872,0.14836780904322777,0.10687628735335394,0.08868598598249886,1.5625e-05,,,,,,,,,
3453,-0.08489355768363968,1.176788433015224,0.07500463445600383,1.7309887585018293,0.028373553254227496,0.4552685346399195,0.000415304249723442,0.037502317228001916,0.08950520827734912,0.11344916551260273,0.08634006809346378,1.5625e-05,,,,,,,,,
3454,-0.23890980528107053,1.3592748931632603,0.05673900340177543,1.7709181402786927,0.026999757142883704,0.36538980205542904,0.0003239085368695573,0.028369501700887714,0.2426130210700972,0.1103293682706861,0.08723839343955289,1.5625e-05,,,,,,,,,
3455,-0.23568602819676848,1.3304992317569284,0.058319007890272175,1.7792837353977218,0.02615189962189919,0.35970503842825036,0.0003451171091771471,0.029159503945136087,0.23933348209344188,0.10848098547153352,0.08616847566308639,1.5625e-05,,,,,,,,,
3456,-0.20256322108471203,1.292860831989008,0.061541641902485233,1.7785998880268978,0.026109654239086975,0.3627382133342594,0.0003282585088528096,0.030770820951242613,0.20624244262297464,0.10806668599649638,0.08645667111558034,1.5625e-05,,,,,,,,,
3457,-0.13038227870481817,1.216677236142342,0.06758709560884377,1.7704860000257328,0.02566141419487726,0.36943203566955296,0.0003583237395121318,0.03379354780442188,0.1341316807067135,0.10608913749072185,0.08652704330400783,1.5625e-05,,,,,,,,,
3458,-0.1441186444535932,1.2363665255574925,0.08174956881184017,1.7243034905055588,0.028281175684039882,0.4500346351105039,0.0004709573205678574,0.04087478440592009,0.14868181819721488,0.11313046613711586,0.08745028914343901,1.5625e-05,,,,,,,,,
3459,0.002795938270378424,1.0506782037967657,0.08943604711419958,1.7065994339258177,0.02926876041963982,0.4750647732105027,0.0005059863684494364,0.04471802355709979,0.0020215533433074577,0.1154688574447402,0.08915738770104778,1.5625e-05,,,,,,,,,
3460,-0.19825838997405365,1.2830623388549682,0.06794676846636019,1.7591782455572123,0.02576353938116866,0.388459580856674,0.0003459603660260137,0.033973384233180096,0.20219801055296938,0.1077139213828523,0.0844651235730629,1.5625e-05,,,,,,,,,
3461,-0.10235938250378407,1.1910067843243954,0.07676472758170869,1.7343038212373887,0.027804107657350245,0.41337937703419964,0.00041271949328875476,0.03838236379085434,0.10655302887106219,0.11224965558750778,0.08740810711016217,1.5625e-05,,,,,,,,,
3462,-0.12961384242890467,1.2042410941407238,0.06968148979574294,1.7400731124126976,0.02861194387361352,0.4428999554098006,0.00039541985422930604,0.03484074489787147,0.13409903765756695,0.11448184301411277,0.08578187627647621,1.5625e-05,,,,,,,,,
3463,-0.08412687147634886,1.18415804398016,0.07321169914038722,1.7628833437152722,0.026168549375785423,0.3842183991439878,0.00038404727174735063,0.03660584957019361,0.08802713062351358,0.10760939744031825,0.08649943367868429,1.5625e-05,,,,,,,,,
3464,-0.1703890313794387,1.2660175082195786,0.06252747915398471,1.768012271237553,0.02726765570861199,0.4063605250982931,0.0003695583002864464,0.031263739576992355,0.17450527607571387,0.11070700790928653,0.0865647208681121,1.5625e-05,,,,,,,,,
3465,-0.20944030118954313,1.2897776628182567,0.047554097966669234,1.8112146630257555,0.025236918331590707,0.32431901233033344,0.00025516833865994,0.023777048983334617,0.21272793219184666,0.10567463329205555,0.08624981515517505,1.5625e-05,,,,,,,,,
3466,-0.1729345128938546,1.2434805496671797,0.05387864549347905,1.794707094080839,0.024420860638102213,0.31758013871048385,0.00031425226027672877,0.026939322746739523,0.17615834319724977,0.10352793999672899,0.08647921425171493,1.5625e-05,,,,,,,,,
3467,-0.1488827709118129,1.2433160623579869,0.05540888387792203,1.7833526078670379,0.02675064979122349,0.39159240814428214,0.00027985426584648383,0.027704441938961016,0.15284703150393186,0.10873315313354963,0.0854569590499518,1.5625e-05,,,,,,,,,
3468,-0.20602541527885185,1.2997222083957447,0.05377111499525156,1.7896610946297682,0.025741519869674923,0.35309957131732117,0.0002978239642985074,0.02688555749762578,0.20960417140011198,0.10711298079630815,0.08605641122203185,1.5625e-05,,,,,,,,,
3469,-0.19167560721655313,1.2663447870445905,0.06485503112090386,1.7634000514248895,0.026217494867408368,0.37167138129039984,0.0003694046373899196,0.03242751556045193,0.19544607659190572,0.10803129867906218,0.08669208775602993,1.5625e-05,,,,,,,,,
3470,-0.1357995346178894,1.2511878426211074,0.07387346880386966,1.7376736637669374,0.02780339214624739,0.4243423966370647,0.00044693733911456944,0.03693673440193483,0.14010174142869083,0.11188974172636576,0.0867576685879684,1.5625e-05,,,,,,,,,
3471,-0.16276021949367026,1.249965308253315,0.06468161465505054,1.7626935156435093,0.026631463844732688,0.4002355337229065,0.0003048465065652628,0.03234080732752528,0.16681559103844895,0.10914953613330908,0.08586630945666868,1.5625e-05,,,,,,,,,
3472,-0.09389260576925185,1.1981788459289104,0.07389928001392565,1.735491279173302,0.029390958337930605,0.47241783317517655,0.0003963187679362172,0.036949640006962825,0.09867505184148168,0.11516972126842911,0.08708386507586632,1.5625e-05,,,,,,,,,
3473,-0.15026885700563258,1.2509300659132285,0.08175121194803187,1.7206029411645012,0.027305608043838255,0.40683120155461394,0.0004837377099547264,0.04087560597401593,0.1544000880336639,0.11112706134008851,0.0891746593469345,1.5625e-05,,,,,,,,,
3474,-0.18439857642499924,1.290069036472466,0.06391987142326058,1.7756551409693162,0.025810636190409554,0.3585661760837604,0.00034849816413559117,0.03195993571163029,0.18803743965459951,0.10724122074840146,0.08594179328653215,1.5625e-05,,,,,,,,,
3475,-0.21904935165603778,1.3687049394133879,0.06007643840373341,1.784537271705765,0.024417533848968873,0.3305202854682249,0.00035157685837702575,0.030038219201866705,0.2224059538712227,0.10311599140217857,0.08654104876378851,1.5625e-05,,,,,,,,,
3476,-0.15613896515794787,1.249127973104133,0.05883189917968949,1.7837391573980843,0.02502300614616302,0.34509862515183776,0.0002992819239396821,0.029415949589844743,0.15964019756986947,0.1051594446040811,0.0857753601804569,1.5625e-05,,,,,,,,,
3477,-0.06645635038483866,1.1329735272852628,0.05703906332636849,1.8054381539711883,0.02385294126130849,0.3249950636715716,0.0002967952381292125,0.028519531663184244,0.06975584288713857,0.10168938577198622,0.08588790198275648,1.5625e-05,,,,,,,,,
3478,-0.24172430995590347,1.3899578167589655,0.06496016625111299,1.7592013993496192,0.025871510405447995,0.34839370627217586,0.00035430280857397364,0.032480083125556496,0.24526186214383,0.10755181694963518,0.08678193834485856,1.5625e-05,,,,,,,,,
3479,-0.14395895215580837,1.2705953270066885,0.0888728576098194,1.6935045426039963,0.029013756721519623,0.43465767673397404,0.00048675844084226813,0.04443642880490971,0.14837176798178747,0.1150113862867981,0.08912085043962789,1.5625e-05,,,,,,,,,
3480,-0.11708008870228254,1.2475251592592582,0.07475074974083148,1.7490015756006487,0.026385032509079212,0.4023600844208689,0.00041794959385888354,0.03737537487041574,0.12116273443305624,0.10779962409533772,0.08593297596543072,1.5625e-05,,,,,,,,,
3481,-0.08524847432892421,1.1693717979192355,0.07335858775789725,1.7474943720492992,0.02663528699533792,0.38834919630396925,0.00042389026922669905,0.036679293878948624,0.08919035943225562,0.10844656748645269,0.08781954458743405,1.5625e-05,,,,,,,,,
3482,-0.14225750838066553,1.2315056322210336,0.05403388987811864,1.8117597836236867,0.024013425550639525,0.3293305669095836,0.0002770860709715703,0.02701694493905932,0.14559871945324637,0.10231587793747746,0.08535071019743509,1.5625e-05,,,,,,,,,
3483,-0.24147908913478563,1.3618312116435025,0.057105162787549554,1.7909229367977657,0.02469948574716631,0.3280050642296396,0.00030231286863586544,0.028552581393774777,0.24480862471653014,0.10409775156957934,0.08572143724920572,1.5625e-05,,,,,,,,,
3484,-0.16120046846278974,1.2544949883449812,0.07447567960301908,1.7440035799095606,0.027190278795305965,0.3947122125273127,0.00039029762387755276,0.03723783980150955,0.16520617143990224,0.11009762118816019,0.08768176558748333,1.5625e-05,,,,,,,,,
3485,-0.15385516598927057,1.2385852217830036,0.062169423552577915,1.7758856060761787,0.025589164581221766,0.3769978035058388,0.00036582903766667536,0.031084711776288958,0.15767764588254268,0.10605187158024382,0.08551897588500146,1.5625e-05,,,,,,,,,
3486,-0.16576146650152523,1.2476802267729834,0.0630755790925269,1.7799382764512273,0.02589839896276811,0.34006986775465337,0.0003490831489068023,0.03153778954626345,0.16921499318287164,0.10726187278981877,0.08762361843886599,1.5625e-05,,,,,,,,,
3487,-0.04126668408102747,1.089347367957782,0.0656281557468593,1.7852804443069958,0.025608477322478167,0.3685306850575797,0.00037585261785890237,0.03281407787342965,0.04500641634009836,0.10518099263288587,0.08760448830524628,1.5625e-05,,,,,,,,,
3488,-0.12137232868121925,1.2229171024989245,0.06043518245103505,1.7881557104906791,0.025039676274884355,0.34787935568768025,0.0003313293821644583,0.030217591225517523,0.12490253468024812,0.10432200750003863,0.08595135408960866,1.5625e-05,,,,,,,,,
3489,-0.1630994125300776,1.2600982773391076,0.08721891345098605,1.7028041686032553,0.028122696613337793,0.43664033768870325,0.0005077971965918183,0.043609456725493025,0.16753153137734206,0.11315187629893872,0.08922684630411548,1.5625e-05,,,,,,,,,
3490,-0.2610621048144206,1.3717521734699973,0.056819719556174125,1.780838164388341,0.025103440061722156,0.31794138003966554,0.00028991246787869436,0.028409859778087063,0.264290635980918,0.10630999414011552,0.08750878107887239,1.5625e-05,,,,,,,,,
3491,-0.10862574046516936,1.1711568326646125,0.06918617013239789,1.7579148418931667,0.02663186876874553,0.3960723802787832,0.00037987571990718275,0.03459308506619894,0.11264243525864137,0.1089948249817818,0.08630244912249135,1.5625e-05,,,,,,,,,
3492,-0.18785159730213288,1.2726928383640042,0.08161451990522785,1.7182531283448113,0.027956462423786535,0.4228212230163482,0.0004862132732010108,0.040807259952613924,0.19214266145626446,0.11292491150290428,0.0884157413618398,1.5625e-05,,,,,,,,,
3493,-0.25228083765985815,1.3458351775978108,0.05159061740130401,1.7924657321752977,0.024517032911765997,0.3154502487743407,0.0002943235178338711,0.025795308700652,0.25548200334880233,0.10426089349455332,0.08502509302977279,1.5625e-05,,,,,,,,,
3494,-0.14210673663431064,1.231001747418211,0.07626189474019564,1.7404333836107984,0.026658630170028914,0.4008859998375622,0.00040356658096119344,0.03813094737009782,0.1461751675797021,0.10944447186605326,0.0870498948069397,1.5625e-05,,,,,,,,,
3495,-0.11601602051804784,1.175104858877206,0.07266327042974605,1.738717750438366,0.027682482094363366,0.4015373876285456,0.0004225298099464625,0.03633163521487302,0.12008933850515201,0.11150844469515295,0.08900074230292739,1.5625e-05,,,,,,,,,
3496,-0.2100056282276072,1.3005811078226208,0.06201639645827285,1.767993928439551,0.02488921882116944,0.3448904163768803,0.0003308542901640162,0.031008198229136426,0.2135065290717912,0.10471872394454247,0.08595157170900654,1.5625e-05,,,,,,,,,
3497,-0.21383960091322896,1.2842961144730822,0.06937411407221564,1.7364653684477038,0.027824876707596046,0.40239439464277993,0.0003994345907022687,0.03468705703610782,0.21791959091628438,0.11320419374721427,0.08661613791261473,1.5625e-05,,,,,,,,,
3498,-0.10792798278464752,1.2400923871403218,0.0698266019066182,1.7539380737332495,0.026440609005359716,0.40286735135199303,0.0003810176282948033,0.03491330095330909,0.11201291915614103,0.10786211955440544,0.08616101468082074,1.5625e-05,,,,,,,,,
3499,-0.16036703653761697,1.2811132146242163,0.07023435121680476,1.7507681611844799,0.026962410734250895,0.39343536700167725,0.000363617429711914,0.03511717560840238,0.16435765123915114,0.11033718631363607,0.08754585947050869,1.5625e-05,,,,,,,,,
3500,-0.18580650837841897,1.2785512466875653,0.07031273029698457,1.7585069378310259,0.0246988872894865,0.36746140610347733,0.0004192337155974263,0.03515636514849228,0.1895380562111365,0.10408638645257966,0.08470915823931897,7.8125e-06,-0.1666174967630937,1.2828304910352575,0.17085800406046248,0.07230350301064142,1.7426798262962584,0.0276398886168943,0.41830545870115715,0.000387416058894135,0.03615175150532071
3501,-0.11487378325555288,1.1667631659879794,0.05973396824942878,1.7887025347423071,0.024653083618210413,0.33693185748445986,0.0003412432217095387,0.02986698412471439,0.1182942682720867,0.10434017294386774,0.08636415853842705,7.8125e-06,,,,,,,,,
3502,-0.1520249780823433,1.2604839251278745,0.06712641750754325,1.7720575685543798,0.024915061008599165,0.3591102912680337,0.00035051520409178137,0.033563208753771626,0.15567086993150386,0.10472801179920779,0.08636027663135828,7.8125e-06,,,,,,,,,
3503,-0.175372462464849,1.2678569183934219,0.07213252620459171,1.7389027178350611,0.02766717428437683,0.4441525652385092,0.0003843043819038682,0.036066263102295854,0.1798712864513338,0.1119529453088067,0.0856101124923114,7.8125e-06,,,,,,,,,
3504,-0.1777202915759835,1.2719324393269074,0.07498905499447188,1.7379024470651387,0.027156104895597118,0.4015195956576941,0.0004134115333410465,0.03749452749723593,0.18179449519986174,0.11065604455336314,0.08757663403154618,7.8125e-06,,,,,,,,,
3505,-0.10659739813045982,1.195691827537496,0.06772322531215968,1.7615779277599701,0.02716349116010995,0.3886511070308885,0.00037871865882933343,0.03386161265607984,0.11053917377929066,0.11020727665522109,0.08788130157743564,7.8125e-06,,,,,,,,,
3506,-0.13997001703453754,1.2150530608690286,0.07247459565824932,1.741107644312997,0.027230562655215104,0.41122591642276574,0.00038283785090056227,0.03623729782912466,0.14413975295154646,0.1100989181298201,0.08726384988799776,7.8125e-06,,,,,,,,,
3507,-0.08642495963362284,1.154340429471421,0.06256036194565645,1.7762939516364586,0.02660186788134191,0.4069477561898396,0.0003534004521323353,0.031280180972828225,0.09054701432053175,0.10867678675548824,0.08672737520890904,7.8125e-06,,,,,,,,,
3508,-0.25732758211222906,1.3747440141547815,0.05480360510282772,1.7854702143962422,0.025379671046147932,0.3249385809497889,0.00031958400011333716,0.027401802551413855,0.2606254202664234,0.10621056344522709,0.08620410647068599,7.8125e-06,,,,,,,,,
3509,-0.10861764450958014,1.176395432986007,0.08265980927442712,1.7144919768796507,0.028854689928564832,0.46981625491766904,0.00048083818342191793,0.04132990463721356,0.11337909026499705,0.11439560412228526,0.08776256980608808,7.8125e-06,,,,,,,,,
3510,-0.1880456902735772,1.3098186811814887,0.06480059362337312,1.7623097848062081,0.026339504677862197,0.3892535089958188,0.0003517022390250434,0.03240029681168656,0.19199176578058538,0.10783968620480006,0.08571608359159592,7.8125e-06,,,,,,,,,
3511,-0.0627533632159529,1.159383750562978,0.06333384625554367,1.7739564128407976,0.02718350029997671,0.4202326738300276,0.00036392637801503007,0.031666923127771834,0.06700873570528951,0.10890309686164627,0.08616478096579949,7.8125e-06,,,,,,,,,
3512,-0.15795133680616114,1.2495875615947223,0.06823436597811577,1.7520374805669825,0.02618210214427947,0.39886369321591597,0.00037908777322675905,0.03411718298905789,0.16199540217384728,0.10816489164402765,0.085762244225852,7.8125e-06,,,,,,,,,
3513,-0.20908594249992002,1.3089203304222512,0.06960380155723295,1.7510622044044066,0.026226063859811515,0.35380816577406193,0.0003763936134839657,0.034801900778616474,0.21268010061661816,0.10768332024059493,0.08899012946173976,7.8125e-06,,,,,,,,,
3514,-0.21705203162457182,1.3143511108260442,0.06155668833443266,1.767892757191214,0.02611176872147313,0.3486787816830056,0.0003648013703511739,0.030778344167216327,0.22059092472684452,0.10795295031147378,0.08727468111105842,7.8125e-06,,,,,,,,,
3515,-0.1854966832865643,1.3171796759934402,0.07063256791782885,1.7460054637345943,0.02800903610970181,0.4128471688907241,0.0003639367010797043,0.035316283958914424,0.1896815706810786,0.11207824686402312,0.08795968726320524,7.8125e-06,,,,,,,,,
3516,-0.1789038967308136,1.2433354797430674,0.06199410033617062,1.7799818061035992,0.025839024659666605,0.36948638836592207,0.0003508998341442549,0.03099705016808531,0.1826510664810434,0.10656697743412445,0.08668811600980145,7.8125e-06,,,,,,,,,
3517,-0.14661988666733017,1.2153401139794664,0.06995119101095908,1.7561197021035242,0.02586475036454485,0.36976041721141245,0.00038373236227526054,0.03497559550547953,0.15037386495559354,0.10704402027144172,0.08782083888689932,7.8125e-06,,,,,,,,,
3518,-0.2044647584845693,1.3262892869679341,0.07576360786303563,1.7308682392951837,0.026992925448831525,0.3781576044930061,0.0004015833665886747,0.037881803931517806,0.20830554084948966,0.1108430874352396,0.08792470310333385,7.8125e-06,,,,,,,,,
3519,-0.19865160878789762,1.2934070094051102,0.06418264188360126,1.7673830975816431,0.025388402608262892,0.3657497054775747,0.00032544445718652603,0.03209132094180063,0.20236212543916288,0.10606182255896456,0.08519960329475235,7.8125e-06,,,,,,,,,
3520,-0.19701748611073192,1.3324461304694393,0.07842829881677243,1.7229231809439478,0.028160447419482114,0.4230599772132685,0.0004151149404877317,0.039214149408386224,0.2013086804134873,0.11323611392017642,0.0889496300764071,7.8125e-06,,,,,,,,,
3521,-0.16862129926113584,1.251004055797202,0.056892454203661236,1.7689353624746667,0.027450118253438544,0.40472240764898537,0.00032052634371355557,0.028446227101830618,0.17271786418178942,0.11118755811509884,0.0858292794182144,7.8125e-06,,,,,,,,,
3522,-0.18365058382981625,1.2630419981857581,0.055960672838960175,1.786447335044344,0.024739408872579964,0.3349149653902147,0.0003122213198756601,0.02798033641948009,0.18704870050668704,0.10472217739192399,0.08491318967870631,7.8125e-06,,,,,,,,,
3523,-0.16421336767687483,1.2729446482105367,0.0695006134976753,1.7568965732172792,0.0257115491787342,0.38881826145620846,0.00039383807172309706,0.03475030674883765,0.16815780794463514,0.10656603285146368,0.08538136287793546,7.8125e-06,,,,,,,,,
3524,-0.11455473021527449,1.189884884390906,0.05125369513148842,1.799140076514003,0.026991227171946693,0.3726239820426105,0.0002952850314062276,0.025626847565744213,0.11832754113434554,0.10999907115693247,0.08709508446368111,7.8125e-06,,,,,,,,,
3525,-0.19496303493051914,1.297275694524381,0.05902706414626287,1.7891733828910938,0.02592460484234803,0.3332826594040922,0.00036176661564536684,0.029513532073131437,0.19834688445661858,0.1072617573537294,0.08756667196764878,7.8125e-06,,,,,,,,,
3526,-0.07606489179427532,1.1280084325673645,0.06501679217991242,1.7625585721358534,0.027037229251540923,0.3970856617465548,0.00034547322081182033,0.03250839608995621,0.0800893371257603,0.1092207088833832,0.0874309938235987,7.8125e-06,,,,,,,,,
3527,-0.20050938760893489,1.2923873032164175,0.046828032282424964,1.8103532261481803,0.025252790649464976,0.3412692368715672,0.000249549532751939,0.023414016141212482,0.2039660930213808,0.10569481363414635,0.08553741675672301,7.8125e-06,,,,,,,,,
3528,-0.18140788019627738,1.2843656484431292,0.07685990849142522,1.7312168054204962,0.027720233885284908,0.42515316884835475,0.00040229021966263685,0.03842995424571261,0.18571917690925746,0.1118653388117685,0.08796592882471224,7.8125e-06,,,,,,,,,
3529,-0.23193554029381025,1.3424877439040226,0.061222525506904046,1.7661257191157507,0.026745093481621234,0.3781039865326191,0.0003418222505783248,0.030611262753452023,0.23576827090158683,0.1093899904779723,0.08691858194730984,7.8125e-06,,,,,,,,,
3530,-0.16174207502527332,1.2369964946812473,0.061262663884101426,1.7643487417828323,0.02729253659735635,0.39187880843899536,0.00033557263464974597,0.030631331942050713,0.16571249365536966,0.1106371245982182,0.08650198928092455,7.8125e-06,,,,,,,,,
3531,-0.19202018278482583,1.2922146348568881,0.0733832491464992,1.7407688050005503,0.02735508755323846,0.41170962572600256,0.00040914432056208497,0.0366916245732496,0.19619546979791472,0.11157339564906973,0.08653717929437088,7.8125e-06,,,,,,,,,
3532,-0.2366106905569289,1.3545879245428667,0.05371284964807581,1.782673176906652,0.026745372972493416,0.36623682216742426,0.00024669217496496587,0.026856424824037904,0.24032020885694588,0.10919793405294248,0.0864370589610525,7.8125e-06,,,,,,,,,
3533,-0.10002950177184688,1.211155018918971,0.07228110558213366,1.7520588921168865,0.026350495460925858,0.40380365693941983,0.0003844005965294596,0.03614055279106683,0.10412504348891863,0.10736015654920295,0.08643675240059187,7.8125e-06,,,,,,,,,
3534,-0.241166041167783,1.3416163385101063,0.06795210675007429,1.7455698944978155,0.02727887179735778,0.36599194221570797,0.0003554286720339243,0.03397605337503715,0.24488094662898044,0.11157801248585775,0.08834260171628003,7.8125e-06,,,,,,,,,
3535,-0.17677960583748847,1.2610471393331002,0.05817296700096811,1.786169212946119,0.023667345682134622,0.3375712264041606,0.0003252168746523374,0.029086483500484053,0.18020551844590657,0.10196724647966027,0.08384379447059916,7.8125e-06,,,,,,,,,
3536,-0.19744564020612723,1.2810475933460155,0.06621926822726258,1.7656374679460245,0.024808641130296377,0.3659234342451315,0.0003747474366972937,0.03310963411363129,0.20115938803173863,0.10484366885771415,0.08509460557912907,7.8125e-06,,,,,,,,,
3537,-0.15143657751529735,1.2385984308843325,0.06889499506307319,1.7526614970854362,0.026636962567502184,0.38264015069564783,0.0003784320620285991,0.03444749753153659,0.1553187374553765,0.10930270135016452,0.08758002697794665,7.8125e-06,,,,,,,,,
3538,-0.18097348998588958,1.275176316192936,0.04486095491649872,1.8232230339223052,0.022927464970754728,0.3045362531553143,0.00023889592443885138,0.02243047745824936,0.1840619041844846,0.0996765853649671,0.08346948396152509,7.8125e-06,,,,,,,,,
3539,-0.15802014965390962,1.2464539964960273,0.07662178418771848,1.7270296856094103,0.027605227522702745,0.3963133253621719,0.00041280577343387915,0.03831089209385924,0.1620429921542156,0.11161484422225348,0.0886782600338921,7.8125e-06,,,,,,,,,
3540,-0.05181996026658679,1.123049215788175,0.06462437171823393,1.772156221127462,0.024860359888147686,0.35970612778729094,0.0003254815173821292,0.032312185859116965,0.05547031010770391,0.10335307578449696,0.08673016912562748,7.8125e-06,,,,,,,,,
3541,-0.2666097910128006,1.3847701080777335,0.05514816290872188,1.7870207324045304,0.02437729593827377,0.3109322278251103,0.0003061215142545759,0.02757408145436094,0.2697676187949727,0.10404696010188219,0.08524981273806687,7.8125e-06,,,,,,,,,
3542,-0.17291847923711207,1.2975256312934675,0.07307927271610679,1.7469297635671848,0.027077614452944862,0.39450588956347676,0.0004174826005816417,0.03653963635805339,0.17692172189274638,0.11039520650674203,0.08702907033219343,7.8125e-06,,,,,,,,,
3543,-0.19084127601670994,1.3138669350774423,0.04992014380686735,1.8156360709841366,0.023383747536386498,0.3018827266177773,0.0002665506833916032,0.024960071903433675,0.1939058852223349,0.10013721429929387,0.08507001108784339,7.8125e-06,,,,,,,,,
3544,-0.13844185105770113,1.2477323937164078,0.06554761295540612,1.764209589065313,0.024739398708918975,0.3529247326360524,0.0003735944620285055,0.03277380647770307,0.14202525023105028,0.10369044437371572,0.08552404978424252,7.8125e-06,,,,,,,,,
3545,-0.07744350645692014,1.1507431331393851,0.06392765177188245,1.7822894912853882,0.025300705150733224,0.3699859399388778,0.0003866054783866662,0.031963825885941224,0.08119701863189159,0.1054863929654844,0.08520974357079804,7.8125e-06,,,,,,,,,
3546,-0.0767045214016611,1.1785754393650993,0.0792807965906202,1.7251011477924136,0.029054841658300655,0.46624674105896935,0.00044006405056296917,0.0396403982953101,0.08142828086252965,0.11432124284339681,0.08790516364229253,7.8125e-06,,,,,,,,,
3547,-0.07693451483169941,1.1433303220964026,0.08434706690341087,1.7216951414272705,0.02825279115079124,0.4375133506480616,0.000479968885080984,0.042173533451705436,0.0813738385118968,0.11245529387036801,0.08907531792245703,7.8125e-06,,,,,,,,,
3548,-0.1377202383533172,1.2497537117216646,0.06331427632367666,1.7714165519758336,0.025775325643519052,0.37424380073570285,0.0003322250305236046,0.03165713816183833,0.14151536991466107,0.10677447783435295,0.08566187500142582,7.8125e-06,,,,,,,,,
3549,-0.08421864127913346,1.2032807562162342,0.07445534462183055,1.7544048958581362,0.026194986908018754,0.4117828220332803,0.0004192205868162142,0.03722767231091527,0.08839543342660391,0.10669489364144018,0.08668917939523868,7.8125e-06,,,,,,,,,
3550,-0.14878839043984798,1.2446022110972144,0.06901484710931863,1.753955096589022,0.027648217080545514,0.4104471292234904,0.000395635988792209,0.034507423554659314,0.15294886506649139,0.11135748019840097,0.08667883520331329,7.8125e-06,-0.16663302995954113,1.2828510070020789,0.17089141640580985,0.07227186676482092,1.7424844640616202,0.027719136775838857,0.42009532940425764,0.0003872374203098721,0.03613593338241046
3551,-0.10138771256058914,1.1936375787268756,0.08952991169972671,1.681216772350015,0.03078798020339125,0.5084609745999202,0.0005176579060833183,0.044764955849863355,0.10653907600922255,0.1195335749421819,0.08897332595827767,7.8125e-06,,,,,,,,,
3552,-0.22325262752487082,1.3394001669315072,0.0699715019798538,1.7410804015695978,0.02678424882848284,0.403851901251902,0.00036853304602851747,0.0349857509899269,0.22734722842285576,0.11027868991866896,0.08648325739431734,7.8125e-06,,,,,,,,,
3553,-0.10735900882612186,1.188580940151663,0.06832667369375248,1.7572045133581171,0.026819979469125944,0.4144650757579225,0.00036967777265654324,0.03416333684687624,0.11155909174340811,0.10932294476619346,0.08587398675336932,7.8125e-06,,,,,,,,,
3554,-0.14053791469352817,1.1991920542545649,0.05079631577655203,1.805915050656733,0.024114747073860576,0.33550962844931714,0.0002620895224212372,0.025398157888276013,0.1439390891816404,0.1021801872477931,0.08361169848280195,7.8125e-06,,,,,,,,,
3555,-0.17856373726432478,1.261784507414346,0.045427862524665345,1.8122231549351153,0.0244526322010891,0.33484306486653503,0.0002369487911631034,0.022713931262332673,0.1819553735637134,0.10363922085426565,0.08417227111824166,7.8125e-06,,,,,,,,,
3556,-0.11508163559647724,1.1964692160152075,0.07772644519096927,1.7437393237508378,0.026405170833398578,0.4149726563492107,0.00044698124231053936,0.03886322259548464,0.11929213258822544,0.10808000890738827,0.08651149978940931,7.8125e-06,,,,,,,,,
3557,-0.19280791377497358,1.2874815516100888,0.05634965375385688,1.7827380587571866,0.024991877717358363,0.3461961122350241,0.00029860417405499557,0.028174826876928443,0.19631886314652888,0.10544839326642885,0.08512492865513134,7.8125e-06,,,,,,,,,
3558,-0.1855466266615481,1.3173810401664392,0.06525412044224625,1.7611288679863808,0.026753277032832087,0.40795261007504535,0.00037326593713960605,0.03262706022112312,0.18968012377057095,0.10942111830648038,0.08455286702200393,7.8125e-06,,,,,,,,,
3559,-0.20854700176183238,1.3437487215589523,0.07452735262044796,1.7428471164546833,0.02693179426645437,0.4001150162433538,0.00042606163914085313,0.03726367631022398,0.21260710468813215,0.10928149723828631,0.08785815506692427,7.8125e-06,,,,,,,,,
3560,-0.189023486098167,1.2614128070490827,0.06515250605232421,1.7578288747259454,0.026914877049488,0.37073070683152404,0.00037424944655399094,0.03257625302616211,0.19278469020272115,0.11011263753355588,0.08834357700442799,7.8125e-06,,,,,,,,,
3561,-0.05649580632181442,1.1335288445823597,0.09242636022744107,1.695647796187461,0.02820832954875324,0.4515633156392906,0.0005069929550875878,0.04621318011372053,0.0610796790658338,0.1118581751050536,0.08993076835748146,7.8125e-06,,,,,,,,,
3562,-0.05511155395429554,1.1242264970434994,0.09946899888754125,1.682952081412454,0.02971210182871943,0.4868605153588111,0.0005787430080445197,0.04973449944377062,0.06005251055822198,0.11613619706700859,0.08934317503021265,7.8125e-06,,,,,,,,,
3563,-0.06198222639538147,1.1375697957984099,0.06874176153529196,1.748344103237683,0.027878893513853538,0.4484581195842722,0.00037787392504663226,0.03437088076764598,0.06652244065227467,0.11177612544635092,0.08647402118577324,7.8125e-06,,,,,,,,,
3564,-0.18997451377007019,1.3008572684874213,0.07343491245115297,1.7449395984200273,0.0267532894704777,0.37318553437464164,0.0003759205257690152,0.036717456225576484,0.19376429517128407,0.10963143718457914,0.08835073146621136,7.8125e-06,,,,,,,,,
3565,-0.06967743865990808,1.1527365015920041,0.07124489103074774,1.7742391230956494,0.024371007741144153,0.3584146798926785,0.0003716533237218367,0.03562244551537387,0.07331866682881844,0.10244092414369521,0.08730543761293277,7.8125e-06,,,,,,,,,
3566,-0.20651873989964958,1.3004053528792794,0.052932370899445996,1.7873757488938007,0.026044809235540527,0.38309907777681984,0.00028796256895320584,0.026466185449722998,0.210396950246046,0.10781702858208397,0.08417924851284822,7.8125e-06,,,,,,,,,
3567,-0.14843921073177685,1.2264072746960593,0.06269164989320573,1.7738444485152869,0.025180938693378944,0.3513251201041867,0.00034990962668007673,0.03134582494660287,0.1520050452985173,0.10538404452816119,0.08746931859530144,7.8125e-06,,,,,,,,,
3568,-0.14445209202783785,1.2026809112975116,0.05651473871942479,1.8034217438083795,0.023021859913401742,0.3125194990586041,0.0003318660152995344,0.028257369359712396,0.1476268972653747,0.10014157968439301,0.08430259732824608,7.8125e-06,,,,,,,,,
3569,-0.09194135093003339,1.1706739273594626,0.07703284297974662,1.738699186568043,0.026655892286189618,0.38684232187782325,0.00044229226329519126,0.03851642148987331,0.09587010048480013,0.10890187673544681,0.08876672338267505,7.8125e-06,,,,,,,,,
3570,-0.09817814292392513,1.182228341906912,0.07593255511902822,1.7383897044639016,0.02820220900428006,0.4339302831213776,0.0004069101837054929,0.03796627755951411,0.10257686503158012,0.11278896218229664,0.08769964303571408,7.8125e-06,,,,,,,,,
3571,-0.141699428678504,1.2291475660378497,0.07144619271247349,1.7470705625449043,0.027051800447214842,0.4080360211402486,0.0004054447459218019,0.03572309635623674,0.14583703713934737,0.109610596359512,0.0866080056033293,7.8125e-06,,,,,,,,,
3572,-0.16337027948387,1.289080809568398,0.0687695882390699,1.757825562622859,0.026827803700048922,0.3951106731220463,0.0003658404427155036,0.03438479411953495,0.1673770076692634,0.10920693734196343,0.08662375339389988,7.8125e-06,,,,,,,,,
3573,-0.1334150309177133,1.1911492903494953,0.06966831544188526,1.7553119111554378,0.02705059564644845,0.3812329858651925,0.0004097181228649016,0.03483415772094262,0.13728384523442638,0.10989777561138156,0.08889856095287638,7.8125e-06,,,,,,,,,
3574,-0.1647389667842897,1.2573400297802184,0.07013144438659627,1.753065185783102,0.026426716221865355,0.36409968694927464,0.0004040064505010512,0.03506572219329814,0.16843660009233863,0.10842502577979538,0.08900927612526162,7.8125e-06,,,,,,,,,
3575,-0.11179592185668358,1.1966546504993636,0.08807409894062124,1.7109067042362092,0.02771499705804774,0.4301141130896541,0.00047937280707204867,0.04403704947031062,0.11616300283216349,0.11169774316815043,0.08776592888645937,7.8125e-06,,,,,,,,,
3576,-0.21921120194396962,1.3540610335638914,0.05573844138542759,1.7865315945537728,0.02381551272827901,0.32331510530902396,0.00031763930288067213,0.027869220692713796,0.2224932639267269,0.10239932142889165,0.08500933867479181,7.8125e-06,,,,,,,,,
3577,-0.06441101085556017,1.1407396601290123,0.0978773736597604,1.6846770290782276,0.029345017812671514,0.47851900558022703,0.0005276374397036815,0.0489386868298802,0.06926726274288011,0.11532083735779994,0.08900373435831116,7.8125e-06,,,,,,,,,
3578,-0.19975009313374825,1.2988952108370668,0.05309438705362955,1.7946044711102316,0.025112334324294376,0.3593948659365438,0.00028308502705119736,0.026547193526814776,0.20339136588162215,0.10496675091790725,0.08367403055514619,7.8125e-06,,,,,,,,,
3579,-0.12521121519328138,1.2255371902859218,0.07584217433463888,1.7387199166329312,0.027689335531374246,0.41567906301622215,0.0004136678660201404,0.03792108716731944,0.12942745078843743,0.11149135481786596,0.08780679302271133,7.8125e-06,,,,,,,,,
3580,-0.2278223116019659,1.4091460287002309,0.06987846684587504,1.753573547377787,0.026350172993430787,0.3449275472548752,0.00039058466317115766,0.03493923342293751,0.23132796789004306,0.10876672286384007,0.08979844278009246,7.8125e-06,,,,,,,,,
3581,-0.1159690109444817,1.1988871455471521,0.07627886614577473,1.7393686154680075,0.027627062343046554,0.3986101695141973,0.0004513311660820846,0.03813943307288736,0.12001515907051205,0.11114958327933414,0.08908860544998871,7.8125e-06,,,,,,,,,
3582,-0.2515899429980789,1.3777885958418699,0.05750767583555518,1.7792698938795721,0.026378556266297554,0.35061862103382474,0.0003092620737143269,0.02875383791777759,0.2551457683660109,0.10891740116334228,0.08684658203523628,7.8125e-06,,,,,,,,,
3583,-0.23529508487173412,1.3421726087085133,0.0641280723764027,1.7626619807584814,0.026175967752815648,0.37557671519578206,0.00036909912734034726,0.03206403618820135,0.23910423367096112,0.10767630341447224,0.0867249023579616,7.8125e-06,,,,,,,,,
3584,-0.25715877591728353,1.4705101278332968,0.062200915737140934,1.76232747692944,0.026594170949590414,0.3873533206734763,0.000322078344130195,0.031100457868570464,0.2610842536400975,0.10852826771213925,0.08574509596016237,7.8125e-06,,,,,,,,,
3585,-0.20542869081099982,1.3417614572593703,0.06838298956782914,1.7484798102015318,0.02761855824259505,0.42230090417650235,0.0004228208480444161,0.03419149478391457,0.20970760435413122,0.11090441623914815,0.08536300151498856,7.8125e-06,,,,,,,,,
3586,-0.13806062950569364,1.2474984723816291,0.07853193947462284,1.7300625430102032,0.028584112878900003,0.4254978592724642,0.00041954423080690657,0.03926596973731142,0.1423763701358938,0.11350088674052133,0.09004129217013385,7.8125e-06,,,,,,,,,
3587,-0.2116923473884783,1.3374423342765964,0.05473273671738591,1.7822280547573224,0.025724449800133636,0.3455887555200206,0.0003050893945641172,0.027366368358692956,0.2151964744865304,0.10675785219150752,0.08606656254400952,7.8125e-06,,,,,,,,,
3588,-0.1964736462571416,1.3408890847853125,0.07105932248192481,1.73444187631694,0.028745567727698155,0.43997135465369275,0.00040318963001117385,0.03552966124096241,0.20093026577998274,0.11405390795494205,0.08781578539828873,7.8125e-06,,,,,,,,,
3589,-0.1326886485555301,1.2132964219898947,0.06841378274102264,1.7531633250599172,0.026731723426274587,0.3765633523526605,0.0003630036419128097,0.034206891370511326,0.13650965064009696,0.10882292932036973,0.0870659556843629,7.8125e-06,,,,,,,,,
3590,-0.17764018105723253,1.2897120996435791,0.060613549787191155,1.7791974562162252,0.025632696593197703,0.3588902842026188,0.00032977308047651684,0.03030677489359558,0.18128048037951922,0.10616210579321207,0.08703251068155539,7.8125e-06,,,,,,,,,
3591,-0.08565392469244285,1.1900530608253161,0.08034692732091692,1.7320128581218905,0.027814964975517734,0.4314058158587065,0.00042890724070859376,0.04017346366045846,0.09002976551567868,0.11110879670496544,0.08860738647846844,7.8125e-06,,,,,,,,,
3592,-0.04298225989706271,1.0914398277233313,0.07019014344450861,1.7590697490142202,0.027678404786097028,0.41731250772327844,0.00037163996271675635,0.035095071722254303,0.04721178714313505,0.11093364926901428,0.08765352923442583,7.8125e-06,,,,,,,,,
3593,-0.0978922487208781,1.1622079706199289,0.05852817869673809,1.789569378358308,0.02613450660659978,0.35139244426299443,0.00031947011821166737,0.029264089348369042,0.10145652764782209,0.10720779362372981,0.08810408080464902,7.8125e-06,,,,,,,,,
3594,-0.09650199557932651,1.1475435836240073,0.060982262670215254,1.7754159537834298,0.02671074478008223,0.389162373442063,0.00034414411457167734,0.030491131335107634,0.10044530604576582,0.10835176109197776,0.08714718781694111,7.8125e-06,,,,,,,,,
3595,-0.18589133434241428,1.2821889596760976,0.06900736737419616,1.7435395658793738,0.027270698934714628,0.3936280335824663,0.0003785257435779797,0.03450368368709808,0.18988333901502064,0.11106918068217045,0.0869588165120083,7.8125e-06,,,,,,,,,
3596,-0.2711706504732726,1.3975980377659512,0.05941224936250039,1.7634569250753982,0.02644277005528624,0.37739308369611524,0.0003188492294269049,0.029706124681250196,0.27499511049646,0.10916645029864015,0.08503416364972759,7.8125e-06,,,,,,,,,
3597,-0.19704268280851467,1.2880357430605107,0.06686355901326294,1.745857465556571,0.02770155222539268,0.40386272182898053,0.0003917191492867149,0.03343177950663147,0.2011361175724595,0.11172504775409296,0.08651951427293446,7.8125e-06,,,,,,,,,
3598,-0.12790563172776975,1.2333168844714015,0.05862073198682691,1.7856726026882037,0.025553086900356944,0.3662120281443605,0.0002970992198313962,0.02931036599341345,0.131617890093432,0.10576419964858888,0.0852494484260958,7.8125e-06,,,,,,,,,
3599,-0.20986944842498184,1.3179585733413184,0.0695568912214774,1.7466477554663742,0.026821887256781446,0.3766476273552142,0.0003589101852813412,0.0347784456107387,0.21369175872355217,0.10962856450672039,0.08759512706484766,7.8125e-06,,,,,,,,,
3600,-0.2570469782622883,1.3658387797544498,0.05441170868402147,1.7841316081220637,0.02580797520803827,0.3585366562765504,0.00030623852773798555,0.027205854342010737,0.2606804543807544,0.10695691019371384,0.08539613864888727,7.8125e-06,-0.16664134849900952,1.2828516987951133,0.17090747622048394,0.0722598097544023,1.7423131803541572,0.02775203490959456,0.4208703084580093,0.00038716002135696687,0.03612990487720115
3601,-0.17322106669058007,1.2801921509887868,0.05948269316152715,1.77626266419889,0.02581587407623831,0.3742958042491008,0.0003295035008298113,0.02974134658076357,0.17701482374130212,0.10694831022580244,0.0858564761216324,7.8125e-06,,,,,,,,,
3602,-0.03500050918873507,1.1053768240277246,0.09857852242690972,1.6841659616117854,0.029565385901938763,0.49902178747091785,0.000543353036659112,0.04928926121345486,0.040062291514640413,0.11625705755552301,0.08854973088385616,7.8125e-06,,,,,,,,,
3603,-0.061910431118687506,1.1347959092642248,0.07479083775954032,1.762737605909257,0.026017634438687792,0.3889073580684469,0.00043780862428546233,0.03739541887977016,0.06585890558055368,0.10642052320065741,0.08705752326863272,7.8125e-06,,,,,,,,,
3604,-0.01407488799355447,1.080814123124609,0.096444371051367,1.6941165288327005,0.029380770522656845,0.45850872533143566,0.0005782285430872274,0.0482221855256835,0.01873092088311369,0.11472077734912342,0.09148250880784572,7.8125e-06,,,,,,,,,
3605,-0.10414046608756233,1.1998395059353872,0.07035024505786024,1.7561379824235863,0.02738150452846355,0.4172256173178139,0.0004085595576308734,0.03517512252893012,0.10836954435866991,0.110454078757174,0.08648665707018235,7.8125e-06,,,,,,,,,
3606,-0.08999581757255828,1.1597017640942875,0.0695553899217819,1.764266250825346,0.02600211357157577,0.3928032573757879,0.0003762233922189732,0.03477769496089095,0.09398003273770751,0.10655056023679854,0.08648314075889205,7.8125e-06,,,,,,,,,
3607,-0.09360538342263641,1.1632791219735297,0.05988981890967399,1.7891800803048281,0.02541108071894853,0.35337059314877506,0.00031673791035430397,0.029944909454836993,0.09719009344348559,0.10556316330907847,0.08621236906693626,7.8125e-06,,,,,,,,,
3608,-0.1188461666504449,1.211056576106352,0.0742386035267846,1.7532889185272111,0.02714477317295482,0.40350851428181256,0.00044587711479360834,0.0371193017633923,0.12294036275535963,0.11035055678442154,0.08800741976070728,7.8125e-06,,,,,,,,,
3609,-0.21845955565916528,1.3278973714195705,0.051178216134791316,1.7904538046492453,0.026100769232932485,0.3813813376835251,0.0002727933687568378,0.025589108067395658,0.22231959061580198,0.10754264333421512,0.08401235222954381,7.8125e-06,,,,,,,,,
3610,-0.11168175992864685,1.2136509619410099,0.07997305150770784,1.736786252165408,0.025909659753484235,0.41128712351960794,0.0004426962480133175,0.03998652575385392,0.11585641251459856,0.10673050126917885,0.08660034089110123,7.8125e-06,,,,,,,,,
3611,-0.18513705610777315,1.27768546910132,0.05592574114986082,1.8076210203273364,0.02302590604306111,0.28717960512764207,0.0003302971297558957,0.02796287057493041,0.18805819421112535,0.09995024468629576,0.08604707972998785,7.8125e-06,,,,,,,,,
3612,-0.12478203755151784,1.2696713679963274,0.08985492144383429,1.693424249706747,0.029149249925658052,0.502040861705427,0.0005016214306882631,0.044927460721917147,0.12986932408609797,0.1153284337310397,0.08548431319565648,7.8125e-06,,,,,,,,,
3613,-0.13668815696445086,1.1971756317520708,0.07061448455826057,1.7471142907449706,0.028257830030296895,0.40904853904995403,0.00042158919205543134,0.03530724227913028,0.1408356366320575,0.11312132990342143,0.08792842627401852,7.8125e-06,,,,,,,,,
3614,-0.13986425994710466,1.2292498130651544,0.059738146792200936,1.770448817605125,0.02628793604336907,0.3709529285713083,0.0003225230269481286,0.029869073396100468,0.14362458802465936,0.10824496805101164,0.08559864530484132,7.8125e-06,,,,,,,,,
3615,-0.057691210938286545,1.1563815852004924,0.0690578656313593,1.754095956487843,0.02844631756068558,0.4430044273110124,0.0003859011054240565,0.03452893281567965,0.06217718411483147,0.11232635660384255,0.08726883691716827,7.8125e-06,,,,,,,,,
3616,-0.26485797013053336,1.3910898585170153,0.061470258839678917,1.7796284723794054,0.024963398792225904,0.3418064817430332,0.00032230365295887774,0.030735129419839458,0.2683277893986369,0.10528437029784085,0.08592428590992002,7.8125e-06,,,,,,,,,
3617,-0.19222489069867071,1.3012954840933064,0.06127204758512792,1.7793531289921618,0.024110633752933493,0.3437146056393563,0.00034464025131968924,0.030636023792563964,0.19571391271265998,0.10276400995552099,0.08567610043765117,7.8125e-06,,,,,,,,,
3618,0.052265775047194714,1.0073349318995757,0.09666161946561888,1.6884776499474419,0.030664957885962064,0.5362549634124458,0.000584335616938576,0.04833080973280944,-0.04683216647066857,0.11840619235679159,0.08866708394769804,7.8125e-06,,,,,,,,,
3619,-0.18442671962041582,1.2860970046373865,0.07045268310692947,1.7507215406639411,0.027421647771732206,0.3845053157389091,0.0004101450276451716,0.035226341553464734,0.18832860778504143,0.11106528980647001,0.08914809427674034,7.8125e-06,,,,,,,,,
3620,-0.19106592910647696,1.2848439221764216,0.06995728247691918,1.752944261566755,0.025772169662432808,0.38154777723829014,0.0003851819216447269,0.03497864123845959,0.19493776678193045,0.10659328683021692,0.0865923648711962,7.8125e-06,,,,,,,,,
3621,-0.2710044020637427,1.4039269679562474,0.07267392124868621,1.733301886210842,0.027870866213148764,0.39230431854988995,0.00039223456734242357,0.036336960624343106,0.2749850375744015,0.11283769317756656,0.08903527748296411,7.8125e-06,,,,,,,,,
3622,-0.13119891789623647,1.2245504995497054,0.0708769563899988,1.7574891964113617,0.026387208757089387,0.391218567988904,0.00038515218965941105,0.035438478194999394,0.13516796846818122,0.1082668253980554,0.08706278670211778,7.8125e-06,,,,,,,,,
3623,-0.2368167801886907,1.326382527080241,0.06694721229859367,1.764013598265885,0.026228162068251605,0.3665399785956932,0.0003792316752865564,0.033473606149296835,0.2405370860335324,0.1082935670651415,0.08647972177984525,7.8125e-06,,,,,,,,,
3624,-0.2507909276555543,1.3831337561095025,0.06827309445142932,1.7504302738635662,0.026318513151769453,0.3511824366537274,0.00038350266054687217,0.03413654722571466,0.25435822789866147,0.10849240079593485,0.08859014346547432,7.8125e-06,,,,,,,,,
3625,-0.18195088859329386,1.2902776863528693,0.0667001131316588,1.7483927077112296,0.027315666683764728,0.4067353668803373,0.00036797918112164117,0.0333500565658294,0.18607275603755138,0.11105945703654811,0.08618397327266065,7.8125e-06,,,,,,,,,
3626,-0.18925589294704687,1.267250910650724,0.0558059160260206,1.7896309965090254,0.025068979381834444,0.3349489868468257,0.00030546100050403543,0.0279029580130103,0.1926542366934982,0.10534814780561035,0.08596310614418982,7.8125e-06,,,,,,,,,
3627,-0.18552132217744915,1.238190785652566,0.044051394880448624,1.815209775859279,0.02430536360465347,0.3439264071551093,0.000241316439784773,0.02202569744022431,0.1890031772085969,0.10345585751032119,0.08279111937981645,7.8125e-06,,,,,,,,,
3628,-0.2587599072071304,1.3998289855492705,0.050241138598808875,1.7895834430784903,0.025300762190950586,0.3394766794691417,0.00025518707496655703,0.025120569299404438,0.2622002422763016,0.10622985258509016,0.08485647222801343,7.8125e-06,,,,,,,,,
3629,-0.14966536078370762,1.229659972121539,0.06369826924207113,1.7635087621960093,0.02722851503150237,0.4024244275792036,0.0003505971242227904,0.031849134621035564,0.15374259525298495,0.11035684717957422,0.08614144551243119,7.8125e-06,,,,,,,,,
3630,-0.16080173416601634,1.2424397762824835,0.0669772913727347,1.763000736984719,0.026566990410153243,0.37836366628953516,0.00037205078276725316,0.03348864568636735,0.1646402099897956,0.10925121723582241,0.08599151553118074,7.8125e-06,,,,,,,,,
3631,-0.16279892121394723,1.2584456419086498,0.06264747589294997,1.785162060574292,0.0251512047139792,0.35900335672440326,0.000320249387904784,0.031323737946474986,0.16644133263362254,0.10465506877382855,0.08683561858124578,7.8125e-06,,,,,,,,,
3632,-0.1973667050827721,1.2859155836241234,0.07443911710465702,1.7201304640914135,0.029607499496483298,0.44677172676476884,0.00040857982615146566,0.03721955855232851,0.20189292901187456,0.11749179794903544,0.08888087455658326,7.8125e-06,,,,,,,,,
3633,-0.13828274984398575,1.2387441432375828,0.07541855863876741,1.7405101334598403,0.02646172593347936,0.3896223959170596,0.00043589999666538424,0.037709279319383705,0.14223844718377698,0.10872719581720505,0.08741245228716883,7.8125e-06,,,,,,,,,
3634,-0.12015055871509653,1.2055518717207958,0.06322552408281192,1.7690914056300056,0.026949860118238536,0.41441765370221006,0.0003802237563369198,0.03161276204140596,0.12434784116577971,0.10906827391101781,0.08540802309203949,7.8125e-06,,,,,,,,,
3635,-0.2279649945486442,1.3403089869087235,0.060465439261805046,1.7686700039880359,0.026684830138204798,0.39512381637922733,0.00033150336111984705,0.030232719630902526,0.2319674671657184,0.10948911172168584,0.08444262597340887,7.8125e-06,,,,,,,,,
3636,-0.18869835597560303,1.3081446709666416,0.05752769133115873,1.7795223141787817,0.025877492861579435,0.38125909449362727,0.00033007891086011783,0.02876384566557937,0.19256080677845527,0.10720397141386763,0.08503113853189366,7.8125e-06,,,,,,,,,
3637,-0.1061300354453397,1.1687267863022153,0.08370613039776764,1.7016051211954435,0.030806867899549877,0.48484726536762884,0.0004584446148776044,0.04185306519888382,0.11104196166157561,0.11938224408583586,0.0899754146482728,7.8125e-06,,,,,,,,,
3638,-0.10853980065072188,1.1908337254358616,0.06765170719632455,1.76085665509127,0.02673755094417367,0.39714873473686685,0.000380106927215844,0.03382585359816227,0.11256652348751178,0.10843636190255447,0.08652463741025339,7.8125e-06,,,,,,,,,
3639,-0.12239688730850853,1.2074592905389343,0.06691511383027071,1.7731496140326881,0.025587527949015445,0.3863819819862985,0.0003751162449397401,0.033457556915135356,0.12631564734387637,0.10599930212318603,0.08634475749388197,7.8125e-06,,,,,,,,,
3640,-0.051264050250754964,1.128646148131057,0.05933394640203567,1.8083106297744482,0.024468644356339816,0.3344895795385275,0.0002901252255811077,0.029666973201017834,0.0546595973778948,0.10256391624900994,0.08707742074819323,7.8125e-06,,,,,,,,,
3641,-0.18560947779086592,1.32582143132533,0.0682424121088435,1.7624297986537605,0.026527262126054392,0.3879148416220135,0.00037913255094853984,0.034121206054421746,0.18954416303663651,0.10867614028622873,0.08717775217816046,7.8125e-06,,,,,,,,,
3642,-0.21824341772127293,1.3404191465724828,0.05416879099315036,1.7893146272712932,0.024767242443372764,0.3265563709767293,0.0002920210780530917,0.027084395496575178,0.22155687918359002,0.10424174067105965,0.08609552132166531,7.8125e-06,,,,,,,,,
3643,-0.22087345490859223,1.3140389303161149,0.06330370266998736,1.768496203399922,0.026456482667859167,0.35309994974967907,0.0003544471261148218,0.03165185133499368,0.2244573356907191,0.10908665141132289,0.08750742605426788,7.8125e-06,,,,,,,,,
3644,-0.13496700816841206,1.2230901774085212,0.06883672595379285,1.750556294892582,0.02818570911382204,0.441851240442173,0.00039122379887284776,0.034418362976896426,0.13944135673674835,0.11177202126790978,0.08721023673013373,7.8125e-06,,,,,,,,,
3645,-0.17372667138538808,1.2518434905127336,0.07030811684197522,1.747961377830224,0.027080182374982553,0.4040850642253512,0.00036435716793754033,0.03515405842098761,0.17782379927152026,0.11031747399562392,0.0859601108035351,7.8125e-06,,,,,,,,,
3646,-0.1004075507290996,1.199549158572903,0.07371258933055248,1.7423352610526113,0.02764730480928773,0.44201886667866025,0.00040395032229997727,0.03685629466527624,0.10488605854638502,0.11070433537597851,0.08724748716317425,7.8125e-06,,,,,,,,,
3647,-0.21649078007353095,1.2976384273455817,0.06404230132730453,1.7611687467477635,0.025783569835865296,0.36936411561562743,0.0003552365666878905,0.03202115066365226,0.22023760643348525,0.10756679049185183,0.08581220731568182,7.8125e-06,,,,,,,,,
3648,-0.17244661798971278,1.3155980501841422,0.06617899394013986,1.7630062823951305,0.026639285932015352,0.41175160683731504,0.00036115505678200357,0.03308949697006993,0.17661846516844776,0.10865820147020022,0.08542475002049228,7.8125e-06,,,,,,,,,
3649,-0.19354726583782383,1.2957063224141991,0.08202569985813082,1.7084844158861798,0.029700610740754217,0.453876735099582,0.0004594030972229549,0.041012849929065426,0.1981487249138798,0.11733542723053098,0.08848916630264426,7.8125e-06,,,,,,,,,
3650,-0.18210473552839035,1.2806290013153183,0.05733226816414972,1.788241431191234,0.02507353411347057,0.3511533022873864,0.0002924956093325022,0.02866613408207486,0.18566574205575154,0.10476128238148742,0.08603660736037533,7.8125e-06,-0.16664406157091294,1.2828065778465887,0.17094636048476916,0.07220342746992633,1.7415337656093015,0.027911325976219273,0.424491382126332,0.0003868041201854553,0.03610171373496317
3651,-0.16507716267926809,1.2574208557230289,0.06818737738089532,1.7430520206170685,0.027993072690326734,0.4163403935293264,0.00035900918456765514,0.03409368869044766,0.16929568091530364,0.11223943113122536,0.0873464834789036,7.8125e-06,,,,,,,,,
3652,-0.14095704644872642,1.2508847685234266,0.06593180105741556,1.7582854033827902,0.026830419398313952,0.4010717101108161,0.0003698391726414846,0.03296590052870778,0.14502201069612353,0.10892786837273516,0.08640521248480044,7.8125e-06,,,,,,,,,
3653,-0.08179881614624639,1.2073917055762664,0.0778526931239505,1.7331459603271808,0.026801609386496283,0.4497549495776509,0.000439818247753278,0.03892634656197525,0.08635702163066566,0.10861957723818641,0.08593706425873981,7.8125e-06,,,,,,,,,
3654,-0.1177328913466654,1.247079802774767,0.07487338272339039,1.74264335767952,0.02625532124446498,0.39191251841175706,0.0004216774425852104,0.037436691361695196,0.1217110964301473,0.10764634521921147,0.0884148058371022,7.8125e-06,,,,,,,,,
3655,-0.27515098430751095,1.4491525629090407,0.07736916243841455,1.7123371407703307,0.029216771985832512,0.41682376760206635,0.0004079454170673618,0.03868458121920727,0.27937910939032917,0.11615090821205275,0.09029200923498457,7.8125e-06,,,,,,,,,
3656,-0.16823002822138777,1.2561116030611104,0.07011317087485193,1.747173503311894,0.027456122303819712,0.4271252522799923,0.00039085503824968734,0.03505658543742597,0.17255771761504077,0.11097719448233423,0.08628411360205451,7.8125e-06,,,,,,,,,
3657,-0.03313585510305353,1.0810940813566075,0.06932543771256491,1.7700609358344388,0.026370037719210097,0.40151528775149237,0.00034316917756161807,0.034662718856282464,0.03720680300055869,0.10755283960690712,0.08619800841492994,7.8125e-06,,,,,,,,,
3658,-0.31070714526256804,1.4266314340641735,0.04876897948858318,1.794262697565334,0.02459064811183312,0.3182248911691028,0.00025710673197318167,0.02438448974429159,0.3139342923582987,0.10480798856731952,0.0845053141825992,7.8125e-06,,,,,,,,,
3659,-0.20900561871095188,1.3191039379302705,0.06082932860044407,1.756064176074253,0.0285999678344092,0.40104464668534323,0.00031768179431325156,0.03041466430022204,0.2130672173018094,0.11448847272253856,0.08712791766522057,7.8125e-06,,,,,,,,,
3660,-0.1940937534523151,1.3072712427085371,0.07383273645386007,1.7415221056581767,0.02696165408992198,0.38040694431023453,0.0003966773738948147,0.036916368226930035,0.19795612125843995,0.10947781330458348,0.08819182580776855,7.8125e-06,,,,,,,,,
3661,-0.19037797692404432,1.2936879707473365,0.05531767701086362,1.7829609429445528,0.026067063935737773,0.37840006070709886,0.0003225095122203353,0.027658838505431806,0.19421069107417244,0.10749981051320501,0.08519829478629747,7.8125e-06,,,,,,,,,
3662,-0.2777450870462816,1.4081061874404155,0.052166134283311516,1.7958835801197555,0.025604678457250903,0.3484021396005662,0.00028153539824581834,0.026083067141655758,0.28127596569921254,0.10680622448910942,0.08574179040102325,7.8125e-06,,,,,,,,,
3663,-0.1545227741116944,1.2306943960170034,0.05343352350205063,1.796319361964267,0.025871836173752064,0.3727942027099499,0.000290948647851404,0.026716761751025317,0.15829830558064306,0.10648755449299456,0.08567425182223745,7.8125e-06,,,,,,,,,
3664,-0.17959828060061056,1.27686130484087,0.07035011013904194,1.7479294656495417,0.027128280006088776,0.3997559402226367,0.0003866499677120796,0.03517505506952097,0.18365236085224007,0.11094539428079933,0.08658557888607368,7.8125e-06,,,,,,,,,
3665,-0.18278079124489544,1.2837119591538435,0.06094044718173895,1.7707300418508993,0.026584124103968165,0.39916360152105024,0.00033028745846495493,0.030470223590869476,0.1868239076587,0.10884583796668518,0.08484068786504746,7.8125e-06,,,,,,,,,
3666,-0.21708682906207188,1.3247351620797265,0.07167761161494524,1.7367006800474487,0.02722198325339566,0.39001658142747087,0.0004102333764620257,0.03583880580747262,0.22104430302271916,0.11107027478172599,0.08751964722575421,7.8125e-06,,,,,,,,,
3667,-0.15235657878953304,1.2344395896227809,0.06349544482687638,1.7724875429688085,0.026317099343970637,0.36954837778058997,0.00037950687685352007,0.03174772241343819,0.15610533023395062,0.10800464265244913,0.08745016762969997,7.8125e-06,,,,,,,,,
3668,-0.22493655661389386,1.326583344884523,0.0566987889645377,1.7872373366491419,0.024472376816486122,0.3372895513300244,0.0002928017102505449,0.028349394482268857,0.22835860191214538,0.10380958096120246,0.08481997155798865,7.8125e-06,,,,,,,,,
3669,-0.0847614958541317,1.1761651246733453,0.07803144159537234,1.744195952369147,0.027272650750647495,0.42541471723757185,0.0004058445525906171,0.03901572079768617,0.0890761591523547,0.10975208780035826,0.08734928483641838,7.8125e-06,,,,,,,,,
3670,-0.04645587911883467,1.1479754841666558,0.07286352878134236,1.7520541137742467,0.025953322942648738,0.39381200089938057,0.00039797688850978265,0.03643176439067118,0.050451931202242,0.10596748651696389,0.08827520926960389,7.8125e-06,,,,,,,,,
3671,-0.17858628635010337,1.2482183209719775,0.07507666935804538,1.7426959744095252,0.026433565124270548,0.36871650599049505,0.000441135643491832,0.03753833467902269,0.18233282806086637,0.10904305552736278,0.08793265213346793,7.8125e-06,,,,,,,,,
3672,-0.14232470106341177,1.2136810055268508,0.05954894004218866,1.7659782313760441,0.02833161942147376,0.42777888085305016,0.00030398273449507756,0.029774470021094332,0.14665296395162206,0.11297355161197817,0.0871847104443151,7.8125e-06,,,,,,,,,
3673,-0.07266199336349836,1.162054489190071,0.07939216904998449,1.7345810495759184,0.02775907263240906,0.4364471737835613,0.0004500901749314921,0.039696084524992244,0.07708800789810405,0.1109492853857246,0.08720240279690031,7.8125e-06,,,,,,,,,
3674,-0.10028752096579716,1.1911245995517403,0.06047890439768265,1.7785883220579892,0.02512601298441116,0.3663773712533927,0.0003223169545182444,0.030239452198841325,0.10400254318329567,0.1052646654461814,0.084681083691769,7.8125e-06,,,,,,,,,
3675,-0.19402904592673126,1.3122084493072423,0.06608244590310566,1.7554962676703916,0.02696415456070758,0.37811187251142553,0.0003554066556338909,0.03304122295155283,0.19786431490403011,0.10977219623908177,0.08772780870461658,7.8125e-06,,,,,,,,,
3676,-0.1283221608241912,1.2107268754550033,0.06850441073990648,1.7464760529792052,0.027553842165888118,0.4298867947324806,0.00038870277795804666,0.03425220536995324,0.13267663276519534,0.11134750982297567,0.08490558594548253,7.8125e-06,,,,,,,,,
3677,-0.03031522658928336,1.0921865763107401,0.07560051431622404,1.75734197253331,0.027416965557667282,0.415946778765663,0.0004313311482503553,0.03780025715811202,0.034534381365305955,0.10946859277778886,0.08838863927242699,7.8125e-06,,,,,,,,,
3678,-0.12284023557465812,1.1981468063694078,0.07465576702006202,1.7304072650239704,0.02876984738411699,0.4268214644291092,0.00044628354020210945,0.03732788351003101,0.12716754501051153,0.11424697537683684,0.0886868760816255,7.8125e-06,,,,,,,,,
3679,-0.16330969977604565,1.2630809408503403,0.06983830414664657,1.7528232962156651,0.027960751883106545,0.43412022733452604,0.00035407729301285845,0.03491915207332329,0.16770689020735652,0.11219497892659208,0.08566233911272286,7.8125e-06,,,,,,,,,
3680,-0.16423944209474783,1.2879553090962608,0.0736514393839176,1.742326433999922,0.027415982744628677,0.40264538788929194,0.0004192879125001843,0.0368257196919588,0.16832433783679773,0.11117798334536722,0.08682890264135193,7.8125e-06,,,,,,,,,
3681,-0.025133721997598203,1.080971486946768,0.0765237060562392,1.7304465936959048,0.02985566602692967,0.47893758940317943,0.0004512301450333292,0.0382618530281196,0.029983176512045403,0.11596064777302001,0.08885551313877998,7.8125e-06,,,,,,,,,
3682,-0.08234143711815353,1.1266364277383965,0.08957573769052248,1.7137368850245762,0.028631250591136335,0.4482873641024069,0.0004789897938313268,0.04478786884526124,0.0868910258948114,0.113843631298371,0.08901256489464678,7.8125e-06,,,,,,,,,
3683,-0.050416319381232796,1.0963558304808037,0.06515260649614994,1.775831639172924,0.026489574861467975,0.40379691618914626,0.000358792428206143,0.03257630324807498,0.05450821108704612,0.10815639965434853,0.08634951306311778,7.8125e-06,,,,,,,,,
3684,-0.21008880425565854,1.3060280736147756,0.08017124175533005,1.715476767072598,0.027307227435856875,0.41127584147899543,0.00043936175456166205,0.040085620877665026,0.21426319667654248,0.11096385253080947,0.08796109317223855,7.8125e-06,,,,,,,,,
3685,-0.14511448020503184,1.2107065936772954,0.06442912747942753,1.7640020162316639,0.026473552349591832,0.4035914057077782,0.0003407098311747545,0.032214563739713764,0.14920365594432342,0.10804354960100464,0.08551372167432464,7.8125e-06,,,,,,,,,
3686,-0.19927201102812508,1.2994818250535942,0.0705369239337398,1.7373204986244706,0.028430190546221114,0.4343646539741891,0.0004092450614184447,0.0352684619668699,0.20367239168543427,0.11389461043733734,0.08679070704130264,7.8125e-06,,,,,,,,,
3687,-0.21692497714602885,1.3301828387237116,0.06498502251564268,1.7703075404129982,0.02518884080048983,0.35622700794315465,0.0003431375848938499,0.03249251125782134,0.22054087418797125,0.1060429537663741,0.08609425095710502,7.8125e-06,,,,,,,,,
3688,-0.25316816081603033,1.3841620661428833,0.06005531552748521,1.782026724199787,0.023807367540526626,0.3232503392741357,0.00030489174769213494,0.030027657763742607,0.2564515610512543,0.10233109127353936,0.08529663643699073,7.8125e-06,,,,,,,,,
3689,-0.11559886371589928,1.2112860325669146,0.0784552335132885,1.7417018671053497,0.026776118685793326,0.4426813193784459,0.0004213513589802304,0.03922761675664425,0.12008653505870125,0.10886157005191378,0.08501393313635389,7.8125e-06,,,,,,,,,
3690,-0.13047870450883248,1.1929311501895534,0.07073388275744172,1.7572440600036021,0.026988291161275983,0.39403675749350825,0.0003910783867622242,0.03536694137872086,0.13447592224961394,0.10995103061094925,0.08730865986672978,7.8125e-06,,,,,,,,,
3691,-0.17661746178037635,1.2621280477361294,0.055811055148250605,1.7828308491777882,0.02659736821643271,0.37620070402621886,0.0003092340698381353,0.027905527574125302,0.18042829499740282,0.10874375856447205,0.08561629232755431,7.8125e-06,,,,,,,,,
3692,-0.2698892004812427,1.3612059266693222,0.06436175863063173,1.762399028395487,0.025965131563699846,0.3404472598689379,0.0003633330000931173,0.032180879315315866,0.27334711127953226,0.1078836026796396,0.08759297034494226,7.8125e-06,,,,,,,,,
3693,-0.03921461027416108,1.1142802627283628,0.07175864657256736,1.764140054095531,0.02656396449385967,0.4146431171567762,0.0003903107696646915,0.03587932328628368,0.04341846527725275,0.10748093681046306,0.086390753965431,7.8125e-06,,,,,,,,,
3694,-0.06249945532099222,1.1451261022980717,0.06329894238932599,1.7771545163069744,0.026631838760531813,0.3972924299976238,0.0003754853387887008,0.03164947119466299,0.06652555549071407,0.1081792116401646,0.08696982814398488,7.8125e-06,,,,,,,,,
3695,-0.24756100206649556,1.3765471673694722,0.0472749013225931,1.795043882924761,0.026129947741602346,0.3922057487451973,0.00026894777234913404,0.02363745066129655,0.2515273369211616,0.10769086283232082,0.0830082031898558,7.8125e-06,,,,,,,,,
3696,-0.15989144452185433,1.2306246535222918,0.07154075043736659,1.7444663250326191,0.027824614067422274,0.3942950668291497,0.00037465956894886356,0.0357703752186833,0.16389135682430434,0.11255143610011632,0.0883724764919972,7.8125e-06,,,,,,,,,
3697,-0.1412368445843307,1.228205537098201,0.0690172497442251,1.7542364703064834,0.02736393347278024,0.4112343648178578,0.0003607822825925151,0.03450862487211255,0.14540484704491038,0.11006947681352713,0.0874190911337962,7.8125e-06,,,,,,,,,
3698,-0.15841023771776874,1.2461348393395972,0.07722902141791683,1.7171774495405447,0.02910042589953847,0.43359454279640475,0.00039150641682242707,0.03861451070895842,0.16280588449510536,0.1157401556298355,0.08870534462438054,7.8125e-06,,,,,,,,,
3699,-0.09627513634681803,1.1638880129798554,0.0906766187344537,1.687368540246024,0.030804424421844986,0.5060044258770325,0.0005194492986724323,0.04533830936722685,0.10140258709334474,0.11935845702485698,0.08878370950069395,7.8125e-06,,,,,,,,,
3700,-0.22401434063401682,1.3567980671782391,0.06892278913208795,1.7475508506162931,0.02774172122778629,0.3935221478079613,0.00040941301786799275,0.034461394566043975,0.22800559314534732,0.11171996427163466,0.08808165578593907,7.8125e-06,-0.1666421964758517,1.2827283763849917,0.1709778468434252,0.072148913763187,1.7407641261362317,0.028065802160559435,0.4278302855954014,0.0003865413476582579,0.0360744568815935
3701,-0.06223242230517476,1.1398933837944996,0.07963956065237157,1.7348304434923745,0.026827422730910926,0.3919697412409938,0.0004126920872966953,0.039819780326185786,0.06621341472321877,0.10945400677197828,0.08899799687880414,7.8125e-06,,,,,,,,,
3702,-0.09162640287596427,1.1903280891813561,0.0788185923634798,1.7234698946391607,0.028226852545843943,0.4504142703196349,0.000452352587623238,0.039409296181739904,0.09619171310016497,0.11274414332368612,0.08724301337486012,7.8125e-06,,,,,,,,,
3703,-0.11233648317085597,1.1844718241091172,0.06494074959088603,1.764803979943252,0.026932666118383478,0.4033155264969084,0.0003461500120419341,0.03247037479544301,0.11642321835054036,0.10979933484752982,0.08620791021394855,7.8125e-06,,,,,,,,,
3704,-0.08558018931318116,1.1964102220226192,0.07574367333311513,1.7453428321521804,0.02668540997304618,0.4354736488327978,0.0004701271394300207,0.037871836666557565,0.08999495233789151,0.10857348908932371,0.08500812363892475,7.8125e-06,,,,,,,,,
3705,-0.15469036306735864,1.2320319371906756,0.06350977256118727,1.7600464482711868,0.027252498691039344,0.3914427261748673,0.0003266983005767834,0.031754886280593635,0.15865741266287642,0.11051732381587819,0.08656641745517898,7.8125e-06,,,,,,,,,
3706,-0.2293126487043281,1.3694370787286412,0.07129726426894817,1.7405376571089959,0.026449553669753274,0.37859538285280975,0.000419548693708634,0.03564863213447409,0.23315585202849884,0.10931202162480479,0.08634743137761788,7.8125e-06,,,,,,,,,
3707,-0.15573031470498222,1.2422098143165954,0.058892830216212125,1.780080938119391,0.02718396147686402,0.3917332864080498,0.00033160217146417246,0.029446415108106062,0.1596982108152667,0.10968778801872064,0.08721595946531066,7.8125e-06,,,,,,,,,
3708,-0.10885417567363319,1.2004074229979278,0.07309093700636213,1.742184110304927,0.027942346787751787,0.4308740270672725,0.0004130636637391645,0.036545468503181064,0.11322101389054953,0.11178528461531927,0.08745206295038083,7.8125e-06,,,,,,,,,
3709,-0.30681170718600753,1.450375281623578,0.05710578101104723,1.7716515826754358,0.02620007759969955,0.3688835434667551,0.00029527376769508256,0.028552890505523613,0.3105497647646843,0.1089080630879238,0.08487606466578652,7.8125e-06,,,,,,,,,
3710,-0.18705260619044373,1.3298935890801697,0.07500802632095249,1.7410579912996613,0.026567316758580237,0.4191526894962916,0.00041045430421713205,0.037504013160476246,0.19130315222152228,0.10872117998694544,0.08577351495960518,7.8125e-06,,,,,,,,,
3711,-0.22268723143080615,1.3313562305285096,0.05167658305007618,1.7903284572544076,0.02584594419552531,0.3528282862098288,0.0002862525781949437,0.02583829152503809,0.226262118394784,0.10744436233349289,0.08531906322033417,7.8125e-06,,,,,,,,,
3712,-0.19803070072349838,1.2957006471536372,0.05852882759188377,1.762059163559195,0.027527270641216385,0.39815274222503905,0.0003244022891051657,0.029264413795941885,0.20206235717407137,0.11141546897208396,0.08677510067998517,7.8125e-06,,,,,,,,,
3713,-0.23633226087275194,1.3569216390435537,0.054500357854118,1.772501367799202,0.0274995833990688,0.3994553091375478,0.00031860073190714117,0.027250178927059,0.24037497516405154,0.11124035964752527,0.08564908531928872,7.8125e-06,,,,,,,,,
3714,-0.2826401697226456,1.4131416384377358,0.04357558881496998,1.8194365962145262,0.022993904178223945,0.27840770599467723,0.0002542149177273624,0.02178779440748499,0.28546677109213925,0.10030913995199423,0.083874336962609,7.8125e-06,,,,,,,,,
3715,-0.10832366771076114,1.2143286644578217,0.06330752086102086,1.771331216521504,0.026699834901463212,0.4109394826652308,0.0003365531373934388,0.03165376043051043,0.1124857951413831,0.10889414952179555,0.0849842369241735,7.8125e-06,,,,,,,,,
3716,-0.18514862600103307,1.275482318072993,0.05324218534525734,1.7893262553343479,0.025533583348147787,0.3547299889089712,0.0002926016618967684,0.026621092672628674,0.18874336626196772,0.10622440321259008,0.08493113984628879,7.8125e-06,,,,,,,,,
3717,-0.16785469657245228,1.23836376585002,0.05754333753550775,1.780408825670152,0.0268700168861902,0.39514976124287127,0.0002908186033603305,0.02877166876775387,0.171855678127939,0.10941289376299163,0.08597200396435102,7.8125e-06,,,,,,,,,
3718,-0.013270807493808573,1.0787252406132706,0.07978063956084956,1.7238507841649109,0.02973976982443679,0.49765950251097163,0.00042615831598946045,0.039890319780424774,0.01830879292970027,0.11615743603854572,0.08704669793344977,7.8125e-06,,,,,,,,,
3719,-0.06089886476127259,1.1417957056175307,0.06975747290394467,1.7542740577944853,0.027466898490234523,0.412856653850903,0.00038691097178024294,0.034878736451972335,0.06508372188652933,0.11111841006507805,0.08800146431384248,7.8125e-06,,,,,,,,,
3720,-0.08040053719664442,1.1582112245146898,0.07481610711403613,1.7401611682936724,0.02753173595412916,0.43041459501794105,0.00038669619208417914,0.03740805355701807,0.08476335977398464,0.11053177790565795,0.08829829251988248,7.8125e-06,,,,,,,,,
3721,0.006459631687798954,1.0628960281940403,0.08651612405325243,1.719141146201077,0.028654414083411364,0.483490008236106,0.0004671188941862164,0.043258062026626215,-0.0015596109430073973,0.11267381348644813,0.08813818184140754,7.8125e-06,,,,,,,,,
3722,-0.08929876803294123,1.199471283565184,0.07162058254134474,1.743615678842658,0.028344050140017753,0.4400739598179815,0.00042560463844302664,0.03581029127067236,0.09375701012556459,0.1128782842327989,0.08717956647523323,7.8125e-06,,,,,,,,,
3723,-0.10733699935397087,1.2169984288027331,0.07394225173843982,1.7568057961748145,0.025758799151674554,0.3865268659971158,0.00041581546027195026,0.03697112586921991,0.11126096535237574,0.10601005303142547,0.08652605020811394,7.8125e-06,,,,,,,,,
3724,-0.17090276863964798,1.2612127790642145,0.05724529213523,1.790652689067442,0.025265637054430586,0.3428320037364926,0.00031144894781017754,0.028622646067615,0.17438073233944928,0.10537526304823568,0.08711041460045496,7.8125e-06,,,,,,,,,
3725,-0.33569922240780004,1.5115456146209967,0.053535719904083345,1.7881839514049362,0.02448649172217869,0.2865235954400259,0.00027114741417760455,0.026767859952041673,0.3386118195358082,0.10429638915664075,0.08706621612452077,7.8125e-06,,,,,,,,,
3726,-0.07721238167566385,1.177264482082116,0.06172006685640206,1.7936142294478445,0.02544953466507478,0.36397992274415114,0.00031747218130334664,0.030860033428201025,0.0809041518006411,0.10503647572433925,0.08682510470834783,7.8125e-06,,,,,,,,,
3727,-0.059021141560452496,1.1744452336856717,0.07442269441039936,1.7461570337175076,0.028042828896192654,0.4478440746961881,0.0004243888258561076,0.03721134720519968,0.06355849911321533,0.11245618759670875,0.08616736191558551,7.8125e-06,,,,,,,,,
3728,-0.14542822939799144,1.247513711466967,0.07825067079943823,1.730955761665073,0.027433889645610963,0.40779630087463664,0.0004408460667194579,0.03912533539971912,0.14956703576042138,0.11087627539889078,0.0882364910934495,7.8125e-06,,,,,,,,,
3729,-0.17713452019998333,1.2434068383154113,0.05227071904160079,1.7806291775684024,0.026266714505152507,0.3717707703558327,0.00029491949899349614,0.0261353595208004,0.18089911874982811,0.10873052790306509,0.08483678040563186,7.8125e-06,,,,,,,,,
3730,-0.0864133188940148,1.1313919852748757,0.0706252536393262,1.747517885806769,0.027230592552609244,0.42498164172887604,0.000421624098955636,0.0353126268196631,0.09072013935797084,0.11042307730188056,0.0860053332530907,7.8125e-06,,,,,,,,,
3731,-0.0671562831014618,1.126554874517629,0.07468614590852157,1.7266612120939206,0.028823351777157162,0.4678734893687437,0.00042559480164670903,0.037343072954260786,0.07189388362824091,0.1141317653245006,0.08783331947121024,7.8125e-06,,,,,,,,,
3732,-0.14904569445805427,1.2417386531969319,0.06985035669478211,1.7476280294885904,0.026847958222792873,0.40502461505436776,0.00036441425308654643,0.03492517834739105,0.1531519862097711,0.10972670142574831,0.0865283155262274,7.8125e-06,,,,,,,,,
3733,-0.2375965519013276,1.3296418611741243,0.07115644648796524,1.742630701769547,0.02804824188892212,0.3876268461506278,0.00041258189446135847,0.03557822324398262,0.24152995071204017,0.11336488692966128,0.08795097263861429,7.8125e-06,,,,,,,,,
3734,-0.1465165661467229,1.2250607055128926,0.07102421102510192,1.7467549999581125,0.027119324997345654,0.3908352428933474,0.0003598667179925734,0.03551210551255096,0.15048149689834842,0.11044401876955129,0.08762193397149885,7.8125e-06,,,,,,,,,
3735,-0.2433998939968008,1.338914760551024,0.060463563457501944,1.7658474541615319,0.02621554673979349,0.38532593795428705,0.0003420305260173344,0.030231781728750972,0.24730446393787414,0.10883976147931615,0.0841498149281612,7.8125e-06,,,,,,,,,
3736,-0.1434036504464259,1.2837348796415056,0.06265462175138914,1.7815833592767774,0.025121305589939445,0.3478474881952783,0.00034958914145379717,0.03132731087569457,0.1469347643642617,0.10494917379385121,0.08690294450789823,7.8125e-06,,,,,,,,,
3737,-0.23412490144040454,1.3528956906851415,0.057110371987176,1.7900915387085776,0.024532304094067824,0.33463193558088006,0.0002933479713087821,0.028555185993587997,0.23752061037730707,0.10410282047585646,0.08524662053439043,7.8125e-06,,,,,,,,,
3738,-0.13096155941945473,1.2140909942504812,0.06330030794572843,1.7798890100614506,0.02490521133725848,0.3403807326134771,0.00035049938542293087,0.03165015397286422,0.1344183207835172,0.10426997747474293,0.08750274196559377,7.8125e-06,,,,,,,,,
3739,-0.270086133510234,1.384152386041904,0.06567183205130478,1.7563631009530765,0.02656499404576272,0.38003089381523497,0.0003697063637855528,0.03283591602565239,0.27394053905905935,0.10944218376896375,0.08560762186582313,7.8125e-06,,,,,,,,,
3740,-0.17327104520054565,1.255294788723348,0.05383515718078786,1.7817971641564248,0.026363942788793907,0.38563353242452847,0.00029263189516922516,0.026917578590393926,0.1771750423939746,0.10801636524177412,0.0848641667716532,7.8125e-06,,,,,,,,,
3741,-0.17687910435640136,1.2728528177811267,0.07483060912713287,1.7326600962190097,0.02849009048212768,0.44847667283396886,0.0003646325420003008,0.03741530456356644,0.1814222593156868,0.1138998168857114,0.08621156114012771,7.8125e-06,,,,,,,,,
3742,-0.1486800934990427,1.2167063776422786,0.06420162401762514,1.7636142642420585,0.027102955790131566,0.3977834714534663,0.00036051633219807007,0.03210081200881257,0.15271127033155057,0.11005178217484396,0.08703227079768666,7.8125e-06,,,,,,,,,
3743,-0.14599947215963416,1.2351159217410856,0.06901230885440343,1.7366805619795922,0.029686267044791062,0.4593583206492426,0.00036577040755516064,0.034506154427201716,0.15064858603024917,0.11640866941599165,0.0876570643294615,7.8125e-06,,,,,,,,,
3744,-0.162106943836954,1.2489438840133191,0.06475984200038085,1.764143245660855,0.026191508971585262,0.3780919637935081,0.0003569574856141953,0.03237992100019042,0.16594145440320207,0.10767357805603173,0.08591141545446618,7.8125e-06,,,,,,,,,
3745,-0.17152325261624798,1.2728239664026724,0.07487215255114144,1.7319118476975783,0.027846559338922876,0.4253338908492228,0.00042751663713651343,0.03743607627557072,0.17583562188586416,0.1119674807344887,0.08766573022416621,7.8125e-06,,,,,,,,,
3746,-0.21910828155873363,1.3347856643827172,0.05559792503916795,1.791615000177477,0.0242019552926737,0.3281001294589005,0.0003082485977067617,0.027798962519583983,0.22243808045182106,0.10296401974996097,0.08511435601327448,7.8125e-06,,,,,,,,,
3747,-0.15655926595561115,1.2662238948760862,0.07776998410498287,1.7315215732141687,0.027499950747968654,0.4123570732037645,0.0004664926766421729,0.038884992052491435,0.16074370182219982,0.11078926094750483,0.08787801792291355,7.8125e-06,,,,,,,,,
3748,-0.14640231442639576,1.236679633120955,0.061432011278877874,1.7697193073843627,0.02718693723254685,0.3853502403860264,0.00035121990735122004,0.030716005639438933,0.15030774222804283,0.1105879976408248,0.08804540668991374,7.8125e-06,,,,,,,,,
3749,-0.2562279295161898,1.4108377146410767,0.05737205459694267,1.7903467334240095,0.02541266812496234,0.3428098654129441,0.00035526036467971214,0.028686027298471334,0.2597061702685987,0.1057669655273572,0.08686885458077187,7.8125e-06,,,,,,,,,
3750,-0.16698041955215825,1.2539201367093387,0.05431535478665181,1.789781624369784,0.025442021246534954,0.3406480866360365,0.0002978635004948511,0.027157677393325905,0.1704349345471606,0.10658532644790841,0.08586104400309089,7.8125e-06,-0.1666609668102351,1.2827329507281768,0.1710063934242385,0.07212800574451897,1.7404803186741629,0.02811078351404156,0.4288093192076094,0.0003864615868296444,0.03606400287225948
3751,-0.13764846772449635,1.1952705750544856,0.0585594478002256,1.7808509963718144,0.0253755035642979,0.3595082698249039,0.00032105107664098017,0.029279723900112797,0.1412938491673756,0.10655166090051338,0.08563338660878632,7.8125e-06,,,,,,,,,
3752,-0.1581781842690262,1.2563861825464948,0.07250337099726947,1.7374207733333467,0.02854912369868993,0.42706163470335134,0.0003965534879130135,0.036251685498634736,0.1625063920441708,0.11382633613239833,0.08772225354738002,7.8125e-06,,,,,,,,,
3753,-0.15169091493843573,1.2452500554587513,0.04756810906409538,1.813076391948515,0.02542506312342678,0.32535552739990303,0.00025179330564526116,0.023784054532047686,0.15498890296394274,0.10507802209638654,0.08753191438580535,7.8125e-06,,,,,,,,,
3754,-0.2582574228746899,1.4207377699954495,0.055599031616209126,1.7834468832975643,0.026067599394985923,0.34730991325090055,0.0003179900278003841,0.027799515808104563,0.261779335892118,0.10752968593667842,0.08780081797186665,7.8125e-06,,,,,,,,,
3755,-0.14238401613852306,1.2376465670098389,0.08132232337630883,1.7173963652353925,0.028929152660133302,0.46948329030931596,0.00045291030069215585,0.04066116168815442,0.14714121326996363,0.11496406507325835,0.08653100364056489,7.8125e-06,,,,,,,,,
3756,-0.17140801352494067,1.2761344471643472,0.06529675003798069,1.7524775542433892,0.028345415694567923,0.4327434213013506,0.0003490736281585018,0.032648375018990344,0.17578911162479716,0.11337538907041264,0.08595115008748083,7.8125e-06,,,,,,,,,
3757,-0.1770206015094385,1.2562326907104424,0.07269631022520186,1.729955762364857,0.028124732945813448,0.4083930523886252,0.0004085815357403848,0.03634815511260093,0.1811622655614184,0.11353091985847262,0.088501152248983,7.8125e-06,,,,,,,,,
3758,-0.20237962576908208,1.3453372953747527,0.06349398281697761,1.7630738007593978,0.02750079535216534,0.43049606971781085,0.0003691067657450128,0.03174699140848881,0.2067376552633337,0.11107379692262244,0.08470560807653643,7.8125e-06,,,,,,,,,
3759,-0.05658959746673864,1.112776833723141,0.07395857473120071,1.743749283241796,0.028465849938627406,0.46702695972203534,0.00039260427313372745,0.036979287365600355,0.061318209886888346,0.11250552874151895,0.08647645680278376,7.8125e-06,,,,,,,,,
3760,-0.1608225816840038,1.2429081301696616,0.05670597401792533,1.7884478930050949,0.026296557168784943,0.3589581082999653,0.0003083911207101903,0.02835298700896266,0.1644614841441496,0.10806668285936871,0.08754370868890284,7.8125e-06,,,,,,,,,
3761,-0.2485822918147734,1.3794406908063266,0.0784381011218202,1.7079715213421882,0.02915104655832659,0.4190698217120272,0.0004510805936402708,0.0392190505609101,0.2528337996036044,0.11652246916980157,0.09010695142932795,7.8125e-06,,,,,,,,,
3762,-0.19846945459465365,1.2843653515384115,0.057591102960875676,1.7793748643809133,0.025744873331804384,0.37896758725421303,0.0003464628647451511,0.028795551480437838,0.20230918439596748,0.10701330507270448,0.08491451851369786,7.8125e-06,,,,,,,,,
3763,-0.08321668129621998,1.16440517241,0.08857104344371142,1.7002046028548605,0.03027855770929405,0.5133614464231612,0.0004880464294345534,0.04428552172185571,0.08841646379249633,0.11799881851854459,0.08755155397865196,7.8125e-06,,,,,,,,,
3764,-0.06822345687883047,1.136902066124804,0.07553880229820996,1.7346416320298828,0.028722793202465298,0.476184741328905,0.0004314776774594345,0.03776940114910498,0.07304473488636352,0.11407901489559077,0.08620210326358696,7.8125e-06,,,,,,,,,
3765,-0.20674253913070434,1.3181208888091718,0.069365131892491,1.7337049123493462,0.028484439811661114,0.43883247715083584,0.00036350601177744153,0.0346825659462455,0.2111865185774002,0.11411678859906085,0.08707679908290278,7.8125e-06,,,,,,,,,
3766,-0.2929389723665317,1.425687444175505,0.06489335265237411,1.7511499437361655,0.02574473013477113,0.37148203212382686,0.00037472918014668427,0.03244667632618706,0.296707498155335,0.10744453286007855,0.08531862882968395,7.8125e-06,,,,,,,,,
3767,-0.12105740708450936,1.1972124369175539,0.07374823369396302,1.7361648819887283,0.02854413750152695,0.44245280917986396,0.00040587983272448317,0.03687411684698151,0.12554022974030213,0.1133496650284162,0.08798134378178375,7.8125e-06,,,,,,,,,
3768,-0.1654916648989983,1.3037296420281805,0.06580668265271997,1.7537088598648438,0.027171006109979995,0.40607338392848813,0.0003710749464291282,0.03290334132635998,0.1696065499176725,0.11006550928225844,0.08720471953038268,7.8125e-06,,,,,,,,,
3769,-0.1123321813090318,1.200364970890932,0.07048588359389839,1.7539269247242162,0.026574954641569816,0.42677087254526586,0.00040480170107603364,0.0352429417969492,0.11665672026253943,0.10859258320310557,0.0850199035437127,7.8125e-06,,,,,,,,,
3770,-0.2580068573522088,1.399451750654165,0.07408770637300874,1.724819162706284,0.027684670441130627,0.4220143164235967,0.00042971475118318216,0.03704385318650437,0.26228558970877014,0.11233332149298617,0.0867983079726674,7.8125e-06,,,,,,,,,
3771,-0.19714782772420103,1.278331064380518,0.0637510749293357,1.7565596991304313,0.02752563117969689,0.39857765870768425,0.0003452198100138401,0.03187553746466785,0.20118649764383395,0.11187274821128915,0.08704095939372136,7.8125e-06,,,,,,,,,
3772,-0.16880215940842674,1.3214239431705785,0.07883227972399756,1.7242096196913705,0.02834965344047803,0.43183051758639146,0.00044443087222713616,0.03941613986199878,0.17318156712907185,0.11317181946464354,0.08888650558459682,7.8125e-06,,,,,,,,,
3773,-0.29415538134494257,1.4072424064166134,0.059462262712312405,1.756115075410789,0.028743509338689903,0.3978411341252437,0.0003310459385193796,0.029731131356156203,0.29818439542769043,0.11566926497949802,0.08788336259946707,7.8125e-06,,,,,,,,,
3774,-0.09616820542772044,1.1556501928763638,0.07016131723664305,1.7423361774976025,0.027490283059930207,0.42854755909331893,0.0003780171068053896,0.03508065861832153,0.10050996521011497,0.11107008474964432,0.08581852834884425,7.8125e-06,,,,,,,,,
3775,-0.18014560597717072,1.2841775989359405,0.06563811089473183,1.7605269615026264,0.025682178409249502,0.39155112356262756,0.0003654913919474436,0.03281905544736591,0.18411519645177882,0.10641654823805649,0.08455469027803039,7.8125e-06,,,,,,,,,
3776,-0.08296309259057197,1.1819299372572278,0.057485966203720165,1.777250031736079,0.026694035255037062,0.40684393433664046,0.0003277040039894542,0.028742983101860083,0.08708132445739748,0.10842961536879714,0.08585871753644478,7.8125e-06,,,,,,,,,
3777,-0.2045368134103461,1.2963689589362253,0.06773806816935764,1.748858498789169,0.02695082625937497,0.39127144532037816,0.0003822175567680861,0.03386903408467882,0.20850470765819015,0.1098625569925394,0.08610401384593336,7.8125e-06,,,,,,,,,
3778,-0.16909841921651014,1.2545311131895909,0.07048447623414057,1.7578848562805742,0.02534566084578464,0.34979138333039866,0.00037586325346755255,0.035242238117070286,0.1726529127690287,0.10602629477177171,0.08775101974651062,7.8125e-06,,,,,,,,,
3779,-0.16637101597990261,1.23867997260419,0.05484928854226087,1.7927498894832177,0.026021747097827987,0.3456198230757714,0.00028311808904065984,0.027424644271130432,0.16987539753471667,0.10703733024666223,0.08704090856073611,7.8125e-06,,,,,,,,,
3780,-0.14896464106024349,1.233260541493835,0.07738720939063518,1.7338862695207735,0.0281667435054853,0.4270074515345187,0.00040813141198058186,0.03869360469531759,0.15329482935709898,0.11307965015484953,0.0874303881172957,7.8125e-06,,,,,,,,,
3781,-0.20335969855127478,1.297910218669983,0.05582381111815596,1.7770117819814195,0.026276177193598736,0.3671923207217397,0.0003172240195375695,0.02791190555907798,0.20708047602206642,0.10865249928785085,0.08624067979103782,7.8125e-06,,,,,,,,,
3782,-0.1798400653083796,1.2562655341658977,0.0656212097452441,1.7556734852183347,0.027419205054481338,0.4079309525811805,0.0003706853433602128,0.03281060487262205,0.1839734490273498,0.11035672260789613,0.08728452699907774,7.8125e-06,,,,,,,,,
3783,-0.23462598079872518,1.3258901464922164,0.06357941995295516,1.752161398923978,0.028593118287137512,0.42972676738396454,0.0003574369177694892,0.03178970997647758,0.23897613416570826,0.11377732702544208,0.08658083867171307,7.8125e-06,,,,,,,,,
3784,-0.221344826346264,1.3319996775768597,0.05145035554694349,1.802589789676571,0.023004879059987483,0.3061291097095239,0.0002821664982599108,0.02572517777347174,0.22445269018401212,0.10010589971786277,0.0834188091187138,7.8125e-06,,,,,,,,,
3785,-0.08449043156466313,1.1705475987352707,0.08275431142316515,1.7142543821018486,0.02931746485980876,0.4839496507105607,0.0004469308243133749,0.041377155711582576,0.08939291707954448,0.11537555236591542,0.0863952919815954,7.8125e-06,,,,,,,,,
3786,-0.1251635707537015,1.2086542247027612,0.08819673916928587,1.7058889635087153,0.028336689842269582,0.4493761439297773,0.0004687857057338469,0.04409836958464294,0.12972317730927638,0.11300559840062509,0.0875868976912087,7.8125e-06,,,,,,,,,
3787,-0.13122305350044786,1.222874049602155,0.06924100301089042,1.7494423302160467,0.02806786345896853,0.4023722294224382,0.0003719044470483652,0.03462050150544521,0.13530260976395034,0.11267428566754645,0.08751455107544555,7.8125e-06,,,,,,,,,
3788,-0.20366321911579266,1.3108647694857725,0.06161095348617,1.7720018798536978,0.02524217257162631,0.3538812502515903,0.00032469010510659805,0.030805476743085,0.20725380401490123,0.10587323625523806,0.08514905960385369,7.8125e-06,,,,,,,,,
3789,-0.22189621500592832,1.3323165058232236,0.060804654697202434,1.7574112986650765,0.028848098271549216,0.41015302089267136,0.00030616574308334963,0.03040232734860122,0.22604878331262115,0.11439695288789015,0.08737752138051051,7.8125e-06,,,,,,,,,
3790,-0.20192622875893118,1.338051567453065,0.06799056124995616,1.740229740286149,0.02807796845106901,0.41916652709607116,0.0003755580041945022,0.03399528062497808,0.20617304718796167,0.11279178470946714,0.08649841971340022,7.8125e-06,,,,,,,,,
3791,-0.13291347109706858,1.1880601187272128,0.0797423781244219,1.7253178557810664,0.028664584612287734,0.4372087740145472,0.00043128309571562377,0.03987118906221095,0.13734699603579123,0.11431325001464179,0.08978626023627087,7.8125e-06,,,,,,,,,
3792,-0.24260841945702094,1.3444485697730437,0.05969971496700914,1.7693218936366406,0.026722374961980565,0.38388418279141,0.00034222990868024313,0.02984985748350457,0.24649822666044172,0.1099333125345538,0.08497781159276091,7.8125e-06,,,,,,,,,
3793,-0.10445438244964267,1.200731972264979,0.07479083162583955,1.7396038032367218,0.028190192585878054,0.425569631385743,0.00043168674561011263,0.037395415812919774,0.10876918708480147,0.11250921191495658,0.088764369262611,7.8125e-06,,,,,,,,,
3794,-0.29837034542392266,1.4403146009109096,0.04807890554182971,1.803751594626721,0.024280185068419363,0.3362724852713287,0.00026975670423675724,0.024039452770914856,0.3017778448123955,0.10395353406935179,0.08330529930340146,7.8125e-06,,,,,,,,,
3795,-0.08686945714443992,1.1803804837694354,0.07715723430244381,1.7285751615846014,0.029551581369397,0.46608669312127127,0.00040811499792337046,0.038578617151221906,0.09159026959439892,0.1162952988615556,0.08748556223659587,7.8125e-06,,,,,,,,,
3796,-0.046911042492286836,1.0979564440426892,0.08786375671139199,1.7009715597489743,0.029780790926317004,0.474406201071467,0.0004689580809750399,0.043931878355695994,0.05172073567776443,0.11703895439337111,0.08946630181593321,7.8125e-06,,,,,,,,,
3797,-0.12150838935390094,1.1768294287885488,0.06139684500118246,1.7705633116371746,0.026931042581622662,0.41783268155715725,0.00032905084669068973,0.03069842250059123,0.12573841073355638,0.10970519088870127,0.08470239656992609,7.8125e-06,,,,,,,,,
3798,-0.12349272361469187,1.2192195544583577,0.06398663723481124,1.771267510656332,0.025351395124031756,0.36913964345017986,0.0003644527883468065,0.031993318617405626,0.12723747057080106,0.10525398404259667,0.0857940359653009,7.8125e-06,,,,,,,,,
3799,-0.11751970410983568,1.2240833526207469,0.07782656893819542,1.7346669456985766,0.027085016020055273,0.4200944807945106,0.0003923416612969616,0.03891328446909771,0.12178083228831983,0.11003661797266273,0.08676919247138298,7.8125e-06,,,,,,,,,
3800,-0.21168756164631838,1.346709603938987,0.06944374960357538,1.7322380428470256,0.030185255206954774,0.4719314905945338,0.0003522763644462672,0.03472187480178769,0.21646244357113847,0.11765529905215476,0.08719638192520679,7.8125e-06,-0.1667627320058308,1.2828229487911749,0.17115502787084858,0.07204502282085903,1.7395472909738787,0.028315916627506214,0.43350165484669634,0.0003861332230624047,0.03602251141042952
3801,-0.09022126747089709,1.1773217741109205,0.06740771136525009,1.7645774776079075,0.026763562407146602,0.39794039821008004,0.000389370550610235,0.033703855682625045,0.09425591478896271,0.10811633371041772,0.08695497023680734,7.8125e-06,,,,,,,,,
3802,-0.10897139067205515,1.169912421909391,0.05896932889792447,1.777181083911029,0.027571861435603542,0.41644710536441665,0.00031390425392625486,0.029484664448962236,0.11318625724352666,0.11119955687174707,0.08592867750983427,7.8125e-06,,,,,,,,,
3803,-0.0824726015633241,1.1426613506489443,0.08336948392656107,1.7301812167213715,0.02808959126018486,0.4314019575005288,0.00044024921902195507,0.041684741963280536,0.08685001018465012,0.11215909538299883,0.08823763849893576,7.8125e-06,,,,,,,,,
3804,-0.1357347616716319,1.2077248941642817,0.07325065503276482,1.739994410261135,0.02858873352255943,0.42028063584304387,0.0003988173319099602,0.03662532751638241,0.13999558147500044,0.11429547539091925,0.08869506950463932,7.8125e-06,,,,,,,,,
3805,-0.18183809118169234,1.2783385886653575,0.06575867525423756,1.764443002475008,0.02645874931150797,0.38585943579490645,0.0003508369760748239,0.03287933762711878,0.18575071767705403,0.10874402535385809,0.08637091867676233,7.8125e-06,,,,,,,,,
3806,-0.19809133432476328,1.2771156016071479,0.05774279469037272,1.7953892644886342,0.023717468347794306,0.317237702828658,0.0003041087524450543,0.02887139734518636,0.20131357773056438,0.10183801755712933,0.08425314910264456,7.8125e-06,,,,,,,,,
3807,-0.17571311241524937,1.2805602165535532,0.06158656663522572,1.7679519875416978,0.02684636807563861,0.3960295236432655,0.0003240006130458093,0.03079328331761286,0.17972512046100553,0.10979887618201745,0.08536727998755686,7.8125e-06,,,,,,,,,
3808,-0.16824627748831028,1.2453170079224425,0.0625298687157761,1.7632499184029298,0.026442913910927103,0.38707955190968946,0.00036075928918188535,0.03126493435788805,0.17216957803384092,0.10874555295247235,0.08559412727910629,7.8125e-06,,,,,,,,,
3809,-0.22705337661225497,1.3556010140247623,0.06102986050429717,1.7509785822040453,0.02774066838138159,0.4167087714819729,0.000333673638865972,0.030514930252148586,0.23127182577953756,0.11200545898326153,0.08534052099605535,7.8125e-06,,,,,,,,,
3810,-0.23460002561664717,1.3543332236454564,0.05837361579272354,1.7860858662310348,0.0252932163886109,0.3373818494822566,0.00030672951326145406,0.02918680789636177,0.23802395907316098,0.10577784475420789,0.08572291382850114,7.8125e-06,,,,,,,,,
3811,-0.16846452579149018,1.2650907266531473,0.056786930362393864,1.780999945740414,0.026001316460603906,0.3783699718132961,0.00029778128234946233,0.028393465181196932,0.17229740678708524,0.1073570238990658,0.08498265166066629,7.8125e-06,,,,,,,,,
3812,-0.24639085012180528,1.3484908141999692,0.041598880020699947,1.8198961842774832,0.02424839390920286,0.3077319287337126,0.00021021987072006846,0.020799440010349973,0.2495092700097028,0.10349083327329134,0.08431692615449077,7.8125e-06,,,,,,,,,
3813,-0.08892699824818065,1.1556196942505177,0.07439336707923522,1.7350019367394296,0.029047666596590513,0.46352226125453777,0.0003919876708422824,0.0371966835396176,0.09362068744034145,0.11444254280016014,0.08743737834952817,7.8125e-06,,,,,,,,,
3814,-0.21382485551015212,1.3226169246166075,0.05486626986643729,1.7838736344265165,0.027049747698989483,0.3967320643121799,0.0003131385316839851,0.027433134933218646,0.21784057940986823,0.10989033146542879,0.08498765826102529,7.8125e-06,,,,,,,,,
3815,-0.08960655653803047,1.1633423201104178,0.0886723741243328,1.703322542573386,0.02919956812253992,0.48391086070998784,0.0004790779732258277,0.0443361870621664,0.09451182533735049,0.11546924484031719,0.0880087569220456,7.8125e-06,,,,,,,,,
3816,-0.22992497486764552,1.320040500792099,0.0655546435639468,1.7478846540026494,0.028653622805990868,0.41144918175751255,0.0003486453279077511,0.032777321781973394,0.23409320930682173,0.11404544774645473,0.08741902403361966,7.8125e-06,,,,,,,,,
3817,-0.24753524691958495,1.372972845625842,0.057032515753392764,1.7695199357132563,0.026623702200545926,0.36992523551670037,0.00031763127910829623,0.028516257876696382,0.2512838870447769,0.10887679865426386,0.08583773539520376,7.8125e-06,,,,,,,,,
3818,-0.17354387236186591,1.2635228692694738,0.05709862321081158,1.7802036096046243,0.025130712713356273,0.35289112524849997,0.0003340949493857209,0.02854931160540579,0.17712247591154626,0.10511889945879925,0.08535928708544177,7.8125e-06,,,,,,,,,
3819,-0.07417762151003596,1.1363142711408858,0.07797585556478877,1.7250716526008514,0.02994659112680561,0.5117420064980416,0.00042653438601229467,0.03898792778239439,0.07935554556318491,0.1165260393967888,0.08665987598534174,7.8125e-06,,,,,,,,,
3820,-0.05064312904151011,1.0972845308373158,0.0745158637772305,1.7382879455276956,0.029127777755873385,0.4601549295373675,0.0003789501832479473,0.03725793188861525,0.055303108650060155,0.1145078205388515,0.08823546800766524,7.8125e-06,,,,,,,,,
3821,-0.19434510586898462,1.2999532535519913,0.06023800078221341,1.770991305985111,0.026213190730554628,0.39573762557096503,0.00034846445344712077,0.030119000391106706,0.19835379568267975,0.10834422969260118,0.08438435784430506,7.8125e-06,,,,,,,,,
3822,-0.206993283992229,1.295412862632558,0.0508032515814466,1.8041737263557693,0.024333232455954985,0.3212871886407738,0.00026913226957384084,0.0254016257907233,0.21025229056438674,0.10362246936509154,0.08441955919374958,7.8125e-06,,,,,,,,,
3823,-0.13080519464610801,1.195754084311663,0.06520920219127214,1.761691365040833,0.026666567065467862,0.38237843466838073,0.0003522147939088909,0.03260460109563608,0.13468272265547696,0.10921837516193421,0.08682046752409954,7.8125e-06,,,,,,,,,
3824,-0.12214937604228346,1.2275543128750575,0.07567846960709712,1.7328216221402966,0.027473082111393935,0.42780012273427154,0.0004162716248162304,0.03783923480354856,0.12648670743689927,0.11121677148720342,0.08614139431733137,7.8125e-06,,,,,,,,,
3825,-0.22625443616728777,1.3039576514068365,0.04458213485747608,1.8181563633377413,0.024173325749481393,0.31904581539227117,0.00023881453426368354,0.02229106742873804,0.22948775509761524,0.10309772210075585,0.08398831938665097,7.8125e-06,,,,,,,,,
3826,-0.2687774656998794,1.4008142114193833,0.05271055424938256,1.7782585592733153,0.02659569257610541,0.38093092479203594,0.0002709577359733855,0.026355277124691278,0.2726336223878769,0.10918926361581044,0.08424009781987546,7.8125e-06,,,,,,,,,
3827,-0.12038596107425899,1.2220678638105444,0.071712896513502,1.7377664954613938,0.02817329015341823,0.4504795209996769,0.0004031089616701362,0.035856448256750995,0.12494802148708384,0.11228029331566519,0.08649458572774821,7.8125e-06,,,,,,,,,
3828,-0.19485167385120897,1.2782415946706647,0.046354819510561765,1.8055352928093489,0.025854993914766786,0.35309526858857815,0.00025835561113048377,0.023177409755280882,0.19842644285588942,0.10687813507726442,0.0852792834751244,7.8125e-06,,,,,,,,,
3829,-0.24540334344415424,1.3410459689049623,0.054300713750115394,1.7845656809381054,0.026248276586829253,0.34105684883020093,0.00030633770940706803,0.027150356875057697,0.24886197132323473,0.10836609236647765,0.08748149663971197,7.8125e-06,,,,,,,,,
3830,-0.07952562979463676,1.1633998492979325,0.07143059150697509,1.7523391684859626,0.026314069399351884,0.3988405477399712,0.00039068830405951984,0.035715295753487544,0.08357118084251544,0.10735767394659276,0.08706005985624804,7.8125e-06,,,,,,,,,
3831,-0.17629490629648326,1.3051140153249565,0.06529875981826677,1.7477661999914218,0.028587837235387593,0.4193357850512446,0.0003567954635860185,0.032649379909133386,0.1805419591435406,0.11402749202245939,0.08743596458709757,7.8125e-06,,,,,,,,,
3832,-0.10150035474431726,1.1814305476655793,0.08918062504858332,1.6990028684814868,0.029235980545145823,0.48292658322006765,0.0005048632301386032,0.04459031252429166,0.10639624955002841,0.11511857298367001,0.08760561590597976,7.8125e-06,,,,,,,,,
3833,-0.19117808300532518,1.3102216326025262,0.05930524365290694,1.766493757569973,0.027243272655139237,0.39680471560651764,0.00033943811787526306,0.02965262182645347,0.1951968421019713,0.11068820787622602,0.08541638909584831,7.8125e-06,,,,,,,,,
3834,-0.21630396428948484,1.2930261917047026,0.05808050994944809,1.7795834281073315,0.02595800211752298,0.3547857739075859,0.0003186879738639904,0.029040254974724046,0.2199018449975551,0.10830189240130847,0.0859716192107889,7.8125e-06,,,,,,,,,
3835,-0.2487136239992438,1.3487645526131242,0.06137186335259668,1.7749240669322175,0.02586417893843358,0.3601858788173412,0.00035553738631724356,0.030685931676298333,0.25236747333362597,0.10733356908323688,0.08571656758269569,7.8125e-06,,,,,,,,,
3836,-0.15484895358660272,1.236626334058049,0.06772482595741602,1.7656303379046885,0.026412639445994684,0.39459238211113334,0.00035267650083428817,0.03386241297870801,0.15884992288908015,0.10899457152543078,0.085367704108539,7.8125e-06,,,,,,,,,
3837,-0.18881559414391816,1.287797258393633,0.05589671686596104,1.7742850335560498,0.02684778349705883,0.393014481214378,0.00030878636521318605,0.02794835843298052,0.19279451802848263,0.10983475281352198,0.08514965202858749,7.8125e-06,,,,,,,,,
3838,-0.18746665561198256,1.285272135741307,0.06459943767466511,1.7667889256872968,0.025506003785293246,0.3636833987916345,0.00035180378936564417,0.032299718837332556,0.1911569752458868,0.106285077742618,0.085607107329845,7.8125e-06,,,,,,,,,
3839,-0.2625588609960506,1.3698038362787415,0.0638317802173832,1.7494672659138975,0.026947142256261238,0.38259400416175277,0.00034320836463881536,0.0319158901086916,0.2664376436840823,0.11108616766200446,0.08545517479477903,7.8125e-06,,,,,,,,,
3840,-0.3258818432594716,1.4653416110506667,0.05841250252012763,1.776063263692232,0.024184027288263226,0.31702932710244996,0.0003033874149433475,0.029206251260063813,0.32910213728854254,0.10380682962910846,0.08549166277973233,7.8125e-06,,,,,,,,,
3841,-0.2720925383693126,1.3858736583874247,0.0640822123306751,1.7565109033773512,0.027262264450596083,0.3961511864412164,0.00033276647704358374,0.03204110616533755,0.2761069841136943,0.11062391194607554,0.08568186310994211,7.8125e-06,,,,,,,,,
3842,-0.1976921982533614,1.3056802827808807,0.06966889998734684,1.7533920420784654,0.026471738358188373,0.3790900436794816,0.0003594848318377265,0.034834449993673425,0.20153906190888904,0.10924849416751566,0.08646537206583908,7.8125e-06,,,,,,,,,
3843,-0.14399447979350113,1.2088093753122362,0.07622297553734819,1.7425257313899576,0.027723317085661607,0.4060126208750121,0.0003984068654197762,0.038111487768674096,0.14811412681598804,0.11211379661831361,0.0882860427120338,7.8125e-06,,,,,,,,,
3844,-0.22369470101778924,1.3354333330357298,0.05830550551940261,1.7724611437179243,0.02654467402079469,0.373662710245542,0.0002957233464589322,0.029152752759701306,0.22748116271790614,0.10960977048225974,0.0860625159524609,7.8125e-06,,,,,,,,,
3845,-0.14740321553846542,1.2358277358628422,0.06348085284641557,1.7717881835345626,0.02659661102292509,0.3806985584242793,0.0003470873916294558,0.031740426423207777,0.15126313030488306,0.10900362257530696,0.08739776913799002,7.8125e-06,,,,,,,,,
3846,-0.20239241826903243,1.3174694058511243,0.06586885239936316,1.7601687358850886,0.026160205888670553,0.38650437169043894,0.00035734501256677793,0.03293442619968158,0.206311571549621,0.10816307401660849,0.08580688066702323,7.8125e-06,,,,,,,,,
3847,-0.24557170779964838,1.3601071716754505,0.051308175708535936,1.7923815171267927,0.026097339072611317,0.32061770647176135,0.0002950969671132846,0.02565408785426797,0.24882441373706268,0.10813118617918019,0.08813043526552157,7.8125e-06,,,,,,,,,
3848,-0.061573451963182334,1.1480900022936447,0.0938214068717668,1.689862212087651,0.028946752341089628,0.4790938688009321,0.0005120615729523469,0.0469107034358834,0.06643332059247793,0.11374173276872486,0.08935840918733073,7.8125e-06,,,,,,,,,
3849,-0.1168695811503219,1.1597253026065024,0.06190908643918236,1.774113036179911,0.025033586100504605,0.36410214194755114,0.00033633257239301266,0.03095454321959118,0.12056266156910272,0.10502529525463185,0.08567947044709268,7.8125e-06,,,,,,,,,
3850,-0.16072095854012058,1.2375222930077752,0.059522732499746184,1.7823916454307438,0.025965743326556996,0.3706807391124709,0.00033141252469942096,0.029761366249873092,0.16447866533919647,0.1073170028558221,0.08551903633649574,7.8125e-06,-0.16671967983754857,1.282788073907866,0.17109086498186818,0.07208168076318099,1.739990156625119,0.028224970032496122,0.43138814611680826,0.00038629412036832845,0.03604084038159049
3851,-0.2311027967931569,1.3444090890283613,0.06339342369281581,1.7646106365961478,0.026527853991166993,0.3924003987695608,0.0003162852235237709,0.031696711846407905,0.23507930645130012,0.10869618089483712,0.08620072525575288,7.8125e-06,,,,,,,,,
3852,-0.19931416144097278,1.2911138175013468,0.06029379688019437,1.7696285565348195,0.027454178678666487,0.4012081115002619,0.00032187700184531934,0.030146898440097186,0.2033773045099993,0.11107012176811464,0.08599707798981364,7.8125e-06,,,,,,,,,
3853,-0.16738450762095772,1.2847028728560326,0.07306975586013173,1.7285320275030331,0.03063236403592011,0.4636835736671305,0.00041179176789349613,0.036534877930065865,0.17207928147351303,0.11866636015273191,0.08934389077201317,7.8125e-06,,,,,,,,,
3854,-0.15746079144233555,1.2762572019195828,0.0666038505811551,1.7550187430939448,0.026560989777420548,0.4036745895149377,0.0003522165326282279,0.03330192529057755,0.16155191161553273,0.10815489370968522,0.08587163418566368,7.8125e-06,,,,,,,,,
3855,-0.19334171355604002,1.3172282453147375,0.07195161938675931,1.736047299086415,0.027658546176879985,0.4251809220388143,0.0004150364947640371,0.03597580969337966,0.19765100942406003,0.11213945385043458,0.08583719206243166,7.8125e-06,,,,,,,,,
3856,-0.16312441873333922,1.2732980057442105,0.06438755873281723,1.737865263753788,0.029659812716767202,0.475143627471988,0.0003397255887889408,0.03219377936640862,0.1679288246959509,0.11664266859113137,0.08573583463102866,7.8125e-06,,,,,,,,,
3857,-0.05505435849317922,1.1241567029579607,0.07140238842446994,1.7762334278157406,0.025831580337819418,0.4028471721244836,0.00040973098106776606,0.03570119421223498,0.059140391052725116,0.10578895700176513,0.08699042927002107,7.8125e-06,,,,,,,,,
3858,-0.1727177517841737,1.2573949326390592,0.05261677365184599,1.7906452931869699,0.025992741183886156,0.3777923869426242,0.0002904713595536084,0.026308386825922996,0.17654279520695326,0.10718775048164875,0.08519602845041772,7.8125e-06,,,,,,,,,
3859,-0.25181629770205255,1.3708156991760667,0.051656530064750315,1.7977506611709113,0.024595734833674745,0.32876431772806347,0.0002781385035950575,0.025828265032375154,0.25515052803601324,0.10430385693911942,0.0854419513589234,7.8125e-06,,,,,,,,,
3860,-0.12396995498855519,1.1806757168681499,0.06297403885162159,1.7748788442658099,0.02691271345870517,0.3820763166866455,0.00036222063830895724,0.031487019425810794,0.1278435761696732,0.10934916441946813,0.08856267177676826,7.8125e-06,,,,,,,,,
3861,-0.09050204734851594,1.1496043404840721,0.07419219422752918,1.7468803173883403,0.026912250667450902,0.389566832459214,0.0004258913868508829,0.03709609711376459,0.09445653948726422,0.10928587667044012,0.0885992161894868,7.8125e-06,,,,,,,,,
3862,-0.08774394953990658,1.1650197257627053,0.06422966873333098,1.7723992390802452,0.026991168856833066,0.4168481250257433,0.00032623725640314,0.03211483436666549,0.09196553198948551,0.10916971984312607,0.08624547586099517,7.8125e-06,,,,,,,,,
3863,-0.04600947277325752,1.1035206254992795,0.06914712296410044,1.756757886083694,0.027482783968949175,0.4000558312383744,0.0004099784404655749,0.03457356148205022,0.0500662720103888,0.11013742923906708,0.08885221121585755,7.8125e-06,,,,,,,,,
3864,-0.1509840127639164,1.2373540552681228,0.07094023609146928,1.7417823128035252,0.028632468892341868,0.4434799571484458,0.0004001430316821509,0.03547011804573464,0.15547570170689146,0.11339027552295342,0.08803833870030053,7.8125e-06,,,,,,,,,
3865,-0.2296386436763797,1.3788149484350551,0.05624874708418259,1.7925077216243388,0.025154419936717586,0.3494732760583527,0.00029512425978188466,0.028124373542091297,0.23318237713031936,0.10452284553937671,0.08589269849282394,7.8125e-06,,,,,,,,,
3866,-0.28705060182639053,1.4143043669348854,0.0495088390275511,1.7948189535333643,0.025344515220366952,0.3275318575618621,0.00025965003068214454,0.02475441951377555,0.290371219511365,0.10671802426084079,0.08526663934383044,7.8125e-06,,,,,,,,,
3867,-0.17363985741404755,1.258368806068329,0.07257487212783065,1.7364195500394892,0.027415366814980236,0.4254982771564949,0.0004057708848265887,0.036287436063915324,0.17795254952602507,0.11104569088933197,0.08689024758930623,7.8125e-06,,,,,,,,,
3868,-0.12844094405659193,1.222863453737511,0.07908116894206078,1.729294332007545,0.028403951308723363,0.438630157083709,0.000443301298728949,0.03954058447103039,0.1328885121682074,0.11300223737441492,0.087887085983645,7.8125e-06,,,,,,,,,
3869,-0.06812234332330465,1.140757518013325,0.07469879256780394,1.7391357952791622,0.027474184097772657,0.4316487366924897,0.0003980946433219197,0.037349396283901964,0.07249755239089944,0.11068903144740315,0.086757398143561,7.8125e-06,,,,,,,,,
3870,-0.20567657609409576,1.2909848969297175,0.07257358704175229,1.7333169904320487,0.027700100953772663,0.42092963019468965,0.00040439280711495945,0.036286793520876146,0.209943536287539,0.11243366643250088,0.08685350343697758,7.8125e-06,,,,,,,,,
3871,-0.11085457843586986,1.2088472386894131,0.08670868153278474,1.6914007996753901,0.03169086957666182,0.5311142371730533,0.0004901526292989116,0.043354340766392364,0.11623089068265652,0.1219579096166173,0.08818174961798465,7.8125e-06,,,,,,,,,
3872,-0.21955314975872997,1.3147937833214005,0.06486633368172166,1.756723144589296,0.026714697750453542,0.38916076994911125,0.0003683676666611269,0.03243316684086084,0.22349844153317447,0.10985836534601581,0.08636738706268429,7.8125e-06,,,,,,,,,
3873,-0.11384351385226865,1.2057579907735927,0.06877181539019378,1.743255208238731,0.02939327843477502,0.4625386647177505,0.0003582411903550613,0.03438590769509689,0.11852430137112718,0.11562525127676782,0.08671465837629055,7.8125e-06,,,,,,,,,
3874,-0.1889338110194746,1.3091648336915411,0.07494982504374989,1.7195128649919709,0.028950842413145793,0.42758783659990374,0.0004065839420716135,0.037474912521874945,0.19326842526606616,0.1148966492401732,0.08909605966746825,7.8125e-06,,,,,,,,,
3875,-0.17639571675120577,1.2737096275578441,0.07889850799594639,1.7251249273890035,0.027451179948701526,0.41946475296937247,0.0004639633685445495,0.039449253997973194,0.18065170441785683,0.11140494513947002,0.08665473683159892,7.8125e-06,,,,,,,,,
3876,-0.07092475109285987,1.1239352680027759,0.0607779503976463,1.7908137023915083,0.02469434097443951,0.34974925743476226,0.0003153251562823651,0.03038897519882315,0.07447369403099305,0.10356119702080815,0.08647716083276913,7.8125e-06,,,,,,,,,
3877,-0.23957741155906886,1.3442118634548772,0.048916794544144146,1.7886675358069617,0.025727421019526835,0.3669479671623398,0.00028172335182268654,0.024458397272072073,0.24329205353684064,0.10763997872161442,0.08411684209677323,7.8125e-06,,,,,,,,,
3878,-0.10069099118164275,1.17341337673374,0.08719529513196489,1.7015295555184191,0.029537076350042005,0.4729559090407137,0.0004618503487899388,0.043597647565982445,0.10548578171865894,0.1164495425438048,0.08803927150959692,7.8125e-06,,,,,,,,,
3879,-0.08414792378471583,1.1540658308455534,0.07144007990957064,1.7406063557539788,0.02828335715230615,0.45453557862016564,0.0004042894929996609,0.03572003995478532,0.0887504485693598,0.1128561293179546,0.08632175926172826,7.8125e-06,,,,,,,,,
3880,-0.12161725623660596,1.1788530912455497,0.056920979439381965,1.7920897837190501,0.0251174038790102,0.3642519991183063,0.00030188446800992507,0.028460489719690982,0.12530917646002598,0.10468928293143938,0.08531283458341031,7.8125e-06,,,,,,,,,
3881,-0.2555999043431574,1.3632646898940384,0.06231124299655927,1.754215391272715,0.02734886827746735,0.386077816683599,0.0003319775032850859,0.031155621498279634,0.25951270006043725,0.11137535043239405,0.08667296478026387,7.8125e-06,,,,,,,,,
3882,-0.13427534363603497,1.2401639433084195,0.06595116259632235,1.7703216976462894,0.025522088383453656,0.37709922662717366,0.00037642088373517123,0.03297558129816118,0.1381007789094187,0.10583207533758665,0.08598503162366303,7.8125e-06,,,,,,,,,
3883,-0.1306448858328184,1.1932855053333835,0.05849586080505928,1.772515692578519,0.02765585078344686,0.4053883136028687,0.0002869912083284229,0.02924793040252964,0.13474861196825869,0.1114499359604104,0.08625858294608464,7.8125e-06,,,,,,,,,
3884,-0.2356384477424781,1.3304330811761718,0.06880492711834037,1.7430831245791307,0.028799484394963493,0.3944519656070429,0.00035851293363755373,0.034402463559170184,0.2396383858226899,0.11550427705856511,0.08940491006883922,7.8125e-06,,,,,,,,,
3885,-0.21319950984884675,1.3406810075609434,0.06093733008444662,1.7599934203417296,0.028138431400721982,0.4125696475960957,0.0003286800193562485,0.03046866504222331,0.2173765617242469,0.11269880071056519,0.08732434630771604,7.8125e-06,,,,,,,,,
3886,-0.07288229409200926,1.1351642221054408,0.07936024224663092,1.7296040143392508,0.0278694545984152,0.4372855779275541,0.0004585402804879547,0.03968012112331546,0.0773167114353564,0.11216795490943055,0.08741514348459968,7.8125e-06,,,,,,,,,
3887,-0.23758250258584257,1.355496740336608,0.04756889124814706,1.8023695166892948,0.024974554046483494,0.3432815373155117,0.0002796615474985513,0.02378444562407353,0.24105992271526364,0.10511433210238202,0.08334226748280502,7.8125e-06,,,,,,,,,
3888,-0.21051660103544623,1.3216789601314736,0.05416287472313315,1.7893060258966595,0.02584312237924545,0.36073916923125504,0.00031464499569437986,0.027081437361566575,0.21417211367533626,0.10731161369267189,0.08520325419289385,7.8125e-06,,,,,,,,,
3889,-0.08403154679796324,1.1329765327347066,0.06213031648184897,1.7902885430951765,0.025345567116556292,0.3686850160592837,0.0003787333010162728,0.031065158240924484,0.08777115233523808,0.1053943276263247,0.08605752929566679,7.8125e-06,,,,,,,,,
3890,-0.0356263208356307,1.1038638851803677,0.07238543488530781,1.7595696773837053,0.026289272101193646,0.4041596080379497,0.00042565142681158497,0.036192717442653906,0.03972596184449478,0.10664583684561031,0.08731336434592946,7.8125e-06,,,,,,,,,
3891,-0.28529305526366455,1.3940759332296513,0.053309528967522946,1.775742309029911,0.026372170919042107,0.3553446351993335,0.00026834852682660015,0.02665476448376147,0.2888935972885002,0.10897901790181078,0.08552008007766643,7.8125e-06,,,,,,,,,
3892,-0.298384179118871,1.4425918005412237,0.0444898583221114,1.8084278470645683,0.0239998574910141,0.3083511978275463,0.00022939805330552673,0.0222449291610557,0.3015103142853113,0.10268486936571308,0.08346024353777282,7.8125e-06,,,,,,,,,
3893,-0.06077340231944662,1.1341340553958363,0.07066984189194293,1.737091752459277,0.028038361772386014,0.4598748364328426,0.00040028578179076874,0.035334920945971474,0.06542885938006351,0.11222479137555127,0.08539153589332152,7.8125e-06,,,,,,,,,
3894,-0.1328125463021363,1.2243065082858067,0.06484854538340164,1.7636730225204076,0.027000274713587544,0.39037565415254755,0.00034950565048276114,0.032424272691700826,0.13676985890308352,0.10986035938078953,0.0867803772430907,7.8125e-06,,,,,,,,,
3895,-0.20295697650958305,1.2965539886295137,0.05641611005468991,1.774199627536164,0.02758581370278942,0.3751005134630814,0.00029709130008594414,0.028208055027344955,0.20675690260851742,0.11147506048462748,0.08768899755460742,7.8125e-06,,,,,,,,,
3896,-0.14300022734108864,1.2133170006150056,0.05898570002636522,1.7749338935711036,0.026438419523151617,0.39231312425459397,0.0003384508981872004,0.02949285001318261,0.14697398528156536,0.10838040477457171,0.08517192364213415,7.8125e-06,,,,,,,,,
3897,-0.23423178944592016,1.315068923647991,0.050213577090342104,1.7992884937247262,0.024958871876032192,0.33898229697789634,0.0002784686706302234,0.025106788545171052,0.23766749677588783,0.10543020635797064,0.08351872034983177,7.8125e-06,,,,,,,,,
3898,-0.12225891250717669,1.1862330025833532,0.06966017281068634,1.7495268277455691,0.028836091494152838,0.4294159650104621,0.00039578306805021653,0.03483008640534317,0.12660935534264461,0.11432534550294082,0.08818487848793266,7.8125e-06,,,,,,,,,
3899,-0.17814503009040622,1.2480853541601982,0.05871934318794982,1.7669357274865969,0.027137934564428704,0.41190639089120284,0.0003092093780426499,0.02935967159397491,0.18231421512196755,0.11094625947214698,0.08607232255310152,7.8125e-06,,,,,,,,,
3900,-0.20385655725773016,1.3235427152617003,0.06586124097525653,1.7572859995587247,0.026403343755110296,0.3908796692555647,0.00039738159861648763,0.032930620487628265,0.2078198312467552,0.10851561930911957,0.08682407013516658,7.8125e-06,-0.16676527440705424,1.282819849679502,0.1711585848552697,0.07204529874556873,1.7394517713180013,0.02832188855932758,0.4336031906807247,0.0003861374322235493,0.03602264937278436
3901,-0.12767791373999474,1.22142347017938,0.0707697137168917,1.745693609346644,0.028508334245611888,0.433971267116405,0.000368535968355831,0.03538485685844585,0.13207415356379426,0.11339708451866483,0.08684957525386724,7.8125e-06,,,,,,,,,
3902,-0.10576686466545476,1.1860541011516226,0.07894247141185994,1.7245856795951042,0.02922347074418811,0.4784486658638104,0.0004348150366419581,0.03947123570592997,0.11061241656696115,0.11539916010839102,0.08638939339511444,7.8125e-06,,,,,,,,,
3903,-0.15213613279559907,1.2423349002524249,0.047879894367983414,1.8232824560441958,0.022916483716018357,0.3061024674072569,0.00028038199115549715,0.023939947183991707,0.1552421340613276,0.09953672524609268,0.08389384784311502,7.8125e-06,,,,,,,,,
3904,-0.08496333224133387,1.132952636216542,0.05460236854435966,1.7899528233083912,0.02664562216021826,0.39105903840194445,0.0003117208295382065,0.02730118427217983,0.08892224054615396,0.10818389288778094,0.08600872936766604,7.8125e-06,,,,,,,,,
3905,-0.08921920450677262,1.1606766284836605,0.06456707981145744,1.7737506048922018,0.026195346173005715,0.38016404512438656,0.00037029119854874144,0.032283539905728714,0.09307456891595661,0.10769008102973654,0.08606001558912867,7.8125e-06,,,,,,,,,
3906,-0.14415111172840409,1.242063844218234,0.07721727308838716,1.7213462944325713,0.029360737299598136,0.4561413333160128,0.00041482298837039575,0.03860863654419358,0.14877249539093645,0.1160481175860946,0.08778519630061751,7.8125e-06,,,,,,,,,
3907,-0.1573403628498446,1.2627342809621174,0.07217750367256122,1.739234987469616,0.028833462814098695,0.41578463135880833,0.0003889935854301987,0.03608875183628061,0.16155558020099797,0.11470482583808714,0.08832160093310244,7.8125e-06,,,,,,,,,
3908,-0.1315456391874291,1.2297451910318815,0.07409088799618262,1.735321047791938,0.028394152989314414,0.4220217731505128,0.0003934162970064283,0.03704544399809131,0.13582418973638027,0.11314404557451596,0.08909792766005298,7.8125e-06,,,,,,,,,
3909,-0.06796136966350516,1.1361605384157503,0.0645540074976246,1.7703497397090233,0.02803150999477779,0.438910687757075,0.0003252640389355197,0.0322770037488123,0.07240370968261117,0.11124682382083778,0.08628710645860188,7.8125e-06,,,,,,,,,
3910,-0.20164327349879624,1.2986378854685312,0.05152793015784701,1.7846365660919403,0.027190881245332924,0.3940553473550884,0.00026755986992123553,0.025763965078923506,0.20563011290178618,0.11036664979823038,0.08504992947368534,7.8125e-06,,,,,,,,,
3911,-0.1754687439609418,1.2680655046491247,0.06842781629636276,1.7503905083814137,0.02705983089356028,0.37141578290874105,0.0003883122816360906,0.03421390814818138,0.17923850272607758,0.11024698129499766,0.08871021579431825,7.8125e-06,,,,,,,,,
3912,-0.1102136279147809,1.1687972790725025,0.08261545340354609,1.729220937968598,0.02691069354607383,0.41762366537839357,0.00044687381545819877,0.04130772670177305,0.11445293324280087,0.11037803004831861,0.08708867761007388,7.8125e-06,,,,,,,,,
3913,-0.04889877580888039,1.112324821681164,0.07986342152170517,1.7201729055303483,0.029801535968199958,0.4864140130129178,0.00044474245227049474,0.039931710760852585,0.05382449680334843,0.11683627791188007,0.08733883054044933,7.8125e-06,,,,,,,,,
3914,-0.2191358203510961,1.3519895976520173,0.057167253904761677,1.7838478312600405,0.025376923505164413,0.3689310010592196,0.0003200208649143163,0.028583626952380838,0.22287475267560242,0.10541280634242284,0.08442556915017022,7.8125e-06,,,,,,,,,
3915,-0.12538916090750718,1.2107649654349946,0.07725135473569533,1.7255972720559374,0.028321634096793825,0.4480150472661767,0.0004326217142860086,0.038625677367847666,0.1299295192474002,0.11290724593220326,0.08733369452953048,7.8125e-06,,,,,,,,,
3916,-0.16706286989437147,1.2634332148814629,0.07427817841775328,1.7356160614718483,0.02808422482605146,0.43708015271877804,0.0004097390908119257,0.03713908920887664,0.17149226406229093,0.11290518442997945,0.08623049632131397,7.8125e-06,,,,,,,,,
3917,-0.1904039877560541,1.308168646074503,0.05351890413905565,1.7915006742438007,0.02506847651170369,0.3609895862302216,0.0003040807129795611,0.026759452069527824,0.19406159888429808,0.1044664689620016,0.08403624086820638,7.8125e-06,,,,,,,,,
3918,-0.17043061658901623,1.2304856003039912,0.05172450151683804,1.793620446599785,0.02672588845376963,0.36426827648279464,0.000288811593091358,0.02586225075841902,0.1741199859249995,0.10934169347296704,0.08637725716446629,7.8125e-06,,,,,,,,,
3919,-0.22349139391201003,1.3287959785061016,0.07245740213344444,1.7400759162194774,0.026925194573624963,0.3895631775855959,0.0003923715907810705,0.03622870106672222,0.2274445788640027,0.10964211559711072,0.08749843814837345,7.8125e-06,,,,,,,,,
3920,-0.2655910224578152,1.422430825614087,0.06636613063406849,1.7477338403035592,0.02544561380015891,0.3671730902616688,0.0003858889646438828,0.033183065317034244,0.26931727265379835,0.10686178424484272,0.08505719822778955,7.8125e-06,,,,,,,,,
3921,-0.09232373915413356,1.1364522764499245,0.08676855363805332,1.7062708308555024,0.028993558433014047,0.46092400836103964,0.00046283679274277485,0.04338427681902666,0.09699805459079897,0.11549001557548852,0.08827168141195836,7.8125e-06,,,,,,,,,
3922,-0.18155954837502253,1.278631558210109,0.06070452788182009,1.7659661821853732,0.027580855528258914,0.39927483914892914,0.0003219278453901334,0.030352263940910045,0.1856035279707285,0.11186969403689007,0.08635992397199846,7.8125e-06,,,,,,,,,
3923,-0.08262958607528567,1.130849801576432,0.07341515653349473,1.750925251824111,0.026445919718868047,0.4261404441340808,0.00039565881429775803,0.036707578266747365,0.08694916393555444,0.10800219742324516,0.08547968241755133,7.8125e-06,,,,,,,,,
3924,-0.23023483167987735,1.382374815466192,0.06401634867740677,1.7577404500674092,0.026460812325574283,0.39950511614219664,0.0003689562329633498,0.032008174338703385,0.23428315798246835,0.10876827128527537,0.0847544031072503,7.8125e-06,,,,,,,,,
3925,-0.13158012541550035,1.2298472394766358,0.06632573574855025,1.7671117846723945,0.025927752157841648,0.37952843467976277,0.000380089624318713,0.03316286787427512,0.13543004464426217,0.10691702965703198,0.08632499227657832,7.8125e-06,,,,,,,,,
3926,-0.14514521445820533,1.2250826827334147,0.05811757834140581,1.7958238232209773,0.025730550961775824,0.34557475473416444,0.0002949217255739555,0.029058789170702905,0.14865092825020565,0.10680773665809398,0.08654046318314562,7.8125e-06,,,,,,,,,
3927,-0.159013883757893,1.252419611478007,0.05694553253826888,1.7881894150816198,0.026875592210028543,0.3736462222879292,0.0003219910533084505,0.028472766269134444,0.16279992055172532,0.10886882369348783,0.08711038078185321,7.8125e-06,,,,,,,,,
3928,-0.24116055941524106,1.370746969057382,0.054243529256802606,1.7793976846485053,0.025982976713016113,0.35846700784443175,0.0002971455792137019,0.027121764628401306,0.24479311669095238,0.10744492522660917,0.08586610119619592,7.8125e-06,,,,,,,,,
3929,-0.18897193442825516,1.3132221551672678,0.0688039507900558,1.755733038525467,0.02688331047732588,0.3945874532033724,0.00037550874085212063,0.0344019753950279,0.19297352335347767,0.10914250382128,0.08787511746714206,7.8125e-06,,,,,,,,,
3930,-0.1941707909006815,1.3482960953954461,0.07130358271000747,1.7415237242090604,0.027789619518273835,0.42676610244522595,0.00037994893089550745,0.03565179135500374,0.1984953184430398,0.11250883422121899,0.08650823418404725,7.8125e-06,,,,,,,,,
3931,-0.16580606744416873,1.2737453087287531,0.07409351651744983,1.7300173544090978,0.02683057769914661,0.40336555345333786,0.00039445598944349663,0.037046758258724916,0.16989801447039937,0.109680166284219,0.08651328831542472,7.8125e-06,,,,,,,,,
3932,-0.06406399371684529,1.1640038337380605,0.07819005629356465,1.7359722238183564,0.027960482256276224,0.45392276390844655,0.00043819053481743413,0.039095028146782326,0.06866405801166289,0.11095612042558049,0.08765134963304475,7.8125e-06,,,,,,,,,
3933,-0.27478756385627867,1.412166984297705,0.04685007227666384,1.8018564384416746,0.024653676516011382,0.31623809257617574,0.0002694893628584546,0.02342503613833192,0.2779940832761918,0.10519688631863672,0.08433713012144983,7.8125e-06,,,,,,,,,
3934,-0.029096951307949974,1.1007988685355194,0.08375398568219594,1.7253497120701602,0.028799819388418833,0.4625845239687988,0.0004754470354840756,0.04187699284109798,0.0337866815079546,0.11346835601936561,0.08799930693697783,7.8125e-06,,,,,,,,,
3935,-0.27917870831338365,1.396539715554354,0.04273611356523198,1.8084192340285046,0.024657779201404648,0.32713199336465437,0.00020276178650063917,0.02136805678261599,0.2824915081140181,0.10453307839243221,0.08403996050557874,7.8125e-06,,,,,,,,,
3936,-0.1235888700003725,1.2446908088716815,0.0646409431019332,1.7762032277561544,0.025858936782924617,0.38790860125949345,0.0003382880874695679,0.032320471550966595,0.12752142139767064,0.1057023254568832,0.08618665683261795,7.8125e-06,,,,,,,,,
3937,-0.12057611596913691,1.188251064138597,0.06860939417107265,1.741210650278701,0.028908214462570678,0.4460228722039421,0.0003923346974327016,0.03430469708553632,0.125091984841739,0.11498136385989748,0.0870933095789789,7.8125e-06,,,,,,,,,
3938,-0.1593885023531047,1.245373738790414,0.06232372088550892,1.766013289274076,0.027115592693763103,0.42077902995716515,0.00034447963812917414,0.03116186044275446,0.16364855944239318,0.11044962747148407,0.0849926990697848,7.8125e-06,,,,,,,,,
3939,-0.1604528626900241,1.2584949296454826,0.05949395306884882,1.7644862280801146,0.027918229432787593,0.4288913716409717,0.0002991592933456349,0.02974697653442441,0.16479215983818246,0.11238897899544403,0.08478494390566704,7.8125e-06,,,,,,,,,
3940,-0.11292272017507161,1.2043815020479829,0.0655722132176996,1.7541966002500344,0.02720270233954974,0.41580147586824107,0.00035837923875456086,0.0327861066088498,0.11713464679875292,0.10980923443298396,0.0866202321681288,7.8125e-06,,,,,,,,,
3941,-0.18739788538764568,1.2784428007860429,0.05986282077479549,1.7739753244055305,0.026736440980966166,0.36229081865542445,0.0003154096485684899,0.029931410387397744,0.1910716188343171,0.1100445798432104,0.0878300977560095,7.8125e-06,,,,,,,,,
3942,-0.11326321597225544,1.2167431283675718,0.06481862234459397,1.766886688093776,0.0268921396086767,0.3837511968070859,0.00033894888641327876,0.03240931117229698,0.11715419560724365,0.10955920534749541,0.08754727004860763,7.8125e-06,,,,,,,,,
3943,-0.18260056166987204,1.2788525910596311,0.05265133927142446,1.7881053124591972,0.025474185796402076,0.3721544055467148,0.00031943011072828423,0.02632566963571223,0.18636950674920677,0.10611793325579608,0.08395253975754025,7.8125e-06,,,,,,,,,
3944,-0.25785259045343867,1.371621654960832,0.04745354900858205,1.8147237218302625,0.0237160138551819,0.3046162409694576,0.00026644746199430496,0.023726774504291025,0.2609432913494758,0.10271714521641462,0.0833161653370025,7.8125e-06,,,,,,,,,
3945,-0.19796279916147627,1.28679929806517,0.05540941701272834,1.775373056385415,0.026711218613360028,0.3753632919760117,0.0002833879103985612,0.027704708506364167,0.20176472439941062,0.10999509759826509,0.08574525189818699,7.8125e-06,,,,,,,,,
3946,-0.18227390576185037,1.2906440094974645,0.05862004230633843,1.7895280650649426,0.02453237091006815,0.3325568829806676,0.0003171966974632448,0.029310021153169222,0.1856498518604355,0.10374687444385478,0.08654756890091711,7.8125e-06,,,,,,,,,
3947,-0.2483502553821469,1.377367821369241,0.06645507485555827,1.7495448160019547,0.02791199387989969,0.3812919155103204,0.0003651159356603507,0.03322753742777913,0.2522175486821945,0.11224172447354334,0.08876072198731741,7.8125e-06,,,,,,,,,
3948,-0.11678227716891475,1.1868778700459282,0.07948542597966182,1.7080377820504462,0.03013300723020943,0.47887624789879013,0.0004454583822384601,0.03974271298983091,0.12163231732253538,0.11765994836828601,0.08843883915550196,7.8125e-06,,,,,,,,,
3949,-0.14911012886794864,1.2353763793544177,0.0758617464247233,1.7364866312994374,0.027693380697007733,0.4185663858544954,0.00039115923372797835,0.03793087321236165,0.15335500005835623,0.11207900060175635,0.08781499004609176,7.8125e-06,,,,,,,,,
3950,-0.18868750746835944,1.2464951865754605,0.06344250054126771,1.7490433853985476,0.02907750127755516,0.4120291557914953,0.00035761132826719807,0.031721250270633855,0.19286058682368168,0.11599333488785085,0.08774049210495913,7.8125e-06,-0.16676479981470882,1.2828100486303655,0.1711590372443872,0.07204590066113951,1.739352043336761,0.028324448076082878,0.433695958160508,0.00038613773093849045,0.03602295033056976
3951,-0.10560419645486858,1.1705911519211463,0.06999023165269205,1.7535775876432975,0.02841882528786372,0.4419649955102295,0.00041788563434423247,0.03499511582634603,0.11008055615801711,0.11334167129368254,0.08680315765065073,7.8125e-06,,,,,,,,,
3952,-0.11209604197364764,1.1835569099587175,0.05959090204185047,1.7821715335021402,0.027243195567977253,0.3988254958211116,0.0003261407957053916,0.029795451020925234,0.11613517550617175,0.1098152084941939,0.08708794997601732,7.8125e-06,,,,,,,,,
3953,-0.08767186460163263,1.1523104203723034,0.06921058473011835,1.741090344112885,0.029418130397470918,0.47327267130839334,0.0004051736009929517,0.03460529236505917,0.0924606592465327,0.11625099618217338,0.08643062871903168,7.8125e-06,,,,,,,,,
3954,-0.21304821801572277,1.322375832815852,0.06421285820829628,1.7632678320917958,0.025425832592897855,0.374597242527804,0.00032426636243812056,0.03210642910414814,0.21684717221205024,0.10596924014099998,0.08594365055625255,7.8125e-06,,,,,,,,,
3955,-0.16991221831074882,1.2551287288561488,0.06971653463482366,1.756513474546734,0.02580180439611315,0.37231991462181974,0.00039125506961323837,0.03485826731741183,0.17369175340972604,0.10746300370009321,0.08673841500355536,7.8125e-06,,,,,,,,,
3956,-0.07828699260387963,1.158609212624119,0.08840963793229265,1.6959075105204973,0.03053374009999564,0.4978065397355378,0.00048434437538284704,0.04420481896614632,0.08333106533906019,0.11907887063811431,0.08816332753858779,7.8125e-06,,,,,,,,,
3957,-0.22266517805304056,1.3342808266925732,0.060737951647878693,1.7581117597932605,0.027231557128562497,0.40357794547311177,0.00035428876289259184,0.030368975823939347,0.2267524504888225,0.11110045527826379,0.08460767127605937,7.8125e-06,,,,,,,,,
3958,-0.19900881927765185,1.3193793958787667,0.07292313912573087,1.7255821684033266,0.02910710044157282,0.45801906244313895,0.0004060721197891009,0.036461569562865434,0.203646788014528,0.11567054943956007,0.08582000606739118,7.8125e-06,,,,,,,,,
3959,-0.12508865895404964,1.2137675653255364,0.06510734834214366,1.7676842675623978,0.02610139189354951,0.3920574312860525,0.00034906045617487933,0.03255367417107183,0.1290629543883186,0.10764368482783745,0.0856713785897097,7.8125e-06,,,,,,,,,
3960,-0.2388749948081248,1.3567449931042261,0.05298641155696,1.77913586884228,0.026477737682678196,0.3812886474093352,0.0002815269303432202,0.02649320577848,0.24273498111598846,0.10884401643712706,0.0846917883584173,7.8125e-06,,,,,,,,,
3961,-0.18563109115915988,1.2602386426726724,0.056404806680350805,1.766927988616048,0.02807895247886244,0.4040303757818201,0.0003054634132405342,0.028202403340175403,0.18972032123433685,0.11269579146425313,0.08680486272401991,7.8125e-06,,,,,,,,,
3962,-0.19354017989261074,1.2851789277961898,0.08627905199004551,1.7071333630115837,0.028660456474459625,0.42485287268668553,0.00048390209322979376,0.04313952599502276,0.19785375850003506,0.1144542562415349,0.08955249046716585,7.8125e-06,,,,,,,,,
3963,-0.1630120181735016,1.2517723084908303,0.06140335404133787,1.7625714625643936,0.028698010666551817,0.4191954526595728,0.0003585967317413149,0.030701677020668935,0.16725588605906105,0.11421744863356206,0.08693046649655378,7.8125e-06,,,,,,,,,
3964,-0.20483619836528086,1.2908646523793177,0.059694974155519616,1.761835473217498,0.02639538507477428,0.40540500531119855,0.00031623724391675173,0.029847487077759808,0.20894087663264194,0.10886626571151789,0.08430386782502133,7.8125e-06,,,,,,,,,
3965,-0.11263871308169277,1.1740938145185322,0.06480017971683197,1.7625483285068722,0.02770551725192645,0.410414351521955,0.00037072594977342226,0.032400089858415984,0.11679658942955354,0.11129903102249691,0.08840452047658226,7.8125e-06,,,,,,,,,
3966,-0.2414252862273041,1.3763250934105473,0.06402787608365824,1.7661380075928037,0.025539533843501723,0.3500584568074311,0.0003487029612950084,0.032013938041829115,0.24497903314310915,0.10651572152382083,0.08765255940780894,7.8125e-06,,,,,,,,,
3967,-0.3269851836515926,1.5102894202613968,0.06476549951729174,1.754072421678906,0.026754904710887293,0.3634257496308758,0.00033205402467645064,0.03238274975864587,0.33067268516212356,0.10977782246709794,0.08756924937334887,7.8125e-06,,,,,,,,,
3968,-0.10984163980315531,1.1862445273537285,0.062376743087563385,1.7676829463950616,0.02739460835567044,0.39790334751315204,0.00032253786994870706,0.031188371543781693,0.11387276385799405,0.11073095806902938,0.08674348346472927,7.8125e-06,,,,,,,,,
3969,-0.27186719078066923,1.3991266560847282,0.04469155509377462,1.8103562456303854,0.02295185971865698,0.27017147839472966,0.00023890063228055352,0.02234577754688731,0.2746117439109425,0.10042375970648788,0.08462422336867241,7.8125e-06,,,,,,,,,
3970,-0.15604810387896106,1.257744853298927,0.08286985371310843,1.7078510873192034,0.02995341149892773,0.4604114494204865,0.0004722511114794375,0.04143492685655421,0.16071545432201045,0.11703587725828626,0.08994243647196024,7.8125e-06,,,,,,,,,
3971,-0.19143356035889336,1.2718983258409837,0.05535814060520215,1.781382118131582,0.026768600135997297,0.3770400001914056,0.00032442385187717227,0.027679070302601076,0.1952526974908101,0.10991755908577713,0.08589781631342785,7.8125e-06,,,,,,,,,
3972,-0.10912936233900872,1.185198199923291,0.06858055163351107,1.7440013229849487,0.029394361818236396,0.48035120100206885,0.00039996945949882486,0.03429027581675553,0.113988604332671,0.11545822029690916,0.08696236211010336,7.8125e-06,,,,,,,,,
3973,-0.18116388677288747,1.2489128922325083,0.06436995670733381,1.7553117797093631,0.02824046188154643,0.39932016121437164,0.0003532542140497086,0.032184978353666904,0.18521035902332245,0.11325399492915535,0.08838001120112887,7.8125e-06,,,,,,,,,
3974,-0.15464419484353242,1.266987219619792,0.08241208117614401,1.7216680364627324,0.028456664173863284,0.43686600530295944,0.0004662744600697204,0.04120604058807201,0.1590759403621154,0.11296944743750453,0.08865222426362152,7.8125e-06,,,,,,,,,
3975,-0.11782481573762016,1.1863488672329727,0.08292269726732371,1.717018010458263,0.028609252359625942,0.4548008985088736,0.00045392965431578195,0.041461348633661854,0.12243599554799033,0.11397767902573169,0.08690896314417079,7.8125e-06,,,,,,,,,
3976,-0.2594837686666682,1.4009117860901337,0.055634887057622276,1.7766614255635123,0.02582275975041787,0.35756798313391897,0.00030008435330483254,0.027817443528811138,0.26310803339932487,0.10701640847898769,0.08501635499962076,7.8125e-06,,,,,,,,,
3977,-0.14360135898648083,1.2181299373083374,0.06935527141284287,1.7480011390479406,0.02758895088357969,0.40273819636214475,0.0003737407485482943,0.034677635706421434,0.14768463600468468,0.11161996412017595,0.08711190167746563,7.8125e-06,,,,,,,,,
3978,-0.2514928933427212,1.3732198580065655,0.04651159355108471,1.7962732586670245,0.026209307962420277,0.36949497373686613,0.0002514081499884346,0.023255796775542355,0.2552315756909519,0.10828472999466689,0.08463769019383047,7.8125e-06,,,,,,,,,
3979,-0.15914793688777124,1.2435844009750614,0.05674138764609876,1.7867222483424312,0.025216332763819408,0.3608381150390067,0.0003019248348089956,0.02837069382304938,0.16280557520281588,0.10518260851089029,0.08489055553470391,7.8125e-06,,,,,,,,,
3980,-0.2643822184790049,1.4147937946997298,0.051480590002961416,1.7969599143797323,0.024430123362188888,0.313354949000479,0.0002677596220032382,0.025740295001480708,0.26756215545937495,0.1037699614224607,0.08645204047539942,7.8125e-06,,,,,,,,,
3981,-0.16616537822835664,1.2538492357216722,0.061401955567551444,1.7665401788634763,0.027091191583384792,0.3843175127648412,0.00036996441209148634,0.030700977783775722,0.17006061937969838,0.11075463208949042,0.08689015970675162,7.8125e-06,,,,,,,,,
3982,-0.23697474493345821,1.334968931109454,0.0710581391538593,1.7238843831473305,0.029323055053168824,0.449207464679075,0.0004272880267407064,0.03552906957692966,0.24152386037392476,0.1164484515921869,0.08717803571998009,7.8125e-06,,,,,,,,,
3983,-0.16574932319076632,1.2634856766267353,0.07735077061782669,1.7155230688410905,0.028941265440847568,0.4258386275151077,0.0004196060969621708,0.038675385308913346,0.17006773614288434,0.11501435830250814,0.08864243381415647,7.8125e-06,,,,,,,,,
3984,-0.20661444842986987,1.3123616451551037,0.056119550204473984,1.7932771030846386,0.025135312894405314,0.34767378534608206,0.0003388317147904658,0.02805977510223699,0.21014056714661167,0.10536423483584603,0.08549218464700237,7.8125e-06,,,,,,,,,
3985,-0.11689907892179988,1.193260685418282,0.08672127532194629,1.6975249746550256,0.03008611641700428,0.4896656315048672,0.0004626425981852124,0.043360637660973145,0.12186069755023791,0.1180475343909703,0.08758771303381355,7.8125e-06,,,,,,,,,
3986,-0.1654831237195425,1.239760451620743,0.07453183556650195,1.7328709886552462,0.028145188289450035,0.4238110175424594,0.0004453402064933221,0.03726591778325097,0.16978028192470185,0.11297237710139185,0.08750711809751283,7.8125e-06,,,,,,,,,
3987,-0.19973747880926163,1.297312655643318,0.07395916266176755,1.730359326775113,0.02781683951632917,0.4230325772378384,0.00042194143985706283,0.036979581330883776,0.20402630717063716,0.11217781941413871,0.08676827225579148,7.8125e-06,,,,,,,,,
3988,-0.18094438791103773,1.2856512839290857,0.06742599841523497,1.7462879073221786,0.02834822590878772,0.4090824245012985,0.0004085510492967797,0.033712999207617486,0.18509047354482455,0.11393054537352468,0.08852149112448371,7.8125e-06,,,,,,,,,
3989,-0.2937779686506773,1.4213900138020312,0.05632589993574105,1.7692591156391215,0.026860542288807174,0.35407805645060353,0.00029624202971105745,0.028162949967870526,0.2973675671766047,0.1102135959826222,0.08761362980298154,7.8125e-06,,,,,,,,,
3990,-0.0906681726963821,1.1442229223764617,0.06818683047526382,1.7597473706692597,0.0282718387387944,0.43970004446879385,0.000342861877555662,0.03409341523763191,0.09512029264878993,0.11247012567251977,0.08692165743873326,7.8125e-06,,,,,,,,,
3991,-0.16504606813713185,1.2614965598174117,0.062385140830638876,1.7693913412232876,0.026640387437169972,0.381882447209308,0.00031005847289226375,0.031192570415319434,0.16891687967778138,0.10879505438525644,0.08644729858034911,7.8125e-06,,,,,,,,,
3992,-0.14444523680775023,1.2285840111099833,0.06400403806022639,1.7704201175161915,0.026954457270509907,0.4177015783627151,0.0003229249925239345,0.032002019030113196,0.14867518806150792,0.10994156369312602,0.08524668439224631,7.8125e-06,,,,,,,,,
3993,-0.1253734021483332,1.203235101040188,0.06056851462916328,1.7785848048231263,0.02650713778617983,0.3812763886217712,0.0003233148288991333,0.03028425731458164,0.1292374692882027,0.10836363128780802,0.08602154080887583,7.8125e-06,,,,,,,,,
3994,-0.1669188155793227,1.26693982916396,0.06394695179383472,1.7668665968631436,0.026506025769724627,0.40167276933805723,0.00035039055312172964,0.031973475896917354,0.17098868932010003,0.1083872849696218,0.08561286978666283,7.8125e-06,,,,,,,,,
3995,-0.1658017521147066,1.280045517367584,0.06478634210436887,1.7615934439104117,0.026185858963426324,0.3888330988479105,0.00033713092311014447,0.032393171052184436,0.1697434635179081,0.10806671969242679,0.08430891098582077,7.8125e-06,,,,,,,,,
3996,-0.1537928332174079,1.246637089220748,0.05295972183728959,1.7748984996072221,0.027189414072524166,0.38583237694239103,0.0002873058107255806,0.0264798609186448,0.15769825889085376,0.11027355455977791,0.08566542706116756,7.8125e-06,,,,,,,,,
3997,-0.05303694999478105,1.1044080372907872,0.08418273077012546,1.7139492661589668,0.02942387166108029,0.484925961571915,0.00046682462778221045,0.04209136538506273,0.05795010871482467,0.11623692289855078,0.08750211575047182,7.8125e-06,,,,,,,,,
3998,-0.04617960225369265,1.1057182206220462,0.07602357845258065,1.7400174031569418,0.02739383626523264,0.43648611698619855,0.00043318534760851277,0.03801178922629033,0.05060420724028858,0.10956554253589952,0.08693914399622793,7.8125e-06,,,,,,,,,
3999,-0.15961148090206842,1.2769797359586867,0.07414241861700083,1.7394252371329675,0.028289913957149675,0.4414871463196688,0.0004033146550255257,0.037071209308500414,0.16408485097349518,0.11266262873726032,0.08652547174499581,7.8125e-06,,,,,,,,,
4000,-0.12031741050125817,1.206575727115139,0.07979299980752023,1.7177253586171286,0.029332060811082916,0.46511999136706217,0.0004036969988814872,0.03989649990376012,0.12502972113840755,0.11573072983989571,0.08741857467630972,3.90625e-06,-0.16674179214212803,1.2827352021014153,0.1711777606932322,0.07197523212988109,1.7385739509678515,0.028506554655249157,0.43787377287302737,0.00038574667992878506,0.035987616064940546
