method,mean_terminal,std_terminal,median_terminal,mean_gross_lev,mean_cash_w,mean_turnover
CenterOnly_Daily,1.1154078632249396,0.2715828910477109,1.232751561136364,1.4410179512422483,-0.07849789853461056,0.1265839632930427
CenterOnly_FixedBand,1.1288851128768005,0.2688031463883176,1.243204645975924,1.408137407693923,-0.057141109889906144,0.09235090231663755
CenterOnly_Monthly,1.1294013449031903,0.26758434948571796,1.2353832473858408,1.4599475611834476,-0.09764981622218773,0.03228124706868887
DNNBand,1.2415193564981761,0.32222061352338266,1.2280377101724778,1.4678331959888054,0.17366150217702417,0.02418862403595581
EW_Monthly,1.0516254165147805,0.26964408917425814,1.0556256634529588,1.0,0.0,0.005881027678569911
MeanVar_Monthly,0.9951080458565517,0.22490282419954202,0.9748592256553517,1.5,0.7632772632772652,0.0089897108157937
MinVar_Monthly,1.0523356490648748,0.2584900935992745,1.0514497041712878,1.0,0.0,0.0058194083977210235
