method,mean_terminal,std_terminal,median_terminal,mean_gross_lev,mean_cash_w,mean_turnover
CenterOnly,1.165203920435981,0.2429087691076286,1.2851173966641543,1.3629763521653548,-0.023204906106765483,0.12332657610544885
DNNBand,1.1908686858883377,0.2460272778768521,1.2782814651087024,1.3324647978035273,0.29872474497466056,0.03297762129160226
EW,1.0586945240787649,0.2704449072458552,1.0613707816780547,1.0,0.0,0.01213966194250379
MeanVar,1.0869265594472601,1.1718080288505206,0.7120244705677433,6.336526946107819,2.220446049250313e-15,0.2827426077521871
MinVar,1.0590085128620847,0.2594808535436446,1.05459412738373,1.0,0.0,0.011953014461533237
