method,mean_terminal,std_terminal,median_terminal,mean_gross_lev,mean_cash_w,mean_turnover
CenterOnly_Daily,1.1355033083253394,0.29581080111988434,1.2266572866171392,1.5482456505209419,-0.0816962423001565,0.1276290832265701
CenterOnly_FixedBand,1.1484106777000676,0.29358283042443445,1.2423037206763032,1.5155243127294666,-0.0627248932495763,0.09318385956677293
CenterOnly_Monthly,1.147155424976317,0.29074584407769527,1.215572113353125,1.5665443623295605,-0.09177963679588298,0.033814350862171196
EW_Monthly,1.0516254165147805,0.2696440891742581,1.0556256634529588,1.0,0.0,0.005881027678569911
MeanVar_Monthly,0.9951080458565517,0.22490282419954208,0.9748592256553518,1.5,0.7632772632772652,0.0089897108157937
MinVar_Monthly,1.0523356490648748,0.2584900935992745,1.0514497041712878,1.0,0.0,0.0058194083977210235
Stage2RL,1.1446705805183972,0.2886528823198764,1.231555463626533,1.4908914162873934,-0.06014085882430483,0.0902130990889138
