{
  "mode": "true_params",
  "seed": 0,
  "iters": 3000,
  "T": 5.0,
  "dt": 0.003968253968253968,
  "a_max": 2.0,
  "r": 0.01,
  "x0": 1.0,
  "p0": 0.5,
  "z": 1.5,
  "Lambda": 0.1,
  "alpha_theta": 0.001,
  "alpha_phi": 0.001,
  "alpha_w": 0.005,
  "omega_update_every": 20,
  "critic_steps": 5,
  "advantage_norm_eps": 1e-08,
  "omega_ema_beta": 0.9,
  "true_params": {
    "mu1": [
      0.25,
      0.18
    ],
    "mu2": [
      -0.73,
      -0.4
    ],
    "Sigma1": [
      [
        0.0484,
        0.011879999999999998
      ],
      [
        0.011879999999999998,
        0.0324
      ]
    ],
    "Sigma2": [
      [
        0.0484,
        0.019799999999999998
      ],
      [
        0.019799999999999998,
        0.0324
      ]
    ],
    "lam1": 0.36,
    "lam2": 2.89,
    "r": 0.01
  },
  "filter_params": {
    "mu1": [
      0.25,
      0.18
    ],
    "mu2": [
      -0.73,
      -0.4
    ],
    "Sigma1": [
      [
        0.0484,
        0.011879999999999998
      ],
      [
        0.011879999999999998,
        0.0324
      ]
    ],
    "Sigma2": [
      [
        0.0484,
        0.019799999999999998
      ],
      [
        0.019799999999999998,
        0.0324
      ]
    ],
    "lam1": 0.36,
    "lam2": 2.89,
    "r": 0.01
  },
  "estimated_params": {
    "mu1": [
      0.25,
      0.18
    ],
    "mu2": [
      -0.73,
      -0.4
    ],
    "Sigma1": [
      [
        0.0484,
        0.011879999999999998
      ],
      [
        0.011879999999999998,
        0.0324
      ]
    ],
    "Sigma2": [
      [
        0.0484,
        0.019799999999999998
      ],
      [
        0.019799999999999998,
        0.0324
      ]
    ],
    "lam1": 0.36,
    "lam2": 2.89,
    "r": 0.01
  }
}