{
  "mode": "estimated_params",
  "seed": 0,
  "iters": 9000,
  "T": 1.0,
  "dt": 0.003968253968253968,
  "a_max": 1.0,
  "cap_mode": "component_tanh",
  "r": 0.01,
  "x0": 1.0,
  "p0": 0.5,
  "z": 1.2,
  "Lambda": 1.0,
  "alpha_theta": 0.0003,
  "alpha_phi": 0.0001,
  "alpha_w": 0.01,
  "omega_update_every": 10,
  "critic_steps": 1,
  "advantage_norm_eps": 1e-08,
  "omega_ema_beta": 0.5,
  "g_p_dep": true,
  "actor_mix_tail": 0.3,
  "cov_scale": 0.1,
  "lr_step_every": 2000,
  "lr_gamma": 0.5,
  "policy_params": {
    "mu1": [
      0.38834210144407616,
      0.21735323517734098
    ],
    "mu2": [
      -0.42988026127683576,
      -0.3930054537461305
    ],
    "Sigma": [
      [
        0.04902392039360649,
        0.011747326094929235
      ],
      [
        0.011747326094929235,
        0.03225187301503191
      ]
    ],
    "lam1": 0.16409811156935206,
    "lam2": 1.7499999999999938,
    "r": 0.01
  },
  "true_params": {
    "mu1": [
      0.25,
      0.18
    ],
    "mu2": [
      -0.73,
      -0.4
    ],
    "Sigma": [
      [
        0.0484,
        0.011879999999999998
      ],
      [
        0.011879999999999998,
        0.0324
      ]
    ],
    "lam1": 0.36,
    "lam2": 2.89,
    "r": 0.01
  },
  "filter_params": {
    "mu1": [
      0.38834210144407616,
      0.21735323517734098
    ],
    "mu2": [
      -0.42988026127683576,
      -0.3930054537461305
    ],
    "Sigma": [
      [
        0.04902392039360649,
        0.011747326094929235
      ],
      [
        0.011747326094929235,
        0.03225187301503191
      ]
    ],
    "lam1": 0.16409811156935206,
    "lam2": 1.7499999999999938,
    "r": 0.01
  },
  "estimated_params": {
    "mu1": [
      0.38834210144407616,
      0.21735323517734098
    ],
    "mu2": [
      -0.42988026127683576,
      -0.3930054537461305
    ],
    "Sigma": [
      [
        0.04902392039360649,
        0.011747326094929235
      ],
      [
        0.011747326094929235,
        0.03225187301503191
      ]
    ],
    "lam1": 0.16409811156935206,
    "lam2": 1.7499999999999938,
    "r": 0.01
  }
}