ret1,ret2
-0.020831081898616488,0.002106264147581527
0.01749643207982584,0.008779051650455555
-0.0049403212769646,-0.012706175014282409
0.0021369063648235325,0.009590095692487284
-0.01672226914407998,-0.009292737231691491
-0.013303458861877693,0.0012470023916548766
-0.018218660006987648,0.020881402166775604
-0.015936518052380336,-0.003783814609603097
0.005225929079215101,-0.000631287991049838
-0.0022298810737826674,0.011529717445555579
-0.002459897509771433,-0.004966912923789777
0.008534739333823068,0.0011118113481235095
0.008731357666977437,0.004942305486397618
-0.012794669463074119,-0.014183020022320263
0.01754117418077342,-0.015100325348221108
-0.0038582209773674603,-0.008264177400686192
-0.02359409404007549,-0.018888462433974733
-0.005031059909694788,0.004797646375388442
0.016459632543888134,-0.009027330677569008
-0.013012741866099242,-0.006843609243887701
0.011531000270552216,0.0018578068909324628
-0.020962294228868167,-0.012951935464331345
0.012081016981795506,-0.010446156805259454
-0.02343194295635498,0.007535422147051646
-0.007798713026725723,0.005932154561053395
-0.013457939571395603,-0.006788450950716431
0.0028912388823800856,-0.016433333421344093
0.005492173705776741,-0.007170212485620344
-0.01826541368201295,-0.01564888221469523
-0.017443921225553622,-0.005804830163741054
0.03610413834097012,0.021516823901278164
-0.009780017061737332,-0.028647161373090244
0.0025117816913434246,0.015232767571253178
-0.013000232478893332,-0.006868875862567227
-0.017181852488714882,0.0033764156903422216
0.014019227708779409,0.014510458597764472
-0.011642902532721305,-0.021068904418549295
-0.014027451445045686,-0.014028439500434219
-0.0033246914019438825,0.004922880637576777
-0.0026552203563836416,-0.011038439386285327
0.001874020082951634,0.020494087977521044
0.0005560212614958949,-0.006115057486652493
-0.009307644095036106,-0.01693452639426812
0.013646965113707952,0.0029729256300219734
-0.009442320421987718,-0.013535350730539441
-0.0036512032566505615,-0.01347682424904789
0.01679837035480468,0.03340770741752118
0.007491520974948009,0.012328333696812771
0.01471466434055896,0.0022203136413192766
-0.0015641087155822278,0.005391705958487617
-0.020227087796531054,-0.014554342297762148
-0.0054387246558227995,-0.001292850422025842
-0.017880289832878097,-0.0035102932272762107
-0.007731698304243076,0.001580731886010629
0.012487284209758764,-0.0018206439199367837
-0.0011498359512305764,-0.006595262301513348
-0.01836408474310619,-0.009826982687797194
0.0035177406264810056,0.01418148674789845
0.019215261219907916,0.0088637387101766
-0.008204539902828583,0.006713484993813478
0.0018594030776442046,-0.003909519949988263
-0.003883457656560022,-0.0045272034573355414
-0.01634692275239302,-0.006204852915303441
-0.009274906824503517,0.006372054873783118
-0.019590203869967453,-0.01724096775359671
0.03535294217452532,0.017142956092101095
-0.008497605040157787,0.0003403795337781768
0.010939810254983168,-0.0037704081208320087
0.0006957172366603698,0.0026969709836239496
0.0031143381311510726,0.007109287114250877
-0.0023674607123812283,-0.006453232616297982
-0.032370332051514024,-0.005700406703429564
0.02216121456535511,0.0104274889281368
0.037262490967358466,0.0018302563282784022
-0.016272438548428966,-0.02146923932170046
0.014310348713222966,-0.020444468828610965
-0.018957621101759414,-0.005265568110688293
0.034104672791769826,0.005481760725898806
0.009452654620857705,-0.0003860931050981217
0.00501346385402314,0.014681882408518462
-0.03394707266530686,-0.01963337972438963
0.014529609166018809,0.009187142340715531
-0.006540865026610942,0.0032229284406695576
-0.0049768858866974415,0.001492190517841077
0.0025064943138657435,-0.009780782240154058
-0.0005358219401004873,0.0010558931426762612
0.0028462874325967838,-0.0009935973180598854
0.022858116748563088,-0.0019457579709897376
-0.007851217373670928,0.007365187470853754
0.026611289979475518,0.013746235816958264
0.00851642477143668,0.015512856587566657
-0.011066347362301861,-0.004651147113538146
-0.006378831312025275,-0.002614919412830324
0.005399754679531078,0.007479628501151342
0.008391351298899744,-0.0035626214626548005
-0.013439981076578207,-0.006030232459200636
0.017023954531684097,0.0048219620028118375
0.014931915947890487,0.01885643245933609
-0.012243806197830361,-0.023891456619176497
0.005788411578846238,0.021488140768096416
-0.011055851429292718,-0.0037247657439923375
-0.0037988697329422684,-0.011294027778367495
0.01063775700865714,0.009709164047399204
-0.008778262144590885,-0.0005316777403570624
0.016817142009085646,0.01091790187259108
0.004391543724642195,-0.01208580536016881
-0.008518220576905483,0.011529457339662314
-0.006126039424799565,0.0006772503064331506
-0.003831648663550294,-0.015460071063557243
0.0006592454329481356,-0.0009035971080482236
-0.016096594613338067,-0.006505219618947965
-0.021884005462852487,-0.01830881641330747
-0.015452927162332913,-0.005384112539568902
0.019560010671436433,0.018646721254853775
0.020811146202904345,0.015386914946413918
-0.007763169255200201,0.008903453788619472
0.011936788343761148,0.0033701232072514313
-0.009349231557531541,0.0054656799905232365
0.009992840262356393,0.009512017865218885
0.010024284704269784,0.010829541568763753
-0.008619562011284958,0.014320626303958379
-0.00037945133937575785,-0.017184319651055043
0.005320511572501007,0.003936671435237783
-0.031173980936736977,-0.016696442583484808
-0.0031399505466093215,-0.033366713858290944
0.014856885928700176,0.009724650152006336
-0.008992742960616421,0.005059613585283576
0.006173102534548,-0.0035853648966038495
-0.0005112846619094416,-0.008701714210172014
0.001657787240723313,-0.0111225485291796
0.004251363115299355,0.001292071645448573
0.01462381547172417,-0.015264198015723296
0.017218416441086414,-0.00848038168158418
-0.008262863642932109,-0.009433630848410127
0.028299825316305822,0.0025123297304827812
-0.03469719685195196,-0.005602227008155843
0.01630740147798778,-0.009223195243692356
-0.002797141821413333,0.01652901326373899
-0.015130705145856741,-0.007576281388837762
-0.00033173206583814185,0.0014196449451589406
-0.016731225561367375,0.008553588939453434
-0.014740647901566218,-0.01809856603511908
0.026454711317926524,0.004852746985175803
-0.009918341983031487,-0.007380068069555102
0.011129439754222288,-0.0029330632515591416
0.014759919903615481,0.002266612866714628
-0.004872997407887663,-0.011389543041911296
0.002956214020500614,-0.014986394129595595
-0.00014781988765931973,0.01612188995587843
0.0031638987937812565,0.0011101287276736216
0.002315184119491047,-0.0016908135838973155
0.011245298217991384,-0.014057637451918372
0.013801669967263437,0.014908192789196929
0.022512895581720815,0.022633919535451203
0.007586841929899392,0.0028811225756155967
0.014421963905919993,0.009918926720007977
-0.003867858886568371,0.0027532012030692865
0.00028674534056532207,0.015198241740560286
-0.010901319266463346,0.012337004084298553
-0.021450002187515436,0.006902445855125936
0.01558608323061407,0.006411650987030272
-0.00920450685540986,0.0014510562106259688
-0.007376922434933206,-0.013974624161112595
-0.01818908807580616,0.0028553507787110167
0.00020315985575705838,-0.0066890875652551186
0.0053386656445260534,0.009481839840262294
-0.0010209710383552101,0.013050004497539635
0.021792480470966574,-0.018143961581731764
0.007287798286549998,0.006160492015996822
-0.01244371756912614,-0.010861923713090358
-0.007660793923999034,0.005751512140265868
-0.01890953368195467,-0.002757459087526701
0.011058482259886256,-0.00419986389479625
0.013013689783447685,0.024438761103149294
0.028402861180939244,0.0035596676195468525
0.01199378157425543,0.0011879762401652526
-0.01080989164572065,0.003615141056703411
0.009367355126026041,0.026021774930405
0.027110280639855527,0.00283892154385866
-0.010263581060202757,-0.005347627958301328
-0.007235724744785261,-0.005410699359896524
-0.01072294779667815,0.02142039757392272
-0.000695617575102461,0.006554315153405723
0.023743926356924166,0.017144373601078983
-0.001912798660958543,0.006713225806917383
-0.026488277656860966,0.009411271361180489
-0.013931775513198926,0.013490744912766396
-0.011383752847423661,0.0006486083900572072
-0.0027017515590910604,-0.019800456178773605
0.022014350930810774,0.016516144903070414
-0.000537323117714453,-0.010679483173711186
0.012981360769199061,0.012359886087878585
-0.002084108754647287,0.01566247015459801
0.003451374584468912,-0.0019127990614280844
-0.006632992287883021,-0.0064183597613543045
0.005400172428465338,0.01727614410550514
-0.00012981078606609316,-0.014999897386854437
-0.008915994881305943,0.009024973287575132
0.006720528937310265,-0.011115759949852679
0.003069071763655263,-0.010307380518952572
-0.011725775424191622,-0.008269537371926334
0.003892184313637249,0.0014452044068233934
0.006681296585838024,0.004363750398455079
0.019313816535380057,-0.016296837859134064
-0.0017822778583810627,0.008996815122180632
-0.024920056404998166,0.00034018593969137296
-0.01710665506874073,-0.0066123146101523455
-0.008323289536716693,-0.006871387286136008
0.02641986793311242,-0.01860981913483699
0.012183179396557843,0.008727114881149906
0.02448488608016856,0.014098190475211547
-0.006112901340747575,0.022394701154009967
-0.024524121042753085,0.008233144440534345
0.007587187275825347,0.009655718511542054
-0.024898896750803874,0.0021006054300229788
0.012879684011060526,0.001651606216817922
0.009809916088417107,-0.012673048809329606
-0.005353800501054154,0.00488946383492227
0.032136606567243715,0.02267450546185532
0.012218076474819659,0.005889173686052548
0.018781858351169925,0.005829612235378167
-0.01670808129303268,0.015083639883210938
0.03646693225825647,-0.019177250956747313
0.004946488417782391,-0.005054701191027187
-0.011241992444551529,0.00886946423457353
0.00562839403234066,-0.0021535825360954395
-0.00194108148508732,-0.002416829729579454
-0.007103774286116926,0.014382585381417488
0.029569609296994755,0.03563123505332369
0.0016419199896030123,0.004004230142755014
0.008491432987836056,0.01831479763479342
0.01077236222764525,-0.005653817269071194
0.013899529228209997,0.0047217932334513435
-0.004472031847884726,0.00020125558947974454
0.00516538844477386,0.004500396349803367
0.007909504225688776,0.00218307041149952
-0.01565245925214514,-0.020396502204502776
-0.0031366449605664563,0.007077573308011595
-0.019968280773614844,-0.005579301595804092
-0.030418463905656716,6.694990275054015e-05
0.002066264596246241,-0.004900976737555096
0.01656764249856931,-0.005113713882769474
0.005312896873691733,0.008600726254208612
0.01524009157375578,0.003979391543618181
0.0027567352856054865,0.01244250960910371
0.03276381921675053,-0.0016643394444175903
0.011729987246239778,0.005246950962981562
0.004334572346193971,-0.010837649643046272
-0.014841142670055627,0.005280418972362843
-0.01112119016757122,0.008741220705374763
0.011385294230655598,-0.014656605209058727
-0.014285453459156418,-0.004937885605594151
-0.008058943158219596,-0.00799898055566515
0.013111275388370956,-0.0005212422696270595
-0.006096769502255205,0.009884782771215244
0.008326786104591484,-0.0015050352794804289
0.014298683804950748,0.02115606674785359
0.029325117103579643,0.0022909762752816075
-0.004661786856028771,0.016187299805805522
0.009876890326407579,0.008717126143121975
-0.017365304489003225,-0.012046114729965253
0.019872787018086552,0.012965049804464081
-0.02553701795306421,0.002536386935319941
-0.004195269111094185,0.005260635596535146
-0.009653828676090504,-0.011206697066716089
-0.005158549765146498,-0.007572462585380205
-0.013817117823574022,-0.015718807385705386
-0.0023358203141444272,-0.01544705347406869
0.0005456622692259156,-0.006787397198462359
0.0042719228734819465,-0.0022471534978111946
-0.018437624771632372,-0.00786840159079988
-0.01265965740515727,0.0009466285676936243
-0.007871967445996353,0.010996610068039519
0.01412041164167888,0.014143574961792547
0.027534103451120517,-0.0006422521167000673
0.006984261111708513,0.016187520945803592
-0.0027455327599610227,0.021403927035266602
-0.010366607835365594,-0.0032797373581713064
-0.008360075792802015,0.002593842341924499
0.011999565816391635,-0.003137792853913443
0.0052988031671585105,0.0005320805872222513
0.010566765114727482,-0.004796163225242639
-0.02028481891519492,0.008356824176276778
0.002832391751568339,0.010572724549564438
-0.006026738598102022,0.013516725129529361
0.02110639824917331,0.02130739294869378
-0.0013124536799035782,-0.015207408002349383
-0.016688946153812625,-0.005461925431047948
-0.004745054218407993,0.001510805261890899
-0.0018454288187329927,-0.009353560383767041
0.0016449915108714193,0.018855487266717885
0.035548994776315394,0.004368506763491675
0.02566194339059134,0.009455815117479218
0.014125638969173382,0.0019331963434312544
0.0109076575299938,0.02745347431215392
0.010824797587866182,-0.002836984011382497
0.0041623347278410845,-0.023029492377944234
-0.002181181912665961,-0.002637057415964686
0.021668255446109935,-0.009818144531463168
-0.009630312136138665,0.0032319593235391993
-0.020771079340456543,-0.0038161888583490553
0.03188054359791423,0.009702617930489727
-0.001139372078942233,-0.015102648860374107
-0.0007645796765093507,-0.00911592850580009
-0.0003518242260062036,-0.015476486874211291
0.008347105883688213,0.00664936081488347
-0.008983744022935274,0.014065902944950729
0.00515880919584101,0.015446547179765643
0.0068441826543170605,0.013450839428686606
-0.0020660583977602136,-0.017255194955017938
0.026450431247094307,0.013803457704603176
-0.0003969308869488784,0.012397843048190197
-0.020633056230166695,-0.005936479763425902
0.017823508367969424,0.012653494908553853
0.00404817929829432,-0.00011589569516850585
-0.002902598979006766,-0.006629685142539017
-0.004778208001325357,-0.0024101991483768135
0.004780998126596293,0.004974663034476479
0.01963411184860015,0.0030060312364190967
-0.016475760513161294,-0.012996931736225785
-0.021405439814840155,0.0021040379829464335
-0.011155556164696077,-0.01970244467410118
-0.01076556957495494,-0.003683461756358428
0.01004917989125011,0.015494192261855472
0.0016107905505836117,0.013393620456372131
-0.002410172574195348,0.015507570748141996
0.023901234412147927,-0.0032528465458052376
-0.011775803923392744,0.002233965037090878
-0.026304790459866126,0.01661998966163541
0.006984523614696519,0.0015292475969100319
-0.0006494790042946029,0.01371475523177461
0.0038905785031177896,0.026145957228111277
-0.020458511243671,-0.0005218432290268886
0.005607181759165496,0.0017440809874222083
-0.004163124799932382,-0.012373616479627366
-0.008262108346091384,0.02219080057345674
-0.007302650241120781,-0.004697316262010757
-0.01646461336649081,0.008954647757117911
-0.007356133058749342,0.0033297229774492962
-0.0053386509890914,-0.011551365793351307
0.017867314694700608,0.011347272908980988
0.025235359001412876,0.014392663168192729
0.009365273973424664,-0.009516307201729572
0.012880108481239503,0.017970680506201795
0.008986943086857468,-0.00451742669697424
-0.009076891050219343,0.004960589244989292
-0.002919924686772967,-0.002763853189048098
0.003807885557533126,0.0018051169883154623
-0.018242687590116782,-0.0035518947317800045
0.005463718615710453,-0.019724276390884796
3.189834904681721e-05,0.00026990799783550254
0.044166236012274734,0.007208381886286718
-0.01781451022700317,0.024104773212842955
0.008118794115915333,-0.0018020782488605354
0.0030337531776028336,0.00214036550066813
0.01179345264506875,0.01270459719286591
-0.0014198004135345678,0.003001602254121276
-0.013960786651256198,-0.0007147522461314368
0.011484046086678103,0.011317259491190411
0.0006023323062517762,0.015429568813069696
0.010212034373715284,-0.025797372639594186
0.0046849712023966,0.015288378486417554
0.004037322524319955,-0.006396180527364414
0.006219427132899605,0.006849549149341289
-0.00527408640728217,-0.02532869358745204
0.013540422022315349,0.009301492329888897
-0.01159078626581891,-0.018019891093922838
0.01612964561386185,0.0040913671963320125
0.0018608505866058468,-0.002674880982462191
-0.01141928985896485,-0.00475848765424034
-0.0077832024073505555,-0.004919293812017792
-0.010865901225572211,-0.003610050725355179
0.024231280848117934,0.0030536715762341762
0.011311030181305368,-0.005439078229646274
-0.0008737507704448606,0.0024033764873361623
0.005567202236327494,-0.018212491828051163
-0.0018297899311496225,0.013055849228804473
0.004486222587631507,-0.0062579842029484665
-0.00197902303172963,0.008927010851864344
0.014120004131544637,0.013128215448867627
0.014545188932165902,-0.00042512154884495645
-0.01678659165335039,0.014097315454122674
0.0008556306327393884,-0.015463032387305802
0.0040630653989468645,-0.0043389745625614295
0.017536593475409746,0.025732790731957143
0.003881034160497358,-0.008975069688069602
-0.001043796459449772,0.011697095275113164
0.010651767140773986,-0.020253411323347632
-0.015137968188108121,-0.0009473440245408006
-0.013570413871662143,0.008439960025172758
-0.00011856779581414018,-0.01192189345130932
0.011630886329036234,-0.0104034914647839
-0.011894390610454643,0.005257537506521738
-0.007207139572141037,0.018143366142899953
-0.006362046357727784,0.004354640746818663
-0.0010883738191799417,0.007323797928580437
-0.001239158285830984,0.0028048549048073895
0.016788204233292553,0.02999278651033267
-0.009582175318669617,-0.006510534128507848
-0.001094549461488926,-0.01262347545754839
-0.02650353480551538,-0.015214980451173232
-0.010938247439179939,-0.02647740039563622
0.003916464877019657,0.015663190734594688
-0.004324760284533171,0.007101848702913143
-0.0008781989212393688,0.011071414502905684
-0.009906261565145031,-0.005971376228826322
-0.023386901053124957,-0.018038150423360252
-0.011932938941083793,0.0012251302713302127
-0.011161742436427213,0.004890809472560882
0.01233495096098496,0.0038565437190580484
0.026727293923111548,0.01971918609039417
0.015309163763143908,0.013100019635056755
0.003893141142205184,0.02184517623213562
-0.00012604655194782687,-0.0027409715669142734
-0.0071568789120400565,0.007257910891205155
-0.00022547465123282106,-0.009222334671944617
-0.0017641887310867925,0.01504618206160564
0.022847374075337802,0.013396625293396398
0.028552315118564285,0.016812941410965503
-0.012494220084416738,-0.005921715272010069
0.007427149654669122,0.02067240137894119
-0.004470002954197351,0.028138155264899416
0.010482801755068697,0.003901269392579319
-0.0046506621131002235,-0.007694352144304313
-0.005415277072629779,-0.005887964798752322
-0.0014802761544904792,-0.01588035842672619
-0.01123798488146415,-0.01578543560994998
-0.0041021617073533625,0.019142795870241754
0.006560923204276494,-0.0067797219947875334
0.002588528325685665,0.004973277603662651
0.0029764058582602594,0.009797868071626867
-0.006125115351340211,0.007326972505162546
0.015778632336626606,-0.0012189070334422134
-0.0032521497778501777,0.004497160764120155
-0.006586728286902492,0.008314564389237236
-0.012047959749371813,-0.00849267963797422
-0.0013159025350933473,0.008940117180322676
0.009254989261541835,0.0203259017812001
-0.0031797814372142392,-0.003085745228178568
-0.006334179552244904,0.01356113064886369
0.002497937694578768,-0.01921543392033358
0.027888952545193982,-0.012737884025096168
0.016745000605758162,0.015270148763244767
-0.0109513115721469,-0.011453890265116617
-0.006749586266314786,0.004823585495823372
0.036197480108032434,-0.0037637320608883765
-0.023816103202056103,-0.00275169687428092
0.0025096494256642518,0.008147089577801098
0.03538138314658886,0.013208230478226833
0.014321871788637114,-0.006196825645264199
0.005212384577024716,-0.01745826345344963
-0.004228929976394418,-0.002765856127263236
-0.00013421336966770533,0.006568168594813406
0.011243897080507055,0.0016236160440523814
-0.006175748474562531,-0.008335575632470574
0.012449778034904806,-0.016711244032980337
-0.007947448680378267,0.0011652096760033288
0.027323962392263878,0.0047448773848610465
-0.013302654248461164,-0.005794683238599764
-0.025872347865184095,-0.004571633576601172
-0.0005032266856227172,-0.006295078496990183
0.01782368996965496,0.0021081162717647094
0.024506750272469256,0.01639666676407445
0.005217021235841539,-0.009935675940848489
-0.014888491666702896,-0.004684947736628174
-0.02337409786870897,-0.02803292530839375
-0.01016544485396037,0.007489058930401563
-0.006627545456342723,0.009602158632257827
0.0014121318500304827,-0.002866931364946235
-0.031965978827015316,-0.010110664864583157
0.005933114204749379,0.012460777516792828
0.0032953846452041025,0.006481677000986956
-0.000601673832598386,0.016825568717241012
-0.009431656521526829,-0.016371054653015575
0.004839640107316257,-0.007487312343334386
0.0064480002970785325,0.00805444252518297
-0.007570945254341723,0.011316699673451955
-0.016188267701637726,0.005872063632576904
-0.01635685801928514,0.003014625629923111
0.005892774105306482,-0.004020242204544727
-0.004447031526798187,-0.004597824330595714
0.018846129042419058,0.006401737063928457
0.02428192039288388,0.0029718981174024833
-0.029383834575243854,-0.006769249636628276
0.019179910130859016,0.0005378009130660606
0.015419364425458344,0.011754831437290779
-0.01008718014255191,-0.005589201030882829
-0.003391073111893636,-0.005098892003778491
0.020997406128549105,0.02225485075421726
0.013797533692003986,-0.003984508383904593
-0.014691885219766092,-0.0046760565939590465
0.005333522933106677,0.003915381925672113
0.0010219693737067584,0.007429657790529775
-0.002483447489842851,0.011205695010336032
0.017591812152596694,0.020179271156157003
0.008765076666847256,0.025446163941049513
0.007322402710012922,0.007855559128317419
0.01217776153507371,-9.940389583037907e-05
0.03258329162471637,0.016868898079611717
-0.003800517932629429,0.0050695362339591675
-0.01638397297218389,-0.0065061379589855
-0.007099545959874123,0.003782211275463955
-0.0014228678402391408,0.008705521168941277
0.011219211591185482,-0.0015913832749730032
0.002399713143639459,0.0016690677277688556
0.02294758699530004,0.013457246757779314
-0.012456079533080335,-0.007967007174218133
-0.0023410796242666594,0.0033394360888999134
0.009651818702818721,0.010536222231243494
0.009207332951350466,-0.005117309232877199
-0.010526167294299432,0.016029669735652136
0.00020389283578729772,0.007106294281388844
-0.007099057311668819,0.003124962687003096
0.00950181149321863,-0.011791649652956978
0.009289348339899408,0.01274049050480255
0.002331934418104463,5.683201193876702e-06
-0.015114188901034779,-0.021265450431481096
0.010724722274924292,-0.0032295770325298403
-0.012058563079407168,0.007534727794912685
-0.03664868985213942,0.0037675899120428115
0.0016755277741696032,-0.011103641571415385
-0.011316972878668138,-0.02784251319059567
0.0063739592174324846,0.012668783829837596
-0.01766626526845087,0.0018654997972222948
-0.004132337618670896,0.0003172817072603372
0.004905662338429329,-0.009913240969381072
0.007813955669140737,0.002671409736509086
0.022229088497044577,0.012401206725621597
0.02120110438631735,0.009689304354886902
0.0398847860735301,0.023736582982005594
0.0012166059309837798,0.009941108924220758
-0.00893891729699218,0.02192490898067363
0.011827552006861072,-0.015033418426630028
0.00532185964055972,-0.003693516075743773
-0.016494067690988427,-0.005983997068341058
0.009407717710212975,-0.002037454682132736
0.0010838728615467498,-0.0033005317037627917
-0.009175396617990597,0.003200343690871152
-0.01990402470566946,0.012820100963042605
-0.010068456920957203,-0.006214242521742628
0.004699047266833862,-0.0010958759617903657
-0.021945007796667363,-0.0005012694651494118
-0.01164138551556651,-0.008147942651251724
0.021561488716032955,-0.00240205885653698
0.009109133974134289,0.009911943964309803
-0.020614977903309392,-0.012145589404527557
-0.0003606920402745808,-0.0019218502423764
0.004861936142768448,0.004054260305375307
0.006856818590740527,-0.004863458887920232
-0.006448842991184568,-0.01097834186025917
-0.004225389960847864,-0.005170875460947493
0.018971640667728232,0.0024405718802575573
0.01876289906015736,0.0030692654798174608
-0.019538259150091306,-0.012580530705822492
-0.013083881156280064,-0.008129353006011102
0.0026643597716029493,-0.019653149129949154
0.012612963515012723,0.014185979835009514
0.02467310304150748,0.03303853921106597
0.007658226035253761,-0.008551596990769395
-0.006219694256202823,0.0035801478739107715
0.005447983833573198,0.003384723595478305
-0.003806449301455806,0.00972809238828338
0.001101852110684537,-0.010771650636358487
0.020866248112288772,0.020828645640194533
0.008588195617675827,0.001659710671728035
0.007934687688599038,-0.0014265275554335916
0.0030182003713092576,0.014086998820107981
0.005233592609696264,0.007496313658136349
0.003833385133697115,-0.01179093778650767
0.02692334251651963,-0.017377617283684314
0.01398811435989943,0.009502296933316235
0.004247743632214754,4.3207512120427325e-05
-0.021944473785291126,-0.0001456805789572409
0.021794173087365386,0.017700684657764927
0.005854212799651306,0.026471956194793655
-0.00188770194097643,-0.00781129662464266
-0.006302653173869179,-0.009428820894773671
0.007209920922280729,-0.0011467223026695853
0.008560565139691587,0.01025617380701061
-0.008599934174715853,-0.01606100832986569
0.007138011314724107,0.00395168396834444
0.00401458925843872,0.017095294965076842
0.008636843986302526,-0.018429062526340686
-0.0045342275430909,0.009183101612979711
-0.006809965524003985,-0.00578380330570636
0.019917688025969927,0.00515216540620343
-0.013303343997961103,0.00781744784623623
-0.0014534880094450658,-0.0012921718798987547
-0.0010780897632244847,-0.02556072679705578
0.004062890980456938,-0.0020832710852147
-0.011916607352569202,-0.0060947751660610375
-0.012026971390599108,-0.015702150405780848
-0.012293282018807153,-0.020081579658039746
0.002501980714456117,-0.006098855448046472
-0.007564064358191119,-0.026203509609592574
0.019717818356388892,0.008141368186886964
0.019705472546646056,-0.002716450582280484
0.013169527182720584,-0.005078044536678656
0.019726773909137397,0.01541479564139057
-0.018397762336423186,-0.0005833573987826893
0.00011233290373512778,-0.005746612351763084
-0.0017566783473209062,-0.009801049123432035
-0.013607449969419224,0.016330947801231295
0.013386909935642231,-0.0017299181668959875
0.011242229917562532,9.652120196303047e-05
0.009058872124449346,-0.011182567311611435
0.001972745369360134,0.009026182773945273
-0.013084275951174727,0.009415091828331737
-0.003980704253810778,0.01199698197020574
0.011088120433281105,0.01580850650640307
-0.010571704829825099,0.013503545461511944
0.023466061032344082,0.03165641468856293
-0.0174314106937169,0.006525959620966154
-0.010966877109201842,0.00604062444088975
0.0024869316794170005,-0.004477582119384637
0.009146084474039248,-0.008248256531619149
0.0038177991935595007,-0.005118975256776262
0.006369497104220253,0.00560142278179446
-0.0019045515138903025,0.0061023125805490155
-0.02197568407200418,0.0005065571354168593
0.012880483280968993,-0.0013349468334020295
-0.03234210311304226,-0.002046306453422106
0.00647789248378033,-0.013438528063870013
0.013776956272358221,0.005470737655326927
0.002450346203874992,-0.0012170206514089544
-0.0048021622025876546,0.012438091793818292
0.020336981591741174,0.018975849924515373
0.017198718413139417,-0.01068602519068539
0.0182367579954152,-0.0013583520505747414
0.0006314690525027177,-0.011554617478301742
0.0052005674070526005,0.0019222553904416867
-0.001031869810377926,0.02727733262609449
0.01678693267855523,-0.002314862042460691
0.00549116106153671,0.0017211379653659117
0.026802435035279782,0.024290869323409146
-0.031302482370620256,-0.002916849574635983
-0.006255407661495043,0.002333883431788431
0.011253645782495467,0.007237493144457715
0.00813991821350712,-0.022787254418387526
0.01844066903822729,0.0032792003540815483
-0.003043905891348398,-0.0012265072451623834
0.006534830157188381,-0.002153455309409853
0.011878699734817458,-0.0016601260469266519
0.012803763304367837,-0.016166298331171034
-0.010046128657095784,-0.006903554212957304
-0.006494692577175417,-0.001791118553855592
-0.022378036283800005,-0.01274163780184955
0.01881907240245617,-0.0016181045646176517
-0.021826276721815058,0.014165213597560252
-0.025377459215194863,-0.011542526811630633
-0.0020182196135817253,0.010835244365695211
0.02430006281961926,0.018681240652375326
0.014184940543325884,0.01277488260040442
0.021398257288209387,0.03049669380230891
-0.01983487172983262,-0.0058981542884713085
0.00154884432820838,-0.015147633883799246
-0.012282766404923262,-0.010940941880498798
0.0011196750720612828,-0.008692034785323361
0.007251752197215071,-0.001543837691920429
-0.010020872072400717,-0.007773761739384453
0.008811762117369792,0.02400081555285273
0.007217624619259183,-0.002231243199798175
0.016617684412420154,0.030975823273369844
0.03405468722216095,0.01866747204570955
-0.0034119576260363015,-0.01600789563608979
-0.01329940668684532,-0.008292465600451068
-0.006076552398813577,0.003892339945978797
0.008152236538770917,0.01113509189333904
-0.005932670605302357,0.005314168857733247
0.0250047877885249,0.00523332415692976
0.018320567547741192,0.001080974883843472
-0.0009731814418139278,-0.023016757846737467
0.011770244669379015,-0.0022206551715687225
-0.0026460786540261666,0.007832537675263809
0.00568330183331158,-0.022141140246508487
-0.006208702918604007,0.002914428161751302
0.0044343253869655085,-0.02274385796360836
0.018986741239654853,-0.0011847456661003373
-0.0087999677838832,0.004074588588483914
0.019841825188056786,0.020989752006964537
-0.019829374400419125,-0.002409847457238322
-0.005649726274778945,0.017063593450252098
0.007179203852106503,0.01369688658454223
0.004864460159161322,-0.00244266798181479
-0.0006574466555544308,-0.0004496570194374674
0.014208638986607888,-0.018207790828098206
0.0018272912420649599,0.0010729700823762396
-0.008840655713832616,0.0045649281713104764
0.00449785273205312,-0.007363857154574864
0.00653118231795524,-0.0033346758004816064
0.008059397140516686,-0.013877700362161263
0.007633283802071815,-0.0007465549288127627
0.021176851708772603,0.0016791303971758584
0.006894781692116244,-0.004835771497065696
-0.006466922068392172,0.0006209966712242486
0.009594080602090419,0.004577165065405891
-0.02048985561992531,-0.0018441003096008846
0.020626259477758372,0.0024089452787772856
-0.0061052789076714775,-0.0077227128037485075
0.022433096103644957,0.021569965763541532
0.019664609755391565,-0.0032885172052157423
0.013857610224704575,0.016964621913481047
0.004013536014891605,0.008985095902452866
0.005758251930129931,-0.004947529953128196
0.00849352553042666,-0.01707854198486279
-0.007961762946702523,-0.013301582833981276
0.01271994851757128,0.0035821944300549503
-0.013439031760059453,0.011761308914199466
0.0045955509223953705,-5.8098050661603613e-05
-0.013745551139031887,-0.0016957502769707159
-0.0043024875047425705,-0.01964595975287311
-0.015622387222144138,-0.0022365966513124935
0.008453932368358764,0.004877271593825095
0.020544835278277697,0.0074349185708999805
-0.01256874437375291,-0.013974262823819894
0.014934945314584027,0.02271924134021565
0.0012160618535430221,0.010602254187935856
0.007592107593568585,0.016316839497589698
0.0010145102741108349,7.00374062701556e-05
0.004675560316368229,0.014558440376662094
0.012538541646330104,-0.004977255880170403
-0.007117862599684573,-0.01351657464856566
0.007059145248933115,0.015971112525700416
0.009430819835671901,-0.0051364097406081345
-0.01424445804694524,-0.002358685545705824
-0.021387858698606436,-0.02989310758851467
0.007837438113441427,-0.00402169115802287
0.007853907632842048,0.009453399558581932
-0.008254233177133181,0.013593013716083718
-0.0025557945789220515,0.011172148824430985
0.013437953041866218,0.01295183874482038
0.006816443649798594,0.002489765562520225
0.009396388140854897,0.013889338496323926
0.007609800283682129,-0.015421088451151616
0.005219211088263761,-0.0018351122708814345
0.00859762480341427,-0.0048538067766744466
0.0160791162258569,-0.00573104019649369
0.007075113987644196,9.919912225311778e-05
0.007707465134097986,0.008566903996903942
0.006831929898299698,-0.004908079167920611
0.008108311805677866,-0.010222078504645475
0.004805344174413084,0.018283616812982777
0.01129236302258718,-0.014988016494170964
-0.003504178832249177,-0.0016856849838605967
0.02842169064274707,0.00501719873066876
-0.012298020966853849,0.014498232081151289
-0.029719099794763473,-0.022176028885914308
-0.003992374824188665,0.02310220675214163
0.04320855200844559,0.017634906536928587
-0.019174797334599335,-0.016251392954395854
-0.0006558996919273952,0.0021469121857579775
0.0004567072496930685,-0.0026728971554207644
0.0068132510906742895,0.006539947312096099
-0.011539892253764068,-0.021716331039606903
0.029042468944052092,0.004629029294674284
0.018693701610215697,0.01881067133513057
0.0049815995067883125,0.008312437358676756
-0.009332453408708457,-0.007518083354862209
0.013275855516819991,0.01548636295278036
-0.010855604761940831,0.009068485138104742
0.0136326705641232,-0.020954094314321187
-0.012402859675566194,-0.0037951263281933677
-0.010957189394719305,0.006961321921878245
-0.021392170532377894,0.009386562695072737
0.002440774327312524,0.009720554227672172
0.015917806362487023,-0.00023867504217191067
0.008894459956352307,0.002906765903452437
0.005147981261638565,0.0033266188694702024
0.0259813773496082,-0.0013820692953977743
0.03569388023047623,0.0169471069783373
0.027137138991109717,-7.249291980263581e-05
0.01875172588959,0.021207500136229546
0.026914996948108238,0.002731683675889098
-0.0010960974218707797,0.022579307338498153
-0.004620859016125098,-0.005075825227494119
0.0061312167281240525,-0.00899470119258962
-0.00011570653318473301,-0.0008140514904181114
0.01747586482865842,0.0019065554721870057
-0.0023340751851137036,-0.0013196553581582794
-0.0006899392611782772,-0.007747775284245167
0.00026923156286564297,0.004732447804198927
0.008348277108870272,0.021577734308706666
0.003974427499298945,0.005173892891762625
0.02293237054048352,-0.006010386052676744
0.020637372535058367,-0.001346055979577194
0.023349931878182698,0.03660762607087023
-0.009343561376466707,0.0006380921669224121
0.020585936612445933,0.01962159854429314
-0.010413261200854007,0.02663834301713553
0.004118383060188714,-9.391536263900762e-05
-0.003999450294178872,-0.010459190580870772
0.009084184292416772,-0.002131858610946711
-0.011507270288804229,-0.005330646086643171
0.018736403416427926,0.0010531000977023087
-0.005388128294857218,0.014913324920257934
0.013384281822708616,-0.006008370995721559
0.012971913063608299,0.00644869775931095
-0.0022833085568033313,0.018000155654019
-0.025350990716580174,0.004274297986677155
0.015682861611616635,0.008993849396582957
-0.0035913604043139283,0.003397469626114294
0.005317405653294024,-0.01889873995615175
0.001398544022003253,-0.024558860462590055
-0.019284882664181748,0.007227431863728359
-0.021460400803118822,-0.013563553646144838
-0.007832312372967684,-0.009790615514721176
-0.0002153210726915845,0.020680432927754785
0.009311528756068515,0.0052643531932644125
0.007040971833368647,0.004342188680032913
0.017220758344146433,-0.0016531258864783
-0.012588003270518932,-0.005137695937509229
0.007823830197852598,0.015513243622519848
-0.013043888455481358,-0.0066786113027405
0.0010098606279334108,-5.993138730943773e-05
0.008108565963738375,0.017755638639937992
0.0004675601302584492,-0.016898358733146084
-0.011821237751179717,0.0001967450938027948
-0.007418562386258099,0.009061319988457033
0.0021737596991133826,0.009194689967354012
0.016657684822666732,0.004051342619630241
-0.0035854450620080133,0.002899230147794395
-0.008209765129919807,-0.011888506868079629
0.029592478833716022,0.0034440797167248197
-0.007102954529324066,-0.012563391423997613
0.021718840608627287,0.02452021172168743
-0.002267368144009301,-0.00657661381752801
-0.0018445355459186963,0.015172356124695618
0.004662359883002891,0.011404063040966337
0.004580520935333336,-0.004742649162078372
-0.029583066728311333,-0.01652977466145576
-0.016791344719532326,0.008896324368206514
0.011797966948262866,-0.0030903852118451948
-0.014815156964089847,-0.018729931958633098
-0.015578601236536678,0.012706859458406534
-0.011165265676665932,0.004742966479697701
0.007225729813611804,0.011780786245786115
-0.017270344057435046,0.00017260404042657631
0.001240768268772246,0.002048757971885044
0.012451592924073374,-0.014297481072433126
-0.002378766107125523,0.0008507658944753451
-0.0032805999452401573,-0.019552082210799935
-0.0034462148368125606,-0.0021168295431732167
0.009807495336897452,0.015971361892334574
0.012894235899279023,0.01892002272177787
0.00380049644933254,-0.000753761904451585
0.020666002534180456,-0.004912049715564497
0.025854023112175568,0.013129937133543077
0.017800056855642944,0.010557823457581116
0.002287228091668151,-0.01782801196245158
0.0007459070032767396,-0.00203750628103925
0.0033095459008493856,0.017543168271883677
-0.010862937628104065,-0.011072140451845422
-0.020776320407490945,-0.005337264360791362
-0.029349973540181488,0.0008917870256588182
-0.013917085921649211,0.0021223223692919107
0.00045295105755012167,0.0020802204132724595
-0.0016684451599243138,-0.002120062377865035
0.012164457334204114,0.008657663021497685
0.011832280158342858,0.0053769626080059415
-0.026874093557580685,0.0010774998186654867
-0.011475054523238444,-0.011209664100334223
-0.0082248390545275,0.007163007985046177
-0.011461436678482831,-0.0012183904247798378
0.024995197727235293,0.010390425481174565
-0.006944242701791014,0.0048736716328063225
-0.005488589445781473,0.0059551012743297585
-0.007454219110722645,-0.00899687040438719
-0.010752986293983831,0.0037459324159192413
0.006177981552183135,0.0031662800238183336
0.0023824583381515155,-0.009078726646134625
0.020203550058035744,-0.010107864147640944
-0.014077147156983437,-0.02283747443479143
0.014654410026277957,0.0013687731270401304
0.011785543527361692,0.027095872403571173
-0.005413051656886604,0.011060235076588307
0.03573794082783995,0.028210153449676968
-0.01886234846892026,0.0008078660447448788
-0.019665212402798716,-0.017811535820839334
-0.006196904497925193,0.014620564672951367
0.016293072727054506,0.003313344523137292
-0.011441803588041968,-0.010048723082914065
0.010075495777311027,0.009323306020454943
0.005948753859493838,0.01819423119778368
0.012630962451823876,-0.012138523216579737
-0.01250962178676408,-0.010141872143364199
-0.013001923177216237,-0.00823919533627392
-0.004875846159343353,0.005846572706162504
0.005552196798699124,-0.004082719579963116
0.0018701184507032241,0.0036142766401285648
0.004938658366413989,0.01020444487621266
-0.0054506378040260406,-0.012596935274563589
-0.002099696371236478,0.011698007271206722
0.014719891559976682,-3.022867108899543e-05
-0.008598790008745354,-0.010338167160913571
0.00470490160828739,0.00748133889575581
0.014827188110623193,-0.002985613474831345
0.03042808873543841,0.008905549137685025
-0.01315322392445704,-0.0019863923137218844
-0.011393493148759898,-0.022148505900438334
-0.019957479179799585,-0.0019687681909834947
-0.01668069404701419,-0.009675083925620298
-0.018467927734863325,-0.020784149480117642
-0.016138462012264265,-0.0052759711728366365
-0.014656956126497868,-0.0031952912106039985
-0.022387974692380037,0.007630142388555174
-0.01940218815518692,-0.0028750588086179814
0.0387385530384015,0.025457982494775454
0.028923405615932877,0.023741552673866316
-0.023861895711682037,-0.0131550283436868
-0.032005121819250235,-0.00440747997975836
-0.004978777626478973,-0.008111676193359578
0.03059388606242975,-0.004984722253175907
-0.012432112713396672,-0.0018477759297496985
0.02455607668948407,0.01625295704594702
-0.013999334604034592,-0.017702288760690053
-0.02080810346754246,-0.026771595090430686
-0.004315067546975443,-0.01801282069423578
0.013943247453706873,-0.0010934293538622315
0.012831013374784374,0.006865443427941537
-0.000329334444891021,-0.006519629784760509
-0.029746326826213757,-0.033693769785367596
0.012764861583987772,0.005170229390660845
-0.004374160466354263,0.0002719618572413548
-0.01369710420130609,-0.0006873076457358065
0.0018584923812787883,0.01656636390601009
-0.018309337307503875,0.006321979674341831
-0.0009598059992114572,0.006417038299450314
-0.005472614850361556,0.010717078381854683
-0.0269069034043029,-0.001994223627002891
-0.008426985644448508,0.004883690217478706
0.003297322804289619,-0.0031556661933484957
0.017069229019913406,0.00834022997397073
-0.0030608697434424985,-0.015240740289525533
0.009587811797232485,0.005832911463151708
0.013381810049686811,0.02571722148653074
-0.0038873130922409513,0.010836512558669797
0.023634020858094504,0.0345773907073956
-0.00925768924240595,-0.02884890862371056
0.016117339247867467,-0.012349853786523904
-0.013650870034306829,-0.012380566363423067
-0.021931785654284323,-0.017813005069058595
-0.005899240656665894,0.0038312367283159245
-0.00989543005258168,-0.004302326152630926
0.004076180006036753,0.011449140719601873
0.0013068666546356272,-0.008753389765204228
-0.009574811998325222,0.01800973155803391
0.026975072473122516,0.014242432548342943
0.006731414246851238,0.01224002712639494
0.01521526509895126,-0.004594923770847863
-0.01780773032292412,-0.01753057070982405
-0.015982458119009894,-0.010404260097965789
0.017028333597767044,0.0024750206364049583
0.017803718649339453,-0.009366661553142325
0.00808982508594754,0.003921362424088642
0.002515033840527121,-0.0029190776367387034
-0.025713904491646684,-0.013086764742726945
0.0008988923273057067,-0.01408856494563713
-0.013049096854739815,0.004413676358792472
-0.01983013849075989,0.019311884551709447
0.008790901693369364,0.01603713036916397
0.023200037543364985,0.0007694911661569448
-0.007995817221520252,-0.010763297434302228
-0.005498023676926584,-0.011956277669655117
0.0041111240684959085,0.004186375073157415
-0.01654561992121328,-0.008225910369657367
0.01138244006569563,-0.008440400955323763
-0.013652852651382252,-0.02116667479941695
-0.026363307512041047,-0.012200313162405474
-0.0071713655908850725,-0.009840178527867552
-0.009193068146975307,-0.016538930133791145
0.04697560521934191,0.01275494478360391
0.014425980396255575,0.0032450212262767515
-0.02412774499900768,-0.01864527700474969
-0.030509758724571526,-0.021197191685368683
-0.010163006133874976,-0.0049856376166003665
-0.0007091464624224736,0.005643933271041983
-0.00567525280903543,0.006745503255158268
-0.02085408710758494,0.002762500813672538
0.0001420126899582554,-0.006193130000795003
0.014638535481266127,-0.013908720831586474
-0.024832762711091864,-0.0019707851060525583
-0.026817011305941368,-0.013418471937991406
-0.0010655217778769383,-0.012865578421514666
-0.005958856538612806,0.007396014709147217
-0.02239251042828491,-0.003126343013622449
-0.009356329174440806,0.01598153192729627
0.02797405904125714,0.0011736400509494173
-0.002542421463484459,0.00045787809451540207
-0.015979158342401198,-0.0068987306586212795
0.0020525446539569037,0.005007254609215775
-0.02644818244066055,-0.0012507856699383328
-0.009091147214359052,0.01395648929717323
-0.012197539883689927,0.0023840428695753005
-0.021662078247943792,-0.015091157013119407
0.0033329825757346544,0.005580720253782182
-0.010960414390402688,-0.02546901977308953
-0.0017262391080375761,-0.009232424008570918
-0.0003022851055002533,0.0075605002752757965
0.013095339904182934,0.024146029941757536
-0.0012826453095020824,0.003005299560409899
-0.001095315540221638,0.00646368783318949
-0.013599463815213196,0.008122189292531017
-0.015040154812544424,-0.003896297367990006
-0.006075049915547015,-0.018286624266068408
0.00651556001001576,-0.004386152253603595
0.015960308622826207,0.0039844956854067455
-0.005426071340485536,-0.002057810547820277
-0.0003914267284484242,0.02186398101886138
0.014544795891684935,0.0048088947478159534
-0.01023202740274251,-0.003596473661474552
0.007413061819066496,0.001596628945399962
0.013675462133632342,-0.001099942025784792
-0.017317390316156464,-0.007827380478366494
-0.013313334255324712,-0.004663376161357877
0.031444874572548354,0.013247526956768842
0.002866408810601494,0.006200187233351768
-0.020746103537665227,-0.0042609512067387145
-0.0006857280711263295,0.0019182717446084732
0.0041790668763359,-0.0031761786704698714
-0.020251766737605034,-0.010197503016429132
0.002431102349107466,-0.008498117700971246
-0.008450739104517182,-0.011269338135362439
0.02043824728850448,0.017559470204796174
0.010487001872991465,0.003618500643459932
-0.0012139338857893292,0.023435902292255246
0.021045490311509,0.022539400234979502
-0.005749293725872018,0.02266976239444244
-0.016644636765424096,-0.01357244273006733
0.022270951920112577,0.01981492858830674
0.010567830167109509,0.020713724478873697
0.006799977820574903,-0.011223057129294417
-0.01616488223612705,-0.02066261919480078
0.009474582108861145,0.00971286687912991
0.0002401350844347314,0.011324101991454904
0.0010615418034487542,-0.0028410902993346995
0.015561353981068133,0.001142300387649463
0.002725357098080977,0.014550370543124304
-0.0024647631078119573,-0.004966761114488289
-0.0013019185354053598,0.022771068654768262
-0.016636024006360946,-0.005680775151627843
-0.028233988831892355,0.006210895982451247
-0.024858760119812515,-0.010420955164354744
-0.011119786393879316,0.01798413976140506
-0.014143772189359612,-0.012960126136976727
0.009088734500887248,-0.004302490065743081
0.02370892578605381,0.0051735489141079
0.00039856265216090637,0.014997330760969934
0.006089744664418547,0.005099960028142972
-0.0065843350981150675,-0.009187023212215852
0.02115009600638078,0.011839153056831657
-0.005072958745504986,-0.005777020264059314
0.024019629856057236,0.001723116099984467
0.007807441899724504,0.0008842453173158912
0.0008817831805820453,0.0027938752147269336
-0.010932086543454622,0.005674805161266269
-0.0180740490802422,-0.004092765748772202
-0.0021971656643073136,-0.0010739211744504513
0.024813107360921943,0.004012645934644753
0.010007772405445075,0.0027550150551131666
-0.03430741749217834,-0.005003190336700249
0.0066138344866089206,-0.0016149916525129992
0.005071536879352346,-0.008123120522476613
0.0037116779289883737,0.007361704277264716
-0.00260496134145743,0.004162146807869567
-0.0026600747212512646,0.001881723892373452
-0.022090451486150717,-0.0027452217240304393
-0.008077419942725955,0.010666308423202792
0.005694832561349022,0.009088732761356447
0.004225970608405987,-0.015166038067151498
0.011313481011510751,0.028579326281132616
-0.01056669793640093,-0.009745433125618359
0.018551372291576298,0.006853111925460224
0.0008707557288934155,-0.006371946265225052
-0.011486583096615816,0.004824153635932182
0.010175961856347926,-0.0029457112494993922
-0.0029223052781692186,0.017285598222076506
0.004590146480791431,-0.012639196161244464
0.03661415606919684,0.019880125694357122
0.01806657517876719,-0.0034849772764270785
0.0029379343490196553,0.014478418038004943
-0.00025683007335724296,-0.025256212222328284
0.020756464945081484,0.019558672525109167
0.013289836964232225,-0.01370194467372901
-0.008187622595961345,-0.007501664522481918
0.015595068169043302,-0.001294773898986371
0.03353328154531798,0.009518031959730512
-0.01874652538127434,-0.01994444438157299
-0.003893676622089509,0.006470108312645938
-0.010495474120952563,-0.015904863073191933
-0.0008089063145439318,-0.02098610314590926
0.0017294907079198956,0.008419420334242218
0.011323060691580426,-0.004291898068931558
0.016696943101306826,0.014795965213558122
-0.038690155490052475,-0.008827963754399327
0.014418401280858858,0.002762944778887888
0.022914326217687592,-6.877913206800268e-05
-0.002872208703171664,0.006145980626145293
-0.004247093508242665,-0.0036368587052666695
0.0293687970314252,0.026595328929339513
0.010725874076239069,-0.014628524976251923
0.004966402584823536,0.008660940983957739
0.010881692986085528,-0.010350915362052448
-0.00261122475128789,0.016514628850305697
-0.020031764196536787,0.01625898882487569
-0.012900217735374938,-0.024231925473933685
0.005946061700160979,-0.011454626454063067
-0.007768019656126001,-0.0020384209773312333
-0.019454370837040474,0.0047571834343467815
0.005550105911033439,0.0011915784307241818
-0.0020895657988672573,-0.001319085499964098
0.024480406414421965,-0.011181786000387823
-0.0028866674292646177,0.01120494831707751
0.012452386669866002,-0.007678167821974316
0.00596886229468315,0.004015827714633799
0.023646343614719914,0.005020237245997071
0.0016117781171256437,0.0035029765954095573
-0.0028841503293308606,-0.015890362128651855
0.04353278193137357,0.010925347822593303
-0.016482679392412932,-0.005586497193202187
0.010428553873449705,0.0387031065524668
-0.014025281441571799,-0.014854997827866206
0.008804924648750295,-0.010535228297420296
0.0021948311856707357,-0.023628338320767637
-0.008184652878266687,-0.005128656832335523
-0.008789268672074923,0.005397781030624733
0.007203460497399366,-0.0021858936653585672
-0.008521723597024244,-0.0012173669380989157
0.010643512250733955,0.006439572298963009
-0.0036286591736041183,0.0027332492470807
-0.0022905698329898708,-0.02427126179752853
-0.0003850972733772325,-0.013475364057837098
0.016718641617230683,-0.009492774049733472
-0.00418040007916538,0.0020177269224652974
-0.006846080650312264,0.020687752209126605
-0.010520883403596078,-0.006683840580350796
0.01576345714132607,0.016063544329053374
-0.027511108340615327,-0.009632035439370456
0.008671979713866424,0.0065445565182986045
-0.00038251056344669075,-0.0033048997097390584
0.021222444525148966,0.01820452536170431
0.010236077703081485,-0.0015335977488420232
0.0005835974731580412,0.01964870824584979
0.0006127969362944977,0.004076165724604307
0.013045862955098738,-9.183470765759864e-06
0.018551788795832667,-0.005294820613437709
0.02494583002894751,0.03657673564908964
0.004192199456595206,0.0049707549995978775
-0.022508812629693894,0.009183846108559152
-0.029947979724707648,-0.026486590946766843
0.008827629717929235,-0.0007120909663241186
0.004074063105058443,-0.010531636565850898
0.007820751108779181,0.004958621573597874
-0.02862623720958104,-0.00470803106675793
0.012929399280810838,-0.0033894565153747606
0.009971898607935627,-0.005425083531728471
-0.008098775788686181,-0.006186813941884945
0.018800811920412785,0.015491727288041757
0.04324987584817123,0.016904696775069394
0.014614932625825326,-0.003056794360479797
0.007056163062021413,0.0009185227813364705
-0.01580048536021955,-0.0002460352570186534
0.013879697383691707,0.01308481679435098
0.0016595298920496246,-0.013739699160367262
-0.03287896907800919,-0.009902663509304833
-0.02140519241022015,-0.008463647498745801
-0.03625952132344011,0.001298557483398719
0.0035013259554747926,-0.0016392454374278857
-0.022035653153843184,-0.027037467541124346
0.01235735013633627,-0.003270578887919656
0.02732210790651564,0.0023135709327847744
0.019951709582078772,-0.00916303118064125
0.005776661230371586,0.02339423327581808
0.0016898964482657001,0.003226721515179767
0.001593124098166807,0.01314803751875585
-0.016316407672447807,-0.01598837207463993
-0.02212531903687152,-0.0028722173160717094
0.0007861032048346629,-0.0022814517544871462
0.008878601868908459,0.005513076577983589
-0.0022313346827564965,0.0009772130997043383
0.010741954186814713,-0.008743964524049228
-0.010442693129686868,-0.021700960176663498
-0.001459970714027659,-0.004551934186748722
0.018537518515444877,0.009388175505278701
0.022482422651919784,0.0009015098139030645
0.008475064125055932,0.0034972121785130992
-0.0022975376264948778,-0.002991674603179944
0.013702949917355519,-0.006272587156654188
-0.002795861250387235,-0.008414374573357251
-0.0009864139363548578,0.0065611731586548445
0.013533185415836242,-0.010431601639853523
0.0009548409739641138,0.0014825352038124213
0.0011732082193676048,0.017183803212700806
0.011098500291236236,0.006434666830755793
-0.0013932104155339933,0.008237866642608787
-0.00021183950883374027,0.0005000444444526724
-0.008023551497306498,0.01887162086736758
-0.004939464042366124,0.006674100695989
0.021581984221539476,-0.00079714687525941
0.008758845687586949,0.0011790835421432225
0.003781004860948302,0.012428818814991862
0.019025652174205654,0.0031461106384769377
0.004432079625201051,0.0056739450706692505
-0.0060166421806457345,0.007028088151287712
0.0028419115690801037,0.008391890182138883
0.008103262145052931,-0.00019691269863064142
0.003328968793487704,-0.003061735048494736
0.0036120509036401864,0.002732999174159663
0.00817495598412731,-0.019774367080408653
0.0005704731651643265,0.003656835472630051
-0.011043393385062189,0.012082867621151698
0.006412429124436741,-0.01181587541614655
0.002838584676718694,-0.009175627868363885
-0.02710732852751991,-0.01039069376466676
0.021468519249407462,0.011809480154698107
0.018293598451261717,-0.0046663432722903395
0.0005680852375356561,0.010243975692206562
-0.02153679094236662,0.01282274597779366
0.010459596189782146,-0.0019262153232253165
-0.008142150019087992,-0.0005052577356004763
-0.005225658785726638,-0.021904149864027413
0.015279621522726439,0.0217251155275113
-0.013401238693958213,-0.010248472452769568
0.004960085414544182,0.015368028332278601
-0.020802814550107403,-0.017642827143732425
-0.017141237361457944,-0.013243460346060325
0.008770967843908453,0.01923806025163221
0.024175363279391505,0.023838456588754362
0.012158915535563504,-0.0037883247607711315
-0.005671979364024085,-0.0061437051245039715
0.012342984931421368,0.01683272383063161
-0.032143281449988424,-0.02054981105778414
-0.007831245498304778,-0.011237642086216842
0.03552412251421217,0.0032310972284461496
0.009269985030110329,0.007726832670762669
-0.011185389823734628,0.016433888019466266
0.025713706070763044,0.013874322385957472
-0.005998454928945591,0.005670208944019877
0.024100528686797674,-0.00029614335545734565
-0.007404051324128174,0.00595142040909577
0.0009045405125822113,-0.025067650009607242
-0.00028677272036465673,0.0065956303435117086
0.029332103427381215,0.006205887456878517
0.000675567929532005,0.01295579025188197
0.010181212639373024,0.007078443048488326
0.0067205177477018515,-0.005301698122066732
-0.005017163763581063,-0.0012651520304329093
0.0021918230937755818,9.622412227620047e-05
0.0024111532954362858,-0.02033314333157947
-0.0025977968104694293,0.005047398599588678
0.014441850455260589,0.0060178212883319785
0.013019208059378961,0.026480658609705436
-0.005557123981223609,0.006677202192691091
-0.007108736470836293,-0.016261508896656566
0.010882710377667635,0.009657324275545795
0.002244456755339655,0.007617340093503406
-0.012893005987484992,0.0036796535860312285
0.0074980029805873935,-0.0031837808733365482
0.012390247860018104,-0.0011102344719630644
0.012187673980251406,0.00555962214422429
0.004588713101265525,0.018711524377708958
-0.02394208386656677,-0.016750685822266822
-0.007261541222337476,-0.00826163891133973
-0.03140287102168082,-0.014283415127867863
-0.008381989016642081,-0.0042733625069684466
0.01872802807524176,0.002635867455879521
0.008164633887496997,-0.024967126687267808
0.012654528837961409,-0.0008085820751279223
-0.010654184237018478,-0.007106859422610726
0.014623772449422904,0.012511111603134277
0.009635213837296566,0.007135866851398974
0.00889540219241691,0.018239245420572668
0.0009933867603626387,-0.004084469302052796
0.014336494928267288,0.01411198673084835
-0.003648376478040835,0.006820692952814351
0.020746202982797116,-0.0013326331303823843
0.007363462724181586,-0.011220751602184968
0.0009389360330404693,-0.005822379340772516
0.02378527717842324,0.003905459579075265
-0.009880488341187321,0.008042024123152205
0.023005639480729326,0.014171365857502687
0.017608319584737724,0.012373586859141677
-0.009744370332960705,-0.01968373110992174
-0.005071466947849269,-0.005472760962969962
0.0028426805238271438,-0.006048121917276466
-0.014502600402432307,0.015785686059064163
-0.007023579967340651,0.004671946387187387
0.02662739169846653,0.007468221438557761
-0.02103417304855441,0.009898464870905664
0.015688924155092338,0.0122107359502055
-0.007504091739735394,-0.012616634461898537
0.007867554345836983,0.006777908324756044
-0.012283524483353576,0.0051334109178036245
0.0064569668929734345,0.0029650967073510687
-0.013406368002600606,-0.007971684680521505
0.007227829518494439,0.009931917256502502
-0.022409287463130804,-0.007903012271141222
-0.008165214666450336,0.00011481041767780114
0.01361818155564914,0.003546576079101807
0.020917892089478876,0.014270207172048383
0.009582845738644125,-0.0007783044124009999
0.015230937513036688,0.007660991561102089
0.011314304298860238,-0.017148070381233362
-0.008638678755650551,-0.0033156234634334042
-0.017589884462821677,-0.024973153074382245
-0.017217408685245107,0.00043425313059214816
-0.004995999100579562,0.014643590572700772
0.002112361360501559,0.003798426264033407
-0.007653153954102231,-0.028306246951886965
-0.007348100520751425,-0.010444372713905997
-0.005181602235179813,-0.01755835617240737
-0.011135754765082542,0.009012405575012445
-0.017297730165475197,0.009134998328803864
-0.016097305092965444,-0.007410177995465473
0.003696462139920986,-0.016679502725655063
-0.006772418825554593,-0.01975919823141155
-0.005659107901975027,0.005931687079502977
0.010210043313828961,0.018702845535327528
0.01156408841976247,-0.007533313505269148
-0.003302169312666118,0.01182794493964126
-0.006518517535814937,0.0009770939843940308
0.008394223344774677,-0.015079797011804754
0.008679541021279501,0.004657925427422902
0.0004812501135357817,-0.0023803109917030683
0.01903259597855394,0.004910294901627574
-0.0011755782301839713,-0.0015419052987722297
0.005257933253647154,-0.0030967330896595705
0.008179638474379015,0.009978355024051491
0.006474508455297955,0.0029873148203216197
-0.02567900133228759,-0.021326605445908045
0.017311621608147996,-0.0010452434138318162
0.012032847206096058,0.009660792611890538
-0.022987978121765014,-0.02737694937353793
0.006722158969866873,0.010133465696689142
0.020191633754429793,-0.013943591886822327
-0.0034111099596501127,-0.0024950700722220277
-0.0026701961006875244,-0.004174485442300988
0.006312860369111606,-0.006577625259357353
0.012101127452070419,0.014291298844541224
-0.014904688561499412,0.002542227908562962
-0.012197281864905181,0.00385408459118169
0.018732568190201065,0.014985062970578373
-0.00484606481301325,0.007533214752185441
-0.0015701034301669244,0.004169267651483802
-0.002141501182469835,0.014316349778312955
0.002976374493887419,0.00229016351378945
0.006895743811113638,-0.006546489170627268
0.0033539569704838378,0.017783201777214847
0.005449146986788675,0.009762491763034292
0.0029842768163491486,0.002523432262552916
-0.0011889116885600152,-0.008409105906798088
0.022087675375556313,-0.0036714603259754685
0.014634422461068216,0.006722983042149766
0.0036309224384767,-0.006882641692048595
-0.0021062608683475206,-0.010157559780730682
-0.02197418565712728,-0.012365994370541552
-0.005652580293141697,-0.0031395243208811336
-0.018043813757615827,0.002832297912403523
-0.0012821607386666665,-0.010449360150816482
0.04168524910585795,0.000785407457826448
-0.018846823721045156,-0.007244763483583304
0.010807127879770593,0.012197169109873717
0.004135170291871768,0.012497284226267542
0.009141098495271534,0.0020735812061478402
0.020508100054931592,-0.008940734757563025
0.002145002830582474,0.0023171899831760383
0.005045706343268517,0.005791937056427172
0.021499084992625813,-0.001376899003448739
-0.02946957193440707,-0.016193068954294444
-0.009722637228995981,0.0036229272628271482
0.01219037434525114,0.007793116556443313
0.010543354328250472,-0.005947633923201828
0.0027312106285109334,-0.008978607263014063
-0.002245856144667636,-0.01542459926561028
-0.031310644336787485,-0.02647818360335981
0.008354314043326873,-0.0030202757707053223
-0.016592234788729242,-0.0039958116520945235
-0.02398547873352378,-0.007659502923447242
-0.02046485049360357,-0.009426607656953119
-0.005008075607202924,-0.0167978212458945
0.003897380842387223,0.0018576624808668166
-0.01700016044764942,-0.0052995998251713665
0.008436264957133451,-0.00545722080377029
0.008842045280881727,-0.004060928194231477
-0.009991917116060841,-0.014001217805463533
-0.008058002524823655,-0.004229069971306782
0.005766539715807807,-0.013027131168445751
-0.004655219737133321,-0.009743819091700235
-0.023498872031260658,-0.010362936827770963
-0.0057629542267875235,-0.023315659972785143
-0.003427772507751549,-0.00031735656287863376
-0.001103990108681903,0.009096200545804446
-0.0009471003869180593,-0.004416125184526556
0.003602295910770422,-0.004083468523130107
0.0029474021575884345,0.0153304608663933
0.006014231892175869,-0.012566015575872615
-0.004096697710392674,0.005657389963473972
0.011767433418691822,0.01895766438470116
-0.013791074979611151,-0.000995403423243069
0.0029446512858491724,0.01665519710547811
-0.0035947321030149106,-0.007616646136410469
-0.0016675182630352511,0.0002991453215086827
0.007453376742154172,-0.012295702297590172
-0.0014862272207296003,-0.016010496241853196
-0.003718422990212554,0.012141076254701644
0.0005359821565740009,0.006836659082098474
-0.02765146643822502,-0.01970176848729136
-0.020154300129783205,-0.009559016932046875
0.013921017680992293,-0.008867152728439241
0.0002472212675530496,0.024319361124145285
0.02621232710900701,0.007885989027532741
-0.012615493919909387,0.010712947082752479
-0.013070568865986629,0.017511448396477544
0.013398831272433367,0.00222736441781584
-0.01924977180229744,-0.01391580978372648
-0.0025809592064965393,-0.019126956550589862
0.014280551173276146,0.0035953138836548712
0.005828969830379267,0.0014938110016610832
0.022949582361565222,0.029374502716208374
-0.0003271631898177035,-0.0005616091282873898
0.00691197988882027,0.010019326689836086
0.0061676549118557245,-0.01741321195010821
-0.027296239582847,-0.010355210339346643
0.0395018467988094,0.009665714089332781
0.010943069810631539,-0.014526652860427914
-0.0004077808659146546,-0.009724671133360067
0.0016847224375685947,0.0039332414174064355
0.0006010270322933574,0.005219708396954139
0.0005040239282262613,-0.008762250726113448
0.019120841062798277,0.008538553479341179
-0.02198731474017139,-0.01536959710297843
0.0013435887493363434,-0.000735546895915579
-0.009891222247091483,-0.012503754251222136
0.008553445816059175,-0.0011016564249292885
0.02238595266087785,0.0058995398019894806
0.0106740826633904,0.007588817898066298
-0.010137707203852429,-0.009751607213495207
-0.011113671737548465,0.010144016125579271
-0.0024725321081993513,-0.01576108745564046
-0.0174976339137498,-0.011935234554166608
-0.013498099017595445,-0.004070668683702863
0.0023006645516878087,0.00710143782141754
0.004028601316855419,0.008835346683847554
0.008116378026311669,-0.029980025856739777
-0.008497979366270711,-0.020387736595912868
-0.00020421330696904772,-0.006353736186634625
0.01370185774370939,-0.008079742292592873
-0.010728100187729638,0.0024472180484857733
0.00688071804790581,0.004931730137728219
0.0012309877624139553,0.00583096130671028
-0.007776210690763774,0.013095006409114008
-0.008085073806758113,-0.011871248542814643
0.013318386266048947,0.005574844893407733
0.020253029277285107,0.00615014287502586
0.013842020594577427,-0.0015685304300412843
0.022299500048184987,-0.0023902224712791338
0.016241335192223393,0.008433561654202146
-0.010846706728566101,-0.013013787696755517
-0.005774835749342878,0.008038357086821943
0.00932753586650164,0.007344748927550494
0.007798938644522728,0.0031279951376757416
0.02366999659438963,0.0077818751894910875
0.009040916052018526,0.011232390674715152
-0.007402234955217922,0.0014915001773614068
0.010899612177035879,0.01968614628110417
0.003219488390150995,-0.0077144751517817245
0.003176714695480933,-0.01298884751509349
-0.005500490737075971,0.009049895261173073
0.0017132970588595588,-0.012320506016248036
0.021287093950946696,0.003209119818408479
-0.0012383000604584708,-0.011062174688167947
-0.009216773223335256,0.0014025197450442688
0.013806286192268091,-0.001270921850430564
0.015176846604732844,-0.014689851771261862
0.003406223510314691,-0.011476091395295396
0.010960463770807654,-0.008522976023099925
-0.011516397711252263,0.005800182286502896
0.002919177178420798,-0.009236495096132486
-0.003774074975626109,-0.0035655335730397143
-0.007708604508679834,-0.0013651010771597273
-0.014711227408891183,0.00946749085329488
0.00568774688468628,0.004956064961956442
0.008433052701572085,-0.014999746665546012
0.016221797726154376,0.014524999760715024
0.009579583278603008,0.0013107087198564067
0.00524346259254302,0.001774276928596224
-0.011785730124052039,-0.005123199649075324
0.013316137211212865,-0.0053192986303934875
0.013426561139644522,0.008724596402216315
-0.0008491304803283365,-0.01290364300637225
0.006793311495922525,0.014891080724030241
0.010438341029746175,-0.010888980651992218
0.03192536055371406,0.005201719924347424
-0.008191414867825215,0.005832555505136656
0.017579571938170918,0.0020112521792375626
-0.007616410783063016,0.006927493512046548
0.009469340892295832,0.003963981405000008
-0.004693831040928505,0.018329497610717862
0.0033152097519740173,0.002564054053345408
-0.006330308467325565,-0.0008223660463452508
0.0216242101436916,0.015145262158385625
-0.01635748734742755,0.0007967133652908886
0.015857416703298752,0.019900685406670487
-0.012036255736821818,-0.015205585321817199
0.004842586268058697,0.007594803196696538
0.02457691107720026,0.008268541436009164
-0.01786966366473835,-0.01229677029167618
0.034964665073545724,0.030155810515041404
0.014905723227974996,-0.0036767022906369295
0.0030953351200111215,0.003929805316389639
-0.02119848514989893,0.0007260099187204468
-0.0027694518738172725,0.0005871719157912825
0.023424069413846543,0.003482713301483906
-0.02552869989478352,-0.015315088861466583
0.010452931865376757,0.013980362975902614
0.007247309416267432,-0.004459161084029803
0.008290846050425333,-0.01658779736341169
0.006104797477383128,-0.0023888560860636887
-0.02751728175722966,-0.006329884255424221
-0.020300692717493372,-0.007682011688788316
0.021758080698134365,0.0075097139226705375
-0.006150296434697698,-0.001464943122045563
0.006691688139120948,-0.009017079624277629
-0.010256318612118589,0.004570970820012816
0.00910130328424782,0.010939575307705797
0.01447312055094323,0.01917888631678357
-0.03303054758468481,-0.024939671692013575
0.02078330077001672,-0.0013477586612636778
-0.033744870404326575,-0.033110219020354985
-0.010706780449592817,-0.008260611937845464
-0.0014722173241665357,-0.004855848706163559
0.0020539207804937576,-0.0062935362471510286
-0.007662767952106022,-0.008403769724064515
0.012732123626175035,0.007869863778873236
-0.01485330362621184,0.010590789525060453
0.0012579193673031646,0.012004890201050939
-0.008467833051674997,-0.008803316789750812
0.0012000164528840407,0.00017142478568845916
-0.01389172928209641,-0.012550621116531853
0.021360028693349936,-0.00481024001061451
-0.015506052018917596,0.002515037406771359
0.032422378203016126,0.007601996205694351
0.006189454664987407,0.0044591583394370275
-0.006564657859465705,0.001952390334601168
-0.012283106140611733,0.016839505485490174
-0.02769779645295737,-0.014248308780724049
-0.024485451444694127,-0.014042932021492682
-0.038645841670640564,-0.005413217539643601
0.0237863750879514,0.005334493739010423
0.0005497039118812115,-0.020508366106927408
0.004365431468565081,0.005118816899403328
-0.006584279513868182,0.003319241967183721
-0.005839511489430215,-0.004054511052815395
-0.021257291194895698,-0.02190064656959272
-0.005730116422292706,0.0012771755521368419
0.013884470048760617,0.010702981513162242
0.014572740703389469,0.009057591190193743
0.0015569257652360913,-0.010168676019139096
0.007230600176846898,0.011455232938832412
-0.011320537050050159,0.0088246571845658
0.01728762593834491,-0.0060669408844605055
0.007589299359626485,-0.00717900272400503
0.01928807653875414,0.03249422329396074
-0.008719319336253981,0.013019546272883127
0.009466370226973272,0.005910976858035682
0.008051776975687132,0.0043960719970626
-0.008243855189477817,0.001978767349375608
-0.0030037082198762673,-0.0014028449750999345
-0.01957198931453811,0.0034644774598102364
0.009187119327397872,-0.014041094525630038
-0.028392354292821744,-0.00806476516695025
0.009139172700715239,0.009625104969602356
0.027949267146244395,-0.0018456111201432372
-0.005012835346424812,0.0036226768417130938
0.001498057199754425,-0.009003897100760635
-0.0006016094408357633,0.008783774000324217
0.007751525839025526,0.02707325655296562
-0.009618332421756777,-0.007690218553638241
0.01692936374631107,0.018753916467214318
0.0018341693679036263,0.0009038356365054227
0.04637535181458536,0.014153282387254138
0.017535109179622293,0.0073610052887421295
0.025350383674489562,-0.003677664296225704
-0.0024937479840707005,0.006530036912091675
-0.0054809151579386945,0.008996572503763022
0.00881975068147848,-0.0002665664715168782
0.01220097107857069,-0.009070318994624455
0.026788815594817016,0.024066174077018034
-0.0007735739772105006,0.01154553563709709
-0.02869542253964076,-0.011731644605781999
0.002999076497294724,0.005282390039568722
-0.016007112754998932,0.011368536052425864
-0.013505629787477965,-0.002948125806187916
-0.016429838007718984,0.005181100562128713
-0.011333355045137076,-0.01901405007832438
-0.019746504745570433,-0.00800260771308298
0.033340664464510186,0.00963033490301535
0.002905201348529762,-0.007749106761320512
0.0030687808483916387,0.020546303741977093
-0.002461577968448863,0.013448888313316351
-0.0034989686192909227,-0.0020395161863890846
0.025845384623529286,0.0035184762005229632
0.0007801748854611914,0.021323969947968067
-0.015520034820986647,-0.009630333498186833
0.0210223453365366,0.0001262919248095406
-0.011127633334786256,-0.0023196520926988978
-0.02157623415085116,-0.010612660463229244
0.0013327321865442368,0.0010356724973871864
0.005713125396286515,-0.00608813519049438
0.016391716984167783,-0.0008212617922187171
-0.009710659916106836,-0.0032867981023481
0.024329530142886743,0.007336967778549762
-0.006177168666888002,-0.0021740009130426807
-0.022015639437749004,-0.004183294111229734
-0.004211386458141962,0.0053409149986834
-0.0029140161432073077,0.0044392912283206685
-0.005644287000217494,-0.016599008544148402
-0.01558914394922758,-0.007136403539892042
0.01164696402010359,-0.007383488178625711
0.012932950484486762,0.01370439916804071
0.02624738666066024,0.01324609063012919
0.012442655821695259,0.004048649276463071
0.024569024803883607,-0.01967450718103705
-0.012080723645000518,-0.011094881908353588
-0.012984372526235815,-0.003992990086295448
-0.009524403794817492,-0.0058540149993924475
0.013547611676775945,0.005020069492038409
0.008506166943531275,0.00048280278471715714
0.01214389804222351,0.013594150712209426
0.009749641881848833,-0.021902338222804015
-0.01569915436988154,-0.0033420340892019616
-0.002083126815967831,0.003884315635150987
0.02690444753412269,0.01142610399828661
0.0006415217107446995,0.01019232888739999
-0.00558904257591729,-0.01690915071641791
-0.009049741064919091,0.0003254521773738381
0.012249070032822214,0.008220795562318368
-0.011356406433183005,-0.01623900091611422
0.002366779664401314,-0.009639817293252473
0.0054181184972793995,-0.007928717703783722
-0.008740668759062282,0.0038641087902130107
-0.019985248385838317,-0.007062593124143161
-0.01246406692127653,-0.00897064580954092
-0.007040278265657048,-0.013649905110666912
0.012536337507360017,0.014149866587350022
0.024028019273439595,0.008877723266609726
0.004924774395167963,0.01541157530176809
-0.0024233003217989913,0.0044370589036777305
0.007361665028334193,0.024530437712033153
-0.018385288310231857,-0.009919699618724818
0.0011411183672543498,-0.008532160164128848
-0.018494922106089787,0.008942323807657753
0.0025645609394395457,0.015005514831595469
0.017400224258947737,0.002054019447958112
0.012132877496443257,-0.005131451738043414
0.004782647920425564,0.006256311484570825
0.029815264325792217,-0.00033720422958333446
0.03283020388323619,-0.009262235044698171
-0.0005698166330183694,0.013710359669046174
-0.006317228108292026,-0.0005758560190927258
0.008448982024251301,-0.012627144797459995
0.006275093733057544,0.001055049483357714
-0.0064511331746647865,0.02758285785764186
0.0012463606044261668,-0.013658354243202974
0.0016480429209943632,-0.008702132047293823
0.013925655346252093,-0.00745671231374795
0.023734281898692474,-0.005132261308561291
-0.00593156882630426,-0.011389732180682437
0.01545373839652145,0.0026901053508507277
0.013971184162350386,-0.006879648782603566
0.0006753796704543618,0.009504008244303263
0.027766770992700356,0.02910804865216515
0.012201288375526047,0.0037625885654863573
-0.0035157334391924372,-0.0008279006317203643
0.0056866192940261484,0.017870188554897474
-0.0041914460531061164,0.013747874533938538
-0.004869812057675392,0.00537629287819301
0.014618077328585114,0.03323950091937711
0.002129642262071597,-0.009948587063439441
0.010048678750153717,0.005227798805619561
-0.01394534862274608,0.008823146246757212
-0.00312875705175606,-0.0009605569314808192
0.011574472026593612,0.016060413178922227
-0.007915631405498596,0.008570496841275707
-0.0018333722107195507,-0.005768725984086392
0.009051704227502627,0.013761374340749581
0.030301129938494927,-0.02080039592743681
0.012093352882058837,-0.007102246426258615
-0.0035311702476733377,-0.008505737610391407
-0.009217192067876709,-0.015152565821294343
-0.00957381883150197,-0.009001128855557977
-0.0037837696782336465,0.009012702738047301
0.0007795714926239794,0.014027127887443772
0.005046574835596058,-0.0019555408481539156
-8.701438751945665e-05,0.016619513307265535
0.014357652269409566,-0.0006719903436044857
-0.0030331143379050377,0.006826670208766983
-0.007600753466316233,0.0038377056921514007
-0.02507711579307143,-0.005319646179767554
0.018381807318345204,-0.0011473443661350355
0.0037438163799881404,0.0028782775012727332
0.026933058690104834,0.02827985460026073
0.0065246609622389385,-0.0012529530679406997
0.0006491139700022482,0.0003549731631635598
0.011341422331182337,0.004874739813770758
-0.0023016057039116915,-0.017260574723223055
0.005137106302160802,-0.00474098624823367
-0.04051359626023037,-0.018013543676302507
-0.017755774312928272,0.017767872191772206
-0.0011016486801838487,-0.0037771278694163587
-0.013194451719114032,-0.016014559408547915
-0.012243397322947854,0.002195847432454876
0.02401406346452654,-0.0011978547274695318
0.00484441451956278,-0.002930867582284227
-0.0020480369529049117,0.012370072567496244
0.010724504169764943,0.0023688115968409722
0.004985640500970889,-0.005482568959121287
-0.0187391133661671,-0.004373521870668032
0.014680815917026586,0.018260996571929592
0.010037813580162001,-0.001754910113590177
0.011378517220604945,0.0017224874205956579
-0.01132189122336929,0.015020272030087578
-0.012340429672347055,-0.006846218147849432
-0.024221591375289172,-0.0041791013445666055
0.00026711864661166444,-0.015327580950813692
-0.025127788129837136,0.021545241380350744
0.012767357553701066,-0.009179179064903306
-0.006563774877051831,0.006323511269814165
0.030796920578768188,0.008126780819236467
-0.0172243420934567,0.0038246231374823806
-0.0012388953694110155,0.005066946510886535
-0.020432856777860046,-0.004305232002373496
-0.0006385805319645061,-0.004229680607930224
0.001562854446972991,0.00544521910023147
0.00812703817241072,-0.000625645429450435
-0.024833751898895192,0.020484764378454305
0.004497282119239235,-0.013066962144449632
0.012298323018554278,-0.0056627867961898835
-0.013116569022293042,-0.001325381368750007
0.00797149058196194,0.004358333117240078
-0.006919179508328198,-0.01779509586522079
-0.010140883812371262,-0.010110307728862294
-0.017547438058645354,0.009700277415210231
0.006517337255484938,-0.010594214279757786
-0.029247007368791395,-0.01350544946254191
0.012311069672367633,-0.017334259797761306
0.014744551095967893,0.017502996801878515
0.010911127996973797,0.010873848979428684
-0.002392760829324935,0.005671016948428907
-0.027646975037674167,-0.002761276934582577
-0.009974544209086951,-0.006261800191961739
0.00016477523613616925,-0.0022097895332380837
0.0038724443817642097,0.017271883317308268
-0.0017030024960190929,0.00034284555848771694
0.006905906342112198,-0.007768142754309519
0.0004053594344653368,0.013525509698672994
0.006483941881596016,0.014180538467450704
0.0051501777142952225,0.0024666304094304874
-0.015018827311864455,-0.0044179776976879396
0.002926348025154506,-0.01699794675324022
-0.005667607096202766,-0.00931714367654473
0.0052490263310102725,-0.029865820212151936
0.00692151537640661,0.02241608854313594
0.006915390643785539,-0.00176036832333345
0.007202574849134428,0.0038590270184932093
-0.020902997615760126,-0.012432623379912178
0.007219855421529905,-0.009442108838490844
0.004576993389615753,-0.0021977610039791216
-0.009755392456551831,-0.020163177293167488
0.007887803654302182,-0.0008000882793324256
0.0010249476958890421,-0.01329215117950843
-0.01612721498411738,-0.012382627369309363
0.007400193902012357,-0.014899900946085344
-0.013018503570587505,-0.005490502708746225
-0.0011280141616786205,0.00678622508211286
-0.013235712617106437,0.007419797359749005
-0.007154196726582731,-0.015222485787098462
0.0001400119670479976,-0.022354248127309618
-0.004126923538108042,0.010865675861726785
-0.013844327918155389,-0.0028968839756017906
0.011848736131504126,0.0005792801674705079
-0.008301704908804313,-0.018823163171641302
-0.006852863984034699,0.014089117857011496
0.00959869781084806,0.004230129303513682
0.01297645697118338,0.007917862986185515
-0.011934177702186582,-0.034379589611242954
0.008995728843762768,-0.0008451891297938821
-0.008115920019409932,-0.010788881050948503
-0.010738127367638132,-0.01339940987209113
-0.030509802221752456,-0.00482372931333455
0.0034427306860691765,0.028590248583983686
-0.00022455126220904105,0.02123996942972553
0.004258774705252082,-0.009382030952521601
-0.013294880113202616,-0.014731665815356388
-0.0033338839108678136,0.023692112027426757
-0.013124909438557902,-0.01198533075781841
-0.0065909925568656234,-0.011947114163709473
0.001156340274539768,-3.406565169580199e-05
0.03104460956726456,0.009480388946028847
-0.012408579768487875,0.0025771577858398013
0.017893990221746807,0.01722476894463571
0.009302223957475353,-0.003500626734260471
0.009253826618877308,-0.0009754893971628458
0.01114574279986933,-0.014763263485448095
0.002043527903184053,-0.006346964761612682
0.00018992448976010238,0.018997114748019288
0.029531026699520346,0.006513211718269381
0.016692592474369942,-0.0020866630154932012
0.01850348859796091,-0.02237685474063108
-0.0009525326544797548,-0.012659433770962852
0.001228181982282834,-0.0017913816927460752
0.008870751643586623,0.0057971151230285616
0.015807457588770807,-0.010949022862344147
0.003615645899076558,-0.010393705838035307
0.016293056793308613,-0.0020282346056589833
0.000762102498290047,-0.008923544265615336
0.016171941635324514,0.008335801952045129
-0.0200088594491386,-0.003845251236695878
0.01953302406880981,-0.008073074721824778
0.002693577274516497,0.0033977338373267552
0.03304184880282307,0.032392026827879616
0.019068271404101448,-0.002445456010939976
-0.004052508543684966,0.00855276866944051
-0.00358242817111795,-0.019110343204264163
0.02150365891942797,-0.001882348375362654
-0.002215972988027335,0.01415209476507948
0.01814729253533093,0.01612497895170726
0.011311283976483491,0.0038003778266794725
0.005883412270033807,0.00497101873136851
0.0020624146179522543,0.008116451199540596
0.02342703795516574,-0.012358048641267359
0.007649109754640008,-0.01567723475161203
-0.00302600853692951,-0.01546736252692075
-0.0062079217459942325,-0.007903488222534573
0.01458596632474931,-0.0073888207211108255
0.011659967597100928,0.008032614542824728
0.0002094718811705918,-0.000760778560373803
-0.0020493612626654835,0.020910703928661272
-0.016859789086437003,0.021493470720223222
-0.0017088345752694402,0.007268433189249664
0.015918712606832853,-0.0012280907024815452
-0.02374674363911366,0.005521237427439381
0.004709298814894642,0.01591979487821833
-0.0008407607420082089,0.012435570032206928
0.021370112900167514,0.01699027021139758
-0.015272676085288718,-0.012426213446202171
-0.01949471819680188,0.0033256195583055317
-0.035917263524647594,-0.015279906813436387
-0.02865818492405697,-0.010093087939150704
0.016637735397904148,-0.003064750204317562
-0.0027490102236821246,0.010154310979842455
-0.014822166895757482,0.01912787588171619
0.0062714161958534196,0.018324014729320517
0.011247897885002075,0.007542833134021651
-0.021838211185741075,-0.016593767550410365
-0.003484978795236877,-0.0044905029210917215
0.0268002728418801,0.016615727084700712
0.015609158302389617,0.027068420730298894
0.007338379636604419,-0.00032405971869432673
0.007782030849366533,-0.0029442075616584436
0.015628685737670227,-0.003864771888147131
0.013184748786201813,0.011706063049663554
0.015679377014636297,-0.005558813160444114
-0.0015015654085128885,0.01126606456652285
-0.0013287124298140141,-0.0061688149883621255
0.006491796259332987,-0.0019085791473817146
-0.012787541924937067,0.010575096089449515
-0.011358145070000086,-0.0008841209263567885
-0.028405318219409996,0.005977299191437787
0.0028310112077985197,-0.0023240472754899794
-0.0011515852248120454,0.03231278215712423
0.020579717962093916,0.012567504915432622
-0.00447927559243403,-0.01677566416731951
-0.017332790053224825,-0.01962709444262927
0.008181402963092697,0.007966057010709364
0.01272367012481639,-0.004283168993639306
0.006635724724733298,-0.006403955208404022
0.019988626329236585,0.006620032144782939
0.003247758603380554,0.013833671026729985
0.011225101649741755,-0.013099344225544917
0.00789527658152904,0.004059798401999466
0.002391696479342972,-0.0005760744221181929
-0.004399335969007875,0.0011980410734913419
-0.007590160155530968,-0.014745481956189863
-0.0015477325020883603,0.004571025095026619
-0.021131220893166863,0.004058276236438433
0.009452879041028848,-0.019110855302944266
-0.034164481995206046,-0.003073382268278959
0.01237918955317169,0.005384940031559311
0.0048335160582495575,-0.003114757959681968
-0.02197755292436522,0.0030294318873270087
-0.03089837023065355,-0.0032073523795873504
0.01022961137180789,-0.006697649138495854
0.005610776375366505,-0.009189923075171118
-0.003336740392864484,0.00395416867742517
0.007771802899259546,0.006339187544299786
-0.010100555166900643,-0.018132433181455177
0.02308081810200012,0.005522577883443515
0.02132074082108021,0.002456577080832038
-0.0028313610437172496,-0.005206561985420916
-0.008931214534665909,0.005481445937620258
-0.010860426581514227,-0.02101544006811643
-0.009562328227851543,-0.005227896433077572
-0.009144531172793787,0.006817150713818557
-0.013786971882665833,-0.008781364748570174
-0.00597305999361365,0.014941868252103122
-0.018023139481680123,-0.012624831942757585
0.0012130514428946837,0.011638686251038947
0.005907440142407761,0.00011250012067921225
0.0002467137077839965,0.011131657507646333
-0.006613439478798834,-0.005125622446453591
-0.011633295510261857,-0.0010629592003499793
-0.004437314048639261,0.0037473580192528043
-0.011337878386853526,-0.001151969383421135
0.0164321331093284,0.0003685962033818777
-0.013881682971628858,-0.016368932671797135
0.0019749865747001358,-0.004551634904320725
0.00864404839772167,0.010124890551902889
-0.008259303127880447,-0.003498046833969868
-0.018164935797689807,0.0015529810391197055
-0.001233694953558135,-0.011482899768220601
-0.004875185263239545,-0.0005433512006863223
-0.016171385423490114,0.014547119791835181
0.009371811186398309,0.018499356339679644
0.02700072261887379,-0.00597485105314589
-0.008663810737183614,-0.006861828626409744
-0.0004236914580148844,-0.016142659713125396
-0.0004857639700496742,0.009537916571540645
-0.02690392579940033,-0.009369406301913316
0.007450856380299915,-0.0022099729542110766
-0.001682818136448583,-0.012173287452094611
-0.001882730320363757,0.0034245742185212463
0.006765230127434073,0.009634395947995138
0.007641552721561372,0.017430306776503403
0.0005745904630774549,0.0039757862855852
0.013142716534156615,0.004493869122633565
0.02588774989164544,0.008031691269671432
0.002175446634810724,0.021391830000561975
-0.008175375230753706,-0.019988233504427067
0.0013783533195562184,0.02206455804428797
0.0197321895586038,0.005458495512888016
0.008195384623117134,0.010045165077655583
-0.025615944395661616,-0.0008929464757931866
0.011818705705784803,-0.012504893343650897
-0.012592951796810248,-0.002425820391105327
-0.019642476335706895,-0.016155105160162338
0.009627519533564948,-0.005053015632865567
0.0016459868029941567,0.006536961689026225
0.02507474910341494,0.012536038149501738
-0.0037271210024077844,-0.007173472302833969
-0.01739517679889097,-0.002544316804152227
0.008405731977706868,-0.005416966587529844
0.028209870997462246,0.018453470577380882
-0.0025795217312255454,-0.006216983510253898
0.003339170242928592,-0.002746165607775111
0.013383677478568518,-0.015126559776028446
0.033484720100873645,0.008007792921789469
-0.016436771683490694,-0.0025254758159304726
0.007881485851576372,-0.010449971128888635
0.004909653108502488,0.011235134899130595
0.008058778100255728,-0.00201609172040096
-0.013058039638177856,-0.0027783436935372996
0.0002401802707234991,0.02068275271874758
-0.025770938489039122,-0.006349176654605955
0.009183601262833494,0.009966484360374584
0.026380868054908052,0.003854727951761767
0.003371336142472481,0.002511477533537067
0.030250555730829614,-0.005942635273979915
-0.005486576168752469,0.005297866886890448
0.01424331586884222,0.01025600026503267
-0.023016818598717834,0.016950206245463853
0.03422813738090284,-0.0012990261568662804
0.013772460993905021,0.012657139222387936
0.00378413154855826,-0.0029866523549847957
0.016813589375066187,0.017231351285025894
0.0031888761192563255,0.01252673485869234
0.015065051434134087,-0.010445553680175022
-4.007160244521758e-05,0.01855880757913874
-0.0185622961706941,-0.006655671896138039
-0.007722671272309999,0.004031598902906472
0.006095454192230623,-0.013963221319825147
-0.010229759059811905,-0.006811910348237066
0.003991500641807907,0.0119715626099726
-0.005007592059519385,-0.0038170618198726755
-0.007327624963060693,0.007494965098623992
-0.0006776586827615598,-0.0006176363122271939
-0.000826794200907004,-0.008174860277130887
-0.000800982948649237,-0.00712966078296566
-0.01073667249030312,-0.002561689261092418
0.0033930043230810535,0.007522424362125188
0.02965653783625474,0.013058243498363046
0.03091346707834958,0.000687181661873168
0.009138477669346697,0.008572737102558358
-0.004801470216577066,0.00630949309547793
-0.0028993634222101833,-0.011348847709943728
-0.01797242705629764,-0.005267427280415232
-0.00283217360223795,0.0009371648187443751
0.004478302515577941,0.013623985210804596
0.0028738736282843728,0.007125217278036999
0.010460023732510388,0.010297173623075003
0.003798263256198308,-0.0005073037671593664
-0.009476045224582228,-0.005934022844016937
-0.007816257010849795,-0.011883124233214871
-0.005219302446964819,0.008729572947194113
0.013363291819832602,-0.0023747145071731086
0.006977074135103301,-0.0012390498543165052
2.663354809498866e-05,0.005305360555740986
0.008826946251846591,-0.0014249793620451842
0.009023602612406176,0.016394478458448707
-0.0075651379979676785,-0.003401438307125983
0.027555699612189666,0.022606230808408304
-0.016177255188217905,-0.014042096646702194
0.03996354212188085,-0.0033152575058184724
0.0094329944207098,-0.003228754059481234
-0.002749443177625129,0.020409270976988143
-0.0029224716367264227,-0.012388851499310809
0.028187213301060835,0.014221629300824856
-0.0186604432354884,-0.011874763831048712
-0.0016007545366676188,-0.0034843619279910296
0.016628158516220775,-0.0020456535810592816
-0.02796810005326464,-0.0009631270841114104
-0.005213424468024594,0.0038007298436359338
-0.01915945587256603,0.01922079317018537
-0.025237134263725283,-0.01547662085467212
0.01224564415414305,-0.0020174469445641166
0.005887209050723201,0.013133871082955006
0.002112595926735828,0.009847344607046888
0.0038930020596848838,0.015312282749344585
-0.002739188831966259,-0.0018285492820570087
-0.00900012696855318,0.010568931105793948
-0.01876276733078995,-0.004643693862222918
-0.011388652423887837,-0.003764214905174219
0.005056647382815829,-0.0030830282080149553
-0.003358024454662601,0.010596569227724102
-0.02003602858302999,-0.006023676063485587
-0.003184433908161492,0.009094477432056321
0.013955528118443158,0.009894116948784445
0.012254262030918435,0.0030893801899842953
0.0030454992399743487,0.0021918235828055207
0.03596354593076151,-0.013436757839814902
-0.007762653175592832,0.014262615626268895
0.009424293121742143,0.0023362229011488
0.00246532873743788,0.02387568784200186
0.012824230811864281,0.009997496049933576
-0.028590896366138215,0.011525273520393703
-0.008398847734574822,-0.016248858349555986
-0.029280130260712724,0.0004644373583860123
0.013971867381937335,0.004299934988410045
-0.012021256696526842,0.024258788181372302
0.006974015000379258,-0.015176996098230554
0.009719518270718304,0.0048600311575193
-0.013128648869301136,0.0019966791326697718
0.015315587817161868,0.0039922156207286095
-0.028264791867712354,-0.00596766504736913
-0.017320238884539683,0.006648808805975101
-0.000558988311960935,0.0026860096094747077
-0.033438697569337046,-0.0258179798045029
0.003710920499434583,0.024000740803754368
-0.002400756838252087,-0.026219157374755057
-0.01903761130149282,-0.0031798661514389572
0.006317408426934133,-0.02142007756466129
-0.0026832099945908764,-0.02732239830602234
0.0003051981213507097,0.011343912588085632
0.009625384808740294,-0.0098497367223131
0.029204158569174486,0.014046520364391753
0.00046341700076612424,0.008428508649939196
-0.01896863627345651,-0.009667833858346405
0.00640850122936589,-0.0068350441138064965
0.02744508168978256,-0.001089485682636581
0.004089022725326342,-0.004702224920309523
0.00524434013119754,0.005596211335229527
-0.01329875405191577,-0.0009137862508630804
-0.020311755051754508,0.0024996278639839425
-0.0009789608201978268,-0.022706866737668488
0.0003719938266072804,0.0010304564683931625
-0.012344654194478291,-0.01403699129652353
0.0037091313854952725,0.004461426457524072
-0.0014714783750146945,0.0030023442320821552
0.01727117056563506,0.0020630979964666074
-0.018560429688945952,-0.01120417835382091
-0.014120540796736374,-0.01571140304071655
0.017518416130564374,0.011946018398639915
0.008474531222633341,0.009515392601575835
-0.009284855528421076,-0.004115478954862682
-0.024620770581228836,-0.020025130849495597
0.015914687609968454,0.007102188427657667
-0.02507608417692842,-0.008734075184365862
0.008134012328327953,-0.011534831559094632
-0.007701401189063622,-0.003940553368932111
0.015901478117419595,0.017469260563807768
0.025678750481426087,-0.006220380043367613
-0.014906491029516128,-0.0034126800406485904
0.011648761656205568,-0.006751268556010033
0.0079077608579689,-0.002278309094098077
-0.008802431513920253,-0.015875810144855795
0.0035660910990709766,-0.0010606274283691205
0.01929319381821293,0.0353153229252547
-0.028531330036953288,0.0014330610885804253
0.028442935917005318,0.03263704703163617
0.0009923311758880593,-0.0005539349452206205
0.007771593793960337,0.012285926793960792
0.013380487173085624,0.018300269446918104
-0.007839236197386433,8.364432188700238e-05
0.015704868818749503,0.007883520940814768
0.008251944571111289,-0.0038500889321590567
0.007685727460347193,-0.00651184574873515
-0.01068460380287026,-0.013492447169853426
-0.001537842748146341,0.007725515880341097
-0.011504662557919007,0.02835417192954972
-0.009270711051592157,-0.003899813274574779
0.0036072148341418646,0.007736797579439552
0.008436409873990322,-0.003100943162139294
0.0010203343827050178,-0.003031829664932441
0.010982406005215896,0.0007717730811654145
-0.001913643401041143,0.013122197964668927
-0.0012122732591337377,-0.011773607395756327
-0.0045185058474909775,0.004409092082611899
-0.016100640071220283,0.0026035575321858447
0.024186616203479692,0.014260386586371292
-0.004419591238138671,0.007997065593568619
0.014535601630320139,-0.004288882156716219
0.02720075670898365,0.004959726730142678
0.012020994639050372,-0.004721987146228185
-0.01620117064512643,0.0015017135861290643
0.008423936926732312,0.026163289921382855
-0.014378587857962432,-0.021668675697890764
0.0006304608296730793,0.0001667028823586725
0.01974450839096106,-0.011698294298316574
0.019199444569483786,0.0072928999812802734
0.02814895550555296,-0.013509163453603123
0.031908852429327526,0.015562807699519059
-0.009052124072108125,-0.006185672033440399
0.0016492913276079074,-0.002830707300813026
0.004695420616383213,-0.0009091966566586275
-0.03525024939367285,-0.011029612898407723
0.03377132598616899,-0.001308258812685982
-0.01414404068724142,0.0073402132794491756
0.003594411319351653,0.01356425525936183
-0.010518679961243053,-0.0017026016726366447
-0.011410057795528145,-0.00024734985403817217
0.015173288830176566,0.0206389773418907
-0.025081438761965204,-0.004691070536689854
0.009558189167812738,0.009907355754431753
0.0016833538357263844,0.03274715853775165
0.03220510194965123,0.010665597135250064
0.02800023804440938,-0.006348605644061851
-0.013679577677383425,-0.013229437304689123
0.0029420636021332716,0.00960988287283151
0.013209173926152782,-0.001161183250192673
0.017804847791822367,-0.004851958485569588
0.014776814298903792,-0.018363509261895006
-0.011349252299175853,-0.010425230555319083
0.02120776929190311,0.018497206897253354
0.02072012131254092,-0.012789949408226921
0.015271579287384518,-0.0015271881343365615
0.012969565244043732,-0.001104882545991646
0.001130349045608319,-0.002544979200054515
0.004230360564709323,0.004168903816034801
0.00872491854202167,0.008832441686078373
0.017201668019489757,0.02599971321837467
0.004852240024153594,0.008234336343340849
0.005755696336486246,0.00451673620348653
0.008293396769732495,0.010581910105367662
-0.014592997725722262,0.016819325766960894
0.0014500802474646515,0.00181748079616929
-0.007603631701579565,-0.003835369188708564
0.010453595967489904,0.019767288845648198
-0.006587452119619888,-0.013086219339333615
0.0016921620458503822,0.0004495635728249533
-0.005612350349586914,-0.00578759215775055
-0.007292367783881871,-0.007805953956725798
-0.026223100120629984,0.0014393865051404754
-0.008380830998616478,0.0002886673624915747
0.011582579843284885,0.015378392232079137
0.0026315556916728716,-0.022008349222151526
0.004737869248398552,0.02066166457101138
0.02551225221975533,0.026406358087289847
-0.029220772315662724,0.001871102066837267
0.01903166583552735,0.02225581698481978
-0.0019246943672093077,0.014181307315829218
0.018114708671356512,0.012944590749075927
-0.004709958841401414,0.005188025005367734
0.02260502871776377,0.00041781670661912877
0.007801166632561912,-0.00047406818726230854
-0.00987356069482752,-0.004586008052241993
-0.0013781137618135203,0.013993899377203202
0.028912302486988346,0.009822656940936167
0.005574761409715025,-0.009439816484844845
-0.009697417205003753,0.0035510484903892863
0.005986083712293355,-0.00020678211383818532
-0.002889710825442488,-0.017395256825165212
-0.016215650737313483,-0.0016555411344364775
0.030038265962299353,0.005861627053779465
-0.012548515918513086,-0.017550451164261766
-0.0027004068008805726,-0.010185134600225043
-0.01652031927075488,0.001845162401265996
0.0018493213187048068,0.007872115184355509
0.005285250403788832,0.013151469327391488
0.012450315110896401,0.008280752212803033
-0.010105921749054945,-0.006030500294760403
0.020613409148991416,-0.008268792513597667
-0.01746690224877191,-0.0026358352804050616
0.007613493770432199,-0.0025349276944204215
-0.016614486545631593,0.004181910626122628
0.007948802664981413,-0.010186723720506434
0.003790197135894675,0.008157712059697366
0.0005937088463685375,0.00352862440457336
-0.0016707177191713385,-0.00838658777052823
-0.007984251412772876,-0.0007973986822988162
-0.01640945355206298,-0.014135943155442428
0.017752561427176964,0.01825846023281897
-0.011092084791651382,0.011662032217112542
0.004234053451779758,0.00053110824489857
-0.002369976005380871,-0.0017291338679274273
0.008530294234228514,-0.01934248074832732
-0.0020141105293436214,-0.0056566894025766095
-0.026849972278889373,0.01242943589358995
0.0004196091403434283,0.002694419282809644
-0.03555154199096721,0.0027174840549101906
0.0034543123173999403,-0.001729710025839011
0.018252673943182997,-0.00110286105342144
0.01604827435179017,0.013000489113298203
0.005113773267403833,-0.002375430280577239
-0.020254696472125,-0.004712913278372506
-0.0005149864496980109,-0.0015171133617235882
0.02354815151957616,0.01742612711119386
0.012141023573902732,-0.008663206831193981
0.03658996451657434,0.0012006501396143927
0.00866700904701894,0.014652147796227966
-0.014052367484622411,-0.008063180696777783
-0.012166747787695262,0.010801533055968992
-0.015800497417185467,-0.0006447442837225423
0.00896334066381426,0.008862425049612916
0.012155851857482667,-0.0006344337600135372
-0.006416818155338495,0.0003001276971873334
-0.016888804380826253,0.00837216941899818
-0.0154849644606647,-0.012978973764156174
0.01755206292036411,0.014054175826288469
-0.01203170896859616,-0.015835853761050993
0.023856967693120252,0.024715231113700404
0.0028722531671196657,0.018693509253254754
0.005145739072531825,0.004448370058119394
0.001584292642844404,-0.00033013388462956684
0.004673104955074803,0.008737550114528569
-0.030463882717595907,-0.010831497571776394
0.012392522615127173,0.011033956372888488
0.006086131140600261,-0.0023682897616575313
0.007092047468504314,0.027606644158681276
-0.009472094046686296,-0.009345409018623208
0.009153634468360412,0.002027007592832962
0.012253005523890697,0.012724900692767268
0.003542926386886057,-0.0007674606607331416
0.018812568790958422,0.028180455502178424
-0.010941160162393061,-0.005424068582263931
-0.005059424666265833,-0.009198222354379799
0.002836292264954713,-0.002102847801235016
-0.013433915090823584,0.009277778711348328
0.008658357589715069,0.031392016063488265
0.007963139615839469,-0.004166368581649266
-0.0034174049276918506,-0.018636503911176047
-0.005250398144132524,-0.010598267282110767
-0.014080794250282145,0.00043138522354296935
-0.017894044657474295,-0.010709138878963473
-0.012851759136520473,-0.013355205231247095
0.015589843018184255,-0.0016355284469841947
0.036906934772592125,0.01776062815251563
0.008511135969692286,3.1457206128225287e-06
0.0249290118125803,0.012830940915699083
-0.01755030221784621,-0.0003279500169420859
0.02487963497846055,0.02020376184337962
-0.0053236534162691244,0.016506575368300174
-0.0009005857644795464,-0.020460940149051445
-0.017686656930261932,-0.012222717758349896
0.021727639428628306,-0.0030870985131061456
-0.007457905369189373,0.005090548833496266
0.02644224042169065,0.009942376855413888
0.016345536186374212,0.01295191550701233
0.01231853520065338,0.00023427482067689374
0.016862417357754234,0.019116106823812595
0.012715665124624315,-0.0005617180873822213
-0.017924276872915233,-0.001965624318172219
0.002134411003178181,-0.01729839911855466
-0.004089747962684004,-0.0012349311540832
0.00464958436899578,0.003543192034850812
0.016287614916184072,0.01170818185270332
0.007706285592798511,-0.022461670649179196
0.0025828674463066227,0.014354867922514466
-0.0036779979276500415,-0.006916458536269337
0.0014308380739924066,0.010443433145742321
0.017731387744934997,-0.014337695699852047
-0.0052644250760960545,0.029542486794757798
0.024709361149348255,-0.01391025270625194
-0.010711585012106577,0.0022389800986768902
0.025912491909848304,-0.0005171246799692562
0.007579116711891897,0.0027889345344062942
-0.016291377728576407,0.0041595246408276795
0.011456015529417432,0.006465684524429091
0.023990872590011366,0.02307078075898747
0.007112647159627467,0.015277675815343273
-0.015016873913745262,-0.020460798925878057
-0.0001001798446811125,0.008275497097427852
0.007674217940539365,0.0024392333241536435
0.008407342193867332,-0.0037104697757921867
-0.007557334358994547,-0.00776031235867485
-0.003279550423010318,0.008108387065207516
-0.01478748275851665,-0.020621478089978797
0.007129683536955858,-0.0026855064260370726
0.011944184659099117,0.005781349537304837
0.0221995383898996,-0.008233098851967116
-0.002007652013135844,0.014236444342609147
0.003110189372682137,0.003114731520988573
-0.005914275478683266,-0.006784430326894765
0.03136949658486738,0.009980123023048048
0.007801573497848938,-0.0009945137792554345
-0.009153250894742691,-0.02963379063941569
-0.000872312447437441,0.008510614449805665
0.019777352116694222,-0.0030394248402048434
0.004308385628222042,0.00037046148109427145
-0.00432895038626045,0.011003410329667507
0.03714038687945406,-0.007413542525474261
0.010900379179623972,0.011627230075648773
0.0014578358803383207,0.00808571915712557
-0.013069764445458178,0.0048539182962620605
0.002783774936052198,-0.006348809720966225
0.013595775995703028,0.03177352513698787
0.00428034003091853,0.003952101713968703
0.010904698804832655,0.003321940606393559
0.0049683236470996865,-0.00563493883533967
-0.0029473220447917194,-0.0020288315373334833
0.013485005176941046,-0.00014991771713619126
-0.0035063049692377383,0.0061837975352929606
-0.021228398425811073,-0.01771509507906623
0.013858981372617412,0.0041012303631954
0.00435783840445856,-0.012901104936341197
0.023287434759646317,0.008550080733384188
0.02001701737265647,0.013675753348216118
-0.0013622612638107803,0.0033157384058653083
0.006269937338587852,-0.01609556821898432
-0.0011354527119645606,-0.007522991985402924
0.006689759235617621,-0.0006022169716909255
-0.015707607066595776,0.028396371781969774
0.008295723305840275,-0.0015339055917467652
0.007415262876224949,-0.0005208758519999285
-0.021686746282061863,-0.006674538257765056
-0.0004928189086824857,0.010079412652839672
-0.0022478821767487824,-0.004077488487765967
0.006608364582084243,0.012594403292216118
0.014674974171128346,0.008931798155955373
0.012781520371941609,-0.008205232922641139
-0.002307326496716892,-0.0010406368910605872
-0.005849799546979671,-0.019282754844461476
0.025779089627245858,0.008787772732946389
0.024794483650583076,-0.007509871555817277
0.013431805437362736,0.009147359147163579
0.004097120931642879,0.0005272634976752005
0.009920318461492852,0.0033268440468527376
-0.00892239974047986,-0.00739055743747424
0.0012437267113294354,0.005870323755185617
0.012261920238945808,-0.00328615165670284
0.006293253284130243,-0.0069891430021242
0.01841748786341403,0.0052627611295965855
-0.017760792599781885,0.013458834243007109
0.00943494999865854,-0.01634666217960082
-0.0010590349115093206,0.009505310603724993
0.00034753528694611205,-0.0043326666148325544
0.017069813124252323,-0.008254223857632186
0.04396949408486155,0.01659199535680274
-0.00058170585166645,-0.004886791366388263
0.011283802674517665,-0.001500318439592882
-0.028280379068679317,0.006766563130435612
0.004074395574583891,-0.0044975825793092524
-0.002709753198523159,0.003700280661386172
0.012633208706828138,-0.00785410568706108
-0.012686391803739818,0.014069250197554546
0.005089269705654189,0.012906865543687234
0.004355102842225895,-0.022639275615047385
0.024266588144535847,-0.004452187422021745
-0.006753664352339964,0.007289860022478277
0.03280134534272843,0.01303553725832835
-0.0008636751726622259,-0.017360818944466314
0.012013653896641363,0.009426423211546475
-0.0163542487714369,0.007087345919475496
-0.01598900985715786,-0.011063006532911977
0.02315314338675629,0.00044589127821841734
0.009615842709175496,-0.004376500580748489
-0.011775690596254515,-0.007738091090796899
-0.0056174329341687574,-0.004868667151971714
-0.01853627504717289,-0.0045622332533021785
-0.03647384576403384,-0.02225280248707842
-0.003204913294949698,-0.005117821247790552
0.018955273764048784,0.003053578453870267
0.0068933523147737,0.015913006078191176
0.007021468760045202,-0.007390902992322661
0.0029728985290792924,0.021384378510894322
0.02089966801886958,0.004137893454707776
-0.006876878862590844,0.009840244379883789
0.0057637018111509645,0.00980570952493999
-0.01565244519774271,-0.015050519111675549
-0.004076921120256328,-0.005858136619718203
0.010052846818298948,0.0177527253359229
0.002297630920976581,0.00504860799983694
-0.00625813561363563,0.00595598565330552
-0.014034666671887885,-0.01769916636713359
-0.02633606552572464,-0.015775565157819686
-0.00571681152325827,-0.019942763027432083
0.0020993316401882373,0.0090082573924184
0.019914437057934508,0.009641060569322894
0.0003740762724885853,-0.0010000145122652487
-0.008685524882068885,0.006689732634013333
0.003226946815287612,0.01484705401173219
0.018257766183879382,-0.003780503979235816
0.007921189465494418,0.0010457430226615194
0.01727766364876978,-0.010165745959859493
-0.007914435315722515,0.002817795430804548
-0.017065403660540882,-0.012126434125591036
0.002140406541776914,-0.004201091216007137
0.0015236250279967933,0.006495336174496803
-0.008942637037704199,-0.014195566009998885
0.0024034857177389953,0.0021456932244991577
-0.0016749232420953514,0.008661530295094325
-0.009224285394774944,0.0018358240951865615
-0.004281793481201163,0.0006084497927833705
-0.02557332794429006,0.003060478693010775
0.011311309473999387,0.011129099311033182
0.012029438079077826,0.003153922222320024
0.004557874358254757,0.018320500765628585
0.015812227801971068,0.00834685652200958
5.3610977251064824e-05,0.02292195106846089
-0.007727417912698215,0.0005255679742313498
-0.0014373397117462474,-0.009735119598550333
0.00663758514605476,-0.002682925222378069
0.019128855554972617,-0.0030561420287243566
-0.0041987047109314345,-0.00018714859791982852
-0.01397869623222372,0.004122128472758126
-0.017910335595276085,-0.006506293200656729
-0.012605253453646754,-0.007767824117990754
-0.031521889756059164,-0.0009101181255477778
0.010964162155217394,-0.007661063089308366
-0.00937173070683276,0.015961837523554855
0.002461666100110811,0.001682256163701049
0.005449053093691645,-0.009146320666746107
0.011321430727031555,-0.0017674065722490025
-0.0038527977791416755,-0.02033071981395315
0.004937157976234702,-0.012676338441999963
0.007158857674537681,-0.0013373150412813713
-0.008774537967850717,-0.005880921523777472
-0.008222433266983293,0.01138470286736659
0.0022608127697245455,-0.0032807137312145743
0.00967614087267658,-0.010394333206361593
-0.01003642755277468,0.004720499804684525
0.015819979470202264,0.01661616519927533
0.009137022529767076,0.017037548380956655
-0.01741092320578258,-0.02312659287994659
-0.011216431246377768,0.010609269599455013
-0.002985862233785867,-0.022432442052366372
-0.011522729727992287,0.001403370184673465
0.005866505021731741,0.007220370031886761
-0.008474803408508065,-0.012005328809708468
-0.00036277940986057693,0.005602385511175112
0.003992858324429907,0.008648024954298358
0.002071330941419362,0.004889363726221585
0.0022980084038974956,-0.02338932551322541
0.018339459017216318,0.020590630130608953
0.0006669727859132178,0.0069073125017701685
-0.0015519119087261913,0.012338671755783475
-0.006278422619994275,0.0028376352556756645
-0.0028239106107066157,0.0031008101730611113
-0.009164344573397265,-0.0026739051584248647
0.013604347761982575,-0.006227118127164789
-0.0008066290717825334,0.0016980290562786464
0.014425506239032894,-8.780728203136965e-05
0.012186924469526678,-0.0033534162326848767
0.033512656890175095,0.001195736223403383
0.02398768674134756,-0.0047959981427710355
0.009861432648767975,0.0012373529982867071
-0.014020929167022429,0.0015252206898202696
0.006306711826038183,0.0038385104657268107
0.006831696426844168,0.0016046165967613674
-0.00488092506100497,0.008651393851308227
-0.010608607582748997,0.007516671171500846
-0.007479418931285866,0.02300966612243643
0.004355555071426767,0.015035682707155657
0.007583636852841086,0.023761436774976358
0.027566447043294407,-0.010650492659951305
0.0005888954371397975,0.003786230350464558
-0.026144335371861387,-0.005067039192304159
0.017208044458459512,0.012161909485635503
-0.005618302660277136,0.020377060320809794
-0.017218778851132436,0.001620046066652217
-0.0154503535855386,-0.025334668871516655
0.019427303233626528,0.017611009447197568
-0.033037668927605734,-0.007835075577625849
-0.010406462248608974,-0.005031212027576022
0.016396555342585696,0.011299632081578128
0.008658937386968506,-0.0038280289681383315
0.016213361508411944,0.005444836748079923
-0.011261671475580982,0.0025946641002167507
0.01194202650607195,0.003424187181240391
0.007099029348574367,0.01787794587765475
0.032451163122776475,0.005408733529055416
0.0014934151665026809,-0.007407557298548842
-0.016473400173852154,-0.0004816370787412106
0.014953309658722392,-0.00937835874383215
0.012945984152813892,0.014177880964690035
0.0066646549770537685,0.00017292908104999186
0.006844471790878036,0.012166413116027916
0.004008098477922526,-0.0035434216949783276
-0.010845331206907373,-0.006653614659030255
0.004338170312785653,0.001770865486179863
0.0075405739167932655,0.002938213701528359
0.019087459421170783,-0.004816526190330574
0.01259340266973748,-0.008434189952303895
0.014924878769384028,0.005524638244681816
-0.012946178687929763,0.014082601167618352
0.02405433372625839,0.030624171090665377
-0.0012005381893892306,-0.0005992332078121181
-0.00275589859483596,0.0017578710260667692
-0.0036695519273968126,0.0018236542615135496
-0.008827427757728564,-0.00487671099736476
-0.0034645498727678883,0.0033964418078015904
-0.009912160292641022,-0.0022543458956313937
0.00035348679019638415,0.008441025968422894
0.032611757414322345,0.015250257061115916
0.0037809008998781536,0.0005805722628997858
-0.027603780364012998,-0.009498049983980055
0.013916782838203795,-0.0018812880912606393
-0.005363917174525293,-0.011887841454291703
-0.011413791226208381,0.0011331465218897925
-0.012578269783840535,-0.018934794775599634
0.033281071872058,-0.005159321688925831
0.001901870332580116,-0.0004231866330409062
-0.01546070857266594,0.0008435836172530759
-0.004210065475327701,-0.00254829194164717
-0.009168185685109286,-0.0004425377939878482
-0.004794561678478076,-0.007556223271095888
0.029647578729454515,0.015514512004497496
0.018572508011287042,0.02556862405777521
0.018987153865430775,0.01535680873858339
0.00037465292984648866,-0.006922938771905684
0.0019845944896010703,-0.007608917577401091
-0.012554468364906103,-0.017514056494310024
0.018526893987768127,0.018834296017262997
0.0077993973580271075,0.002123985011807719
0.006806660888627453,0.016020881877298717
0.014139048176796015,-0.010265050648853639
0.010998941100386288,0.02678507895670839
-0.01031412246076705,-0.003453827219751349
0.041719273360210696,0.00019596360469505264
0.002286866693802098,-3.001841143236755e-05
-0.009202552350136695,-0.0034802390698029898
-0.009463180099622898,-0.005595221950399575
-0.0066925519788664034,-0.0001994181903758409
0.0014384180084708197,-0.00984497539386231
0.0044811508867934795,-0.004347856748159997
-0.0025501234416502277,0.014419472832372101
0.013152566209022791,-0.00540393693155975
0.015952537725985753,0.0016682327990440598
0.006917798036616462,0.005665544895497842
-0.006441847553843803,-0.005011326215754035
-0.0009034522905990543,0.035049689082674175
0.00615750596387074,0.005518711226192268
0.002330693068977889,0.008907378711482814
0.013633913878067068,0.013485092842959774
0.037770305909897064,0.01125841925030847
-0.0033628007690798905,0.0018817600007409807
-0.013703484108452823,-0.012488686831832628
0.015102766064947868,-0.00022868465415698902
0.010166446690123048,0.0015140081209063787
-0.008149839544073577,-0.008495673176564683
0.018838663306288462,-0.002608872847495046
0.008720032947278578,-0.007782960723848599
-0.018466575402055853,-0.013157689744432204
-0.012577217369870797,0.0058765984344710896
0.007116405037753929,0.01274321812771091
-0.02968183380488472,-0.0025042781830272773
-0.019123979212851815,-0.021882075351972285
-0.0056689278611772274,0.023222898864056207
-0.009400701910967285,-0.006487448069414164
0.008982419880414523,0.004905892165853528
0.02153870767591944,0.00725327365829556
-0.002335529329513915,0.004052323935466631
0.011079391897050626,0.0027344809978471
-0.012704116293962849,0.0007147501684237399
0.02587912706705268,-0.00025017330649579377
-0.0024106375707724694,-0.018861745167362783
0.004038285326738481,0.014373884805937388
-0.005950454678071798,0.017741868316059724
0.025994480180407956,0.01057015080759503
0.00991399039556339,0.009980207397667324
0.009049132981870716,0.011635616604108676
-0.007355303836249135,0.013810800875891722
0.013252672168187856,0.0013343259939239877
0.007031440982654639,-0.004295459787794613
-0.0019097783895407922,-0.001209792638141557
-0.006714668045915903,0.007728394959970896
-0.005939247199334843,0.0006690385678076394
0.00416795458319169,-0.004125319690185203
-0.004225349614736585,-0.007437978800083426
0.003361864875581997,-0.01448674696214294
-0.008283212384294327,0.017403343716358592
-0.010932842308573767,0.0020724209278102914
-0.010313487477845539,-0.01554592035507763
-0.021290326078078636,0.006674904074224021
-0.014950404298450336,0.0019440305803641606
0.032187572110779404,0.013518515633754521
0.009430618981012075,0.014542435026836423
0.004098814797994621,-0.002664969710902894
-0.05195226770006459,-0.01836728576689156
0.008514449005627504,-0.012631186507017072
-0.0028537669911684323,-0.008006187552327345
-0.009309962312223474,0.006148662675083519
0.029643235998667104,0.024966705197251693
-0.025148447731907136,-0.01298008455271276
-0.012027839094737227,0.01134784601169356
-0.0022070050267853224,-0.01516167942505741
0.01956669782897877,0.01086917700343063
0.02685780684469539,0.00536233405390577
-0.0034601408672642405,-0.010109861134342755
-0.008694925781450313,-0.02078643552297456
-0.0031967076449214782,0.021062095144952737
-0.008743616841024763,0.01575237331415069
0.019474276900267325,0.005329841561753074
0.014479139439815216,0.01929789049430864
0.02487434968493088,0.014029574929903565
0.01820230803628968,-0.011640156697205797
0.005304911583596985,-0.0022094673495862637
-0.02501293463870356,-0.023772184574353213
0.00013028498977397723,-0.01872748204534748
-0.019197302376079754,-0.015371764345532012
-0.010917789237575857,0.015440316580065807
0.012221908627740892,0.006793686472249145
0.013577514192448166,-0.00415852928045755
0.01673346022012324,-0.008944759858051345
-0.013199406174865041,-0.0005174192369456491
-0.02369686179565389,-0.018883515290790083
-0.0054104492780424245,-0.006110775311744635
-0.01892625507880643,0.00617651286775756
-0.017303561458920143,-0.001103903195850691
0.00664919441190875,-0.00582942045545657
0.022153556226323055,0.011676258323905616
-0.010957053623853524,0.0026537133583062547
-0.013619088171343028,-0.014992035456480483
0.0055483483787581575,-0.002373641969888208
-0.008473197392532817,-0.009519220827966964
0.0014114745978046589,0.014048561930139128
-0.022596988077204398,-0.0003589812115790453
0.0014184384326412574,-0.007817611708493532
0.015616088261504601,0.0012915606056553963
-0.015082492862979137,0.003957957475967193
0.03296571755354742,0.008611948810483865
-0.01930288975344666,-0.03154072903281482
-0.01666362213376144,-0.005271332183006966
-0.0211769311015034,-0.014868433625443645
-0.005432744195574434,0.0017039570157073372
0.0047465220425480376,0.0006450893585365399
0.005184400178934557,0.027302153480918544
0.0016294969528192567,0.018633041150605746
-0.0001905521584498973,-0.010030078497678879
-0.027576777188611637,-0.01892251021800491
-0.006851680071051184,-0.007446918926721174
0.00857543946069289,-0.015125044835762417
-0.004737576062454014,-0.003077571281095833
0.012295586015444135,0.012263921075635197
0.0008468548011715838,-0.006751565805486471
0.003971105625977428,0.005182140432169236
-0.02328118949959908,0.009949865628972872
0.016052350299986952,0.0009820601535023975
-0.03400268943317851,-0.0010581502930914115
0.017123036648193306,0.0044518766555429945
0.009471897080196794,-0.008834300959224354
-0.013501757016284427,-0.006309517876048892
0.009644661159225175,0.00878027865989655
-0.02363985562915551,0.012927467601545633
-0.014648941864861828,-0.002185576510943782
0.004280345540114333,0.015520784772110668
-0.00207222104324623,0.007083461626861522
-0.0037802634599629413,0.014596752514477885
0.014450875875082304,-0.004782120493648963
0.041427770545729097,0.016060386069626724
-0.034788500010877785,-0.011992531380774309
0.002656270188623022,0.010168602348798964
-0.015429353122929278,-0.013308182237110056
-0.0022176519622466584,0.01629871674870249
0.02342662376908071,0.01234890513574753
0.004834620813193347,0.005880024782079428
-0.006635399033271551,0.002818320610644409
-0.012751609553029735,0.0037033383860132652
0.010020479360157679,0.007368080966818148
-0.003383281837548282,-0.02477360441407562
-0.0067439290765982955,0.006647914703513466
0.007504314804215954,0.0073252974728597285
0.0023051801322382225,0.0019779279752525107
-0.01069867015782869,-0.007675002889381
-0.0009998753206108305,0.007797403305951749
0.02129341147251918,0.007034404885884169
0.0019117088013591269,0.008278808406562407
0.010951855721855275,-0.014834185035727893
0.012165467242360185,-0.00530086480923775
0.055399426941980204,0.006978294552189035
-0.0020803167484096594,-0.00485511277142338
-0.015431901431290225,-0.00504155315507526
0.02218587367972339,0.0003273913516084629
-0.020722442746989825,-0.00572640194706267
0.01337880984847368,-0.004804519468077587
-0.009071329804045205,-0.005894949851828997
0.01393189087295355,-0.00500807130762776
-0.001913884339181874,-0.007428551347943457
-0.018809740614713723,0.007290103902915453
-0.014106162376409787,-0.007025763810999673
0.015499907829100712,0.0038064369280852188
-0.0028779171534940797,-0.010106330665565204
0.015487817590160777,-0.010668314179254137
0.011176272875923498,0.0292799052409038
0.008845956041916042,0.01058172582217518
-0.02889181937918105,-0.004713534029359148
0.010265747776634386,0.000998947483788642
0.005659637951330721,-0.004980766488887025
0.012629780927375467,-0.003890442655728139
0.02332822361180998,0.0034095008891543883
0.008509478491139866,0.008219810618983452
0.014923344597477245,-0.0006130479315841313
-0.008469053364090534,-0.004413600171660213
-0.008079207315416493,-0.017176331181116153
-0.009102605184484051,-0.006773885484716362
-0.009333793582521668,0.0021389283482802076
-0.005470247326775085,0.00024231865633848505
-0.01912210442567495,0.002378044466294154
-0.010548594051039025,-0.0019516859735676667
-0.008462233590717697,-0.0019723446729873785
-0.0013749187674205467,-0.010233559465882561
-0.01277065861975663,0.011134070310061922
0.015204709874569585,0.0063054757176393
-0.008006891168224466,0.006294665624731533
-0.003167241417700649,0.004044569537949665
0.019812015709287638,0.005287381878393644
-0.028964940980185528,-0.005297040691827202
0.008689789160751147,-0.0022222412443805577
0.017659309829931295,0.007579618765311639
0.02548735058673746,6.419697856642518e-06
-0.005990278180524923,-0.011537775551431068
-0.009093297363195864,0.008457989382198557
-0.013899854279469699,0.00890646550623277
-0.012500964958836453,-0.0035398759940658358
-0.023279399991333563,-0.005158581907201183
-0.0027622203928842626,-0.0128573729323882
-0.036476891176910914,0.012307739382368958
-0.0024822245273436647,-0.006119035738352419
0.00474535565900275,0.0007749425121260105
0.01312822528270162,0.00997016540862106
-0.00044473309274479085,-0.011190273117479386
0.010200746739023003,0.015732835759564034
-0.012508060515232781,-0.023465459438993867
0.026005941610202515,-0.0060579076862016384
-0.013197561980304758,0.0006028948700549636
0.017067637563836502,-0.008962365636228799
-0.002114354420283025,0.007717111187038384
-0.018388289339787478,-0.021292367942106306
0.024394841234447,0.0010208202235191773
0.006385758431048898,0.009125471788291198
-0.010731623593265658,-0.018506840083076417
0.0005107309859396199,5.986791005050021e-05
-0.019947090828697,-0.014266069875263632
0.008102998189575087,0.02080422443769868
-0.008758870788257486,-0.01663387167310557
0.0028126499798419805,-0.016093306164340477
-0.015057101146031855,-0.013123955847461134
0.017151648865520622,-0.0108091988631957
0.01994140222911067,0.0006214823392263328
0.01400675036660389,0.030341979760378522
-0.02013001618035666,-0.003769048028323957
0.006647528947455862,0.013525689606671562
-0.0034822432309673692,-0.00559409063423205
0.0034504559714915715,0.007404921772215172
-0.007681559473670905,-0.027300728877457155
0.02895715781824954,0.012669971599390577
0.0030192503003998424,0.01154967751176722
-0.01334263194238112,0.018009954370041117
0.016137707220671385,-0.01645660778443517
0.00607604105324213,0.0015909272050202512
0.00970779991401244,0.018970869836063355
-0.0057462965833463015,-0.00393772831288292
-0.006703386740839108,-0.01768500660271714
0.0016499749275984592,0.008401748184192311
-0.011100341075024544,-0.012550550431689905
-0.008793309512557407,-0.00034535522337603267
-0.006023655101326568,-0.0025560855977979414
-0.00473723663137741,0.005068941306599242
0.013719941619151639,0.011535771066917493
0.023863980973520424,0.011575653609345685
0.0033029234592953415,-0.006857938504969466
-0.030080150388154238,0.0003475566967852609
0.0003055965017378378,-0.0041817437428848855
0.005899254647418582,0.008511384555723915
-0.03219205555205485,-0.02242499076577373
0.00889612601870945,-0.009740365241300793
0.021779317719058788,0.03393623922642616
0.007200590655713105,-0.006459654040503389
-0.0013472668521557752,0.016392528493505972
0.001380059969630271,-0.009951063649105316
-0.010705251276389582,-0.001382428089179607
-0.005050118575560547,-0.019171703400241574
-0.0005555463953420264,0.00950083209286579
-0.012679734564214933,-0.021843580052788747
0.011910222390939956,0.023286135008035377
0.006438625762614761,0.03183470095910398
-0.006853863141169502,0.002261715031660784
0.0034409017742309356,-0.012817094318912486
0.004176915648393301,0.003691708759214538
0.00808340060669851,0.019302426566939885
0.020577912775362025,-0.008708849654770168
0.009538213443709816,0.0016383079996597437
-0.00881209185072399,0.0007599545034533507
0.000709039519255502,0.009607557530010247
-0.00938261234715451,0.0021123232239031293
0.01560282887452274,0.01876120899681427
-0.00021014424816888393,-0.0009679581020819357
-0.011888737226162328,-0.018456219946595773
0.006613309884924752,0.010452658866815926
-0.005087533262978573,0.006578250633575885
-0.00618367552372504,-0.0030948884871945847
-0.02556053082179568,-0.0053206747275209515
-0.015154659279179963,-0.009357723100489932
0.0020719349631870753,-0.0012367943892884741
0.010737461682243536,0.017895616502924754
-0.012709540204156987,0.014201978138844053
-0.020918427669750685,0.008886790090739678
0.011809871152478953,-0.000925184551297116
-0.004941948142397946,-0.006259703161392325
0.014211993665424359,0.0027176912976450036
-0.013463160582874603,-0.021457036169628626
0.0025943608545355673,0.0029891492164768577
0.057307168530425424,0.02502249471184378
0.03584396159158977,-0.006791536851357972
-0.0073996574358870405,0.013974912287938878
0.0005108387118119983,0.0014515187717146038
0.015865044634931578,0.012742369421665506
-0.011094346294337856,-0.0059181063159851124
-0.016027801915292465,-0.009860036764947334
0.0013336638436638808,-0.005123309490595392
0.012155294777173474,-0.00979551819692711
-0.01064469763742986,-0.008791871321333864
-0.0026393672706829974,0.012303652980848005
-0.005845139837672391,0.02770627541359949
-0.0015924442401620117,-0.009084198139845196
0.018999577758612766,0.01629097318910983
0.01866290399256989,-0.013854839198057842
0.019875668647193465,-0.016253701090650833
-0.004120677115006665,0.012249000673893543
-0.03826958999290185,-0.007524302927030717
0.020964168373004636,-0.0005832977161802513
0.003958411278734037,-0.012555387577733909
-0.002579804678328171,0.004843748963440098
-0.0023739720839709858,-0.010102587630923872
0.005796039456712026,0.005921257458789256
0.0017800952415388167,0.016765407532385538
-0.01923002767000095,-0.009549511141387974
-0.004205822210798806,-0.0022795228774140064
-0.006026037717053226,-0.0027075608367627736
0.022911270106338925,-0.01705812478838714
0.01436379547906229,-0.013423947505399209
-0.006860153074548072,0.004042762307447735
-0.013021055708715305,-0.0009926827853381625
0.003891663701156977,0.02983106939038001
-0.007685616348777109,0.0009045273084424767
-0.022989323600168927,0.009581224888798765
-0.003732217144954957,-0.004614055397438236
0.0036103108544241376,-0.005109024123050763
0.011582345474403951,-0.009036335223501704
-0.0013117881769703066,0.01893411035117154
0.009303812582849725,-0.008255620999713015
0.001793964913866487,-0.019529248350508923
-0.008912291660883025,-0.03671390745783834
0.003442622749621997,0.0215637191867206
0.011922411610509647,-0.017073827597701943
0.02546653901104046,0.021756987445319682
0.006016515113626455,-0.00014541107838640177
-0.01890098557900649,-0.010584487851016018
-0.01610473529141495,-0.016840524911389706
-0.00827535782055234,-0.007147293324428606
-0.011333002082691186,0.009162327641194738
0.005943261511109438,-0.012439803803315361
-0.00850631462979307,0.013664851053637739
0.013565535551855617,0.0002697813075213868
0.0035039463459711527,-0.00987293596542553
-0.023957329866850258,0.003602161927298331
0.00331156329559918,-0.013003758642184888
0.0006918417202763676,-0.0013491745616947474
0.0024775482338136876,0.014021178562545459
0.00217666528899359,0.01725169283217681
-0.0071983397940855115,-0.022283627868914743
-0.004899560227902992,0.00737156736931039
-0.011350479188268982,-0.007391443474621051
-0.0025833460755499056,-0.02606753835286614
0.005558189685449355,0.006886481522950585
-0.00040488440880076385,0.010681257698744784
0.018510879999141104,-0.0022632258391868084
-0.009708045787198877,-0.01574846230634941
0.0069786780740006115,0.005824232814534799
-0.002922630033656972,-0.005486886954596189
-0.019595591726459614,0.0019371974138546568
0.001640255722338234,0.003150163715494645
0.02211949389970734,0.013213248925944382
-0.0030819568964571787,-0.009074609184220723
0.020013331886516564,0.02223445739762537
0.014335428106484879,-0.002490530299409101
-0.007019956801183275,-0.00922176218246727
0.008560113172415954,0.007514413942828936
-0.010562222067272482,0.00437655760180885
-0.0008307002453784041,0.011030830474260149
-0.015489702625936099,-0.005343126779698677
-0.021728017939180482,0.00037167210987545024
0.0038894646006988236,0.0036032330878521352
0.012291009911724571,0.003317058317275499
0.027269229692580783,0.0065109166675879045
-0.015683863237932427,0.009562181794832087
0.0016531502905150271,0.007390518480982796
0.0026975440180567797,0.006769936148315838
-0.012175427390716994,-0.018774629648855186
-0.010270269653278156,-0.011066560842793881
-0.01340491850152623,-0.009015728233093422
-0.0006059494829956007,-0.015532692004209876
-0.017249053899181216,-0.0006427050830067048
-5.109928709028487e-05,-0.005895488183781734
0.02951173929939397,0.0018459750653482955
-7.597120263054294e-05,0.012872672113401585
-0.008791532514467524,0.004513765347573363
0.007439580585848097,-0.006663335220296095
-0.0012073994510781972,-0.004248674612131364
0.013677753316399833,0.005453846817053727
0.00514664591431387,-0.017926522313104192
-0.006628880525866571,0.006243899051982622
-0.013054028802847563,-0.017455099195841744
0.00010284180035014644,-0.0006197043222058967
-0.02123586265624961,-0.006270322532605448
-0.01631630337368033,-0.01605763876063831
0.0010457792611582412,-0.002706063853270309
0.014394449692996919,0.003837831594463331
-0.0025615627337016206,-0.002282825236358517
-0.003665710261945895,0.001906201908353047
0.01195998982170154,0.007014455912910329
0.008062451680458101,0.007418623028789148
0.013325222550138618,0.006018216686681281
0.008922801367395166,-0.00570729205410046
-0.016385956754029152,-0.011417160028350772
-0.005935666052220165,0.004298442161907489
-0.017096306484933505,-0.01744397872398191
-0.008584159340939713,-0.012544428003048986
0.011797818232471207,0.016417381031507833
0.011808076798013035,-0.0251739086274663
0.007194554268885623,0.01937032568652492
0.005485567213064257,0.0010150227381670656
-0.0029039150522479117,0.00012026687428385076
-0.0005335725178590406,-0.013421305646986898
-0.008386812860691761,0.013560356848278787
-0.011508232012871523,-0.017066687510805943
-0.0017693939664594725,0.005446233732886378
-0.00841423637018419,0.002930212705654505
-0.013535535114377462,-0.007628684098068287
0.017165165722618406,0.008756969159086043
-0.01936590405834157,0.002073609325012464
-0.015513697256194555,-0.01378125099676204
0.02974894394114066,0.02360109881751788
0.04633293347251328,0.01391684739579962
-0.005714563011999261,0.004946933672245688
-0.004388266906400103,-0.007778893616924073
-0.0072932194121820915,0.004326864141238649
0.006333798922510758,-0.007540071273808572
0.00531590716553907,-0.01671175863355558
-0.002179578922867723,0.007531453172957831
0.006975451606058461,0.007941236070320112
0.013377837957420475,0.0012842012362213238
-0.003998892422844207,0.006579286685074872
0.017699845183464635,-0.004136907380094815
-0.007655010109546373,0.004740069672229556
0.01816552709082524,0.03232919470761314
-0.019888970754901234,-0.016074184225579692
0.004635211407178834,0.010993215014365282
0.00801900315448287,-0.011242745232371176
0.0010065008754784838,0.0008188764004536862
-0.0041717305060033245,0.008180464036409768
-0.005173902139403728,-0.014664010152687885
-0.010361817384622591,0.0065768293453367325
-0.0037123094427016752,-0.023274904002794722
0.000607963911775027,-0.002670728884862707
-0.023978879244969713,0.0026540329074272034
0.01576705043319725,0.032719930870397165
-0.0010147204159892155,0.0076699683973231805
0.012459042616686794,-0.0053067798517665325
-0.0005811564720558354,0.006973094410949425
-0.014187298286725198,-0.01710035735381564
-0.020983953838487196,-0.007157375979185143
-0.008178189170601749,0.021754234468658325
0.010416134877000618,0.021429089426533838
-0.016770971296999553,-0.005021729229486145
0.03909972651268605,-0.005005473148958666
0.0035150274294071812,0.00018840379489067427
-0.01697201631372342,-0.017656825566801763
0.007635917780397707,0.0012152406308386073
0.005226856889019527,0.009716286640302687
0.0018718080496126729,0.02396695622807402
-0.004351019751165681,0.005937220826526905
-0.02462373652471312,-0.0019879945701786255
-0.017093963445432837,-0.010570194985801072
0.02007206013902325,6.029219372783244e-05
0.00014532303922563806,0.00956487108799014
-0.011647619915784923,-0.004088075465384589
0.01958622038361882,0.02946568405584443
-0.02545475971776417,-0.020058716053639323
-0.01805473250536478,-0.003564978614791511
-0.007568540503461285,0.004675609968647989
-0.025161979160475047,0.005493011899017071
-0.00956348006200186,-0.011266957681144461
0.004968033508802232,0.01683406095264157
-0.03711199058544898,-0.005887740796629136
-0.007435876628940687,-0.008766165882805042
-0.01241308779457843,-0.0240743889294495
0.014106239838866217,-0.017231696652722454
-0.0005523094951251414,0.008639819058528208
0.008589049919112352,0.019463512104903376
0.0013320942088230498,0.0008471373810123626
-0.016705556926732645,-0.022794448831549238
0.014838432730303892,-0.008743752878853287
0.008373415833673223,0.008244996013541948
0.0017450540719108842,-0.001326190937485889
-0.023422433058609082,-0.01238063035876385
-0.00872965944566498,0.0033977575580288613
0.024118491966587115,0.00035628396575565865
-0.01642516679581334,-0.018740971844514665
0.012869666573514906,0.009801523542772797
0.013922645608526341,0.01979822025229058
-0.012127898524123428,-0.027635759179806686
0.029332001954563723,0.024400364002729085
-0.03382226860356278,-0.01908330041943145
-0.01383767808147854,-0.001658441473214756
-0.005935327572818469,-0.01550427308076445
-0.002514132075617893,0.006712747188680273
0.016036012225393984,-0.001899929090563643
-0.010562203149198039,-0.013851903892424694
0.0008723002801445045,0.0053310797519383595
0.003784247496322332,0.00295448462768633
0.029395583824207695,0.01833250438881056
-0.007038077120441086,0.0016783536997815175
0.004492152005392245,0.019993284152719018
-0.00051328072826643,-0.0025653556714763655
-0.015060813553230369,0.0025221611831800165
-0.01633147266762553,-0.01314145771005264
0.037447841461872855,0.015414304251179642
0.003128793975888856,0.008942931056759888
0.019131748582376498,0.0064008177155625585
-0.019273314880501168,-0.007676723516315293
-0.013050356184830195,-0.005496995805801802
-0.0054378296022121325,-0.011495692601419643
-0.009925683592916625,0.0014428538360271872
-0.015198980315019593,-0.005450883114333353
0.0017628048082637007,-0.010560488485236545
0.0054053040007515304,-0.013780789434968766
0.011505868112566178,0.008615809773251142
0.0005159838227905518,-0.0055571812441769
-0.004711471522518056,0.003663517223132476
0.019561424098354544,0.02261593268784525
0.02608879478431491,-0.009404658055427404
-0.015359477370387602,-0.0020482477509825054
0.0246705339532675,0.011851245015389611
0.005085016755020766,0.022499406742156208
-0.012141499891864476,-0.021035460769398464
0.018104994480814266,0.002899127948072063
0.006484287715809163,0.007829440895348552
0.0005328006063975509,0.02288993081340321
-0.003664605697444578,0.008500035108732101
0.004008639447579742,0.001179229981924464
0.020672101917190207,0.01242164181855251
-0.012984315004562501,-0.00995423686097618
0.008795713145838907,-0.015138720502639405
-0.003022427606399967,0.004785507446581943
-0.002790884605726099,0.004776126589084452
-0.012233513182534917,-0.019733225982398624
0.005737673940506239,0.0189348323045548
-0.004854889711340431,0.01730521670718504
-0.013999466900158585,0.0032766980750328955
0.022034117253882678,-0.0026639610252829466
0.010213346847974994,-0.006763763986435413
-0.0020658775714695213,0.02184041029331768
-0.019061740071599418,-0.0023041185276852253
0.004746698346352047,-0.006390864412104415
-0.005513285683372188,0.004670784690339743
-0.017351333367372095,-0.0010585192928560761
-0.003337911483721678,0.004353506657240614
0.015228550560715905,0.009130283602506005
0.00843845288627327,-0.013220596308796063
0.025372339182699672,0.03055896671379374
0.0042474368485879085,0.010306388461727987
0.019586624034972938,0.028155414847602884
-0.04290692537852588,-0.013777858844525478
0.003407438691369566,-0.012729764621292125
-0.003207370764807769,-0.022236638770523332
-0.005583567533506828,-0.003472908612173483
0.020547194408499416,0.006742048277648629
-0.02576776192541657,-0.010338799731677359
0.006789601544868918,-0.00981006831519132
-0.004818512347874369,-0.012887268447353094
0.006777692246304705,-0.014559117263851496
-0.0056343775845600465,-0.0013946793306912112
-0.017028991048597036,0.005115955201492509
0.014054655935639412,0.015177399181577796
0.005512968520903481,-0.004720010112506928
-0.024635677937171876,-0.011684941160423134
-0.021392095502156625,0.021031401718735642
0.013579776346537765,0.007896513013829553
-0.009184253635435005,0.010773400259422443
-0.011705756748353547,-0.003853461924991259
0.013171496018222081,0.00434350519072079
-0.002329023722953546,0.0018438038039994523
0.006042611090791604,0.002855608950235373
-0.012152385791831338,-0.0032323570991733205
-0.01638903716620879,-0.007454318199321876
-0.020795382827623565,-0.009617343023292481
-0.007109257371147997,-0.006936212564256998
0.04287898519836168,0.033546157714289974
-0.0019265290628962585,-0.009465683022075014
0.010019413848348474,-0.008120387920473048
-0.030138476047538883,-0.03431811624453344
0.003668411518698082,-0.001365010528200041
0.005794537636841626,0.010026466628498982
-0.001173227271733118,0.017979524655672638
-0.00794161159614639,-0.004499861147635582
0.00162668020493989,0.020692562228842745
-0.011442200817042544,-0.013729033774480131
0.0052778822248703075,-0.002758121146734291
-0.0024053444825200953,-0.006502706724795417
0.012486722628753109,0.0074622235372398555
0.00021517176596754525,0.014389304327857391
0.007647429741169732,-0.010216834689209515
-0.019346415680106813,-0.01558084375295692
0.0060660172368121185,-0.0035849458149763017
-0.012807273840787,-0.0041574042357101935
-0.021556306705973166,0.0025581765909581445
-0.0035120933557442795,0.011396899027396325
0.003364856159507628,0.014451628170166599
0.0051545226451805886,-0.002173736363732179
-0.018448215511536935,0.006649519529513062
-0.004713195495755715,-0.003364121605926193
-0.0069711017516689115,-0.0031356645032173066
-0.020160581567577537,0.00953036726732419
0.0031327844225165972,0.002348943526590022
0.012289528175500164,-0.0010504346672203623
-0.00886773465108326,-0.005137161362170511
0.012706153015617632,0.006327256705392513
0.020936313366664086,0.013399512977833476
0.0008522535758794118,-0.004001666588509505
-0.006653162770034633,-0.035192251935139356
-0.013471385297847542,-0.021833992768002755
-0.009822455215935055,0.002002435170592537
-0.00822928604203615,0.024616120140280865
-0.0038723400463947454,-0.01563936541101522
-0.014894731757419932,-0.015093931177691783
-0.001417063323278784,-0.012330098704355209
0.00770824256934451,0.008119990893257446
0.0071686360337459495,0.01167218549321786
0.023040948447300705,0.014860948556096853
0.016370583054770287,-0.0015140952969513845
-0.007947497725712209,-0.002970741613100732
-0.011006997033923683,-0.0061849784023090635
-0.0043830026449759255,-0.00843299275479815
-0.004539209172709805,-0.011154558722091567
0.000547848204910848,-0.0019680760616488952
0.005010721600845735,-0.010944123153152263
-0.009462729768466087,-0.015169977152124977
0.0035292436451152772,-0.0061608691795467544
0.016327775893657522,-0.016697220115737238
-0.0037520363861631477,0.001913613453384316
0.014160188628799942,0.00693821084655432
-0.00805714147293506,-0.0032754783949923726
0.01669549490979659,-0.003972831355084964
0.013801877650273972,-0.0021299518118629364
0.00535630370120146,-0.007648013359725214
-0.0006194372811982426,0.006296180894868103
0.00624335489869755,-0.003872282231612846
-0.029640907830641255,0.013148117314607919
0.029689635318199965,0.008957957779837563
0.005206710080329694,-0.004508120425307575
0.020614980110424553,0.007506336704126537
-0.02714317251232238,0.01601893457232296
0.023646719371811536,0.00839972792247372
0.004558475408197708,-0.0006912039045952369
0.012436366276929317,-0.004861643142233505
-0.0023064417184959374,0.011293686770892424
-0.03054871560024875,0.009468599961853836
-0.008422580393735045,-0.00018490554108656191
-0.0007001841936353764,-0.0037012002790376176
-0.006508412994401603,0.002511163119070187
0.02404934259166309,-0.015475534984571266
0.006675805772465227,0.018657545067678513
0.005625643227306805,0.005225109036435743
0.0012061467019643328,-0.009428782903598
-0.018603289667246163,-0.005450126885179975
0.020243374270158175,-0.0071525109382992004
0.0027313103936712126,0.011217960050652374
0.0028342342417386392,0.0013448347988859741
-0.016918785996750722,0.01400523685930618
-0.012277259904260828,-0.0013317768026867766
0.003713965572868814,0.006046629905225514
-0.018272570759183093,0.0032913423375086986
0.011837897315001783,0.0016702100361222908
0.004051268320733932,-0.005638307517299171
0.030683197912616783,0.011929506167987344
-0.011291426410456431,0.0036897478543944655
0.0032717516091984866,0.003959137305303671
-0.0024491196847666176,0.012009677418371606
0.005694378123716615,0.006053450902459847
-0.015838060087614136,0.00014080013703777399
0.010628091461816815,0.017552183691980305
-0.010888790837835281,0.010573447934284955
0.014214122834472702,0.0016757160871150025
-0.009297418484960684,-0.009623691631932857
-0.006898303091518225,0.0030463174154154366
-0.012051691158530373,0.0045542130535496
-0.003387081794408105,0.0015235034687848725
-0.0012171311428737911,0.005896488697656077
-0.020123930866586773,0.003804138665927118
0.002198721044827313,0.025580424230844546
0.02718163191029802,0.004117317255111541
0.006489493773296461,-0.004346004216215208
0.005173866207378178,-0.009747497915799633
0.012305614347251925,0.0015545759674078653
0.009776351347453091,0.009935821548641458
-0.006558075913850978,-0.011005006833828018
0.002841296526560948,0.010324908259380533
0.003624978816916661,-0.00847115889528782
-0.00826165682562669,0.003681423170311448
-0.011367638632609563,-0.021890172780972723
-0.003873583105587005,0.004935658586616719
0.014779923292424597,0.009463713149790094
-0.031780598408120045,-0.012539787636720017
0.003058049665860577,-0.008754578230824685
0.018940112580201812,0.010854855112248481
0.017977729758940256,0.00272303133697524
-0.003764704627232615,0.008972490676204934
0.00016316669178476764,0.0052400108350109335
-0.004951162449172981,-0.006970631036921103
-0.00629675761847163,0.016406204430222393
0.012016880201427799,0.012266037664427491
-0.019879146272184227,0.01041302369681581
0.037532296646867164,0.011804123413063387
0.009191787322828604,-0.009421742206928851
0.013412583519685039,0.01155588238386028
-0.005332163944625502,-0.0005698441620107476
-0.004101202658807243,0.0005526919126008641
0.012019485029686595,0.009126229479631553
-0.014972821260597102,-0.015253918580921873
0.0050814704869377,0.018911389540932962
0.0013763654856286287,-0.008621827263298125
0.01778316916101928,-0.011036773628186095
0.008387363425204256,-2.052738051761588e-05
0.008471914659385675,-0.0019560625054039263
-0.01705409582482529,0.002272767820038841
0.0038531546914653686,-0.002626526207683893
0.002946659763253039,0.008184645227122162
-0.015756384058449417,-0.009547738705389913
-0.010038358080244916,0.01415745402039555
-0.005788077426671492,-0.002868048621085024
-0.013261990795169133,-0.003264834901794405
0.03020884412721109,0.012441997708650187
-0.005351904124696403,0.010626483691023649
0.013063094740876538,-0.011898171778767846
-0.003740453585770898,0.008690587759968164
0.009697706270488863,0.004589265558314529
-0.0023005953862374607,-0.012308327685944625
0.024428242087607018,0.017349738081897017
0.024244932567248502,0.005364180480805923
-0.003623982603175994,0.004520855397497742
-0.02309175386804291,-0.01769948324180082
-0.0011366419812394361,0.0026160106675312046
-0.012850669522682873,-0.0031325145598763045
0.012773156547035201,0.022390103193326554
-0.043453145659515205,-0.002864565243980641
0.02274943428081567,0.009120583377765595
0.015403291540319322,0.01870154910779132
0.011020396051001575,0.012149685353938658
-0.006167950497893941,-0.004270558659830148
-0.00824193424273795,-0.002603411573042911
0.01364349027373032,0.0031293761018187254
-0.01691223199654841,0.009899450476352828
0.04033881048245707,0.007739838031930405
0.011630917883640195,0.018261655422577933
0.018355232303730977,-0.0004301171327600456
0.009664162774291015,0.00814598889188245
0.00010262430409519603,0.0044962542402151705
-0.016078808125494393,0.0035285733278217087
0.015173416885218208,-0.01591157584547739
0.0036851395397195508,-0.0023786259049490286
-0.013918344287684226,-0.0009784420358569627
0.002724030380477026,0.003075829844177025
-0.0022788894026624725,-0.001319172122798601
0.004321972735242118,-0.0009919174840833619
0.02352648454265576,-0.012455400352384063
0.003231597177567099,-0.0011127930818110353
-0.032439154529426334,-0.008101219461475951
0.007603004699739727,-0.003323457680399441
0.0016826124276388373,-0.010355750701567884
0.006814091103908232,0.0002873708718312958
-0.0036734603113821045,-0.007731202279462955
-0.00568527198469543,-0.0050411605553496355
0.005737775559770766,-0.011562903641768912
-0.01721221022971256,-0.017099203720595046
0.0037211735593372496,0.004407980332088878
-0.0024302893869287217,-0.0002585623044771324
0.014061597937930107,0.010439943663170454
0.0195444309377038,0.009542072857542307
-0.001888819016441612,0.0143878141325919
0.018928710374176035,0.008404180769704771
-0.02230887278568075,-0.019642177728335656
-0.009479560560630318,-0.002207884102137774
-0.019428819145950675,0.008364929284567493
0.027595442653905962,0.005486967886706518
0.010068367913954409,0.008347069460455728
0.004951318935010381,-0.00035530721738899766
-0.01196111728469745,-0.002136300622105268
0.004540302038985133,0.009847751816120158
0.01808325578752881,-0.004071968298236764
0.0016973517138347918,0.02047900077169027
0.004462052272509433,0.008980325220642262
-0.0007512752453200883,0.016270987212384076
0.00454972541825932,0.009893288024346367
0.026098474913737405,-0.007569003417840101
-0.012441441226260464,0.0056313154047545515
0.015301060727039649,-0.008835029231884974
0.006282483898216739,-0.008337309102105022
0.0036002516846107336,-0.00828365941469925
0.006250667401453767,-0.005423381152859071
-0.005484206588805969,-0.006335502847462058
0.01892917811959278,0.008382405371655096
0.004618556894225577,0.019982230399050747
0.00032056951323492286,0.017960843494623194
0.0011794584563111635,0.01060101346027274
-0.01617946695698697,0.0063054816536909355
-0.03331435942805171,-0.026998724757517023
-0.004982935024382383,-0.008497916398162495
0.01935648489991442,0.013833814829684649
0.004444409137712658,0.0004720495255057684
0.004526831448630392,0.008682942793487317
0.01899650906555509,-0.006618476198826014
0.011431621659822644,-0.008592618141894666
0.017166310044957295,0.009574781845196396
0.015014331742922995,-0.005781140443370432
0.00499681051986386,-0.01259186071911256
0.00511619092023144,0.005690106546753446
-0.008079107959648262,-0.009738693720477842
0.004898360869190424,-0.004311496552908931
0.018763769601837125,0.012877814101263128
-0.007144269724295193,0.0036264164949269396
0.012580468946472426,-0.0008643336675028462
0.005650750156898524,-0.0049392211378363636
-0.02092977216794025,1.4546492214079495e-05
0.01187921342187589,-0.0013434561718304692
0.01868144540021907,0.012439565573251673
-0.006774160662135291,-0.005298607382225964
-0.015029070688049397,-0.005976274382437804
0.009768528377310126,0.013436610352406876
0.013104506789310673,0.009856353572673652
-0.0016119343670224374,-0.0022245621413560144
-0.00951504502269691,0.008998234238194453
0.02224146368168352,-0.0070522589854825875
-0.006720230402432799,-0.0036080311628688914
0.0025267715762273065,0.0100813584940602
-0.010622420639441995,-0.006213422145601304
0.010677281721699093,0.014205954817618844
-0.029665042349267843,0.0028732746581870763
-0.004300710419658763,-0.0014158018759690206
-0.009461237628993308,-0.006391055247474812
0.00041884539008200375,0.01770172044586009
-0.0004668990145522789,-0.010743305124387642
0.023011932843166567,-0.00805619905611292
-0.0074913394007262895,-0.00585638655865067
-0.0015492196281722697,-0.0058833008285354
0.03142960654671068,0.016300447698364837
-0.0019861348967152963,-0.00847752800452915
0.016003661714011217,0.0028590009829174514
-0.02244762040652988,-0.019692064401225146
-0.006320971453059891,0.01540602555224944
-0.00570604188141716,0.01030851149399781
-0.01755146173171537,0.0034876067483575594
-0.00808222446590977,0.0009296035398245277
0.01242487127172405,-0.008367276332749004
0.0315715079448568,0.006079263101039857
-0.006895160438556712,-0.010664256873136215
0.015084739890325778,0.015557265079372534
-0.03016878625630866,-0.005669270282226563
-0.0044588395340239995,0.00994565723753135
-0.008191631849657993,0.006186157080308822
-0.003768821663206917,0.017715879962488103
0.015239419809666411,-0.01042522141783745
0.015779440463787316,-0.006163209857265563
-0.020802542347410354,0.01167572844833803
0.0011439365356124887,0.010606230043629795
0.012679448359920896,0.023659473485603794
-0.01833050674480474,-0.015849822368577925
-0.0123935014906144,-0.0016429313718448943
-0.007704649983322481,0.019478596364796617
0.019182520523864457,0.004095830214069481
-0.017869418253030213,-0.005574788108581317
0.01229531954999311,0.004581148715953128
0.010617105951184775,0.002408166487434487
0.03456960463307532,-0.01633508570187575
0.008746736277553898,0.0165611036514224
0.008950004092677443,0.008682627383836536
-0.005485778189672241,-0.00044294261258708847
-0.016498871427867306,-0.010991997216936146
-0.028997602041929083,-0.01970768681527095
0.0014751666156646507,-0.0007998898892283275
0.017068117520472343,-0.0006924580623929643
0.010100618233090204,0.0058974850369531
-0.0016531602877490983,-0.011903678093976832
0.009785930666840465,0.014426986640760505
0.02482020172600413,0.0032276377738202624
-0.008064898641279189,0.016078901762292472
-0.007406641957444088,-0.008286839426904256
0.007861621335087424,-0.009298117854806972
0.0001517577081578383,-0.001415786411085768
-0.02637899382295598,-0.013068411146378852
0.0009729368961247739,-0.0018115030899095634
-0.0010255772584122395,0.004170247025049821
0.01553041349932434,0.004291041768545488
0.010806201416016225,-0.021333636305185727
-0.009867412459569493,-0.0037415996387453964
0.003768723877857821,0.014103212967050777
0.010203257545832973,0.011785135121242149
-0.011031465314573198,-0.0032341346293267926
-0.01590974925408544,0.0030633201435492233
-0.004247170576702699,-0.013458241199333547
-0.0017964862711741338,0.008827062109672398
0.008358594104500584,-0.03060576493711852
-0.005421130635724743,0.011064117988766125
0.0073763512982334125,-0.003517703527016416
0.0032979154913279646,-0.000499816357386741
-0.00014202307291251914,0.010103141885755543
0.011970472159958877,-0.009810332977711084
0.010122380785798331,0.008634402847174616
0.018182463203161737,0.0017662674400511936
0.016749822500476727,0.019389014478686937
0.013939706481258621,0.00041297276463095935
-0.011243324415453455,0.006882455382232941
-0.004505311056159713,0.004490475553645202
-0.009360859605137318,0.00441606216448264
-0.003338660137866882,-0.010002242436099975
-0.0252865854771049,-0.0219047631928715
0.013700477665867985,-0.014176508240664944
0.0026156730105249453,0.003099152202439464
0.015326091039799806,0.003877661620754453
0.018683094910987453,0.0020300800054449935
-0.00038785436219119314,0.009393224951567832
0.006895206791646415,-0.02840283117653758
-0.008528706377883125,0.028506362591450417
-0.00804490532169414,0.00365276416440383
-0.0026132187078074442,-0.010873684111912644
0.0038282113023539893,-0.005754535516518441
-0.011910769661607772,0.003598522110192132
-0.02519550570647051,-0.00845779925725135
0.025904676681489887,-0.02578151188201314
-0.003993336856952543,0.021481708909029645
-0.01046676812392369,-0.0036613870341525544
-0.0031529088158370527,0.005005920745820626
-0.007635735553858271,-0.0007603821795491452
0.021076639870536085,0.00041183582812691355
-0.017879186316170605,-0.006956325161974471
0.005788605377126466,-0.00010585152533281388
0.017567229919761722,-0.00595258832860628
0.009887985883820066,0.012656249599871612
0.019069559476315532,-0.004158178717251147
-0.02213369620173448,-0.007969161625810966
-0.02455439523109791,0.00984508854420899
0.022001444815523605,-0.002611803910820177
-0.012478451247859674,-0.004452183340769161
0.006450759727757862,0.00031968011262308087
0.013757280691945007,0.00861199246269368
-0.006760699456967873,-0.005218440419213944
-0.018501894157537856,-0.01639681898590122
0.0061765217778903545,0.023392022458776227
-0.0008805021446335556,-0.004571739128191667
0.01852029279835596,0.014827806366414027
0.01812654511545432,0.00459221826394059
0.009933253720522091,-0.012614931598334544
0.016784321135835126,0.002255149994712472
-0.0027800884172782805,-0.014134170530394645
0.004886799044998378,0.015150707911640608
0.03006337750934182,0.03488532306342844
-0.0020707138564519108,0.007685817320338054
-0.0058127326217708025,-0.0016108414398184245
0.009187399349040488,-0.009942571144892868
0.002103317455588265,-5.5632345790962784e-05
0.025037851491340808,0.024747462083415106
-0.029163511443725663,-0.00848674921414902
-0.001201141163449781,0.004320546423538096
-0.004212966163177178,-0.02465861679985837
0.01612721281078079,0.024314168145700803
0.0268438840733674,-0.0021462247778566766
0.01341342069840519,0.015462767071734582
-0.02510028422690911,-0.023247139113120395
0.016456313124943257,-0.011707282707662501
-0.01334580109604475,0.01114696678525611
-0.011523182119105482,-0.008312319787819577
-0.00920081091863493,0.0048827558983362196
0.008716136375319476,-0.0037679009516373378
-0.015119743116725518,-0.020386178620280474
-0.004529436849159615,0.0232774106910118
0.0005417785198469938,-0.003949895372245777
-0.019827165494621435,-0.016148670978512133
0.012947351166684972,0.0019991755322524003
-0.005918565528580695,0.011426464352534811
0.014496216207031749,0.0031133862917931757
0.010391245176582868,0.0004885243964881357
0.011499143763744253,-0.01737972353597575
-0.011091437600801756,-0.004526690479393044
0.0009277750343657011,0.012047859352500023
-0.02717195787078003,-0.001466658037889032
-0.019049982002975772,0.0032304082821052976
0.007059345022051206,0.026402248625177607
0.010335556567422225,0.005471405640283095
0.001715226822173982,0.004876334664611178
-0.004542221022148541,-0.0059168181885365535
-0.004611053335714569,0.00912776711298658
0.011334119020717391,-0.010525557187002106
0.013986895653885245,0.010005148645154902
0.010414182786840493,0.008884327478888789
-0.013164921915923045,-0.00018899362290408642
-0.0012538694445944467,0.0018626358899813164
-0.009462127909366057,0.0002209534549018046
-0.001348710364169906,-0.007256828095242027
0.009220562620225746,0.018492964970739042
-0.018035428957565353,-0.007383959280290203
0.008882619300139734,-0.004298640636779682
-0.02696276668570522,-0.008046628636126695
0.027088864836899377,0.014415825408605596
0.008377416906524255,-0.007312422665401816
-0.010128256584497048,-0.0002174084301257724
0.004940445881703058,0.022531945941460175
-0.003116958668841903,-0.008981632193261369
-0.016822446347705317,-0.002236800112380222
0.004730307759823708,-0.00518065147889818
-0.021732731641354752,-0.009728507959429632
-0.008717225019051731,0.0025354874686822496
-0.006514679506322985,0.01172139521097853
-8.659224022798315e-05,0.005746092000375963
0.019662513134601173,-0.005275921080599229
0.007138334703013386,-0.006543162262234557
-0.0140537341144292,0.01393335848592944
-0.006952923433966328,-0.012733817727298922
-0.0005921972495560809,-0.0029854241865775698
0.022922357027224585,0.015512539966451489
0.029130446707867966,0.0067135016277961755
0.0023858095043143295,0.0009023968178756902
0.00513271748939338,0.011118503489088676
-0.011742907587354287,-0.020377034599820345
0.017801597513519316,0.0021014194151978923
-0.021568062939758603,-0.01810116748076637
-0.005232561273199094,-0.00893162494736245
0.008591673629742924,-0.009496276741525617
0.0005970454272605128,0.007657363055640023
0.008951614490586813,0.016371063362049063
0.02444824572166779,0.003085588372266037
0.013308619046848585,0.016596643135457563
-0.027409080663767342,0.004179430996582653
0.0296306445890336,0.007056756394996528
0.011203373318768185,-0.007189824063715087
-0.0053404588815568225,0.011698465567054383
0.017498853078712323,-0.004183217451284853
0.05155256881014585,0.009085765397498884
0.012186345463117212,0.010729115343420881
0.01061389924232595,0.010304678078006911
-0.006521937553827406,-0.014889822361914589
0.005535106252844858,0.015341934213022048
-0.018932182926247237,-0.00646387718170287
-0.003250526182333179,0.021953904615164055
0.013369029139538576,0.0052916885099507606
0.002029838014577276,0.021581956846811374
0.022254074412288563,0.004407796428680864
-0.012379046766625969,-0.004970011049048713
0.0357389416566784,-0.007707216116279057
-0.03230412990713342,0.00771660643845934
0.009037542968163873,-0.005889659345694584
0.03342506561044997,0.024757695406446775
0.0005929928117172702,0.0065394274946419684
0.0084031707029644,-0.02551813058751408
-0.017693281585820914,-0.011755223008174978
-0.002292886158314547,-0.019792547340913555
-0.00028215608711917373,6.406857768051499e-05
-0.008250950423236338,0.006637429812404378
0.003641626162835372,-0.014645970972021567
-0.013841904569884326,-0.006503992865146675
0.0026869407792360026,-0.0004908389085327083
-0.007198122988199383,-0.006816007271456339
0.003448520892930938,0.017487921668290385
-0.027554418594453782,0.005332784240924985
0.023057901257566193,0.007497374799182907
-0.007399096950154823,-0.012023518411768054
0.0006911635741435834,0.021479249081223218
-0.027070272747299572,-0.003270581710881206
0.014206955925587716,0.00018063858136335226
0.02600249178267515,0.00843158158550404
0.01743546244870479,0.003562516770839032
0.00961039197417654,0.009339870226611171
-0.015365583032123799,-0.005110963695308863
0.009671307108033924,-0.014766810143363653
-0.0009443623732508595,0.0008904680046916648
0.0057906513357424425,-0.010885431538194486
0.006273907492826693,-0.004057321565548986
-0.015714779690740994,0.016189366358413188
0.024558309747046314,0.00705237346513867
0.015183387735553423,-0.009673469591725655
0.007617320744791322,-0.0009237869543466219
0.0038801113255677705,0.007399517360642299
0.02610368323668317,0.002827553755294019
0.01785383290064539,0.012650535286614565
0.0012757583293387814,0.01862171925171357
0.01764740331652681,0.003580927951849521
0.002520551543870663,-0.00805305295866888
-0.022837419385983163,0.015686217994205227
0.00013109182543453624,0.007511142120514506
0.00036484346912327457,-0.017756168496541224
0.020057320870009734,0.005053299586324096
-0.01375169976561791,0.0014876783641141697
-0.0061376760110323685,-0.00416286280384827
-0.005384537538209509,-0.0025367276213490862
0.006239171781277924,0.015339588099936007
-0.0023255774731041428,-0.004345057933252478
0.007537665751790957,0.018816519896300902
0.0013977054100389752,-0.019547838417172215
-0.026163655834698443,-0.016776387632850224
0.005679762400064601,0.00738434045600872
0.009004909874322103,-0.004278119744052165
0.002925991732615719,0.005825504801389102
0.0023698271387740393,0.007860456965627283
0.015973832924853316,-0.0032292940821747177
0.011710103954666156,0.018576927266783096
-0.013297242768157927,-0.004905774642210634
0.0010311721832379508,0.010954146666459339
-0.00047319114896781267,0.017600981494479306
0.010050609624957733,-0.027824314772172436
0.0007560364070971118,0.0039754915373157885
0.0013192320646020909,0.011554299452475136
0.01439245199364231,-0.0040136838841098935
-0.03009114912265736,9.467867090731021e-05
0.015350155302207225,-0.00016257991841344292
0.0003210018975447936,-0.014644147064895892
-0.01759482707783128,0.00023688819776143737
-0.0009158486025515153,0.009654954399680435
0.007962436735115139,-0.007847411577759205
-0.008532567897057603,-0.00819670745280759
0.014411995935746238,0.01246437082181792
0.009114466411468573,-0.0007884207347840616
0.0011734985215556327,0.014480365493232835
-0.00669639343048713,-0.0033054823059043507
0.021479692332080625,0.019449913005552332
0.004865787882059234,0.01609243739445689
-0.0013400537538260707,0.008995203382340842
0.010648121367234864,-0.0051606198840901535
-0.01543970769456667,0.004933900732724749
0.007862340935070714,-0.0027366643435423627
0.025925675507401342,0.0059579343253066885
-0.008469832931120087,0.005739558736816561
0.0065277182708655835,0.0032200915546580257
-0.0009030920062436694,0.008212405379424553
0.0019757044086645996,-0.00010990690532391833
0.028206464897916783,0.003551478531699288
0.0008503572894103149,0.003227993706339805
-0.021835576625927076,0.0018171448676315846
-0.00486014647847282,-1.7070857322379258e-05
0.02453439605983125,-0.006638542766690466
-0.0024522015865877157,0.003670541450767888
-0.01783738300067846,0.014034456664351595
0.0027792778125634286,0.005283598109102822
0.016542399978360874,0.009579285122059066
0.029598866014103786,0.01025709609448344
-0.015086341679729536,0.0034535032836704054
0.0015068491596667976,0.007321275021328717
-0.023211184267576672,-0.0046775943060946516
0.01016777133482273,0.017414145441754496
-0.0022296722191047337,0.007172290876877483
0.011266539303280887,0.006923715635117853
0.005377680689735215,-0.010251500849231399
-0.008202995725850882,0.009441945769655957
-0.012753354585299262,-0.0050972571619341146
0.0016118288859519505,0.010647654374075256
-0.018118992561565846,0.0018307058383872953
-0.004554206746908752,0.0020761939384318986
0.004560641194801419,0.0009663982863242144
0.011404176205190006,0.011085699678273274
0.0016355805888385972,-0.002395094031342279
-0.0038069002528912997,0.007773539661128043
-0.007017392456701093,0.0018875776971508033
-0.0008665026750713232,0.0073710920501265905
-0.0036382383477492402,0.0016632979289554974
0.007270190962227223,-0.014607893355663253
-0.0025008412100755743,0.006167904060146604
-0.006241480509494137,0.0015066008402504429
0.0005187923595288878,0.002709248161710565
-0.02432681106157192,-0.002873491357096915
0.019178722578918367,0.012312053431453793
0.00838520596406807,0.01492115643693786
0.008810987677290596,0.0005639498992391055
0.0012715141949290517,-0.0028214827609304477
0.009578047072048302,0.015246249511110735
0.02189085817476571,0.004704963728030548
0.003724354971707432,0.004911895045691412
-0.007117711746304486,0.012452751097191666
-0.005795644159871492,0.0002380616757996065
0.00021864817628250777,0.018790510138097526
-0.011106412707535372,0.009172507457546105
0.02005601213205541,-0.022529541570097993
-0.01626233959643957,-0.0011242157247345944
0.013890222587530842,-0.009348950966416457
-0.00834973803146826,-0.005758822531418624
0.01723345262328776,-0.003250388423444314
-0.007503147596572019,0.0005053649343542359
-0.0027444565091118774,-0.010191312490931463
-0.00714507393219668,0.00550178600736071
0.013918637284527005,0.0034272865997110893
-0.005167610038402796,0.002575349039031416
0.010881540084749265,-0.007546700501325779
0.006455615483062006,0.009028976954738865
0.012433986726295282,0.011118902116152383
0.00917196552091085,0.028271996765440392
0.006425030164353574,0.004895107304872139
-0.01927972872021683,-0.02291378942799198
0.021807112650525446,0.009841391300564259
0.011600464116791326,-0.008524957165286067
0.007483887662159674,0.005190436876175
-0.007288826775135046,0.001839443350642138
0.0012747090854200996,0.005045981068110166
0.019298413135400195,-0.000361585864665397
-0.02518250896671093,-0.007364857111180259
-0.019355572034427098,-0.01033262060911411
-0.020432970632846274,-0.002813423759411872
0.029550117992614335,0.0067118698717576215
-0.00880798953572704,-0.0005972684527266127
-0.004527057321541411,-0.007837170189619859
-0.002696082072782602,0.013583813468558345
0.005632781903188466,-0.005497177922974338
0.009476969850128676,-0.006275583819017448
0.018508182248483607,-0.004827432062833965
-0.004390231951711858,0.0013617784223303488
0.00013970289647671316,0.011258777361693196
0.0031084590083831926,0.012006316024686619
-0.00322777707274194,0.004646794174106551
0.012984513716942663,0.005440172776819592
-0.004563004488199043,0.007314606756054294
-0.006557920798674904,0.01207923539025462
-0.01846494177613247,-0.008747806491175505
-0.004512438861323969,-0.011370548250579399
-0.008234223387990928,-0.01768389979548052
0.01595592816480027,-0.017234326654228988
-0.003734598332280839,0.0025983212405893035
-0.021562399942748913,0.0039211477957354236
0.011700847203772272,-0.002125470740893657
-0.012183644587689902,0.005031167922226604
-0.0054536421699042485,0.006217689051644451
-0.009243242187830238,0.0071287025281022934
0.016007369621132854,0.010014550341679924
0.006467887023647692,0.019298855657702646
-0.003024089249343552,-0.002639767575356137
0.011319306744275347,0.00928423983300224
-0.0045553348140449645,-0.004800677307016402
-0.015778909084026276,-0.003938968325374753
-0.008964609898324224,0.008121999851373097
-0.015420813428572927,0.01329116756991612
0.0038918896263424865,-0.0008731861009622702
-0.028117582796120602,-0.010319878796291636
0.0035883127485081896,-0.010654692317030168
-0.007818781427899917,-0.018238209079025108
-0.010620531701530905,0.0021272115063591707
0.011632497999871023,0.010268672955229891
0.024929926539447412,0.006307980433733972
-0.009398424370846188,-0.015007806947690945
0.012380764050931498,-0.007143326299749076
-0.013373174278632702,0.02114408120290868
-0.005004006041735558,-0.001913784754121843
-0.019361771126909035,-0.007547824556968063
0.011670039046518508,-0.009427400520727741
0.007206495603489435,-0.0005746792909049147
-0.004464559300185138,0.010506624267446257
-0.022742615403364475,0.00485506382874536
0.012001644071415699,0.003235085357621477
0.019257568558521714,0.008117137824908248
0.009988768878218781,0.015673812508092678
0.01144810238616972,0.003789881388180481
0.020127477952958713,0.015633165331171504
0.0019426897891272302,0.015649798569754184
-0.006883864964078951,-0.0021400754505239345
-0.005001322758783342,-0.004918109943897618
0.007038363966284925,0.01124724811819214
-0.005614242580953884,-0.0019095598958927716
-0.009903427565220212,-0.006272082339591563
-0.008822287352239272,-0.005685240951769187
0.005605457073243338,0.011302286610274964
0.007107524483840122,0.00768354376531247
-0.009440734048090798,-0.017693063035216266
-0.0035016468170739326,0.008924999315863616
-0.0015784028502500002,0.003758431589697768
0.022208758488837757,0.002167444812146328
-0.00032455635144218063,0.01242595239633949
-0.003907211111734957,-0.004765202540036044
-0.02093066929120972,0.0020505295577066137
-0.012945461539644413,0.006197062566246146
0.025227458976881115,0.00975800568664837
-0.013871788186851081,0.00024777602852635257
-0.0005151541602374214,0.004084784862951684
0.01280430537612,0.0015666560570886075
0.029973545106279448,-0.0017147363835222384
-0.0013256545606676936,0.009406453911297057
-0.014976681349861682,-0.013317014586133021
0.01362704212103409,0.0057809302152725135
0.0016865631393814225,-0.012211617306234082
-0.017271452883468475,-0.009546883591603661
0.013577253841908561,0.014736397682528117
0.008331062580411875,0.012983371977261208
0.02503612378921047,-0.00038208361080597976
-0.0042999516001914935,-0.0034498912048148765
0.014415707624538194,0.014471039774101965
0.00555948214450973,0.0006168502467211301
-0.012969812937711916,-0.004353268778164925
-0.02881190950615414,-0.004355683642288388
-0.0031151897866987834,0.00029117841430073766
0.00927351859261853,0.012630856450940708
-0.010251853239310865,0.009685373556353367
-0.0005205710693257387,-0.013211575045569409
0.032053826982222804,0.006653943584223827
-0.0008429040681567463,0.008280818519754339
-0.017422006841444626,-0.0137232785812747
0.005588494871294095,0.0010697826897992009
-0.006606070975962959,-0.0010333252606868123
-0.002102489240967763,-0.01599197916172216
0.015069225357663254,-0.0015504510441384498
0.0010573107436231712,-0.0002270409276186092
-0.006618087234520341,-0.0045671163458565756
-0.006245897289204447,-0.008294763070444735
0.002871442703262092,-0.01041336849790306
-0.007210426460299388,-0.018339380679429456
-0.004522595429834517,-0.00032361810182830855
-0.004640948481639154,-0.004885491874303341
-0.01722063100418629,0.015502835825643135
-0.007368051510727025,-0.0025731491353447366
-0.013935806897319264,-0.016296702784513655
-0.004731341108519996,-0.017296259898845315
0.019084937493182717,0.033285501608237185
-0.013472281243381715,-0.01306509606345578
0.01871440022727453,-0.0072840839671380955
0.030140832763686905,0.0003839414768335911
-9.978000637575139e-05,-0.0015062265530887506
0.011150529118105521,-0.001165592157134642
-0.015328639131228988,0.007616444959650087
0.01108389142295945,0.012328061392608504
-0.011140677781116508,-0.017296381552556354
-0.01289949789251791,-0.005372402760986097
-0.007655828686020263,-0.005293498024146662
0.01619335614133032,-0.0011136897638927778
0.006482811460023546,0.019782358473586358
0.0030610914085606867,-0.02171346090360672
0.004224261515688659,0.006676199371209361
-0.008385595266001238,0.01876382064492114
-0.0016038571559952267,-0.0010782288427730678
-0.019134762366058124,0.005537316576659817
-0.00022728967535871815,0.006967432832225817
0.02217123631741421,-0.010440958079876184
-0.018881489269115103,-0.012290903559478409
-0.004921729912184888,0.001743525060290932
-0.00960856114429328,0.002063140429661594
-0.010361225860020662,-0.004374481437194773
0.005648315098112419,-0.011017768712128624
0.025677212459386714,0.013765117940730914
-0.008503116438239592,-0.012878659071307346
0.004375283141359654,-0.0036430146652196437
0.0032498269718573133,-0.001127222361761251
0.011670472553046369,-0.0018988584758251159
0.0029035145056821227,0.0045663279158682565
0.007328406877618546,-0.010803572963557035
-0.00970479302847867,0.01564778834942339
0.008828457291443053,0.008129282848073148
-0.009838378002077508,-0.006246160676649892
0.0014895610394145087,0.006698863485457647
-0.005318876231117434,-0.010828459607326112
0.022722229633276716,0.03296112294397744
0.019422755730825306,-0.00810975190011348
0.00715533171384424,0.011794540788298846
0.009467452465284848,0.0016663529076858493
-0.001606981856327403,-0.0034862743636850445
-0.0004857935904504458,0.0017371680804533797
-0.001953224352215995,0.009992230354321528
0.01024827032534521,0.017134064668828795
-0.01818547968822919,-0.0075585791767217025
-0.004452784809781525,-0.012230825939404076
0.0019476491376795736,0.0015032156549188215
-0.012041815931783719,-0.010742574339624146
0.0007066529567158767,0.014188079586681588
-0.010518069435831926,0.010251146925893056
-0.008804333634480221,-0.012631227418478098
-0.007568200817673494,0.011700475213773228
-0.0020557335159055025,-0.012217129794564574
0.02044987594254826,-0.0016016794801249337
0.010050210543211462,0.003482737188610765
-0.015785529996210038,0.008762150961762994
-0.004479047504875558,-0.017849582056554687
-0.008393037994799955,0.008772938029682799
0.03802421105894412,0.0340555264057357
0.0077558718161621215,0.029483417237672813
-0.02243268844172856,-0.003729596048892693
0.01883310514160749,0.0010460326625904319
0.025303326304465034,0.00041124445740977993
0.015282930469762368,0.007267766641189095
0.027663006928707597,-0.0005091745292614017
-0.00113246945037656,-0.01920621655702373
-0.012222269693235414,-0.009815634824824193
-0.02927296287547682,-0.0038662795537922293
-0.02268644443982768,-0.017775247679546427
0.01580004602619733,0.005550590433680161
0.004913925972948504,-0.004881251130748602
-0.009454826146283863,-0.004403322222977069
0.018237577936428065,0.001705928828786682
0.004541056439199489,0.0003869084292066969
0.0034930974757838287,-0.0055669625506736976
0.039002374384808275,0.003314066636902468
-0.005023638577327318,0.0008851172750139789
-0.025516520319516997,-0.0021352289124073236
-0.01446281374426911,0.0028934532950629184
-0.009947858429529655,-0.005058628101620489
0.016217110357617817,-0.007910036058997535
-0.013445787398461567,-0.0056525830461328875
-0.02206128721295462,-0.02198006035806825
-1.9119682486563277e-05,0.009194358992992821
-0.00818300753221193,-0.00498912218403983
-0.00042182562590129506,0.009997874756821214
-0.03985199849251541,-0.013446724045674274
-0.0007789929966691949,-0.004285776002583612
-0.01015909356304672,-0.01775025436854682
-0.0036422677837221426,0.005563275422529632
0.003972863358493026,0.015310071384089241
-0.020187348047479296,-0.019721594309196705
0.006292987437286364,-0.011289186439711895
-0.001329789169541338,-0.007656046575421032
-0.01248501759451343,-0.0008601448371638428
0.0020202355044065977,-0.002526494906030939
0.015600186430346072,-0.01972472890139468
0.02425145406980311,-0.0019043582739098075
0.005657314155257376,0.012073195879129478
0.014636210293863257,0.01053865897317068
0.0059108928364461424,0.0074024290089381535
-0.00815451056409466,-0.03042906589365056
-0.004779418927333738,0.0007200815327473704
-0.01587281314738751,-0.015647172066894047
0.025525758197209036,0.00023572840606278465
0.024712834656865513,0.0041431900382657
0.002782531324566901,0.00035731474954474025
-0.005881060446960123,-0.01362818772236512
0.002710975877211704,0.011128050635810233
-0.0012937569062858281,-0.019806135376841158
-0.024898055458095206,-0.020673227762714214
0.015233586018396127,0.010884815179980101
-0.03148032358688616,-0.01722514352676961
0.010613422282498777,-0.019661416700084727
0.012961561671865641,-0.023002507780373903
0.004308219770368542,0.011363782360653652
0.010722788573178016,-0.00566398356916718
-0.0007240940299891684,0.00852164322548573
-0.0024879915555071227,-0.03019967635799776
-0.0015449237138660645,0.0007477411270259722
-0.03090733954428528,-0.003096841191498777
-0.012175206037106678,-0.007685694370316842
0.011210655758592912,0.021524652000423732
-0.020278704422879282,-0.005365022418784516
0.0032199035254946726,0.004340334187525209
-0.004076402365548086,0.013273240501261224
0.024807719133633305,0.004942018667783134
-0.005227639736664586,0.01557416266233136
0.008723384153857856,0.0006341115731948925
-0.013051122762084684,0.000274754710221747
-0.02958437117753304,-0.005878050131596297
-0.0005610315265388038,0.01897720832675563
-0.021789813466536127,-0.007243794658104343
0.008418743335577069,0.03039043360316955
-0.0041891472774806034,0.01222341185244308
-0.009800756211366706,0.028454193790254587
-0.006564063980961209,-0.02797458570568316
0.006819620475254245,-0.003732174440105997
0.015665343476796125,0.015398087829489695
-0.008752001051055575,0.005728017957757459
0.01100949508464064,0.010534190622946997
-0.03673450416995847,-0.008584497779638538
0.02672387078263762,0.018265716277930024
-0.02353435885924273,-0.019526680317754914
0.03175897985064344,0.0016401540138964595
-0.00872837115756508,0.0038418644313126965
-0.016157782781031086,-0.00041007693111024896
0.0023172147002339842,-0.003978232662762032
-0.020657061713299632,-0.02068505547277743
-0.0007721369988729435,-0.016965968025445775
-0.005382329280665673,-0.025644997413004068
-0.0021124681503938317,-0.02739437547283583
0.004590602959087631,0.0039642983780277434
0.0097079530658322,-0.009776761850823604
-0.006790607255109148,-0.005870506624249592
-0.02563374582154559,0.01186274519446976
0.040546931490725656,0.033983743911450724
-0.0057627855933956645,-0.025190714824518647
-0.023993624036852675,0.014645650631328421
0.0018979857287813341,-0.00013181484574067593
0.014999250380531388,0.01308320413644476
-0.015687332307765024,-0.009185479855241447
-0.0006495700968990493,-0.0033658006324495276
-0.021229782430944984,-0.018190259963029875
0.004510157462546589,-0.003321216091824896
-0.0481601378510939,-0.012141937425288829
-0.013756857042796321,0.008086997810037955
0.007503257678223736,0.010187498988592662
0.010815311768944286,-0.014652600371664755
0.011030592176463032,-0.0004440587636766305
0.006750845721509151,-0.001086402921764396
0.024281910258633382,0.009359445462079577
-0.008198800277031076,-0.002117664907306316
-0.01631848675257436,0.007942739477037532
-0.026348344776861654,0.00014236443597993864
0.008822176583578699,0.019727143854062327
0.039536173727440074,0.017687360294073654
-0.0009383659890702061,-0.011582449380966203
-0.007511203731378099,0.005593360155782686
-0.001967197309265746,-0.006279363644746878
0.012359522935597335,0.029021768182935472
-0.021105424698650885,-0.016553221786452983
-0.02136278322207772,-0.02006935938108266
0.006598457116268905,-0.0017580528546542193
0.010431531223064023,0.020182016316381265
-0.02223156696411982,-0.02374643833253717
0.001891295179533345,-3.816666335343184e-05
0.026308631058258546,-0.012697836392272241
-0.032521036358184145,-0.015941959125832017
-0.0016210285177189984,0.019233286822976273
-0.014084295325521133,-0.004268233375415453
0.03564318146140574,0.011063698049364797
0.021781037210096093,0.012428041613359501
-0.010410459915902297,0.010377830535794844
0.00039519470503949887,0.004698204517896681
0.04581644173483479,0.01597445485428347
-0.03025853976035555,-0.022936150719508445
-0.03404607957189452,-0.03191760684977594
0.03098242102051628,0.04641761447177562
-0.006898746596833401,-0.0015204103391913792
-0.013679219092086982,-0.019848510915135852
0.010064923321715635,0.015474202637569188
0.010213503933941288,0.018452091816018965
-0.0156929825348078,-0.008787156148963228
-0.02310434851617367,-0.024635466800284164
-0.008972607292286036,0.012939153437122647
-0.03045741783852202,-0.010372941502049343
-0.024245316088536802,-0.0041160985221828286
-0.013708185693298985,-0.02953770582344294
0.01953660088606054,-0.010281239447943806
-0.01910755973517889,-0.019627279749912255
-0.03839964358048417,-0.011302583528040375
-0.014631494762172325,-0.013285123842983275
-0.011388754517482823,0.005284993092087974
-0.014683317040483607,-0.017314042023745303
0.04253293747028891,0.028223718175690332
0.029194160780038697,0.009009270588128658
-0.006069651468584266,0.007235858945326037
0.015502985177343427,0.0005480823004884532
-0.01176235570709922,0.01573956017429402
-0.01211178846261138,0.02223422477344815
-0.00011474304128477898,-0.017785076673172567
-0.04230728759371776,-0.006365294568946894
0.0328559570755958,0.012967219025928919
-0.005528929739223286,-0.031769079342345456
0.014275409543440457,0.020358455442546265
0.0024545645489331774,-0.0025143872614308703
0.0032634060853078133,-0.01076282399753291
0.011105324244613142,0.0043358223031679365
-0.004295034109337671,-0.0033925547326105737
0.014158044206836244,0.015596704543417566
0.006696717750815933,-0.004773209638145525
0.005073692673658341,0.010247123515560102
-0.004444137678124089,-0.002238330892915134
-0.027898798570117705,-0.03524964599349392
-0.015742234909152206,-0.01382989143223296
0.003998957749792573,-0.004425616948965543
-0.012347696888743777,0.0023113105098975426
0.03688955156355628,0.02150234365520839
0.0011276882268491152,-0.00821824543599272
0.027661157477737758,-0.0012152281814355515
0.0019606314374588703,0.0105501535064794
-0.0008368811934527429,0.006547186479806572
0.01796588720786679,0.01293223578108013
-0.007582766155579561,-0.006770116089853772
0.002609520929960755,0.011981885778880524
0.011901719039910857,0.010360073076522808
-0.0020426348189945256,7.60362678848904e-05
-0.015664927215673967,0.010891458368162053
-0.012806655936549225,-0.001628789636975623
-0.006722124900402962,-0.007557891141115599
0.014067101963550065,0.004120585054524929
0.003991063250721217,-0.01274751878646651
-0.009044035816462912,0.009664502207063377
0.03260674885164744,0.0016489306976725652
-0.005125101336334336,-0.011421476273924003
0.019037526616757686,0.003785164866518749
0.010775434264065971,0.0034819768705672185
0.0040149274212642055,0.01942304184219703
0.00068612227447448,0.004765993514406695
0.003129668641703875,0.0004764181021462013
0.016925595308761712,0.013864273417776546
-0.009959935088105427,0.008554145113098634
-0.006038483758212004,-0.00394429777807847
-0.00902022882960304,0.009634934857538437
-0.00046584891731967073,-0.007847166886243297
0.014336696042976214,0.002248014462166606
-0.008350644962855688,-0.003694746388915989
-0.014735051964018513,0.001402104244174708
-0.013961253044678204,-0.0033970461408206155
0.01633789632581854,-0.00797066037456634
-0.021670513608580307,-0.00900597521808336
-0.01088344491150337,0.01255114217829528
0.005237725335771014,-0.024833245469740653
0.010380239044571991,-0.012022335392203357
0.00869759331951993,0.000515117720228991
-0.022498743907104882,-0.011539805888090032
-0.03884327885791731,-0.010508969854896211
-0.011272033259615783,-0.006782207857325142
0.009051602347024394,-0.010002529426413036
-0.004909004674702548,-0.012768736506582239
0.008928170647126109,0.00176095643886849
-0.001096418892376634,0.013509706904585778
-0.008054416687537605,0.02714397517321205
0.00816821261095595,0.0012493087389617377
-0.0028943935323730366,0.004252642863380854
0.008167932911118836,-0.0031213209387228385
0.006337541044160022,0.008963345502194743
0.030278842968286934,0.00964283917573263
0.007249774944378051,0.016516610784390783
-0.00988905240902367,0.010945924040786705
0.008874374555225153,-0.00648522193214704
-0.010282612390283264,-0.005843832913064731
0.00817012041688382,0.00923854297722287
-0.014462035019582521,0.006578989194187663
0.005366463573417268,0.003355248127270301
-0.023847365429536003,0.0033235350339068837
-0.02432337074022951,-0.02087946118264178
-0.018937617272628268,-0.0008197920301132297
-0.0017529448925645787,0.00048106740843437915
-0.010977334190325086,0.006013316202791595
-0.011575900921130122,0.006257489091678236
-0.0003915864027967375,0.010612828074236316
0.0049592970447496715,-0.014155594874943195
-0.011668764690775529,-0.016867788159007868
0.020131103858856674,0.020226550465048967
-0.012020912734989444,-0.02245121592009423
-0.012034255756503099,-0.026470584775404225
-0.015648469102878877,-0.016902361900891713
0.0009786035838303339,0.03490027244482156
0.008199250589765521,0.025010902338721976
0.00863114089096924,0.03585917204340471
0.02600375286256581,-0.002342566203599193
0.0003122231879080204,-0.019768980480020945
-0.006910582470346622,-0.001869016585166082
0.002146529391976071,0.026007930051715054
0.00505275424705246,0.0076949301764057815
-0.006725172265374927,-0.005370891276173257
-0.00834065823945451,0.0007280339323973552
0.02138375093875881,0.01658047816893317
0.008593209551925713,0.01716948679825374
-0.005549238882833492,0.011061728234565882
-0.0018970277241122145,0.005233053073672466
-0.004144145606200394,-0.012212532288887424
0.03240219380463231,0.0024639435812392513
0.0025629406016358484,0.004221251430868341
0.03133451573822596,0.005167214732855678
-0.01072978373042373,0.0034922967574387035
0.0029325460010814004,-0.0025006291759056233
-0.0066486281527981805,-0.007129786784541326
0.0036025047356882576,0.0037721555188703535
0.010742817827035912,-0.005804852793317404
0.014813400442165604,0.014854095921042705
-0.005765142969557882,0.02052266692535866
-0.006009087902084412,0.011251120340997376
-0.006214302441101857,0.017451392710098698
-0.0036407482389511736,0.0019139621626995998
0.01225324411260515,0.0015839330816010346
-0.0027428334939446357,-0.01868921026309065
0.0003285281464396196,0.0010465110415474967
-0.02029428344059252,-0.015313197306526659
-0.004291317166815697,0.0006654939830880678
-0.006284464537952779,0.003470310192813895
0.0067333135189771,0.006301099915417452
0.0038840965710592048,-0.004320507838557397
0.00193324602532312,-0.010781364104938627
-0.015700840491759953,0.005341728842575702
0.004899955383459955,0.00874989334706524
0.00867167472404408,0.0024940521677133537
0.003143964004890434,0.006787453911242946
0.02102546514675476,0.005610775059690819
0.015151861043004774,-0.009686427074655857
-0.008696672495662285,-0.004875345253813548
0.026755180418968693,0.0014185301340527926
-0.007980311600264932,-0.008996141556554028
0.007018527127278277,-0.007788235881330306
-0.006765437160250551,0.0006492628730473985
-0.019818276656569496,-0.006388889151489102
-0.003257431461593419,-0.0008554346227256046
-0.016878608717358162,0.010444128472687374
-0.012292064633626677,0.010121061380566558
-0.004315194131518026,-0.01677301829896514
-0.001285994899699026,0.015617574896793426
-0.00901110825952116,0.009738833969992464
0.013379862255620632,0.006083805344862939
0.006254634205833686,0.006456388248611149
-0.01140578747807691,-0.007954070277002356
-0.0023679265944936668,-0.0035483463289894507
0.013038202115713209,0.011615903230250735
0.004614654358958688,-0.010545848514686111
-0.007075296520677575,-0.0022422459593969134
-0.00525724421001839,0.018832140537883926
-0.006515585750361941,-0.013702164415821921
-0.0008340986138448183,0.006596774370267686
-0.008966073536813857,-0.010080582136482129
0.003859501968660612,0.001933225666728649
-0.0100604991871948,-0.00468508285711638
-0.02683083624739291,-0.014526391746318134
-0.050466288721176256,-0.01762671197632756
0.0054064093793604944,-0.016203340352622962
-0.0068522823628299236,-0.0110094282364575
-0.000633008855977868,-0.0044700397095238245
-0.0007651650243511789,-0.004103443058266267
0.0030869754349750825,0.00032659125819622497
-0.003180567164169045,-0.020660867580143835
-0.006746621021919882,0.011853757533098381
0.010694810906946928,0.0026909178812493085
0.006995448693365187,-0.009121751327811647
0.009668313349802504,0.00721924646074984
0.03030386928143904,0.008646192691832904
0.02516880548194252,0.0045264977656574055
-0.005119281562085611,0.012836667958665159
-0.01917848884509358,-0.013185332414193765
-0.0006267205140872724,0.00697597144819643
0.008324109845898773,0.02672837226910077
-0.007354773393116229,-0.0130148568990931
0.011257673243281332,-0.0005411863611480884
0.0018834862231928398,0.017831657168508704
0.010471207550886383,-0.003735556108511876
0.017410976980487398,-0.009588744466304273
-0.015568064629927037,-0.013801121608683157
-0.011972490275842062,-0.021723845156798257
-0.001685020236046954,0.02711957480956517
-0.018506304673082487,-0.022191000746731002
-0.014001341905482282,-0.016054177179988943
-0.0095786096108263,-0.013802569006185183
-0.009860343176973726,3.608686996132599e-05
-0.026807837903952154,-0.002348091166982753
-0.01829720146397547,-0.01943977657060977
-0.00013444206218213398,0.006365304139983866
0.0041378423857988894,0.00040089977736370837
0.0015499636937202346,-0.01737741453991051
6.75001669562976e-05,-0.0024243788378092357
-0.005078321862964467,0.0007285803002368009
0.0142851949028037,-0.006152826543585416
0.024356908612651527,0.010087185134312717
-0.00600414861834679,0.0004188912380515943
-0.0044761218117586364,-0.006235555450260386
0.010063183531757808,-0.014403621571617026
0.004535478088126309,-0.008253865998201798
0.02133929595490103,0.019339653087983633
-0.012483792769510914,-0.014100294792892
0.0019291015098004812,0.027618377943827932
0.015522567893456104,0.01801754023025179
-0.027223181153055064,-0.002096333792136026
0.008993191418193606,0.01814680458851048
0.0273737121319694,0.007818040099220947
-0.009294924054659067,-0.006952922276132419
-0.004076316794829017,-0.004614134826581821
0.0053490202864381305,0.009349215505403106
-0.006147777786762514,0.0023963284232086457
-0.0027568077226428865,0.010448708168562469
0.0207156786123423,0.004516353404769361
0.013840227791778098,0.01263877234476702
-0.009098811870667656,0.010708122711885842
0.00962442960384414,0.019126933330916997
-0.011736293552405838,-0.018288855955974185
0.002976937938197846,0.0018639462114931468
-0.0027467928400948557,-0.0010244081857651386
0.011323530800996939,-0.014031891810583738
0.04755249827762588,0.018881030329035736
0.016947264081699207,0.014459320149638613
-0.028463102880384155,0.004838515638245483
-0.014350543669376587,-0.009782188873826448
-0.003234306772931367,-0.010315318047158685
-0.01783767332654703,0.0014861740415206776
-0.016755042371960852,-0.001563920303011108
0.0013031109268290904,0.0061423305864120245
0.010614688753963538,0.009637253117524044
-0.007933385057253283,-0.007490921097130642
-0.002625546439416347,0.001125497116896933
0.0008105213482116822,-0.011588127200535923
0.006752188783710551,0.010174673372501188
-0.005534251480762813,-0.01110283045059366
-0.011848845525547064,-0.0011488963395388486
0.01899374433317558,-0.0048480101110222875
0.031594810421942794,-0.001956590802024661
-0.015741764342499916,0.00770554337573624
-0.022589575642065114,-0.0018051362780824103
-0.01331708358917294,-0.014259370420960316
0.012432329392747521,0.004830063293165951
-0.0006602257370115734,-0.002747969163577078
0.022927851090152083,0.015513107300711449
0.01809972939145402,0.01570380113767271
-0.01688104732932116,-0.010160669503132427
-0.0033453609793326388,-0.01468407905452276
0.003995208022878503,0.008795811990214052
-0.007171208895850494,-0.0006023856176051531
-0.009232335908653064,-0.004332834980247172
0.001224875636941003,0.021038507565742274
0.007012316927401314,-0.003847201346498517
0.028313489969790405,0.014048078659212126
0.007060781181429091,-0.011478835566397132
-0.020184610612137503,0.003911214581256774
-0.008933603962093122,-0.0014717332972535196
0.007363674088112303,-0.002422830079214595
-0.02030695628417374,0.006393173132972806
0.012994671609166668,0.013675980741706475
0.017174275648281737,0.002160296963551195
0.0024481032773402663,-0.0076332821216911085
0.009536345172490628,0.006637254534170223
0.010651264705241682,-0.009022159641368705
0.010468232581310312,-0.002740384721265551
0.0028057622196685146,-0.007383530044230565
0.00471064808936063,0.01828764445406807
-0.019755527449205813,-0.004189171047279052
-0.005289227255013732,-0.029856202683800445
0.0016435399226819932,-0.0009687345245210818
0.01410013981100026,0.0061809400174102315
0.0045344198265877,0.020966187249683868
0.004561435299307152,0.007153650711131874
0.017655126799391258,-0.008634362146912142
0.005973299717602709,0.01127902051850293
0.01847695728249904,0.02520174387047592
0.008971714635635866,0.023869199674052176
0.007398147448283109,-0.006839972754261686
-0.011693330911280322,-0.014639183809792518
0.013564006990861951,-0.011919863770772416
0.00065805091723226,-0.012703548873164475
-0.022279902838569288,-0.012767151587617225
-0.008418523593447054,-0.015861929791265942
-0.005690419303689065,-0.0061878514619473505
0.010024980636398048,-0.018653404451129247
0.00979441492602636,0.009880486420720381
0.006360075957603491,-0.002245547980684717
0.027094749755417417,-0.02441112950893598
-0.0017191968677175943,-0.019019490900166358
0.015594509195405327,0.01004889911781689
-0.009620207104151372,0.007242360121616714
0.018033016837570026,-0.00923655539434112
0.004057432778082008,-0.01393725665375513
-0.011828685928784954,-0.010822202108168595
-0.010481158592715069,0.008985017439798045
-0.019105634950499516,-0.0004978925194928596
0.01874826212862407,-0.0006026219505260881
0.0017334058157518757,0.004138394666568525
0.0036606445582045514,0.015015092010402154
0.02784397151428803,0.027408502203181705
-0.02062661052119925,-0.021686133615341923
-0.00016878014815538414,-0.005933579658530588
0.005799713830201518,0.012872251590529743
-0.001747321776272774,0.007624734362717977
0.012169969224921084,0.020135879751798858
-0.0005724523098428654,0.004287284265149133
-0.011860180705740476,-0.01361154132901275
-0.009471778651020404,0.006739820454908933
-0.027128415784908346,0.005343170012234399
0.012093918219683938,-0.015344339852274307
-0.008808619849920499,-0.0048989618651506354
0.014262870557054738,0.002738703189864904
-0.0030190873917570926,-0.0177048537375149
0.0005208588958355945,-0.023400288773922823
0.0077161526579978676,0.014644817721877436
-0.009345081921541916,0.0027363011636008364
0.017870592327853662,-0.0001812559223156051
0.014961810742449145,0.01806189954837317
0.015228131218945446,0.023127343265048974
-0.012494792747167338,0.023792322606230487
-0.01973872842873125,-0.017412058339355264
0.019592448220991703,-0.005761456293703826
0.010205716847513304,0.017263757650911277
-0.019153708889491805,0.011982449807793328
-0.021707450958519385,-0.0010928578055646155
0.0017836120257999693,0.008671975569562888
-0.02387340675007942,-0.026098746585711926
0.012335325077994539,0.014096075212561865
0.01699534449570343,0.0027275909536299083
-0.020576058467703193,-0.0031960329898164485
-0.03622970178765771,-0.018043268180956133
0.027899068804642133,-0.0014061488130785568
-0.010667082952377274,-0.026074569569078235
0.0043408604707213085,-0.014141552975470229
0.01522615583627,0.013561124748608227
-0.015566711172370361,0.0001438529372067519
-0.01625634980955117,-0.006953334539119287
0.021949836158098073,0.013677288124897886
-0.030670888154702983,-0.011466270324305411
0.012458318062497085,0.011529699415098677
-0.026674792135046754,-0.0019183650795940334
0.013182471291331094,0.0007276269093479784
-0.009990200935282337,0.016333832923630585
0.014141495648249349,0.023257319619804907
0.00515006015409612,0.0037995096356715054
-0.04080331191208849,-0.016748086799529056
-0.007937953717791296,-0.008949419783256427
-0.010889948711050685,-0.016131577108371768
0.0017804926287902883,0.0018290040273251241
-0.009544180446124385,-0.005740482091424099
0.00780628815979273,-0.006776734110693717
0.024922161277443226,0.018267224920802235
-0.02808536947283268,-0.011388813030831803
0.00012155836518872589,0.00350832003613722
-0.02562559813505676,0.02570830811385524
0.0007774712791318046,-0.004803241152345232
-0.008852833101973944,-0.005003699582507577
-0.025739713976562086,-0.05401509713302657
-0.019430408589163554,-0.016456165749911378
0.003615884012069395,-0.009424924348644007
-0.03387763148214021,-0.02016382371877115
-0.020194363575794395,-0.0024016877775675915
-0.022772580700549574,-0.03289010765435641
0.022067304774898194,0.017690575392026408
0.011483299959845032,0.00853466721217294
0.012678555059233357,0.004658634223582851
-0.006005163621984982,0.0003481710372881488
-0.019801100829113065,-0.013757073610556208
-0.019153902610106504,-0.005406210327143594
-0.006580754855712764,-0.013313733590037116
0.009215304876361076,-0.0039364639339067595
-0.004933553691505349,-0.008952064983047223
-0.03634947988392356,-0.008726654302250749
0.00886330411574517,0.006529805945124808
-0.014044786878278781,0.003888601042222078
-0.02611987720487343,-0.031082301385728185
-0.0318510977954751,0.005794850360780766
-0.012093115799188188,-0.010075603369584078
-0.030712311181429433,-0.014909352319633843
-0.023017151766631272,-0.0032920837000686384
0.01719032869936247,-0.0006719160491280195
-0.010916435654722825,-0.025209268505986517
0.016570805848452393,-0.0029054824604368644
-0.013628450997240667,-0.004398233344307697
-0.0321911821430373,-0.0005213849751183146
-0.028747745101899286,-0.03515147762953925
0.013139445941492894,0.019856371203178104
0.023810247805455834,-0.008224080640520492
-0.007249493657962779,-0.00035700465023369524
0.013849545313524505,0.004640104721643111
0.001735938816153122,-0.0032501902001738766
-0.019039895855743567,-0.014394597333654068
0.009998901102833623,0.0018219933231704507
-0.025719253985419997,-0.02307902649493666
-0.02120252532976057,0.007652923647188716
-0.00638838846978107,0.018726069845067243
-0.02478971252052115,-0.008054281941475994
0.0049304587256892695,0.024577436500416563
0.014437469479462233,0.006479614067078685
-0.024463653648661335,-0.005349603578492217
-0.030520626082898687,-0.008764125317062714
-0.0371441713228411,-0.006030325706558536
-0.032696883470107206,-0.008065724686802
0.0025806298270882842,-0.02478785703946908
-0.03120730836353531,-0.016302048616117767
-0.012164655656557001,-0.004431420676485323
-0.0045207692317054534,0.019638704533458926
0.002772484835157396,0.008518901304809435
-0.008956177208418532,-0.031901284971187924
-0.006538640514313312,-0.0050680497771175
-0.030786464838580614,-0.030620754063762457
-0.015766414400509025,-0.01236348677429239
-0.023254947244667448,-0.0034425871475722842
-0.007217199034645725,-0.012824616964008788
-0.0016347182079831603,0.01312691576238264
0.0048861704755558495,0.01054806515414317
-0.006601656636369552,-0.00992427549595656
0.008171082084694732,0.02398565289711302
-0.030545395815517212,-0.016766346197691285
-0.001944075367710904,-0.009154582868319877
0.00037459813228452987,0.0077728883666239685
-0.006825177562151216,0.007409640073386672
0.02347049542242866,0.01201950668123827
-0.0036864245514081186,-0.010972402556295953
0.022677985046419578,0.014912045529787947
-0.00683693571120497,-0.014646028900601023
-0.008485982978044952,0.011693440173728264
-0.03412224032175075,-0.01813332966847969
0.00963101468632385,-0.0019876154694307654
0.013577168749272275,-0.007738453808526469
-0.0245718165937158,-0.022303328460053604
0.01721349561957328,0.014345965205831798
0.009928282759354309,0.004043534010105341
-0.01344429735078176,-0.008979699909232882
-0.029450460677197185,-0.009617339616109591
-0.035814610383040485,-0.023522221491340294
-0.021438848069040357,-0.02832387165697539
-0.030224194466602215,-0.009281340617484356
-0.0020818051613824945,0.006198370521389296
0.04043781840799223,0.007568480107358933
-0.0112871098660477,-0.001773929057204414
0.011577708750963181,-0.004789921414768578
-0.0100081796525337,-0.005192883378864845
0.003567085863305931,0.024685415778272754
-0.042587124544045285,0.0005526717174960203
-0.014625098295968048,-0.004643398542761594
0.003602746600451361,-0.009295834817158935
-0.020713828241310326,-0.01997273183747845
0.04263793941284016,-0.0008365573970735576
-0.0008853880961872632,-0.019555832995539184
0.014040426703496001,0.0015742982129920671
-0.022854842963204797,0.005104457135439255
0.031270271482926014,0.013679476890313286
-0.015710466475418287,0.007442995848198382
0.015062897579315539,0.02393121973629383
-0.003328546626315967,0.008728063659456445
-0.010566322854741324,0.0024683921514862617
0.010521882756472792,0.008849167312790614
0.019740869921129243,0.015519539646804796
-0.010946102239760896,-0.006309785550358048
-0.022663404367210285,-0.0066934756371870895
0.01601644030853992,0.011541547573900041
-0.010344417647585678,-0.01144923418829082
0.041780897809648776,0.02427110658114323
0.02608202484336105,0.047655347112076134
-0.002934809360096083,0.01756185115602116
0.014251045597526794,-0.009454294568763642
-0.011494115713711093,-0.007582637479529734
0.011679972807802835,0.01080440629169985
0.016745846508715738,0.019253174805409057
0.017563996449565526,-0.015881162645227417
0.008176949488862018,0.018728094505568945
-0.008770932671021177,-0.007194757228187787
0.031398568770323244,0.015946649085286375
0.002313149016403015,-0.020173162988628455
0.008286222442393472,0.005167225420603185
-0.0019898326690356047,0.016167162800789277
-0.01661112556841034,0.024279106381587468
0.0014642717671709347,-0.00048680698324067383
-0.022788307996298014,-0.012141360959348653
-0.008536316645650643,-0.011959071033354978
0.014584622172442337,0.024728807844977396
-0.019157208028633344,0.008635524636481992
-0.012862061657338686,-0.0042076107807627605
-0.02637213793923625,-0.01935236122734897
-0.026494320867397985,-0.010493905385110093
0.0023598480660494284,0.010947889537696362
0.03051991262372254,0.018025603835131847
0.030290571028745914,0.025388699017635272
-0.03855465659377049,-0.005894685723520199
-0.023226741914133722,-0.00664656319245653
-0.0036135178133292396,0.0016271343347880071
-0.010790335434672262,-0.009979215274584056
0.013416491040960273,-0.006977431229133878
-0.01145638107815641,0.0027168304545654824
-0.00233170049586447,-0.014796652914610402
0.028651830354692823,0.0137512493721828
0.017040135795712626,-0.005654949813204068
0.04396492533990879,0.017681855353607313
-0.0010701110856229008,-0.020556212549528705
0.0017286593147098565,0.0035812292353862487
0.005748516397000325,0.014242330876527202
-0.0031441226436239485,-0.013499741156075036
-0.010271683562688639,-0.014846788353276172
-0.020582986146790723,-0.0008829471136688135
0.021478567587196486,0.009734748863475572
-0.02417485246918862,0.009938333644206236
-0.01792783809524929,0.0004049515741337749
-0.035531501293624236,-0.016158355765045877
0.0050778544389972514,-0.013562290193653558
0.010644014938055547,-0.007612436722424857
0.01600666019486636,0.0014721916613880165
0.018955471273907062,-0.00806998604721202
0.012693362633754179,-0.00416150651125007
0.002750014034823256,0.009893861434042054
-0.015116541035035888,-0.004157659123266024
0.0043686964481099945,0.00634904740932734
-0.006153014179966128,0.00797096047005737
0.01274402614955617,0.003669256850470767
0.0015940382356529434,-0.009466905705769245
-0.02086779326982542,-0.007715018809036634
0.011212975995957915,0.021279499046733923
-0.0021074520723807764,-0.0006351418026834799
0.011990603459544896,-0.019884605742782658
-0.0018218148353848526,-0.0016778086122259338
0.004271581212494894,0.007387343141868501
-0.03598436787167932,-0.01674916868496203
0.01658042203755811,-0.0006549019829200893
-0.022538851673324575,0.015363949376101943
-9.915924255441417e-05,-0.00421830630533228
-0.003469272656222277,-0.011670566708772185
0.01703114196576412,-0.0072351759237359444
-0.01061447594578738,0.02311285922151114
0.008247180507605336,0.02556972853550617
-0.009650041903028617,-0.000873396678050013
0.023483382132419038,0.018497760552218086
0.006476968238864097,-0.0038292554025634983
-0.0010340860010737308,0.009750461932983076
0.0065502888289967025,0.016898180940979668
-0.019181349286779642,-0.0026183363791700337
0.026588787822225884,0.014411106796178347
-7.930888485422266e-05,0.0032396856777918556
-0.008577566289846896,-0.007216197389798403
-0.008851356038953442,0.014797777704209428
-0.015076367410683689,-0.014537260553022532
0.02877635736192716,-0.0029714947111804777
0.028360679407110793,0.0020532988460108957
-0.002659358090829424,-0.002722526981743326
0.029502153668478297,0.016685226946197937
0.012061672565132556,-0.004107656059409961
-0.012384386051402435,-0.015249408952323127
-0.0036832173717991777,-0.009322114534895466
0.030924641864819868,0.00986666312627407
-0.020011441499239647,0.008664033906774789
0.0016411434936025558,0.005480199110443646
0.011404374373014113,0.01798013103605613
0.012715812180870964,-0.016273049166194507
-0.03909881473639528,0.0035820397900956143
0.01763116005964107,0.010734285645402852
-0.016569099592412533,-0.011684928280500906
0.02276799020167323,-0.009417104681905398
-0.014775429627259454,0.026261202369956445
-0.008959178379387105,-0.00978786785164877
0.020677400318987817,0.01667539615779368
-0.026214050750994738,-0.0010194262497871557
0.011761593222521322,-0.0064327762351905
0.027340423545796362,-0.011842632120203913
-0.022647329720359235,0.014171816910812738
0.006020883896438847,-0.0005333241277227672
-0.020671824353166626,-0.012133314964127418
-0.005365037127397634,-0.002388364941259347
0.020754933323790633,0.026577430248566375
-0.006746088163766447,0.0065071285200411595
0.0013843441614376595,0.010435508911902348
-0.02618296233462666,-0.020152920009031718
-0.015059942593248625,-0.005150706260027692
0.002305325798847149,0.02180376228287529
-0.011410297338699306,-0.012507075368049334
0.017693740284999517,-0.010959431315478545
0.0006615634377969373,-0.0002579174013415592
-0.016248003929375046,-0.020907165577511218
-0.005979773772061952,0.002145393647647269
0.0029894928675691275,-0.000784814781954714
0.015870734869890706,0.0015946385904384661
-0.011855735422574997,-0.018538793769031402
-0.03019317253865323,0.010768199825508097
0.009815932242505402,0.002656407864169065
-0.01291709945554925,0.0021004981993127114
-0.004677261264958521,-0.0024460083916940153
0.0189637793693474,0.014110892209617388
-0.01057495617199315,-0.019380721307256314
-0.006186212253781075,0.006831702780277511
-0.0015288061443519444,-0.01198350380142283
-0.037827598479819126,-0.012688255797815587
0.04393196023873638,0.008219748339501199
-0.01360258674427559,0.006030366279958572
-0.03137462727740846,-0.016986136234584708
-0.018697869716874548,0.0026630646632614433
-0.004790974599339463,0.007393998497397247
0.003717719321793236,-0.0030153888009863
0.03563835432373928,0.027492029128968417
0.022379243755707795,0.009791587834163196
0.005249495108113235,-0.007989786335626688
-0.007115602301196968,-0.01127156255166533
-0.004590357233004438,0.01067478883998181
-0.029558030644268603,0.00285561661570322
-0.021792341322345924,-0.01880139017049769
-0.02991133989910913,-0.019426385296505512
-0.027502132372842915,-0.02324316265865758
-0.005467361765487876,-0.0013709777346682694
-0.008297262993473864,-0.002053783303850371
-0.004797559719486109,-0.00945243691318069
-0.008062269930434183,-0.004693923802109977
0.0070672919927166475,0.025917361495567885
-0.01941293650389302,-0.007257659716925982
-0.00763940906709778,0.01438594343498265
0.014632061434683217,0.00654717658458615
-0.0011048486329149948,0.0039045432647002967
0.011748957590824909,0.016898739241829108
0.04825716511695474,0.01734400641597552
0.016508042403759568,-0.0038236705866761898
-0.006612438311214352,0.009857891736680238
-0.016356697811326898,-0.0029543558143566664
-0.02858302251877022,-0.012936799623940252
0.006123106163247589,-0.004926079703036431
0.03326307628132301,0.014739872552472949
0.0249561941417395,0.05073326560087874
0.012382403090914443,0.028504900023887544
-0.05588152580248381,-0.03369895248189602
-0.005321391658219143,-0.008966506399354535
0.002663767109918197,-0.005704475795927417
-0.0014141069516102344,0.024554596078919484
-0.004353551510442405,-0.023024526876092303
0.012024778004783169,-0.013896022193877892
-0.006990005579649928,-0.017009903562423035
0.007802176059275766,-0.022480140027738432
-0.004042938560755449,-0.010435668028214114
-0.00568612350925797,0.008565669176308554
0.001132160421953656,-0.011947594009771257
0.012645859972155662,0.025203123921187426
0.007182563140532801,0.005537629501904002
0.025253732904313705,0.011558398469753584
-0.026606332722748725,-0.019043205025965036
-0.008103457686794912,0.008187530592188796
0.0032422998388207864,-0.010291158213044247
0.022129609723634605,-0.002731158607793786
0.023150887268394947,0.021661518130790643
-0.025733239276140494,-0.00427616667408376
0.025211938091776746,0.00983035028702785
0.012940276496121278,-0.006668785766608886
-0.00372155176106989,-0.004836200505232807
0.008241852081591136,0.005818623602070554
0.002741004659235486,-0.005149361514810757
-0.004532194283526585,-0.008121243889095268
0.010615554419376321,0.011868112577229965
0.02326325804292974,0.010527068919626906
-0.006413165999539829,-0.01443629441363043
-0.012404724482609169,-0.0022235681396436664
-0.012197192162173714,-0.0012710838364062174
-0.006745379128786964,0.013445462332028812
0.0011047843636113124,0.019307865780897857
-0.00360515974573672,0.012381496722706095
-0.001982801487645608,0.013275610841141133
0.02929694297035247,-0.004047588237446219
-0.042140609183797306,-0.020444992719653523
-0.018287791641839773,-0.01799973857182192
0.0032365743721342573,0.007739176484823185
0.03168307127443699,0.022500691887913767
-0.023824004390715123,-0.020653576165313096
-0.0016502645095449833,0.010002745443973924
-0.009549731390186134,-0.01502873020881966
0.002093835588618397,0.013004793778398997
0.00768781682277068,-0.008433060400538553
0.0027290172902535706,0.0015079043498382593
-0.010401170572656047,-0.012485228478934962
0.007956270728857254,0.019131069171303753
-0.005786071801987322,0.0044645462418333665
0.016470629737020664,-0.0013210696122000745
-0.017084026390147933,-0.002925179705172489
-0.017515058151400673,0.014859715506128504
0.02551368146888817,0.016282393958079452
-0.005099221101783674,-0.022452420213629646
0.031969474881600374,0.026668500142009114
0.018732750663455842,0.016390990417952195
-0.010228796391464162,-0.005332758065069872
-0.012159376389487154,-0.005083202450734304
0.02446679298944016,0.007938302331479626
0.019001176559392097,0.011189097996069815
0.016988714048554874,0.006518949813079553
-0.0420497284933002,-0.028740751909064725
-0.005949592791471859,-0.0057568569853814235
-0.020994985691149493,-0.015517484353444798
-0.02381223762664872,-0.0038782876271985147
0.030136627996082216,0.0033697946623669527
0.012712221399098469,0.01057111228472589
-0.0007659775659398045,-0.011103528844516049
-0.026975959303810998,-0.008087280439616767
0.014253239001329758,0.013286945689089618
-0.027383433413317206,-0.015221588501826604
0.05952530136490268,0.03389552702917536
0.010038704466157988,0.007191282555603736
0.011175811364952567,0.02080982637347389
0.025178089522643603,0.004027616108849512
-0.004942996852655149,-0.006299840880406933
-0.0044209853874388,-0.0163336018383037
-0.03921677054937147,-0.01621519063173302
-0.01714968241088526,-0.0218526466746624
0.025235123848423018,0.0030780064693140784
-0.041697959601368184,-0.01607559788817253
-0.0031709591560200165,0.0017007241449633584
-0.01368683437293231,-0.003603386913004606
0.00017678350964316837,0.01216980842103753
-0.0014103884183684278,0.019537178079268983
-0.016851030404317933,-0.010448347621856301
-0.002050888525829263,-0.007142532251418182
0.00288769492089456,0.0006830852726520408
0.010618499143217795,0.016118531106344768
-0.025750933557088074,-0.011505170992551836
0.021667006859864908,0.008654863969137496
-0.015209592349436174,-0.02456272731605296
-0.009696136096811683,-0.001354204532374176
-0.0001602605465761239,-0.026834638127191567
-0.0029419216084242247,0.004976143377324484
0.0011439897157140295,0.021626040886767606
0.007413909804969056,-0.0070532809483677085
0.016297161009781028,-0.015217760793160883
-0.014669103799310324,-0.00019927470390030668
-0.00768454536605341,-0.00905570897202806
-0.0023343392531320908,-0.005073286608077308
-0.003702333419137999,0.009321112787721346
-0.009431491547673993,-0.0076266674961026635
0.00435622480836071,0.0008897842627500185
0.010896586310927523,0.013521449178205806
-0.012462191393652407,0.001731990711900458
0.017335070029497773,0.0055311283700499175
-0.030978858357714533,-0.02008886948399034
0.03697392451150078,0.004231120459659879
-0.006272526189636395,0.012913785981897071
0.0074572208505753875,0.008925997789801708
-0.01989960750622949,-0.004658152233635256
0.01296417535353934,0.002901330518772904
-0.034030029040371536,-0.030005924154845643
-0.03477546684167401,-0.002682607483758954
-0.02514922516715929,0.005083315606925669
-0.002266652688994297,0.0006643704053800794
-0.026494274023242278,-0.018768263977597885
-0.012777941934924432,0.017174294409465652
-0.0018718720602925905,0.017874610754530246
0.0021720067441495156,-0.01320124923266482
0.004637418728995294,0.005214918953303545
-0.002310732122806693,-0.0053438956331169594
-0.021986123026401707,-0.0071670675832186245
0.029951318387403444,0.010961010979751494
0.005179722380397517,-0.004102529957947088
-0.007844826680482675,-0.0015023544166446231
0.023222126401390982,0.016804428837019977
0.005237614382745762,-0.005269635905973779
-0.002804217387523617,-8.91980853385214e-05
0.008241337425154033,0.014504100723928878
-0.02727330490367588,-0.015736118173893456
0.017381128463791935,0.006418881138356084
-0.009922993320892536,-0.004475958174550992
-0.011826730280457054,-0.0037172417271246426
-0.008413134407836316,0.006848723538570124
0.00025647146855420474,0.016472720000616118
0.041018528618320865,0.009968047156759308
0.036360169940716044,0.025142635667657575
0.008658178250659631,-0.007497216884537469
0.00534570796997331,-0.012387063416561192
0.005523912526338462,-0.004663355806728662
-0.03270821746729034,-0.030793337454179556
-0.009619783597887035,-0.010246354944548211
0.020853062145639763,0.018360164161601564
-0.024848247865762778,-0.006640322360189637
0.021237081235904343,0.027564385492815965
-0.03059490730597079,-0.01704854841268242
-0.008995876889425209,0.0021330157057592816
-0.04975923363117818,-0.023583683165760032
0.01835284551184155,0.002248771434080808
0.021962816066073865,0.017888952986033817
0.011660212223035172,0.006031930179615515
-0.017966111102545056,-0.02419800311956877
-0.02274774295651672,-0.022562124579760843
-0.0024858577483945943,-0.018187740652893688
-0.05807452640840866,-0.027270478505188978
-0.00949627088492317,-0.008477037471730174
-0.0020699411765446193,-0.027363512358878697
0.014486325888568085,0.006004798064076946
0.011744066324307616,-0.003519745420654938
0.027763519759053827,0.007655757369679194
-0.014651605674223047,-0.03063648742909937
-0.005883795682314014,-0.00011913777316176098
0.005016677575118645,0.008721789255173897
-0.008256415737323768,-0.008704838026724277
0.008143179340575488,0.011051601545142587
0.003919250203795739,-0.0009398397651057329
0.039699421943920676,0.038866072574052404
-0.01731696872045029,-0.014917368957503898
-0.014407922142454047,0.006449262918261271
-0.030253650669326535,-0.022127090549164084
-0.00017328271161821094,0.020077870872242
-0.0016891330025235027,-0.0029537809115372693
0.0013392261957991857,0.0031632420170712963
0.0066003657502830635,0.0058345014742178306
0.004563104081711991,0.006159715019069827
0.013092168057371293,0.006110803628774757
-0.008734096483675702,-0.002411479099288211
0.028745754206534545,0.01955520030737083
-0.03837023086869778,-0.023719490157062047
-0.009531217666177412,-0.027770642928956323
-0.007200767274768709,-0.011003395085757603
-0.006725133567632886,0.01313618848755744
-0.0067420987632327714,-0.016228217618881758
0.01991015140283729,0.02504746066411305
-0.011667814900738148,-0.0022995624441824606
0.0028977143854684484,-0.005325740213663901
-0.018382360768250148,-0.022426371016867015
0.00682695369497765,0.01262426748422913
-0.017717089140128907,-0.010438856408569655
0.03255901879823942,-0.006797487873875531
0.0035971310700033477,-0.007048743722708447
0.006436960209340612,0.015686512125991918
-0.008839394081222399,0.0017171944378555344
0.008412803217451303,-0.007312635143469079
0.017867083435288568,0.015194532631796218
0.017689307159673037,0.006680693867530791
-0.03284134656729331,-0.017647243084536045
-0.023255938177440528,0.005258309192667394
-0.0375078822385557,0.000426602647106301
-0.01963939993272118,-0.016101864267444498
-0.01816369847845436,0.004251789560056868
-0.008313953758952443,-0.0003177461909315122
0.015493985539325668,-0.0014508102427447202
0.010322594553403366,-0.00977812147649497
-0.011647977817832457,-0.0033064685329710613
-0.028789151920355124,-0.009606466886355264
0.008736185853336522,-0.02440981347718282
0.02619529664928637,-0.007437302421715169
-0.0024014610249746774,0.019310712226587794
-0.010970832599648305,-0.00640823910059599
-0.013369332387238954,1.4817045771487216e-05
-0.01822268252408559,-0.01679543320390509
-0.01250899587737553,0.01281049719230416
0.004074205444339652,-0.014727663956863278
-0.005285898203762291,-0.012022461868826322
0.007883796134030834,0.0038098225833115965
-0.02353029636759257,-0.012086975209348358
-0.03204866297216586,-0.0042217017029168805
-0.0036712446769178743,0.01076877407966031
0.0011603485630504503,-0.02409500524503956
-0.03236398374467191,-0.0027635017575229326
-0.00041673545971666914,-0.018176523355903078
0.0013527801970084283,0.022032020597113147
0.0008740481777305278,0.002516729041357896
-0.028513025757772828,-0.015573611138746049
0.0226190450510136,0.042567162317393395
-0.007628058439784342,-0.021826214364176453
-0.041838443995677786,-0.005673038137949026
0.004030244561963144,0.0012886925622055674
-0.002461457473904303,-0.014113828506762812
-0.030314370902297706,-0.015403926003201384
0.006312319504752903,0.007547559287757765
-0.008229925773969669,-0.008660963848535548
0.017468350738009928,-0.00501292182613542
0.014462262555017633,0.017604421936889214
-0.011928602172497877,-0.009410055248279448
0.02589959431906164,0.011456103063429687
0.0010702940188310414,-0.007530050479222065
-0.02326789940372197,-0.002042951762404056
-0.005374318840559421,-0.010228527718872216
0.022541213726459487,0.010431685785617421
0.005589517823973074,0.0021781173209562666
0.004740166874429167,0.00385992326606237
0.0060188867601107515,-0.00246917287940878
-0.011174388733334198,0.0005312171526500922
-0.015141345553496817,0.004649249545497218
-0.004269391557129992,-0.008482458869069858
0.018970134201582004,0.011147064588816282
0.007783954758135537,0.004166937599539301
-0.009103335689104406,-0.00958627674609999
0.002727986990528304,0.01554042646771145
0.01978606119362188,0.006311194822294701
0.006638958668506953,-0.016166313263783483
-0.025126213481030238,-0.016965134735280905
-0.02015663152072985,0.0005419217416299565
0.008716236293904351,0.002579630262328453
-0.007858085044632378,-0.015180579367568114
-0.0008904864753704114,0.0288843522556915
0.033541016662006956,-0.008685302160364648
0.010484579232298783,0.007889638576306918
0.0016339979364746369,-0.0021271726488321964
-0.002492669206027592,0.008437633835461195
0.017101401200178813,0.0004066029113052662
-0.00908247535894907,-0.0013868242258996608
0.007912984140843331,0.012443395618689986
-0.009248179587129967,-0.009961840694345438
0.012803332028412226,0.01217873608460832
-0.0123589469000275,-0.018690133318857854
-0.004483215872172428,-0.0013903357188813031
0.002225538927285233,-0.004969770461433018
-0.015773315683808537,-0.012085824915046466
0.01251801418626641,0.0023313740785841806
0.003447439003259744,0.0322253534450804
0.016786354325893243,-0.017100368039601965
-0.014469770280313099,-0.016643314602331885
-0.013858920446720404,-0.016702876867971242
-0.002240196235138694,0.010096190789552548
-0.0007895059271295095,-0.003094551559322179
-0.01520523025600555,0.008396841545942097
-0.023282901078042147,0.012027909367474464
-0.015211029776600769,-0.0003300373645103192
0.005567089464038457,-0.003487054561014676
-0.0014320370080948012,0.011983504418037727
8.065180864953326e-05,-0.0037266781248061188
-0.016668273230625318,-0.0017460144240673075
-0.01535730074406733,-0.009071659566809468
-0.0025403320699635555,-0.0029426013408059733
-0.0174006425983946,-0.012964778619676121
0.0028021817419273923,0.0015770161107184354
0.007832597317225881,-0.002698185037386431
0.016372491254338522,0.01901539871632405
0.008850221554173213,0.01652925155083934
0.00210336832184349,0.0009937740961472427
0.01345221180260487,0.006855395546640449
-0.030188851907226442,-0.013916766758613116
-0.021093994083649557,-0.007824260681112841
-0.004844813427950121,-0.014353513595084978
0.016327670580158625,0.016909234936033662
0.027892673355421033,-0.005550275240760282
-0.015512214725708164,0.002896267456283107
0.0011873733544799977,0.007628515482643469
-0.007202142734849175,-0.0002515039835546809
-0.015058001216460433,-0.004238203380123018
-0.00788522801460427,-0.013089293743076434
0.02468012774268663,0.003026432752068901
-1.4853518185754092e-05,-0.0016507751930535334
0.005502925603007464,0.006231797167425909
-0.01471144872771258,-0.008793736450390503
-0.01734024231343307,-0.02260493455701137
0.002465199564345129,0.019578174511592026
-0.027381977364433666,0.003495091460934002
-0.011130696925653326,0.01783206061954766
-0.01202462014628962,-0.008576734376901462
-0.0049759555738701135,0.0037125783326073243
0.0031581041649220917,0.015797990539312443
0.02698579929830736,-0.005743867202742223
-0.012775927289667649,0.019519124496431034
0.028237627299666775,-0.0125967361518915
0.021322104528542468,-0.003215054820277999
-0.007111645202153159,0.008370848901921614
0.013607933923229258,0.012997926290214389
0.005158472150201435,0.0035099816982259746
-0.011543242374484276,-0.018625302210888654
-0.01594686422200501,0.0058304365607382775
-0.016607873352012737,-0.0069266323363258156
-0.00283863096829004,-0.02965469526372929
-0.011787414856463665,-0.019884709533567614
0.001517783704967569,0.00195387738495609
0.01810119054465332,0.03247673914410119
0.0005721685438318277,0.01373492283781652
0.006985816703724499,-0.016361925578569456
0.011274231756562246,0.004322450823298038
0.024402028370606073,0.009463465642764434
0.004602416729730075,-0.0032318940181568457
0.015350757469913495,-0.011442521391900615
-0.017519280643649417,-0.003046190389317094
0.027562650000820567,0.008743823963472364
8.119674367993991e-05,0.008838044542340457
0.006781639798797787,0.009160034743488362
0.004326179889181418,0.003361309360286648
-0.01409439210182614,-0.0008047212387733164
-0.01619588856997989,0.013331787809921261
0.005023293175757507,-0.006419603418431095
0.0012801368237465873,-0.003238041128438057
0.019724011126051322,-0.00658837791456974
-0.012608368112394004,-0.0031263665186853306
-0.0027904359614359837,-0.012894537045345511
-0.0010728761893821245,-0.0036612621806468497
0.002264143230783314,-0.0026923173605890617
-0.012952148827504773,0.0015442925166733092
