S1,S2
1.0,1.0
0.9791689181013835,1.0021062641475815
0.9963008805716209,1.0109038067997782
0.9913788341330744,0.9980590861079759
0.9934973178736847,1.0076305682505078
0.9768837883302793,0.9982669221531358
0.9638878550393922,0.9995117633925708
0.946327109923565,1.020382970494394
0.9312459508528111,1.0165220305032472
0.9361125761472742,1.015880312352753
0.9340251564307934,1.0275931253126829
0.9317275502744254,1.0224891597381698
0.9396796020461592,1.0236259747893
0.9478842807439872,1.0286850470605202
0.9357564146826242,1.0140951864413994
0.9521706809433481,0.9987820191920693
0.9484969960480982,0.9905279074008505
0.9261180687266103,0.9718183582321059
0.9214587132393959,0.9764807990560141
0.9366255850636803,0.9676657839826387
0.9244375181000625,0.9610434574783813
0.9350972073713829,0.9628288906361702
0.915495424577871,0.9503583929814567
0.9265555403489524,0.9404308001871781
0.9048445437816011,0.947517343266678
0.8977879208508498,0.9531381625962146
0.8857055452641102,0.9466678309301743
0.8882663315749174,0.9311109228252381
0.8931448445649199,0.9244346596608991
0.8768311845009845,0.9099682905566838
0.8615358103904405,0.9046860791756125
0.8926408184744767,0.924152050227172
0.8839107760397932,0.897677717311042
0.8861309669438311,0.9113518333327342
0.8746110583668147,0.9050918707224486
0.8595836201769573,0.908147837115957
0.871634318682955,0.9213254787070775
0.8614859652663545,0.9019141602578239
0.8494015127179924,0.8892617120260621
0.8465775148118607,0.8936394412899336
0.8443296649612756,0.8837750564840607
0.8459119557100448,0.9018872202439837
0.8463823007427732,0.8963721280457145
0.8385044755191217,0.8811924905842381
0.8499475168442191,0.8838122103244789
0.8419220400483032,0.8718495020778038
0.8388480115538329,0.8600997395666813
0.8529392911233057,0.8888337000160111
0.8593291037131132,0.8997915384707813
0.8719738430323251,0.9017893578979916
0.8706099811446785,0.906651540952271
0.8530000766195288,0.8934558240804581
0.8483608440713994,0.8923007193412342
0.8331919062965377,0.889168482169437
0.8267499178475157,0.8905740191412379
0.8370737790420724,0.8889526009680347
0.8361112815170973,0.883089725391038
0.8207568630886503,0.8744116179478487
0.8236440728504003,0.8868120747199846
0.8394706088624496,0.8946725452353321
0.8325831387547858,0.9006789159421464
0.8341312464053812,0.8971576937517368
0.8308919330299522,0.8930960783388088
0.8173094067851251,0.8875545485334821
0.8097289381904028,0.8932100948202133
0.7938661832118405,0.8778102883782309
0.8219316884812399,0.8928585516090936
0.8149472376225363,0.8931624623866201
0.8238626057699495,0.8897948753852153
0.8244357811854236,0.8921946263455065
0.8270033529754547,0.8985374941059885
0.8250454550282778,0.8927390226420571
0.7983384596914199,0.8876500471329751
0.8160306095924166,0.8969060081715143
0.846437942811442,0.8985475760688412
0.8326643334019842,0.8792564431162854
0.84458005037403,0.8612805121726391
0.8285688217889342,0.8567453809733856
0.856826890341508,0.8614418541549007
0.8649261790057698,0.8611092573945686
0.8692624551406136,0.8737519622525223
0.8397535394107322,0.856597258192688
0.8519548301341511,0.8644669391323708
0.8463823085814743,0.8672530542165191
0.8421699604151448,0.8685471610005897
0.8442808546322339,0.8600520903535389
0.8438284704267152,0.8609602134580876
0.8462302487973581,0.8601047656990394
0.8655734786205337,0.8584312099952942
0.8587776730869994,0.8647537167877414
0.8816308547734167,0.8766408253022968
0.889139197624272,0.8902400287040174
0.8792996744099234,0.8860993913641546
0.8736907701141438,0.8837823128639793
0.8784084859385307,0.8903926762400902
0.8857795201279756,0.8872205441815266
0.873874660139435,0.8818703980575335
0.8887514626200397,0.8861227436083715
0.9020222247584468,0.9028318572739044
0.8909780394523686,0.8812618891214343
0.8961353870524325,0.9001985686484343
0.886227847352649,0.8968455398571417
0.8828611832068505,0.8867165414170901
0.8922528459461805,0.8953258177812511
0.8844204165652076,0.8948497929735698
0.8992938403063194,0.9046196752039637
0.903243128527326,0.8936866178844695
0.8955491043239561,0.9039903396203955
0.8900629352040236,0.9046025673549161
0.8866525267478734,0.8906173473793327
0.8872370483767439,0.8898125881198632
0.8729555532830888,0.884024161814439
0.8538517891862143,0.8678387257308504
0.8406572796804921,0.8631661843653194
0.8571005450420632,0.8792614036017953
0.8749377897955226,0.8927905240346806
0.8681454996455692,0.9007394432083408
0.8785083687264271,0.9037750461095839
0.8702949905619745,0.9087147912950393
0.8789917093837892,0.9173585026242264
0.8878029725313451,0.9272930746618543
0.8801504997558081,0.9405724922583353
0.8798165254698235,0.9244093938963786
0.8844975994752633,0.9280484899517959
0.8569242881706318,0.912553381624626
0.8542335882835876,0.8821044740595413
0.8669248392611811,0.8906826314672899
0.8591288070155316,0.8951891414096379
0.8644322972316224,0.8919795616862068
0.8639903262567887,0.884217810459099
0.8654226383957656,0.8743830549519027
0.8691018642797864,0.8755128205044668
0.8818114495691455,0.8621488194469822
0.8969948463303451,0.8548374683917446
0.8895831002267046,0.8467732472795474
0.9147581465674581,0.8489006208836652
0.8830186030840803,0.8441448868981105
0.8974183419571043,0.8363591737922846
0.8949081355815127,0.8501833656691471
0.8813675444494005,0.8437421372587285
0.8810751665731176,0.8449399515189054
0.8663336992246634,0.8521672205427199
0.8535633791991313,0.8367442158287636
0.8761441519873981,0.8408047237994899
0.867454254661554,0.8345995277046462
0.8771085345283536,0.8321515945001671
0.8900545862447696,0.8340377600113182
0.8857173525531203,0.82453845104509
0.8883357226089386,0.8121815928427221
0.8882044089222187,0.8252754951067225
0.891014597780239,0.8261916571420855
0.8930774606272545,0.8247947210652871
0.9031203830037744,0.8132000559042951
0.915584952470701,0.8253233991139021
0.9361974209018687,0.8440037025201712
0.9433002027494307,0.8464353806414052
0.95690444422593,0.8548311111552094
0.953203272867734,0.857184633198863
0.9534765994648404,0.8702123324705128
0.9430824466409724,0.8809481455704085
0.9228533260975161,0.8870288424463818
0.937236994847721,0.8927161617995775
0.9286101905035015,0.8940115431304829
0.9217599051558686,0.8815180678195381
0.9049939330562418,0.8840351111209345
0.9051777914931425,0.8781217228518865
0.9100102330707749,0.8864479323882233
0.9090811389782028,0.8980160818927243
0.9288922719459093,0.8817225126030854
0.9356618514537862,0.8871543571023014
0.9240187396340896,0.8775181541537205
0.9169400224878396,0.8825652104706393
0.8996011142482735,0.8801315730106921
0.9095493372111619,0.8764351401945343
0.9213859301283684,0.8978541292081537
0.9475559267958751,0.9010501914789724
0.958920705611256,0.9021206176976457
0.9485548766867603,0.9053819109807831
0.957440327073209,0.928941555294385
0.9833968030360788,0.9315787474886958
0.9733036302337738,0.926597010933266
0.9662610730723019,0.9215834730793273
0.9558999060277854,0.941324157470243
0.9552349652531137,0.9474938926598171
0.9779159939216426,0.9637380819403176
0.9760454375179394,0.9702078733031084
0.9501916749632519,0.9793387628755178
0.9369538178531533,0.9925507723086556
0.926287767161263,0.9931945490671328
0.9237851677421681,0.9735288439213322
0.9441216986095221,0.9896077873748556
0.9436144001949234,0.9790392876610122
0.9558637991508651,0.9911401017320601
0.9538716750388043,1.0066638039944638
0.957163843494878,1.0047382584150095
0.950814983102736,0.9982894868065054
0.9559495479590592,1.0155360798395854
0.9558254553967991,1.0003031428493432
0.9473033205290593,1.009330851993036
0.953669699907085,0.9981113725323011
0.9565965806549234,0.9878234588153166
0.9453797439786141,0.9796546158057778
0.9490593361885581,0.9810704169737052
0.9554002830911924,0.9853515633966867
0.9738527088766659,0.9692934487337667
0.9721170327563106,0.9780140026911652
0.9478918214677639,0.978346709303702
0.9316765630354344,0.9718775730639787
0.9239219492467174,0.9651994258647462
0.9483318451263195,0.9472372391203547
0.9598855421229622,0.9555038873258613
0.9833882302718437,0.9689747631291864
0.9773768750405396,0.9906746633752421
0.9534075662526577,0.9988310309723882
0.9606412480080054,1.008475462248051
0.9367223407592907,1.0105938712800941
0.9487870285143714,1.0122629744005784
0.958094549649876,0.9994345163181227
0.9529651025699032,1.0043212152410332
0.9835901671435052,1.0270937021214732
0.9956077470255452,1.0331424353251173
1.0143071107035064,1.039165255106977
0.9973599850417711,1.0548396495941557
1.033730644053385,1.0346107249147611
1.038843980711302,1.029381076851285
1.0271653045290776,1.0385111354961643
1.0329465955993165,1.036274616051219
1.0309415620875146,1.033770116751138
1.0236179859282681,1.0486384037200691
1.0538859698415437,1.086002685168961
1.0556163662821887,1.0903512898560275
1.064580061917337,1.1103208530805766
1.0760481039646395,1.1040433018672198
1.091004666036656,1.1092563660594137
1.0861256584239491,1.1094796101032491
1.0917359193495446,1.114472708090739
1.100371009216976,1.1169056804841957
1.0831474968329655,1.0941247113099781
1.0797500476954742,1.1018684591623815
1.058189295577767,1.0957208027098106
1.0260008026848824,1.0957941611109938
1.0281207918191904,1.0904236994182401
1.0451543295433967,1.0848475846084242
1.0507071267133532,1.0941780617111807
1.0667199995416625,1.0985322246371667
1.06966066420426,1.1122007223981247
1.1047068328295178,1.1103496428657278
1.117665029889442,1.1161755929936084
1.1225096298203088,1.1040788729766242
1.1058503042556342,1.109908872004475
1.0935519327251408,1.1196108304175196
1.1060023432357187,1.1032011364883036
1.0902025982357069,1.097753655476363
1.081416717465582,1.0889727453312972
1.0955954698578614,1.0884051267059587
1.088915876810423,1.099163774950524
1.097983046402517,1.0975094946912967
1.1136827588062232,1.1207284788173888
1.1463416361244534,1.1232960411733919
1.14099763575265,1.14147917096254
1.1522671442636692,1.1514295888855668
1.1322576744508563,1.1375593359543745
1.1547587900648122,1.152307849400556
1.1252696941114684,1.1552305479752423
1.1205488849221121,1.1613077949181256
1.1097312979638898,1.1482933702592621
1.1040066938374025,1.1395979616759337
1.0887525032706367,1.1216848408192073
1.0862093730564215,1.1043581151020208
1.086802076527778,1.0968623979254781
1.0914448111774446,1.0943975797513623
1.0713211612900098,1.0857864200938792
1.057758602417183,1.0868142565375538
1.0494319611332323,1.0987655291330836
1.064250372414368,1.114306001759811
1.0935535522663187,1.1135903363715292
1.101191215814983,1.1316166032665878
1.0981678592569817,1.155837642474802
1.0867835837226616,1.1520467985787968
1.0776979905923671,1.155035026344829
1.0906298985606733,1.1514107656931445
1.0964089317213643,1.1520234090094885
1.1079944273725533,1.1464981167005786
1.085518961054256,1.1560791998802777
1.088593576005717,1.1683021068180928
1.0820329070835575,1.184093725264203
1.1048707245391738,1.20932367555649
1.1034206328909346,1.1909329970154017
1.085005705363612,1.184428209792329
1.0798572944643796,1.1862176501640154
1.077864494693056,1.175122291744916
1.0796375726366958,1.1972797951537486
1.1180176030666715,1.2025101200366697
1.146708107506253,1.2138808334086342
1.1629060922359105,1.216227503397141
1.1755906736295632,1.2496171739193895
1.1883162047177864,1.2460720299766312
1.1932623745243396,1.217375623659915
1.1906596522159623,1.214165334243528
1.2164591697095541,1.2022444835068327
1.204744288204383,1.2061300887744761
1.179720449009128,1.2015272685679754
1.2173305782171144,1.2131852285879554
1.2159435857454512,1.1948629180779988
1.2150138999920084,1.1839706331425681
1.214586428667057,1.1656469271792855
1.2247247101920316,1.1733977341808608
1.2137220968971028,1.1899026328256739
1.219983457611771,1.208282519982943
1.2283332472309112,1.2245349341437224
1.2257954390102217,1.2034053451258424
1.2582182569927634,1.2200164999087804
1.25771883130404,1.2351420729908518
1.2317682479360041,1.2278096770695857
1.2537226796104906,1.2433457605670588
1.2587979738078918,1.243201662145803
1.2551441880943413,1.2349596265570952
1.2491468480919719,1.2319831279168876
1.2551190168325432,1.2381118288424344
1.2797621639923384,1.2418336316741148
1.2586771090645956,1.225693604735497
1.2317345719601964,1.228272510635315
1.2179938877626966,1.2040725394498033
1.2048814898221174,1.1996373842988586
1.2169895606609773,1.2182247965756945
1.218949875945449,1.2345412371315705
1.2160119963851264,1.253685972707887
1.2450761841587112,1.2496079246220397
1.2304144111443722,1.252399505035717
1.19804861788042,1.273214371861648
1.2064164167435603,1.2751614318801687
1.205632874610449,1.2926499587994045
1.2103234839550605,1.3264475293330935
1.1855620673500868,1.3257553316712516
1.1922097293484908,1.328067556339193
1.1872464114575194,1.311634557738016
1.1774372529725492,1.3407407786340344
1.1688388405332246,1.3344428951714158
1.1495943609361077,1.3463923612496644
1.1411377918534737,1.3508754748315797
1.1350456554523056,1.335271018080533
1.1553258733711247,1.3504227027301456
1.184480936549266,1.369858881825221
1.1955739250363484,1.3568228838827545
1.2109730468881579,1.3812059144325148
1.2218559927402601,1.3749664179606387
1.2107653390150992,1.3817870615857957
1.20722999541182,1.3779680050090464
1.2118269890759694,1.3804553984642434
1.1897200079009846,1.375552166206981
1.1962203032556364,1.3484203950906342
1.1962584607084066,1.3487843445397136
1.2490926942157345,1.3585068971774008
1.2268407196401534,1.391253397841945
1.2368011868559332,1.3887462503550407
1.2405533363866204,1.391718674918483
1.255183743412978,1.4093999000891113
1.2534016330150184,1.413630358006177
1.2359031602281596,1.4126199625325926
1.250096329078891,1.4286069492110096
1.2508493024838219,1.4506497384406905
1.2636230185571244,1.4132267865686061
1.26954305600975,1.4348327325688106
1.2746686107853722,1.425655283384729
1.2825963193287462,1.4354203793182907
1.2758317955149443,1.3990630563613535
1.293107096455705,1.4120764306491296
1.2781189684818732,1.386630967152537
1.2987345744958405,1.392304183604963
1.3011513254906364,1.3885799356224355
1.2862931013544825,1.3819723951418503
1.2762816217914619,1.3751740668900496
1.2624136717530627,1.3702096187523836
1.293003571979815,1.3743937889186504
1.3076287744070143,1.366918353582382
1.3064862327579203,1.37020357301349
1.3137597058346613,1.3452487516372154
1.311355801552975,1.3628121165138283
1.3172388355703235,1.354283659817098
1.3146319895764411,1.3663733647447878
1.3331945987007212,1.3843114086607515
1.3525861660221663,1.383722908050618
1.3298808543771814,1.4032296863865035
1.3310187411740801,1.38153150029908
1.3364267573666944,1.375537070261905
1.3598631301202941,1.410933477835004
1.3651408053818919,1.3982702515462044
1.3637158762425838,1.4146259518988968
1.3782418602024964,1.3859749506264063
1.357378078767232,1.3846619555387671
1.338957896458039,1.3963484470918919
1.3387991391715681,1.3797013296847611
1.3543705597766842,1.3653476186774347
1.3382611473074002,1.3725259849920715
1.3286161124347822,1.397428226478427
1.320163395135848,1.4035135243742045
1.3187265638595425,1.413792573816751
1.3170924529111905,1.4177580568518011
1.3392040700047918,1.4602805715742613
1.32637158181853,1.45077336507583
1.3249198025179163,1.4324595631073305
1.2898047444173661,1.4106647188575563
1.2756965409747008,1.3733139842723672
1.2806927616711636,1.3948244631465114
1.275154072478799,1.4047302954509
1.2740342335479342,1.420282646816626
1.2614133171874593,1.4118016047812108
1.231912768751302,1.3863353150662259
1.2172124289010513,1.3880337564269276
1.2036262172792398,1.3948223650710947
1.218472887644735,1.4002015585023113
1.2510393706501584,1.4278123935984783
1.2701917372495821,1.4465167639897958
1.2751367729603575,1.4781161776218914
1.274976046366864,1.4740647032064338
1.2658511971872648,1.4847633334701769
1.2655657798300664,1.4710703491002828
1.263333082942841,1.4932043413982754
1.292196926470586,1.5132082404464609
1.3290921403104143,1.5386497219356774
1.3124861705969075,1.5295382763790168
1.3222342018056144,1.5611575055527778
1.3163238110174025,1.605085597836985
1.3301225725737744,1.6113474691522962
1.3239366219197262,1.598949194297805
1.3167671382854294,1.589534637726786
1.3148179592896088,1.5642922579479883
1.3000420549412346,1.539599223235007
1.2947090722055057,1.5690714568873776
1.303203559000126,1.558433588619725
1.3065769383267323,1.566184111482803
1.3104658415802357,1.5815293767829897
1.3024390871365656,1.5931171990427855
1.322989794633345,1.5911753372837745
1.3186872336666302,1.5983311085794427
1.310001399163061,1.6116205354970474
1.2942185550343237,1.5979335585910905
1.2925154895567892,1.612219271851265
1.3044777065330138,1.6449890824206717
1.3003297525365203,1.6399130652091862
1.2920932304068278,1.6621521405392665
1.295320798791971,1.6302131659171932
1.331445939080283,1.6094476996735552
1.3537410021367167,1.6340242054742324
1.338915762634327,1.6153082715341862
1.329878635191098,1.623099849084042
1.3780168906345251,1.6169909361440213
1.3451978981529968,1.6125414672392933
1.3485738732855013,1.6256789870208106
1.396288282197695,1.6471513297649918
1.4162857439553067,1.636944220163073
1.4236679699237593,1.6083660167088645
1.4176473777693162,1.6039175077066683
1.4174571105377451,1.6144523083094586
1.4333948524046645,1.6170735589795873
1.4245425663314806,1.6035943200254446
1.4422778050835812,1.5767962640135982
1.4308153762448308,1.5786335622775127
1.4699109217756174,1.586123984966146
1.4503572050071996,1.5769328988961215
1.4128330588704772,1.569723739507481
1.4121220835729236,1.5598422053486924
1.4372913097898306,1.5631305340831734
1.4725146489876402,1.5887606645592849
1.4801967891814964,1.5729752534486567
1.4581588916206873,1.5656059465952403
1.4240757429798172,1.5217174320319589
1.4095993795466932,1.5331136635558655
1.400257195583515,1.547834864154611
1.4022345433676329,1.5433973278348088
1.3574107436438336,1.5277925547001778
1.3654644166086263,1.5468300378161093
1.369964147080691,1.5568560904966577
1.3691398755017945,1.5830510796301644
1.3562266184661356,1.5571348638870237
1.3627902672034742,1.545476108800406
1.371577539251258,1.5579240572927824
1.361193400789502,1.5755546159632106
1.3391580376238188,1.5848063729247468
1.3172536197370215,1.5895839708350312
1.325015897757529,1.5831934582678124
1.3191235102866925,1.5759142128653487
1.3439838821844443,1.5860028012914205
1.376618391820966,1.5907162400307735
1.3361680647224605,1.5799482847009665
1.3617956481235611,1.5807979823310758
1.3827936714949816,1.599379996149787
1.368845182630631,1.5904407398265332
1.364203328537467,1.5823312542557482
1.3928480598686868,1.6175458001629432
1.4120659279025674,1.6111006753608443
1.3913200173670803,1.6035670774242914
1.398740654586998,1.6098456549758413
1.4001701246977445,1.621806257287883
1.396692875716211,1.6399797235729057
1.4212632344206806,1.6730733191054827
1.4337207156341492,1.7156466170688367
1.4442189960877103,1.7291239805125187
1.46180635062649,1.728952098852482
1.5094368132478153,1.7581176155925553
1.503700171570896,1.7670304565483637
1.4790635886016101,1.7555339126203309
1.4685629086767567,1.7621737127791028
1.4664733377426324,1.7775143533390532
1.482926012411599,1.774685646726125
1.486484609454628,1.7776477172660101
1.5205958443472627,1.801569961245662
1.5016551815724017,1.7872168404395619
1.4981396872241481,1.7931851368552154
1.5125994598767332,1.8120785339588847
1.5265264667258511,1.8028055677463584
1.510457993757919,1.8317039455949273
1.510765965321604,1.844720572868706
1.5000409511492672,1.8504852558268676
1.5142940574991959,1.8286649820021947
1.5283608624883456,1.8519630708418586
1.531924899786866,1.8519735959205939
1.5087710974692885,1.8125905432161327
1.5249522484660794,1.806736642428381
1.5065635155848673,1.8203499112261734
1.4513499365596487,1.8272082431880972
1.4537817136883937,1.806919577779401
1.4373293054630785,1.7566103956007324
1.4464907838381207,1.7788645129758436
1.420936693942467,1.782182984364086
1.4150649037883387,1.7827484384240153
1.4220067343932863,1.7650756235661302
1.433118231977055,1.7697908637725996
1.464975143982401,1.79173840613536
1.4960342349333322,1.8090991048767455
1.5557032403523254,1.8520409359023244
1.5575959181413888,1.8704522765782452
1.5436726970469903,1.911461772494917
1.561930566152885,1.882725967862493
1.5702429413942507,1.8757720892339727
1.5443432480275971,1.8645474745511206
1.5588719933527142,1.8607485435690376
1.5605616124009345,1.8546070840082576
1.546242840660345,1.8605424640886083
1.515466384958877,1.8843948063242524
1.5002079769467598,1.8726847199910412
1.5072575251405138,1.870632489822391
1.4741807469997197,1.8696947988747266
1.4570192406042701,1.8544606328781517
1.488434744519602,1.8500061092908475
1.5019930960191874,1.8683432661797692
1.4710295415338286,1.8456511360020358
1.4704989528871886,1.842104070918968
1.477648424894134,1.849572440332065
1.4877803920845265,1.8405771208082797
1.4781859299306104,1.820370635955875
1.471940017942015,1.8109577261045813
1.4998651350468604,1.8153774986072473
1.528006953179594,1.8209493740965599
1.4981523573452296,1.7980408645819899
1.4785507099477238,1.7834239556745695
1.4824901009795834,1.7483740587117733
1.5011886945346065,1.7731764578527123
1.538227677879605,1.8317596177836182
1.5500077731304904,1.816095147748367
1.540367198686881,1.8225970369303979
1.5487590942830936,1.828766024126345
1.5428638213105363,1.8465564289655998
1.5445638290685462,1.8266659682324606
1.5767930811511572,1.8647129463877774
1.5903348885806812,1.8678078303646066
1.6029536992418518,1.8651433510263369
1.6077917346920951,1.8914176232115771
1.6162062616327104,1.9055962829736979
1.6224018026890414,1.8831275157549547
1.6660822821222574,1.85040324648979
1.6893876316175858,1.8679863275843083
1.6965637171721317,1.8680670386261982
1.6593335191555718,1.8677948975384802
1.6954973210817155,1.9008561460251912
1.7054231232005665,1.9511755266553743
1.7022037926607148,1.9359343158499258
1.6914753925243295,1.9176807379217307
1.7036707963464137,1.915481690650156
1.7182551811751274,1.9351272037936105
1.7034782997216569,1.9040471096541316
1.715637747099457,1.9115713020923244
1.7225253279703345,1.9442501773483687
1.737402510490469,1.9084194692631666
1.7295247321739677,1.925944679169599
1.7177467283749508,1.9148053939676104
1.7519602718183536,1.924670788078022
1.7286533416515926,1.9397168015849964
1.7261407647470148,1.937210354079021
1.7242798300586566,1.8876938494699795
1.7312853910279857,1.883761271455641
1.710654342807866,1.8722801700395857
1.6900803519677117,1.8428813452078632
1.6693037175665277,1.805873376673756
1.673480283274449,1.7948596159919472
1.6608219707095973,1.7478279947964326
1.693569756650349,1.7620577060294187
1.7269423489958524,1.7572711633478633
1.7496853632039446,1.7483476621173617
1.7842010107759958,1.7752980840390038
1.751375704619333,1.774262450766635
1.751572441737764,1.76406645225179
1.7484954923555993,1.7467767502962717
1.7247029274216155,1.7753032702257645
1.7477913701767471,1.772232140846851
1.7674404426082058,1.7724031988232432
1.7834514595653737,1.7525831807490868
1.7869697551737098,1.7684023168650704
1.7635885497806139,1.7850519870677897
1.7565682253385302,1.8064672235725219
1.7760452653703587,1.835024772429972
1.7572694390604549,1.8598041128674807
1.7985056309677205,1.9186788431039086
1.7671551406793597,1.9312000637596067
1.747774967418635,1.9428657180650009
1.7521215643536003,1.9341663772654276
1.7681466161899642,1.91821287681091
1.7748970449153492,1.9083935925572852
1.7862022465032266,1.9190833119032662
1.7828003323105346,1.9307941581406152
1.7436220754442142,1.9317722156984425
1.7660807704353019,1.9291934024962418
1.7089620040519222,1.9252456815868144
1.7200324761730363,1.8993732134649655
1.7437292883843083,1.9097641860253876
1.7480020288266864,1.9074399635716734
1.7396078395538084,1.9311648769297753
1.7749862121636628,1.96781037181389
1.8055137002138706,1.9467823006101947
1.8384404166220776,1.9441378848801383
1.8396013348500446,1.9216741152952737
1.8491683055940362,1.9253680637220723
1.847260204645186,1.9778869688238787
1.878270037340339,1.9733084333554707
1.8885839206324333,1.9767047694174955
1.939202568473858,2.0247206466623755
1.8785007142611436,2.0188148411054017
1.8667499265010306,2.023526519614906
1.8877576689383726,2.0381717789282474
1.9031238619704518,1.991727440053432
1.9382187392478019,1.998258713380089
1.9323189838086836,1.9958078345904195
1.9449463601773842,1.991509951612459
1.9680497939902575,1.9882037940690735
1.9932482377237186,1.9560618983909868
1.9732238094820167,1.9425581190315444
1.960408327453468,1.9390787671426042
1.9165382387706507,1.9143717278224162
1.9526057106481514,1.9112740741912517
1.9099875980789485,1.93834767969565
1.861516965707172,1.915974249632501
1.8577600156559666,1.9367342988256486
1.9029037007401834,1.97291489834172
1.9298962765948577,1.9981186545486243
1.9711926936609918,2.059054667337075
1.9320943394274428,2.046910045220724
1.9350868527866285,2.0159042012626496
1.9113186330006122,1.9938483105599816
1.9134586888287493,1.976517711687936
1.9273346170797434,1.9734662891458838
1.9080210434412779,1.9581250324133566
1.924834070991018,2.0051216301457333
1.9387268007697918,2.0006477161437024
1.9709439509068851,2.0626194262312407
2.0380638306874292,2.10112331671135
2.0311100432579665,2.0674887539388798
2.004097484766943,2.050344174567522
1.991919481388426,2.0583248111011963
2.0081580801668903,2.081244447019148
1.9962443397538838,2.092304531444827
2.0461600058434737,2.103254239292891
2.0836468184440156,2.105527804299904
2.081619052029011,2.05706538068876
2.1061202175798335,2.0524973478128787
2.1005472578292825,2.068573610618002
2.1124853019106613,2.0227730321950825
2.0993695082511805,2.028668258884943
2.10867879575824,1.9825285161495831
2.1487157344108487,1.9801797240821546
2.1298071051713103,1.988248141789047
2.1720663654364007,2.029980977213507
2.1289956482536048,2.025089032717327
2.1169674056007763,2.0596443286721797
2.1321655461538493,2.087855043446498
2.142537380505851,2.082755106781201
2.1411287764706373,2.0818185813276675
2.171551302279346,2.043913264056805
2.175519358955696,2.04610632184011
2.1562863413043907,2.0554466502301745
2.1659849997157155,2.04031063470903
2.180131442646815,2.0335068602100006
2.1977019877616333,2.005286461319607
2.214477670746595,2.003789404828227
2.261373335992384,2.007154028527413
2.276965011468424,1.9974478902860398
2.262240056186802,1.9986882987768513
2.283944169627136,2.007836625034648
2.2371464833475057,2.004133972892794
2.283290447202786,2.008961821964831
2.269350322195391,1.9934471867801014
2.320258876066038,2.0364457743503763
2.36588586139536,2.029748887383936
2.3986713854987163,2.0641828098377135
2.4082985394923053,2.0827296903443
2.422166129205666,2.072425322817052
2.442738859063009,2.0370313199308283
2.4232903513264508,2.009935579093354
2.4541144798384504,2.0171355591295517
2.4211335574010797,2.040859713562291
2.4322599999540366,2.040741143591259
2.3988272457412467,2.0372805562317886
2.388506321490409,1.997256224418748
2.3511921508535467,1.9927891678354
2.3710689702818786,2.002508541836166
2.4197821917097553,2.0173970297822494
2.389368567901996,1.9892053934680787
2.425053656799998,2.0343986308775386
2.4280026720448276,2.055967842281691
2.446436329568464,2.089514739576407
2.448918264359769,2.0896610837691303
2.460368329414639,2.1200832900646143
2.491217760178316,2.109531093042689
2.473485614455473,2.0810174585501073
2.4909463086790606,2.114253622548558
2.514437974536545,2.1033939496475837
2.478621168296613,2.098432704741625
2.4256087689817103,2.0357040301315257
2.4446193275960253,2.027517057233194
2.463819141992425,2.04668398608706
2.4434822042881352,2.07450458958243
2.437237165716723,2.09768126359421
2.4699886443015155,2.1248500930583134
2.4868251827110393,2.130140471645528
2.5101923573662446,2.1597267137009317
2.529294419879427,2.1264213770186347
2.5424953413611453,2.122519155056603
2.564354762370597,2.112216857198168
2.6055873206390836,2.100111657485854
2.6240221479373655,2.10031998671891
2.6442467071536937,2.1183132264079094
2.6623120152907775,2.107916377390246
2.683898871234758,2.086369090699335
2.6967959290403596,2.124515463684133
2.7272491276689186,2.092673190872314
2.717692359005471,2.089145603098333
2.794933770495282,2.09962726176638
2.7605616163847633,2.130068145091381
2.678520210217831,2.082831692376869
2.6678265535644767,2.1309497007640723
2.7830994759536796,2.1685287995719427
2.729734107540238,2.1332871859171747
2.727943675780059,2.1378671661723416
2.729189547433542,2.132152867105212
2.7477842010942504,2.146097034517415
2.7160750674770275,2.099491680872716
2.7949565932739433,2.1092102893674007
2.8472046778421114,2.1488859508973666
2.861388311260975,2.1667484307551415
2.834684538161909,2.1504586354437074
2.87231740052631,2.1837614183871294
2.841136658075351,2.2035648263549397
2.8798689381625464,2.1573911211557775
2.8441503278384945,2.1492035493116686
2.812986434029315,2.1641648470940704
2.7528105485272945,2.1844789161137914
2.759529537842095,2.205713261877082
2.8034551946770288,2.2051868131712844
2.8283904146455114,2.2115967750105536
2.8429509155007047,2.218953914573963
2.9168146960227426,2.215887166500728
3.0209271304370713,2.2534400433633404
3.1029064498577563,2.2532766849149968
3.16109130106653,2.3010630505172944
3.246172063787427,2.307348826889584
3.2426139429573606,2.359447165189047
3.227630281083233,2.347471023745041
3.2474195818548104,2.326356223328192
3.2470438341931978,2.3244624495773483
3.303788733332287,2.328894166180483
3.2960774420329577,2.3258208285154995
3.293803348797815,2.3078008913847445
3.294690144621184,2.3187224386457066
3.3221951309363456,2.36875521536244
3.335398954622776,2.3810109011335294
3.411887559350527,2.366700106422085
3.482299953960575,2.3635143955919697
3.563611420664953,2.4500370467989194
3.5303145986340922,2.4516003962471515
3.602989431183566,2.499704715013343
3.5654705611327353,2.5662927066534196
3.580154534693306,2.5660516923432364
3.565835884586321,2.5392128686526525
3.598228594918416,2.5337996258335886
3.5568228059157856,2.520292836773801
3.623464872888175,2.522946957406446
3.603941179281145,2.5605724851388243
3.6521773436971086,2.5451876156866735
3.6995530706924273,2.561600761360978
3.6911058495097673,2.6077099737889293
3.5975326593849304,2.6188561032797333
3.6539522662253354,2.6424097006639533
3.6408296067371606,2.651387207361709
3.660189374670705,2.6012793300067125
3.6653083106400506,2.537394873916858
3.594623269941307,2.5557337224794656
3.517481213832149,2.521068891029354
3.48993120219937,2.496386074831161
3.4891797464692926,2.548012419613488
3.5216693440136333,2.5614260569311575
3.546465318671271,2.5725482521603054
3.6075381409000054,2.5682955060504447
3.5621264389838343,2.555100384662686
3.589995911385725,2.5947382794099525
3.5431684051619756,2.5774090310094318
3.5467465114324863,2.5772545633105395
3.5755055394770956,2.6230153640198126
3.5771773033128733,2.578690709436052
3.534890639932288,2.5791980541815684
3.5086668331913504,2.6025689930641134
3.5162938317509576,2.6264988080739866
3.574867146144152,2.637139654635545
3.562049656387675,2.6447853294262083
3.5328060653276205,2.6133427808727285
3.6373505540394517,2.6223433417371815
3.611514618446898,2.5893978158868234
3.6899525288006734,2.6528903985640433
3.681586047983964,2.6354433629124596
3.6747952316530994,2.675429248161033
3.691928449519409,2.7059400119687065
3.7088394050741855,2.6931066878383088
3.5991205614692854,2.648590241149082
3.538686487434498,2.6721529590528106
3.5804357936535145,2.6638949770643654
3.527391075370692,2.6140004053990054
3.4724392564021738,2.6472161411746282
3.433668549558359,2.659771798596734
3.4584793107669642,2.6911060016185724
3.398750183154498,2.691570497387668
3.40296724453524,2.6970848739010815
3.4453396073981484,2.658523353965735
3.4371439503125325,2.6607851349649554
3.4258680560573547,2.608761245260846
3.4140617787336076,2.6032389423857927
3.4475451737084173,2.6448162136268545
3.4919986344516345,2.694856196483601
3.505269962862942,2.6928249165447165
3.577709880798454,2.679597626679338
3.6702080747452763,2.714780575060829
3.735537987147782,2.7434427490983917
3.74408201456948,2.6945326189491645
3.74687475156499,2.6890424918135905
3.759275205540028,2.7362168167377217
3.7184384334553684,2.7059210398361
3.641182965146371,2.6914788239070675
3.5343143414643654,2.6938790498020633
3.485126985100089,2.699596329569625
3.4867055770536863,2.705212084961991
3.48088820000957,2.6994768665965174
3.523231316003721,2.7228480276418385
3.564919175997324,2.7374886796737514
3.4691152045363585,2.7404383232296987
3.4293069184169083,2.7097189301386106
3.4011014209443515,2.7291286684724243
3.3621199123711,2.7258035242347654
3.4461567643634905,2.7541257826296497
3.4222258154033316,2.7675484873296323
3.403442622911828,2.7840295188532984
3.3780726158698706,2.758981966070187
3.34174824733134,2.7693169260518258
3.362393506355393,2.7780853589144057
3.370404268800756,2.752863881341193
3.4384984001612895,2.7250383072116486
3.390094152183167,2.6628053145368753
3.439773981916946,2.666450090893953
3.4803135879051146,2.7386998823273063
3.46147447067162,2.768990546830071
3.585180440481561,2.8471041950568523
3.5175555176892406,2.8494042738618894
3.448382041295245,2.7986520075699457
3.427012747112978,2.8395698802437073
3.4828493150382327,2.8489783535544784
3.4429992372488187,2.820349759010393
3.4776891615250043,2.8466447428983632
3.498377078346746,2.8984372554886115
3.542564947865665,2.8632545075710634
3.498248800212818,2.8342157464413664
3.452764838057662,2.8108640892812926
3.435929687882903,2.827298010546417
3.4550066456965216,2.8157549456003683
3.461467917371941,2.825931862924578
3.4785629248621435,2.854768928843725
3.4596025382802065,2.8188075894232454
3.452338423384659,2.851782021100451
3.503156470605222,2.851695815519718
3.4730335637467102,2.8222145074867973
3.4893738449464182,2.8433284506538246
3.5411114473337273,2.834839370918181
3.6488607006752747,2.860085172233337
3.6008664188101416,2.854403921030623
3.5598399719378286,2.791183138943442
3.488794539814461,2.7856879463642805
3.4305990255029224,2.7587361816926173
3.367242970612642,2.701398196516109
3.312900847845346,2.687145697504937
3.264343805467039,2.678559484476087
3.1912617589630154,2.6989972747388546
3.1293442978631623,2.6912374988496808
3.2505705679213537,2.7597509759846792
3.3445881389405563,2.8252717491477735
3.264779925570628,2.788105219209117
3.1602902463396974,2.775816701273993
3.1445558639680415,2.7533001750211388
3.240760047787225,2.739575738369038
3.2004705535960616,2.734513616261953
3.279061553952602,2.778957548608616
3.233156874071594,2.729763639629447
3.165881011309116,2.656683512776707
3.1522200208996303,2.6088291490197277
3.196172204679563,2.605976578648978
3.2371823329859204,2.6238677634242333
3.2361162173392755,2.6067611170025398
3.139853646690691,2.5189295080408085
3.1799334438846767,2.531952951416284
3.1660239047287986,2.532641546043399
3.1226585454019022,2.530900842144895
3.128461982517867,2.572828666505895
3.071181916826245,2.589094037041109
3.0682341779978053,2.6057083526376803
3.0514429140709076,2.6336339332931518
2.969338034338257,2.628381878278502
2.9443154653493737,2.641218081145249
2.954023823876293,2.632883278537318
3.0044467330563176,2.6548421305749415
2.995250512955321,2.614380371153158
3.0239684111591005,2.629629820389096
3.064434582033485,2.6972565929076286
3.05252216536243,2.726485447850627
3.1246655378884016,2.8207602004389867
3.0957383553521756,2.739384347167123
3.145633420648022,2.7055533510145167
3.1026927876471837,2.6720570682024998
3.0346451944774118,2.624459702101795
3.016743092167595,2.6345146285044723
2.9868911219124414,2.6231800873187687
2.9990662277837896,2.653213245271339
3.002985607431924,2.6299886356052764
2.974232584807087,2.6773540249332073
3.0544627243341806,2.715486059041353
3.07502357823324,2.7487236820653664
3.1218108771615842,2.736093506279152
3.0662185109419196,2.6881282255986347
3.0172128020070574,2.6601602403628233
3.068590908135087,2.6667441918538652
3.123223237313445,2.641765701559962
3.148489567007678,2.6521250223153054
3.1564081248152487,2.6443832634728297
3.0752445477570918,2.6097768418141563
3.0780088614856593,2.5730088312846378
3.0378436257323855,2.584365259534243
2.97760276592084,2.634274223065817
3.003778579117955,2.6765204222092516
3.073466354925447,2.6785799810301802
3.048891479714971,2.649749627992785
3.0321286021711185,2.6180684856854377
3.044594059046279,2.62902870233373
2.9942193629309153,2.6074025478690763
3.028300885373022,2.5853950249131286
2.9869559396009735,2.530670809192762
2.9082099016403555,2.499795832809652
2.8873540652206606,2.475197395531586
2.860810422534641,2.434260278739547
2.995198723551007,2.4653091341837903
3.0384074016198435,2.4733091146535506
2.9650974826304624,2.427193581092463
2.8746330738405725,2.3757438934965496
2.845418160278491,2.3638992953737246
2.8434003420560168,2.377240985256277
2.827263326277551,2.393276672060619
2.7683033305952787,2.39988810081453
2.768696464797877,2.3850252818188244
2.8092261262346767,2.3518526309977306
2.739465280440091,2.3472176348609297
2.6660010090422954,2.3157215608951898
2.663160326907319,2.2859284635511004
2.647290936579953,2.3028352240915826
2.5880114466758823,2.29563577127722
2.563797159673562,2.3323235476493305
2.6355169727880776,2.335060855976624
2.6288163778690836,2.3361300291919362
2.586810104714016,2.320013697337024
2.5921196479652484,2.3316305966164586
2.5235627946078427,2.328714226478621
2.5006207137373835,2.361214901656645
2.4701192928475906,2.3668441392064743
2.4166113754441705,2.331125722676128
2.424665899050848,2.3441350832107792
2.3980905560389725,2.284432260425691
2.3939508783365224,2.263341413178583
2.393227222642702,2.2804534065559627
2.424567346591152,2.335517302791446
2.421457486656475,2.342536231914855
2.418805226641354,2.3576776548558884
2.3859107724855964,2.3768271590593986
2.3500263050984955,2.3675663336553883
2.3357497779921736,2.324271537686839
2.3509684958390626,2.314076928843827
2.3884906785951956,2.3232973583825047
2.3755305577770534,2.3185164525727022
2.3746007116224934,2.3692084522836696
2.4091387942972924,2.3806017263663377
2.3844884201370324,2.3720399549590003
2.4021647802023565,2.375827222610733
2.435015493692759,2.37321395040258
2.392847379962593,2.354637901856212
2.360990602971173,2.343657339596066
2.435231656348567,2.374705003379794
2.44221202582418,2.389428619024726
2.3915456422755006,2.3792473802670764
2.3899056922952124,2.3838114232900764
2.39989326801145,2.376240012293
2.3512911893525335,2.3520082975998826
2.357007418886404,2.332020654253218
2.3370889641219836,2.305740324961789
2.3848549663059435,2.3462279034979527
2.409864944804407,2.3547177306764637
2.406939528087733,2.4099026653384383
2.4575947506064915,2.4642204260398453
2.4434653165260936,2.5200837175857003
2.4027947238836047,2.485880025653793
2.4563072496531166,2.535137560841221
2.4822650875056906,2.58764970179253
2.4991444350455168,2.558608361358711
2.4587460595619337,2.5057408111193227
2.482041650988092,2.5300787380513277
2.4826376762695226,2.5587296077274324
2.4852730999456996,2.5514600258602975
2.523947314393581,2.55437455963691
2.530825972122046,2.591541655985557
2.5245880856336673,2.578670087662031
2.5213012776107173,2.6373891612661806
2.479356849029117,2.622406746453687
2.409354715443353,2.6386942419795893
2.3494611445286075,2.611196527591479
2.32333563846073,2.6581566508881798
2.2904749084709213,2.6237066054008253
2.3112924267949575,2.612418133795664
2.3660906874117074,2.625933606794958
2.3670337227913354,2.665315601652409
2.3814483537752027,2.678908604683222
2.3657680997950923,2.6542974091485925
2.4158043222345915,2.6857220424338544
2.403549046570683,2.6702065717710832
2.46128140501019,2.6748076477051863
2.4804977165786792,2.6771728338423904
2.4826849777446305,2.684652520668403
2.4555440507077915,2.6998874006488984
2.411162427016602,2.688837393969981
2.4058647037208933,2.6859497945579425
2.4655616829101725,2.6967275600817353
2.4902364630843237,2.704157085109299
2.4048028810910442,2.6906276725121607
2.4207078493195007,2.686282331281033
2.432984558451462,2.664461336146638
2.442015013538636,2.684076312561555
2.4356536588331092,2.6952478322179614
2.429174638105524,2.7003195444597137
2.3755130736110663,2.692906568584439
2.356325056936074,2.721629940599829
2.3697439335954362,2.7463661078052475
2.379758401808259,2.7047146148679384
2.4066817532991,2.782013536343597
2.3812510741829405,2.7549016094705956
2.425426549379824,2.773781258543928
2.427538503442707,2.756106873412998
2.399654380702678,2.769402756407391
2.4240731721491264,2.761244895553447
2.4169892903234866,2.8089746654107435
2.4280836252085756,2.773471483602651
2.5169858580110236,2.828608445306387
2.5624591722386736,2.8187508091505844
2.569987509058754,2.8595618617104313
2.5693274589782753,2.7873401604681964
2.622657614312993,2.841856833882879
2.657512306420215,2.8029178687743572
2.6357535986111236,2.781891319238742
2.6768583556582652,2.778289398968775
2.766622200555491,2.80473324626154
2.7147576472523802,2.7487944000263282
2.704187258866635,2.766579397523693
2.6758055314729905,2.722577331024965
2.6736410554820904,2.6654410423333608
2.67826509284386,2.687882510844906
2.708591251038272,2.676346393087096
2.7538164450415556,2.7159455212186443
2.6472708585918343,2.691969252598403
2.685440272130135,2.6994070149897964
2.746975326563841,2.699221352118207
2.7390854401234863,2.7158107142540033
2.727452288132216,2.705933694416012
2.807554280795267,2.777898891079989
2.837667754473283,2.7372623277703227
2.8517607549439696,2.7609695952487523
2.8827927399490374,2.7323910326511323
2.8752651201936494,2.7775154564292692
2.8176684873034032,2.822675049196272
2.781319950311085,2.754276197767016
2.797857850343523,2.7227269927702777
2.7761240355670083,2.717176928952669
2.7221162890894663,2.7301030380272717
2.737224322796062,2.7333561699210396
2.73150471246732,2.7297506394310593
2.7983730579514288,2.6992271519465194
2.7902950855901087,2.7294718526801325
2.8250409189189036,2.7085145097298993
2.8419031991407757,2.7193914373635604
2.9091038187074303,2.7330434275438584
2.9137926485828696,2.7426172147047825
2.9053888325558574,2.699036033982849
3.0318684910293596,2.7285239414398244
2.981895174731764,2.713281050099386
3.012992029206434,2.8182934556881714
2.970733968015601,2.776427712525634
2.9968910567554614,2.747177412722892
3.003468726706886,2.6822661753879045
2.9788863777480605,2.668509752641359
2.9527041450304488,2.6829137839642034
2.973973832699683,2.677049219719133
2.9486304497126334,2.6737902685073833
2.980014234027037,2.6910083342537003
2.969200778039264,2.698363530757187
2.962399616308997,2.632870843077276
2.961258804294103,2.5973919499495453
3.010767028978965,2.5727354950500776
2.998180818252673,2.577926572722822
2.977655030566696,2.631258078872635
2.9463274691739723,2.61367116934769
2.992771775958608,2.6556559920380756
2.910437307391475,2.6300766194079883
2.9356765606796538,2.6472893044911596
2.934553633384331,2.6385402788371515
2.9968320350749043,2.6865736522611208
3.027507840649015,2.682453528955915
3.0292746865747837,2.7351602757294198
3.031131016821911,2.7463092422966473
3.070674736666319,2.746284021646007
3.1276412458416516,2.731742940397841
3.205662852751943,2.8316611797900397
3.219101630821277,2.8457366737566483
3.146643475377179,2.8718714814339124
3.0524078603756997,2.795805396253487
3.079353386715193,2.7938145284872147
3.091898866735446,2.7643910892407932
3.1160798382257004,2.7780986585337644
3.0268781976126586,2.765019283742869
3.0660139144039738,2.7556473711164498
3.09658789428893,2.740697753944155
3.071509323223124,2.7237415668695606
3.1292561923208364,2.7659370284266074
3.2645961341358336,2.8126943551910957
3.3123079866867586,2.804096526948394
3.3356801719524563,2.8066721534894628
3.282974806229147,2.805981613184812
3.3285415030578913,2.8426973685216526
3.3340653171791437,2.8036395618741974
3.2244446867115477,2.7758760626915824
3.155424827776375,2.7523820261967544
3.041010633949105,2.7559561524740444
3.051658203412626,2.75143846392535
2.984412921698145,2.6770465357655673
3.0212923571229755,2.668291043883714
3.1038404329214204,2.6744643244830533
3.1657673558281823,2.6499581244863024
3.184054921376971,2.7119518630216843
3.1894356444796887,2.7207025764462283
3.1945168112644615,2.756474475998719
3.1423937726553826,2.7124029364622033
3.072867307895904,2.704612325779933
3.0752828987346725,2.6984418832440746
3.1025871112268004,2.7133185999876375
3.0956642009992468,2.715970090467217
3.128917684024143,2.6922217443477927
3.0962433568218284,2.6337979474869537
3.091722932197366,2.6218090725687992
3.1490358032976,2.646423076283407
3.2198337571733644,2.648808852658416
3.2471220547374284,2.6580722992364865
3.239661669638848,2.6501202118454446
3.2840545912470853,2.633497101841033
3.2748728302712613,2.611337870788292
3.271642450071692,2.628471310734287
3.315918193962833,2.6010521450989232
3.3190843685207416,2.604908296470984
3.3229783455826647,2.6496705280246733
3.3598584217188856,2.666720275083785
3.3551774319710272,2.688688361083066
3.3544666728317885,2.6900328247608902
3.327551936736324,2.7407981043505516
3.3111156135957094,2.759090466886363
3.382576058524025,2.7568910665421265
3.412203520247163,2.760141671426168
3.4251050783437624,2.7944469721640326
3.4902699362244363,2.8032386115118175
3.5057390904952284,2.8191440334135147
3.484646312809016,2.8389572261915217
3.4945493694795404,2.8627814434655106
3.5228666190992626,2.862217725445888
3.5345941321378636,2.8534543731194675
3.5473612660668534,2.8612528615647053
3.576360788276748,2.804673397170255
3.578401006135406,2.814929626338169
3.5388833161351503,2.8489420483760712
3.5615761545795186,2.815279304064638
3.5716859900768747,2.7894473488250346
3.4748671245467206,2.760463055650732
3.549467376299185,2.7930626893242168
3.614399907197056,2.7800293000348035
3.6164531944268847,2.808507852607982
3.538566398025659,2.844520635378613
3.5755783736397393,2.839041476143516
3.546465478116558,2.837607028476004
3.527932859632562,2.775451658869048
3.5818383384853374,2.835748666799001
3.5338372679481247,2.8066865747043335
3.551365402638247,2.8498198135042156
3.477487006767496,2.799540935143777
3.4178785765631083,2.7624653257820277
3.447856679652527,2.815609800162467
3.5312098674184034,2.8827295921545115
3.574145549934692,2.871808876261945
3.553873070131444,2.8541653293522584
3.5977384718842607,2.9022087061082087
3.4820953515990336,2.842568865547429
3.4548262080521557,2.8106250940309834
3.5775558775323115,2.819706496982508
3.6107197669614193,2.8414938972653543
3.5703324588236915,2.88819068978101
3.6621389382447886,2.9282623785231525
3.6401717628801906,2.9448662380522914
3.7279018268763555,2.9439941354831816
3.700300250418852,2.9615150822653544
3.7036473219040738,2.8872768586849533
3.7025852168863,2.906320269544215
3.8111898294167017,2.924356566050651
3.813764547038814,2.9622439163421173
3.8525932948487185,2.983211991199676
3.8784847164614265,2.9673959017882057
3.859025723484393,2.96364169483796
3.8674840251846003,2.963926868658787
3.8768091220369714,2.9036609188140283
3.866737959664945,2.9183168528693306
3.9225808110281055,2.9358787621526257
3.973649706736608,3.013622765372674
3.9515676426583197,3.033745333909564
3.923476989639978,2.9844120571720034
3.966175053391673,3.013233492179962
3.9750769617831176,3.036186316471032
3.9238262707141343,3.0473584303382935
3.953247131787256,3.0376563088535815
4.002228843602006,3.034283798105516
4.0510067039421855,3.0511532695013246
4.0695956114778795,3.108244998283725
3.972161012044864,3.056179762858842
3.9433170011141385,3.0309307092099584
3.81948552593055,2.9876386676665097
3.7874706402029767,2.9748714045997344
3.858402496686852,2.9827127713205455
3.8899049404629045,2.9082430036872537
3.939129854708921,2.905891450524356
3.897161639503312,2.885239688488113
3.9541528445180285,2.9213372442325802
3.992251952720314,2.9421835178354567
4.027764639493223,2.9958467250896215
4.0317657675599525,2.9836102811073375
4.0895671570385375,3.025714949804347
4.07464687641743,3.0463524224397025
4.159180327598806,3.0422927522747387
4.189806296904229,3.0081559410003362
4.193740257007852,2.9906413159956338
4.293489531435096,3.002321144770767
4.251067758176742,3.0264658838424636
4.348866290429508,3.0693550391376454
4.425442517902684,3.1073339703159593
4.38231936712101,3.0461700439755344
4.360094579295736,3.0294990834722966
4.372488935238344,3.011176303667179
4.309076475446526,3.058709787465362
4.278811332235841,3.0729999156063657
4.392744917583122,3.0959497594567833
4.300347160828521,3.126594909392855
4.367814981275326,3.164772934254708
4.335038496953645,3.1248441509883063
4.369144647919724,3.146024058172855
4.315476152665688,3.1621738924207525
4.343341039310867,3.171550043817241
4.285112610977068,3.1462674469194356
4.316084674396761,3.177515914869067
4.21936429221299,3.15240396760211
4.184912277011116,3.1527658964183196
4.241903172193918,3.163947420529565
4.330634845003889,3.2090976057019898
4.372134650673958,3.2065999508756464
4.438726360336956,3.231165686039135
4.4889474610771805,3.17575742944151
4.4501688860099415,3.1652278135942806
4.371890929464983,3.0861820948900984
4.296618296605068,3.087522279126382
4.2751523954596955,3.1327346912660006
4.28418306219012,3.144634152995554
4.251395549647622,3.055621362087524
4.220155867795336,3.0237073137093087
4.198288698717961,2.9706159837340875
4.15153758533602,2.9973883797871137
4.079725408413049,3.024769517627245
4.014052823818301,3.002355437106369
4.028890618109188,2.952277641409768
4.001605283441005,2.8939430022589883
3.9789597673608994,2.911108966574306
4.019585118929637,2.965554987912652
4.066067956655701,2.9432145324715915
4.052641111826017,2.9780267119072175
4.026223899672215,2.9809365238927867
4.060020922322133,2.9359846062074086
4.095260040464681,2.9496602035591843
4.097230884824113,2.9426390949548633
4.175211824885824,2.95708832070015
4.170303536758081,2.952528770549525
4.192230714401804,2.9433855770075925
4.226521646046798,2.972755723267647
4.253886296180628,2.9816362804969603
4.144650744313606,2.918048099959597
4.216401369697092,2.9149980294018696
4.267136683138231,2.9431592208279906
4.1690438384236685,2.8625844998411214
4.197068813857896,2.8915924016741354
4.281814490189454,2.851273217322155
4.267208750136595,2.844159090849886
4.25581446597116,2.8322861901295453
4.2826808284516815,2.81365647294362
4.334506094993314,2.8538672784443353
4.2699016315795175,2.861122459486931
4.217820437843724,2.8721494674715236
4.296831046809655,2.9151888081024975
4.276008325066248,2.937149551437101
4.269294549727639,2.949395314049478
4.260151850401085,2.9916198889999275
4.272831657708706,2.998471187716842
4.3022960101682814,2.9788417285580158
4.31672572586067,3.0318150720793504
4.340248198842537,3.0614131417475683
4.353200700919544,3.0691384104384576
4.348025129723573,3.0433297005024587
4.444062897313668,3.032156236248201
4.5090991911965155,3.0525413712056464
4.525471380627148,3.0315318226974832
4.5159395573473065,3.000738856981246
4.4167054630977916,2.9636317371683507
4.391739680836474,2.9543273432513755
4.312495947963529,2.962694878418223
4.306966634973391,2.9317366126166515
4.486503612042876,2.9340392204165835
4.401947269342871,2.912782800213108
4.449519676402667,2.948310504607639
4.467919197981626,2.985156378971011
4.508760887439291,2.9913463431358576
4.601227006842658,2.9646015089138738
4.611096651796488,2.9714710538344375
4.6343628914218815,2.988681627143242
4.733997453111232,2.984566514389203
4.59448857462947,2.9362372230230203
4.549818028965581,2.9468749969084382
4.605282013941444,2.9698403372366142
4.653837133995948,2.9521768141003726
4.6665477434396765,2.9256703779155893
4.656067348515688,2.8805430847529747
4.510282879758184,2.804271536077497
4.547963199359924,2.7958018627026036
4.472502326145644,2.784630365042669
4.365227216716242,2.7633014806209046
4.275893494355535,2.7372529217252137
4.2544794964474555,2.691273036441271
4.271060823331239,2.6962725133868366
4.198452104052938,2.6819833480462774
4.233871358412563,2.6673471727239537
4.2713074406770755,2.6565152673864354
4.228628890752616,2.6193208185242187
4.194554588474389,2.6082435275053792
4.218742654098951,2.574265596953317
4.199103480029703,2.549182418682616
4.100429284706464,2.522765402315344
4.076798698428521,2.463945462003853
4.062824359930411,2.463163512740911
4.058339042023736,2.4855689420299103
4.05449538754679,2.474592358427135
4.069100879701588,2.4644874384239195
4.081094156413865,2.5022691666543952
4.105638803044342,2.4708256133311903
4.088819241960211,2.4848040373575446
4.136934150151044,2.5319101183595194
4.079881381100597,2.5293898463603606
4.091895209055567,2.5715173328080874
4.077185941985402,2.551930995250442
4.0703871599653505,2.5526943934684843
4.100725288954999,2.5213072231496683
4.09463067940582,2.480939843328873
4.079405110551088,2.5110611231500566
4.08159159889978,2.528228391983345
3.9687296057882615,2.478417821521492
3.8887426381792487,2.4547265836008814
3.9428778932021706,2.4329601480775325
3.943852656472735,2.492128184519284
4.0472302123739246,2.511781080037608
3.9961724042372477,2.53868965783151
3.9439401576273094,2.5831457907692976
3.996784346347932,2.588899397789688
3.91984715973774,2.5528727662208426
3.9097301941227554,2.5040440797421524
3.9655632962336282,2.513046904187333
3.9886784450478334,2.5168009213004985
4.080216949536259,2.5907306967993957
4.0788820527439,2.589275718791139
4.107075203461336,2.6152185181077674
4.132406226013325,2.569679163756109
4.019607075614417,2.543069595510778
4.178388978506748,2.5676501791302604
4.22411338079452,2.5303508163110195
4.222390868182378,2.5057439867703657
4.22950442481819,2.515599682800548
4.23204647131071,2.528730379588237
4.234179523997616,2.506573009983545
4.315140597707329,2.5279755176791627
4.220262243237447,2.4891215524862407
4.22593254010671,2.487290686854753
4.1841329021512985,2.4561902153549675
4.21992165621704,2.4534843376233733
4.314388622645728,2.46795876612674
4.3604407634458395,2.4866876557828124
4.316235891706283,2.462438454500971
4.2682666628640344,2.4874174698916756
4.257713236493746,2.448213065610025
4.183213328971852,2.418993068433394
4.126747901245665,2.409146149103628
4.136242163855813,2.426254550684195
4.152905434483955,2.4476913507827525
4.186611984897751,2.3743095007969672
4.151034242635508,2.3259027040975453
4.150186546205478,2.3111245319199294
4.207051811871442,2.292451241295927
4.161918138538716,2.2980613693489
4.1905551237884655,2.309394787862467
4.19571364586357,2.3228607795124114
4.1630868925552225,2.353278656307606
4.129428027764966,2.3253423004880776
4.184425345296589,2.3383057231373785
4.269172634323494,2.352686637420164
4.3282666098496065,2.348996376837019
4.424784791324505,2.34338175291215
4.496649204273859,2.363144807404667
4.44787536909386,2.3323913425844123
4.422189619403795,2.351139937062318
4.463437751687255,2.3684084695935774
4.498247828856311,2.375816839770496
4.60472133964606,2.3943051498906813
4.6463522387207385,2.421198920728736
4.611958847765025,2.42481013934843
4.662227410582113,2.472545306455548
4.677237397602726,2.453470917127242
4.692095646377943,2.4216031575019596
4.666286817737567,2.4435184124414784
4.674281553218192,2.4134130291401803
4.7737834237947245,2.4211579607219993
4.767872047492424,2.394374688412844
4.723927652072807,2.3977328461903773
4.789147549188893,2.394685515124659
4.861831706910365,2.35950793986869
4.878392192373637,2.3324300111028315
4.931861633257939,2.3125507660426434
4.8750643532324744,2.3259639820324827
4.889295529835763,2.304480227118659
4.87084296192817,2.296263525500461
4.833295559910779,2.293128893688358
4.762191849794547,2.3148390705147786
4.789277991652495,2.3263115633247247
4.829666225358579,2.2914174792097235
4.908012093951186,2.324700317546943
4.955028804537582,2.3277473225242047
4.981010312719148,2.331877390894161
4.92230546942832,2.3199307174634454
4.987851564454731,2.3075903131754343
5.054821258440354,2.327723107319554
5.050529055637201,2.297686999325019
5.084838872731352,2.3319020419105225
5.1379161549662316,2.3065100056938177
5.301945980708281,2.318507824746142
5.258515541573501,2.3320306503230674
5.350957993824582,2.3367209520505785
5.310202899660699,2.352908571285372
5.360487021124844,2.3622354571096125
5.335325800750594,2.405534046276656
5.353013524875201,2.411701965598472
5.319127298032975,2.40971866378806
5.434149224506687,2.4462144846790848
5.345260197322785,2.4481634164533967
5.43002221565929,2.4968835464283554
5.364665079614991,2.4589169706244975
5.390643933062268,2.477591961093408
5.523129309653989,2.498078032885232
5.424432846513613,2.46735974114416
5.614096324205902,2.541764973970545
5.697778490189707,2.5324196608684866
5.715415024056435,2.542371577115097
5.594256883543466,2.5442173640971557
5.578763858334721,2.545711257081022
5.709441210195812,2.5545772395377955
5.563686598973813,2.515453662110794
5.621843435913196,2.5506206173561665
5.662586674783071,2.539246989159128
5.709534309150888,2.497126474647303
5.744389859798424,2.491161198870671
5.586319865502978,2.475392436820216
5.472913702491773,2.4563764431862247
5.591993800484515,2.4748231275609403
5.557601380950543,2.4711976524419406
5.594791116193412,2.4489146664425436
5.537409155937482,2.460108583923554
5.58780679607464,2.487021127042519
5.668679797449608,2.5347194225055065
5.481440199657607,2.471504352276849
5.5953626199799515,2.468173360879717
5.406547833503515,2.386451600320784
5.348661112859971,2.3667380497420836
5.340786721308523,2.3552455278454154
5.351756274139603,2.34042270474498
5.310747007674644,2.320754331277331
5.378364095123697,2.3390183517287135
5.2984776202065085,2.363790402787126
5.305142677822189,2.3921674470308836
5.260219615311074,2.3711084391805413
5.266531965395231,2.371514905936572
5.193370729076453,2.3417509208799543
5.30430127686473,2.330486536905444
5.222052505341654,2.3363477977217384
5.391363866665849,2.3541087048152014
5.424733468901029,2.3646060482782194
5.389121949698901,2.3692226822720173
5.322926792786049,2.4091192206264846
5.175493449945468,2.3747933460814212
5.048769156374496,2.3414442845573067
4.853655222925633,2.328769537288043
4.969106086605737,2.341192343804304
4.971837623660097,2.29317831409083
4.993541840079018,2.3049166739983433
4.9606629648397425,2.31256725015354
4.93169511646137,2.3031909206774137
4.826860637286305,2.252749550341363
4.799202163880473,2.255626706992146
4.8658365425828185,2.279768637937678
4.936745116822955,2.3004178502683423
4.94443126249174,2.277025646440319
4.98018246805272,2.3031095056279884
4.923804127907119,2.3234336574736703
5.008925011864056,2.3093375228248116
5.046939243249013,2.2927587824578053
5.144284993659242,2.3672601982941788
5.099430330042828,2.3980808519858243
5.1477034254936695,2.412255852405611
5.189151585412725,2.4228603028081217
5.1463729711863335,2.4276545796674167
5.130914768390232,2.424248956639052
5.030492559369493,2.4326477125062964
5.076708294788007,2.398490676027438
4.932568594241079,2.379147411970157
4.977648190481973,2.4020469555485273
5.116769809517773,2.3976137109762607
5.091120284957103,2.4062994906423882
5.098747074354799,2.3846334176350314
5.0956796199784335,2.4055794986491583
5.135178912220092,2.4707063695746414
5.085787054397164,2.4517060976107463
5.1718861933773335,2.4976851889674982
5.18137230860751,2.499942685850059
5.4216602723015335,2.5353250806348453
5.516729677111162,2.553987621962079
5.6565808910543725,2.5445949128717866
5.642474803860573,2.56121121157916
5.611548878179806,2.5842533339415827
5.661041340222282,2.583564458648848
5.7301115418889275,2.560130704865729
5.8836144433223225,2.6217432560689464
5.8790630322970285,2.6520126862632094
5.710360834448084,2.620900215937944
5.727486643417749,2.6347448331333183
5.635806118913811,2.664698024757737
5.559691007917758,2.656842159745251
5.468346185284697,2.6706075261525943
5.406371476457145,2.619828460910779
5.299614536440967,2.59886300146254
5.476307206491686,2.62389092253368
5.492216981572949,2.6035581116449067
5.5090713918612115,2.6570516074166513
5.495510383096394,2.6927859977275155
5.476281764718952,2.6872940170986683
5.617818373234933,2.6967491971416377
5.622201254040814,2.754254595978693
5.5349444948075055,2.7277302056805044
5.651302009395911,2.728074695978541
5.5884163927712125,2.7217465118009754
5.467839412148326,2.692861540204253
5.475126577723751,2.6956504628407143
5.506406662422828,2.6792389783966213
5.596666122032999,2.677038621791441
5.54231880065794,2.6682397363294243
5.677160812980035,2.6878165253003194
5.64209203308921,2.6819732097202253
5.517877769214122,2.670753726985527
5.494639853499171,2.6850179956237734
5.478628384264964,2.696937572459629
5.447705433296635,2.652171082651337
5.362780369103985,2.6332441195487046
5.4252404791106565,2.613801592720581
5.495404845593428,2.6496221730932845
5.6396448614325845,2.684719308533678
5.709817021399982,2.6955887954196793
5.850101657424395,2.642554414307072
5.779428196005892,2.6132355851439364
5.70438594732032,2.602800961359302
5.650055072156559,2.5875641254910717
5.726599824226534,2.6005538772161425
5.775311238350202,2.6018094318698695
5.845446029190835,2.6371788214111564
5.9024370346151205,2.5794184389105936
5.809773764450192,2.5707979345574383
5.797671268926759,2.5807837251694536
5.95365441140169,2.6102720284103254
5.957473809964875,2.636876779409464
5.924177235196069,2.592289432525807
5.870564965194856,2.5931330987660055
5.942473926585761,2.614450715836842
5.87498877745686,2.571994648267232
5.888893581423931,2.5472010897787127
5.920800304665954,2.527005051403087
5.8690485504143135,2.5367696738351264
5.751754157345739,2.5188535017791636
5.680063908613851,2.496257759168581
5.640074678130494,2.4621840776241637
5.710780557862253,2.497023653836043
5.847999303172951,2.519191538824978
5.876799380404178,2.5580162489251563
5.862558130574496,2.569366317698202
5.905716319740923,2.6323939981138937
5.797138022524044,2.60628144037447
5.803753243199055,2.5840442296923984
5.696413279043123,2.6071515899276174
5.711022078033461,2.646273241778494
5.810395142939045,2.651708738481718
5.880891955414254,2.6381016230668513
5.909018191095063,2.6546064085487093
6.085197130368477,2.6537112640398677
6.284975392828158,2.6291319665715673
6.281394109311213,2.66517831145065
6.241713109884612,2.663643552478046
6.294449231750561,2.630009339652085
6.333947490677768,2.632784129647111
6.293086351894072,2.7054038400650224
6.300929806803325,2.6684524760464927
6.311314009567109,2.645231250238008
6.399203193246313,2.6255065218016473
6.551083685761834,2.6120317362644294
6.512225481992859,2.5822813943409346
6.612863710970737,2.5892280033372534
6.705253247717233,2.5714150240562113
6.70978183944599,2.5958537736443668
6.896090815192866,2.6714140115815135
6.980232007892851,2.68146544339517
6.9556913728093805,2.679245456460647
6.99524574157329,2.727124077952451
6.965925546419265,2.764616237614624
6.932002798200443,2.7794796242038484
7.033335351146506,2.871868139727962
7.0483138393536295,2.8432971095051607
7.119140080855557,2.8581612947382533
7.019861190533861,2.88337926983855
6.99789775033163,2.8806096198948183
7.078894722087806,2.9268734005975072
7.022860800709429,2.951958159832142
7.009985282877657,2.9349291220915825
7.073437596297412,2.9753177804042523
7.287770748014655,2.9134299925619014
7.375904331393942,2.892738094809074
7.349858757469239,2.8681332235990444
7.282113697629879,2.824673646144219
7.212396060378372,2.799248394680376
7.1851060148577,2.8244771883515862
7.190707318678364,2.8640964910877615
7.226995761282943,2.858495633406385
7.226366908673169,2.906002439624543
7.330120571919067,2.904049634046624
7.307887478113806,2.923874623168151
7.252342027033084,2.9350955934526204
7.070474206250217,2.9194819233916576
7.200442300758838,2.916132272254821
7.2273994345875785,2.9245257101647875
7.422055407736156,3.007230872022972
7.470481802914587,3.0034629528758647
7.475330997015506,3.0045291016206916
7.560111882918037,3.019175399253995
7.542711486286103,2.9670626966726545
7.581459196997684,2.9529958932300824
7.274307020027109,2.8998019727314404
7.145146066296558,2.9513252835643815
7.137274625562902,2.9401777505841173
7.043102200109854,2.893092099325697
6.956870701487781,2.899444888183857
7.123933436027814,2.8959717744175086
7.158444722601706,2.8874840646246582
7.14378396328449,2.9232024520415543
7.220397504186635,2.9301269679098643
7.256395810416617,2.9140623447493175
7.12041738669544,2.901317629352066
7.224950923601911,2.954298580635743
7.297473634098846,2.9491140521780204
7.380508063511351,2.954193864034799
7.296946754043075,2.998566659502217
7.2068992958019455,2.978037818020397
7.0323367259761715,2.9655922961709376
7.034215194244932,2.920136940184268
6.857460925184264,2.983051995424217
6.945012580726625,2.955670026998301
6.899427081628443,2.9743602397238766
7.111908189500356,2.9985322134695642
6.989410249907146,3.010000469151686
6.980751101913622,3.025251980526621
6.838114414446332,3.012227568884814
6.833747727705921,2.9994868083500292
6.844427880731658,3.015819671209749
6.900052807386676,3.01393283741641
6.72869860787876,3.0756725414433714
6.758959463813723,3.0354828447756077
6.842083330569019,3.0182935526021515
6.75233867230733,3.0142931625621143
6.806164876439845,3.027430456277579
6.759071799896479,2.9735570410828305
6.690528838094254,2.943493464348158
6.573127197728215,2.972046167522193
6.61596648449901,2.94055967357413
6.422469263975191,2.900846093511086
6.501536730552629,2.850562073692844
6.597398971078574,2.900455452552246
6.669384035699116,2.9319945671148595
6.65342579482277,2.9486219579976694
6.469478697958287,2.9404799961962467
6.404948596675756,2.9220672979916054
6.406003973593213,2.9156101442610862
6.4308108676903135,2.965968222471524
6.41985918073121,2.966985091503214
6.464194126962889,2.943937127762509
6.466814449038469,2.9837553779363444
6.5087448980851,3.0260666358506336
6.54226609100725,3.033530823835586
6.444008926358146,3.0201287523106313
6.462866339153872,2.9687927645909253
6.426237352028274,2.9411320958573453
6.459968841098392,2.85329277346228
6.504681614763162,2.9172524369117006
6.549664029142699,2.912116998130594
6.5968384745492825,2.923354936307393
6.458944775644224,2.887009965378476
6.505577423100021,2.859750503067565
6.535353407961184,2.8534654549308134
6.471598470624259,2.7959305250631146
6.522645168690025,2.793693533820184
6.529330538826776,2.756559337019431
6.424030621524754,2.7224258899277287
6.471569693756502,2.6818620138347473
6.387319540591027,2.667137243183304
6.3801145536940735,2.685237036840432
6.2956691909971605,2.705160951516681
6.250628735079281,2.6639816773804044
6.251503897903766,2.6044303699576363
6.225704419318933,2.632729266162033
6.139513725816372,2.6251025549387905
6.212259203929318,2.6266232247864427
6.1606868612012935,2.577181867235865
6.118468512093251,2.613492086302304
6.177197842406024,2.6245474957610724
6.257355984410492,2.645328303233245
6.182679586146697,2.5543830017810802
6.23829729523154,2.5522240650346446
6.187667773326139,2.5246884231816176
6.1212238086675335,2.4908590882000836
5.934466480910005,2.478843858200947
5.954897250769283,2.5497146203077934
5.953560071075297,2.603870480897655
5.978914942112191,2.579440887449516
5.899425984749774,2.5414414263051435
5.879757983375861,2.601653541288308
5.802586692323415,2.5704718630787182
5.764341886623744,2.539762142275914
5.771007427303464,2.539675623623385
5.950166099693884,2.563752736332083
5.87633298901008,2.570359931657489
5.981484034055154,2.614633787584839
6.0371251381379984,2.605480930647719
6.092991647442793,2.602939311625362
6.160902565226943,2.564511432731206
6.173492541527782,2.548234569036908
6.17466503894877,2.5966436735497718
6.357009237074561,2.613556163552506
6.463124201624852,2.608102552567107
6.582714546596822,2.5497414205996436
6.57644429603607,2.5174631379524817
6.584521366427948,2.5129534005749905
6.64293102016142,2.52752128073693
6.747938870527752,2.49984739244908
6.772337028032195,2.4738647140119845
6.88267909985335,2.4688471359893067
6.887924406790277,2.4468162692862685
6.9993155182854165,2.4672124451200808
6.859267197839869,2.4577253934142913
6.993249429109673,2.4378839926675315
7.012086286846948,2.4461672736008953
7.243778581729294,2.5254035895528566
7.381904917716925,2.519227826164735
7.351989684969207,2.5407741989875396
7.325651710008005,2.4922191320403484
7.483180025742541,2.4875279074061045
7.46659750094095,2.5227316380824956
7.6020960300340965,2.563410632647382
7.68808549704631,2.5731525615763693
7.733317673592701,2.5859437511586343
7.749266981007987,2.6069324374196703
7.930809352696774,2.5747158395535403
7.991472983878677,2.5343514149181656
7.967290718406819,2.495151682813012
7.917830401099363,2.475431280874462
8.033319608694875,2.4571407629326507
8.126987855029412,2.476878027558751
8.128690230463656,2.4749936718587233
8.112031607589136,2.5267475317562713
7.975264465622673,2.581056105847471
7.961636057956899,2.5998163397105283
8.088375054243713,2.59662352943557
7.896302485373585,2.6109601044512596
7.933488533310005,2.652526053749335
7.926818367604025,2.6855117272529885
8.096215371058845,2.731139297154894
7.972564496179928,2.6972015772971365
7.817141598021072,2.7061714436152884
7.5363712632354645,2.664821396135664
7.320392541917314,2.6379251194423365
7.442187296038525,2.629840537893551
7.421728647075158,2.6565447565427185
7.311722546413185,2.7073588149200916
7.357577401610348,2.756968497722243
7.44033468090466,2.7777638510563163
7.27785108085047,2.731670283401955
7.252487924158815,2.719403710014879
7.446856579308712,2.764588579893609
7.563095742510333,2.8394216267203487
7.61859661029686,2.838501484546739
7.67788476414707,2.830144347012158
7.797880012255971,2.819206484700427
7.90069310128251,2.8522082935603503
8.024571047094454,2.836353400561779
8.012521628791983,2.868307941105985
8.001875291709654,2.850613880087652
8.053821835796024,2.84517325787888
7.950833251414808,2.8752612384720813
7.8605265339178585,2.8727191598424056
7.637245776349806,2.8898902617537594
7.658866904739364,2.8831740201644656
7.650047066773064,2.97633739419912
7.807482877803998,3.0137425290307034
7.772511010311104,2.963184996476916
7.637791708783003,2.9050262847000816
7.700279560500725,2.9281678897016117
7.798255377497402,2.9156260517882715
7.850002453515646,2.8969545131481635
8.006913219242561,2.9161324451471784
8.032917740536877,2.956473262063718
8.123088058718418,2.917745401110326
8.187222085638115,2.929590859227195
8.206803435875935,2.927903196865923
8.170698950329909,2.931410945154975
8.108682036714276,2.8881858779570146
8.096131965976953,2.9013878480842576
7.925050813023665,2.9131624814408292
7.999965359753185,2.8574894547840475
7.726650687257625,2.84870729736192
7.822300360726332,2.8640474153256794
7.860109575132354,2.855126600841887
7.687363600953573,2.863776012408833
7.449836594313659,2.8545908736008285
7.526045527456961,2.835471825495498
7.568272485902349,2.809414057537379
7.543019125394434,2.8205229546056114
7.601641983302344,2.838402778587859
7.524861179090971,2.786935629863058
7.698541131208372,2.8023266989351203
7.862679731367291,2.809210830476728
7.840417646276673,2.794584500157735
7.770393194236395,2.8099028640134613
7.686003409440893,2.7508515187775577
7.612507322079433,2.7364703519346145
7.542894511569557,2.755125282747649
7.438900837024633,2.7309315227118343
7.394467836038542,2.77173674172971
7.261196310836822,2.736744031175806
7.270004515498824,2.7685961363040645
7.312951632009168,2.7689076037035107
7.314755837421146,2.799730134818256
7.26638014238817,2.785379775195219
7.18184819490187,2.7824190301367064
7.149980079011438,2.792845750402211
7.068914474407181,2.7896284776051297
7.1850718179890976,2.790656724070821
7.085330928883388,2.7449766520444077
7.09932436234524,2.732482520503417
7.160691265724477,2.7601486069585017
7.101548945955693,2.750493477862644
6.972549765288256,2.7547649420819873
6.963947765829387,2.723132252367052
6.929997230307445,2.7216526351881005
6.817929574112425,2.7612448421039457
6.881825922763167,2.812326094379129
7.067640195615071,2.7955228648523383
7.00640749860175,2.7763404660325115
7.003438943593221,2.7315229466415687
7.000036925287981,2.757575984619885
6.811708451256971,2.7317391348115825
6.862461512631762,2.725702065205689
6.8509132379376245,2.692521310457172
6.838014815862378,2.701742049519783
6.884275559706491,2.7277717021742043
6.936882114345744,2.7753175997593655
6.94086798065214,2.786351669410632
7.032089841022855,2.798873169142595
7.214134824042835,2.821352854340115
7.22982878936887,2.881706754971759
7.170722226161674,2.824106527462099
7.180606014945719,2.886419189860539
7.322295093978279,2.9021746960567065
7.3823041185973945,2.931327519962791
7.19319942678354,2.9287100013844447
7.2782137338917146,2.8920867951826486
7.186559539173934,2.885071112062048
7.045397713490561,2.838462484852139
7.113227417598925,2.824119689542879
7.124935696054989,2.8425808517586453
7.303591671011533,2.878215553759335
7.276370301101496,2.8575687542028563
7.149796553259636,2.8502981940025176
7.209895826781469,2.8348582239211093
7.413286057960115,2.8871711967472837
7.394163325473816,2.869221701025826
7.418853695621592,2.8613423430693867
7.518145240744477,2.8180600770772664
7.7698882298085215,2.840626518615663
7.642176350968917,2.8334525850408085
7.70240805575433,2.8038430873320572
7.740224207408219,2.8353446426542277
7.80260095674195,2.8296283277956893
7.700714284167929,2.8217666477761036
7.702563843809465,2.880128549582066
7.504061544782754,2.8618421046327955
7.572975853861801,2.8903646092104798
7.772757530645534,2.9015061784603864
7.7989621090352745,2.9087932460410086
8.034885046957275,2.891507348692371
7.990801038139973,2.9068261697282085
8.104616541371273,2.936638579695345
7.918074052626363,2.986415209289567
8.18909497909182,2.9825357778174366
8.301878970266745,3.020286148393025
8.333294372390444,3.011265603655199
8.473406962109367,3.0631537790842973
8.500427607219578,3.1015250943062878
8.628486986334474,3.0691279474433015
8.628141229034254,3.126087302455659
8.467983116138344,3.1052810910518307
8.402587666192936,3.1178003388917315
8.453805254408417,3.0742658027287604
8.367324863517247,3.053324179693921
8.400723046080191,3.08987724127967
8.358655652060419,3.078082988833888
8.297406558246752,3.101153113405866
8.291783748648154,3.09923772863325
8.284928149929597,3.073901893236061
8.278292063750719,3.051986015457172
8.189410753083152,3.044167775656371
8.21719745917185,3.067067297494365
8.460891086527756,3.1071178090909126
8.722446564584633,3.1092529634705994
8.80215644773716,3.1359077717117834
8.759893155711698,3.1556937601454544
8.734495041913558,3.119880272242344
8.577514966899173,3.1034465297847054
8.55322195543712,3.106354970689274
8.59152587083645,3.148675904869454
8.61621683046337,3.1711109048297685
8.706342662994473,3.203764384394827
8.739411644427197,3.2021391026535326
8.656596584448364,3.1831375360686667
8.588934400705071,3.1453119172761532
8.54410615437065,3.1727691470996944
8.658283538251133,3.1652347261781655
8.718693024380256,3.161312842551817
8.718925234110246,3.1780847470110487
8.795886718525606,3.1735560418357274
8.875257304897323,3.225584838000283
8.808114758618304,3.214613210169424
9.050828523056484,3.2872834983582724
8.904410960374198,3.2411231457692162
9.26026276285965,3.230377987932923
9.347614769836012,3.2199478918907256
9.321914034180018,3.285664680948105
9.294671004815125,3.2449590691393086
9.556661878991035,3.2911076741169576
9.378330332477367,3.2520265477442667
9.363317927651286,3.2406953102524905
9.519012662390043,3.2340659702859504
9.252783963840026,3.230951153758165
9.204545273525596,3.2432311262315836
9.028191194530446,3.3055686009119882
8.8003455211955,3.2544095689665644
8.908111420881566,3.2478439703252926
8.96055533506343,3.2905007343290977
8.979485367765577,3.322903428989777
9.014442522797198,3.3737846658432353
8.98975026251235,3.3676155343146927
8.908841368734155,3.403207630887666
8.74168685094568,3.387404176500243
8.642130817801789,3.3746532592092113
8.685831025983578,3.3642491080187997
8.656663792989258,3.39989860659123
8.483218629799245,3.3794187187364284
8.456204380744165,3.4101527660074455
8.574215178754942,3.443893216287544
8.679285858264883,3.454532711766364
8.70571861674975,3.4621044380315866
9.018807128083514,3.4155849790816077
8.948797256290637,3.4643001547771064
9.033133344720962,3.47239353213515
9.055402987944811,3.555299316172995
9.171531565956661,3.590843407042766
8.909309257435629,3.6322288594778365
8.834481325562189,3.573209287247012
8.575806561563894,3.574868819129341
8.695626593535213,3.5902405226436915
8.59109423411718,3.6773354070026842
8.651008654175586,3.6215245018787194
8.735092290849988,3.6391252237955696
8.620412331322479,3.6463913891910944
8.752439013402993,3.6609485698543134
8.505053146354312,3.639101255033778
8.35774359413375,3.6632969435040814
8.353071713150262,3.6731365942966927
8.073755874359247,3.57830362788596
8.103716940540837,3.664185565775985
8.084261886680574,3.5681137077765985
7.930356851222476,3.5567675837727544
7.980456154422984,3.480581346248869
7.959042914708042,3.385483516370146
7.9614719996533605,3.4238881454482537
8.038104231294035,3.3901637486489395
8.272850301860299,3.4377837527829596
8.276684081334974,3.466759142879911
8.119686671445823,3.433243091459645
8.17172169346185,3.4097767234760967
8.395995262885078,3.406061820554882
8.430326678316748,3.390045751782154
8.47453817883495,3.409017164245224
8.361837379891053,3.4059020512315805
8.191993787248101,3.414415538900839
8.183974146291082,3.336884860271993
8.187018534150615,3.3403233748605436
8.085952621462742,3.293435284720052
8.115944482112637,3.3081287040354455
8.104002045314388,3.3180608451689917
8.243967646903268,3.324906329850814
8.090956065034975,3.2876534863214175
7.976707389834047,3.235999837339605
8.116446669240908,3.2746571509344595
8.185229749956228,3.3058167993611587
8.10923107426095,3.2922117798947563
7.9095755563914,3.226284808218113
8.035453980498811,3.2491984908473674
7.833956260083989,3.2208197469393784
7.897677756883094,3.183668133676227
7.836854572015393,3.1711227194865073
7.9614721435016955,3.2265198885530277
8.1659128001395,3.206449708628744
8.04418769423641,3.195507121706763
8.137892519404351,3.173933394955478
8.202245027335655,3.1667021936376893
8.13004532722214,3.116428230826199
8.15903780949859,3.113122861566041
8.316451707327374,3.2230638007282386
8.079172278929233,3.2276826480470744
8.308967658321263,3.3330246784345827
8.317212905968061,3.331178399591915
8.38185090617113,3.372105013546925
8.494004154707868,3.433815443898137
8.427417649877532,3.434102663062427
8.559769138549672,3.4611754833195874
8.630403879022493,3.4478496498989983
8.696734811109383,3.4253977848140256
8.60381364527405,3.3791807861666894
8.590582332853263,3.4052867009927636
8.491750581937765,3.5018407855821216
8.41302601597043,3.488184260401061
8.44337360821526,3.515171635943571
8.514605368693397,3.504271288495346
8.52329311330624,3.4936469348489148
8.61689937877803,3.496343237508327
8.600409706144395,3.542222945623343
8.589983659440042,3.500518203353334
8.55116976804501,3.515952310448778
8.413490461421818,3.5251062945694533
8.616984326143864,3.5753756730880646
8.57890077771686,3.6039681868673994
8.703600261847797,3.588511192017371
8.940344775062565,3.6063092268978356
9.047816611674854,3.5892802810831
8.9012313907833,3.5946703520456276
8.976214802589508,3.6887187546379967
8.847149509418532,3.6087891042030185
8.852727290638482,3.6093906997485137
9.027520038911383,3.5671669851052488
9.200843409498367,3.5931819771441464
9.459837541245896,3.5446410944963653
9.761690101354924,3.599805662213825
9.67332607140399,3.5775384450032486
9.68928020420268,3.5674114808080386
9.734775450231407,3.5641680022167623
9.391622187819346,3.5248566088474202
9.70878972226313,3.520245184125441
9.57146820540757,3.5460845345728758
9.605871999067901,3.5941845303710975
9.50483090576104,3.588065065777923
9.396380235789584,3.5871775584076233
9.538954227065382,3.661213234756937
9.299703530766052,3.64403822522283
9.38859185631769,3.6801410083028605
9.404396178431092,3.8006551693430355
9.707265716132376,3.841191426229254
9.979071466944417,3.816805216660773
9.84256198366419,3.766311031342749
9.871519427028069,3.802504839216606
10.001914044055079,3.798089434288531
10.17999660123637,3.7796612620288825
10.330424520576312,3.7102534174367894
10.213181926334698,3.6715731701413503
10.42978073236464,3.7394870187078593
10.645887054402436,3.6916591689258644
10.808466562638284,3.686021310847066
10.948647674910486,3.681948690236558
10.961023468360523,3.672578207404238
11.007392549789929,3.6878888327077717
11.103431153146902,3.7204618957674027
11.294428689720595,3.8171928380972457
11.349231968658806,3.8486248878135303
11.414554701522748,3.866008111177957
11.509220132612292,3.9069178614770643
11.341266109392244,3.9726295857340053
11.357711855358714,3.979849763716371
11.271351997437902,3.964585570556924
11.389178157226478,4.042954678683412
11.314152491433928,3.9900476869791754
11.333297870860896,3.9918414670730757
11.269691432593397,3.96873831670326
11.187508697856064,3.937758528136781
10.894137537171765,3.943426484622683
10.802835611597045,3.9445648231451784
10.927960317602249,4.005225888180367
10.95671785377441,3.9170774781196913
11.008629350357188,3.9980108190712635
11.289484278937302,4.103583724396518
10.959596829261221,4.111261948384676
11.168176213807826,4.202761441884579
11.146680887957109,4.262362093467062
11.34859976489503,4.317536626391368
11.295148327094836,4.339936114370677
11.550475479400216,4.341749412184921
11.640582663300338,4.339691126911539
11.525648663851085,4.31978926845928
11.509765008813604,4.380239964812821
11.842538816302577,4.423265559306156
11.908558144688753,4.381510744162571
11.79307588804966,4.397069701276254
11.863670227540954,4.39616046590873
11.82938765125495,4.31968812555961
11.63756643266591,4.312536704179809
11.987138748324256,4.337815185995447
11.836717946923484,4.26168457241404
11.804753993279506,4.218278741420301
11.60973568839781,4.226062150752029
11.631205820110893,4.259330198778994
11.692679655368185,4.315346649243469
11.838257201568286,4.351080965558204
11.71862070064405,4.3248417705128785
11.960181423808267,4.289080551258367
11.75127410400103,4.277775241420861
11.840742356186484,4.266931390490877
11.644014501619333,4.284775316213707
11.736570475120887,4.241127493862993
11.781054390920916,4.275725390766393
11.788048907132355,4.290812819727505
11.76835440494875,4.254827541407953
11.674392904665027,4.251434747533025
11.482822496547392,4.191336707612826
11.68667200827472,4.267864062211129
11.557042451426717,4.317636030402892
11.605975586910546,4.31992916249711
11.578469703250532,4.312459426675189
11.67723745660136,4.2290457632367815
11.653718209686373,4.2051233648848685
11.340816198810305,4.257390676173342
11.345574908946281,4.268861871705678
10.942222226159213,4.280462435774652
10.980020079174762,4.273058476984265
11.180434805569542,4.268345887211007
11.359861490701626,4.323836471449485
11.417953246714186,4.3135654993669394
11.186686069369076,4.2932360392478435
11.180925077626325,4.286722713487667
11.444215195483299,4.361423688383345
11.583159681956477,4.323639772892411
12.00698708370908,4.328830951589377
12.111051749391025,4.392257622476951
11.940862799583304,4.3568420556001195
11.7955813335333,4.40390262908332
11.609205281138607,4.401063238037148
11.713262542909604,4.440067331122859
11.855647227149014,4.437250402511261
11.779571694778555,4.438582144256411
11.580628812735522,4.4757427059482655
11.401303187138163,4.41765215879265
11.60141957805296,4.479738618971704
11.461834674067253,4.408798133313936
11.735279293590361,4.517762598112441
11.76898598670841,4.602215435044264
11.829546117744295,4.62268779238653
11.848287580626826,4.6211616865081995
11.903655872029004,4.661539318331404
11.54102429563289,4.611047866524157
11.684046700218254,4.6619259675166855
11.75515734068868,4.65088517597821
11.83852547454858,4.779280508054327
11.726389847879565,4.734616176891826
11.833728934180547,4.744213279831535
11.978727680179286,4.804582922682699
12.021167430558716,4.80089559429831
12.24731646979373,4.936187018964038
12.113316618738203,4.909412802038296
12.052030205847071,4.864254931455709
12.086213285896916,4.854026143668451
11.923848122844593,4.899060724088506
12.027089063737634,5.052852117035097
12.122862453124313,5.031800072726962
12.081433723239275,4.93802491099133
12.01800138604032,4.8856904031389226
11.84877838122388,4.887798017785642
11.636755811733744,4.835453910000854
11.487203028910837,4.770875430646556
11.666286720849568,4.7630725281627155
12.09685360389432,4.847667688198876
12.199811569722527,4.847682937607047
12.503940816455394,4.9098832709575255
12.28449287621254,4.908273074655631
12.590126574868206,5.007438654918246
12.523101104516648,5.090094318477794
12.511822977934782,4.985946203274393
12.290530657351882,4.925004390073454
12.557574875861325,4.909800416343817
12.463921670770642,4.934793995125935
12.79349568418628,4.983857576729311
13.002612230842368,5.048408078962092
13.162785367308446,5.049590793859495
13.384741747762542,5.146119310891454
13.554937641606669,5.143228642594699
13.31197518632341,5.133118987300895
13.340388412635134,5.044324246335533
13.285829586303146,5.038094853172436
13.347603171876763,5.055945790727019
13.565003792394329,5.115141723482261
13.669539585685914,5.000247094765528
13.704846194487782,5.072024981390824
13.654439798585694,5.036944530912112
13.673977090928547,5.089547524379505
13.91643568074316,5.016575140725016
13.843173647775577,5.164777245574795
14.185229624891605,5.09293388891735
14.033283331848326,5.104336866538513
14.396920672653454,5.101697287969949
14.506036614723344,5.115925587720455
14.269713292888326,5.137205406263219
14.43318734997199,5.170420955757309
14.779452108752931,5.28970660405926
14.884573136815103,5.370521026714358
14.66105337875963,5.260635875859555
14.659584636709285,5.304170252780856
14.772085484129175,5.317108361618423
14.896279461711309,5.297379391748026
14.783703297114133,5.256270072985655
14.735219396712424,5.298889945256689
14.517322593940579,5.189619002349369
14.620826509839274,5.175682247169876
14.795460361541446,5.205604675334788
15.123912751833723,5.162746417458495
15.093549197951013,5.236245569485647
15.140492994262535,5.252555068612561
15.050947947811393,5.216919474711381
15.523088608059279,5.268984972870336
15.644193124748675,5.263744894712127
15.500997900032042,5.107760180522934
15.487476186616142,5.151230358121435
15.793777456557766,5.135573580613343
15.861823140366937,5.137476112808286
15.79315809495665,5.1940058705363805
16.379722096651722,5.155499887137596
16.55826727836209,5.215444070480326
16.58240651451672,5.257614686513926
16.365678367433155,5.283134718635492
16.411236732683907,5.249593101576645
16.63436023111393,5.4163911799485485
16.705560949099887,5.437797308814348
16.887730059615595,5.455861348503836
16.97163376821662,5.425117903510923
16.921612897875423,5.414111253214528
17.149800935405466,5.413299582015124
17.089668503164216,5.446774330628192
16.72688221121401,5.350284205486896
16.958699760201192,5.372226953522164
17.03260303330588,5.302919289852934
17.429248665230944,5.348259677903797
17.77813023855522,5.421401158101019
17.753911780388254,5.439377106134537
17.865227694766105,5.351827240853967
17.84494257353022,5.311565487413762
17.96432094292056,5.308366772530993
17.682144448330945,5.459105128958838
17.828830626128198,5.450731377075595
17.96103609199663,5.447892222725538
17.571519659306542,5.411530057660776
17.56286008216415,5.466075102195184
17.52338084201272,5.443787243892719
17.63918173132745,5.512348495879325
17.89803626763452,5.561583680009804
18.12680038280704,5.515949590496564
18.084975935983092,5.510209489863462
17.97918245194564,5.4039574711288
18.442669407798952,5.451446221243588
18.899945872903732,5.410506560328603
19.153806268645262,5.459998407004013
19.23228172922916,5.462877264861391
19.423072088724265,5.4810514055686825
19.24977167536051,5.440543380338078
19.27371313058015,5.472481131384795
19.510045863695645,5.45449772844862
19.63282752390088,5.416375463819731
19.994414886546824,5.444880554074022
19.639298230592875,5.518162298924277
19.82459402740726,5.427958763971552
19.803599090225738,5.479553197967313
19.810481539718126,5.455812120762281
20.148642757502564,5.410778626192326
21.034568386046562,5.500554240034797
21.02233245452912,5.473674179064244
21.259544305704136,5.465461924761071
20.65831633391144,5.502444317911959
20.742486486560683,5.477696620204099
20.6862794674584,5.49796563507678
20.947613553338577,5.454784031915057
20.681863920447594,5.531528753233696
20.78711950395439,5.602923451102723
20.87764954718775,5.476077322843196
21.38427887017531,5.451696800264415
21.23985662826931,5.491438906823335
21.936552500563213,5.563022763295065
21.917606444794675,5.466444132317554
22.180916982865234,5.5179731481710546
21.818164748548867,5.55708093264652
21.469313897319225,5.495602909984731
21.966396000399136,5.498053351390845
22.177621409226436,5.473991117705497
21.916464601350516,5.4316328758064785
21.793350331298345,5.40518806324247
21.389382795358003,5.380528334519993
20.609229746292236,5.260796500215791
20.54317895187967,5.233872684106684
20.932580532896395,5.249854724965172
21.076876185367023,5.333395695113164
21.22486681306192,5.293977084910911
21.287966188390374,5.407185494722647
21.732877614524654,5.429559852189651
21.583423247834055,5.4829880480104025
21.707823663498434,5.53675263613791
21.368043143243263,5.453421634771097
21.280927316854026,5.421474745789681
21.494861219321713,5.517720697867327
21.544248477101327,5.545577506723446
21.409421648437764,5.578606886792785
21.10894755196404,5.479870195406602
20.55302092605643,5.393422146082571
20.435523179188582,5.285862406316342
20.478424119582453,5.333478815413348
20.886240407757565,5.3848992077179485
20.8940534547156,5.379514230363145
20.71257763354739,5.415501742265144
20.779416019978363,5.495905989133185
21.158801739108686,5.475128694671761
21.326404616547,5.480854272302388
21.69487506234927,5.425137300127151
21.523172376985624,5.440424227222937
21.15587075231696,5.374451281216248
21.201152916472207,5.351872721147872
21.23345552367813,5.386634933634847
21.043572437873642,5.310168601862667
21.094150363678278,5.321562594652632
21.0588192809619,5.367655470283457
20.864566721837317,5.377509541530463
20.775228956059667,5.380781486096698
20.243937212848643,5.397249253186644
20.472922651635386,5.4573157761317574
20.719200406970984,5.474527725632317
20.81363591922946,5.574823815021219
21.142745871771602,5.621356069540683
21.14387935503956,5.75020851830509
20.980491762967496,5.753230643747464
20.950335668984618,5.697222255352537
21.08939530582593,5.681937034066158
21.492811302372793,5.664572227491783
21.40256933430636,5.663512110741593
21.103389318992985,5.686857835269091
20.725420534092056,5.649857470802378
20.46417135532641,5.605970371677469
19.819102001914708,5.600868276430922
20.036401850034494,5.557959671210279
19.848626087562085,5.646674920444608
19.89748677753561,5.656174074133942
20.00590923941743,5.604440892304977
20.232404755002776,5.594535566638136
20.154453390896006,5.4807946315436205
20.25395911121152,5.411318223863077
20.398954321834587,5.404081586609145
20.219962922633197,5.372300606890206
20.05370562684097,5.433462653013824
20.09904330060243,5.41563701748004
20.293524474985084,5.359345081795646
20.089849986801436,5.384643869207499
20.407671001152078,5.474116001277516
20.59413635086968,5.567381517492251
20.23557342437527,5.438626951729868
20.008602506329737,5.496326811311633
19.948859575755254,5.373030778616017
19.718994258482155,5.3805711298120595
19.83467583732304,5.41942084435219
19.666580858930242,5.354358915157554
19.659446228332264,5.384356097965464
19.737943611858743,5.4309201438634975
19.778827425181976,5.45747388781491
19.824279336824283,5.329827254572879
20.18784589526782,5.439571756231828
20.201310639086174,5.477144578227924
20.1699599845335,5.544725267337648
20.043324451522224,5.560459175239281
19.986723894929735,5.577701103616754
19.803558670263246,5.562786859863641
20.072973169338333,5.52814672897103
20.056781725622834,5.537533682744194
20.346110955540727,5.537047446962355
20.59406747300451,5.5184794221725655
21.284229390200426,5.525078067915763
21.794788817343537,5.498579803763374
22.009716659359892,5.50538348796988
21.701119981092774,5.513780412771126
21.837982691115805,5.534945116591268
21.987173159436185,5.543826581387513
21.879855414941638,5.591788408586448
21.647740614877236,5.633820043314403
21.485828093902757,5.7634523615049575
21.57941080142096,5.850109802510353
21.743061216437212,5.989116816709372
22.342440162019237,5.925329772013418
22.35559752308522,5.947764435432727
21.771125284003325,5.917626879931796
22.145763775801147,5.98959652241529
22.021342172265694,6.111646892049859
21.642161551396335,6.121548041558092
21.307782503071913,5.966460648944136
21.721735254995252,6.071536043799024
21.004099757107618,6.023965100023579
20.78552138591926,5.993657254358642
21.126332337647984,6.061383376155977
21.309263926575966,6.03818022500506
21.654758726095704,6.071057130585697
21.410889947439443,6.086809484572792
21.666579362710355,6.107651859584519
21.82039104548945,6.216844128969728
22.5284881147094,6.250469382254998
22.562132500538283,6.204168672163119
22.19045746308144,6.201180514487841
22.522278244995604,6.143023618987712
22.813851302240582,6.230118676620999
22.965897749867825,6.23119604531858
23.123087189168984,6.307007350612885
23.215766799736762,6.2846589639363355
22.963984119571293,6.242843264926883
23.0636057937421,6.253898500600372
23.237518618017592,6.272273790862804
23.681063811687704,6.242063219876189
23.979288983916035,6.189416472985464
24.337176964977008,6.223610759944383
24.022103523228648,6.311255388099178
24.599939218183117,6.504532352901211
24.570406051695034,6.500634621114064
24.50269250418262,6.512061898365567
24.412778601677484,6.523937647797761
24.197276562205754,6.492122289324624
24.113443890770835,6.514172404889447
23.87442756971791,6.499487207065049
23.882866864487305,6.554349547361317
24.661729125030522,6.654305062826986
24.7549726788719,6.658168367775337
24.07164185012718,6.594928751816452
24.406641662314417,6.582521790892947
24.275726457929444,6.504269815473392
23.998648384274095,6.511640106192228
23.696786910449166,6.388343537128915
24.485441378752668,6.355384017761496
24.532009513291047,6.352694504197338
24.152727263504186,6.358053533206492
24.0510427003171,6.341851356623261
23.8305382749201,6.339044847714102
23.716281289329665,6.291145609519284
24.419411606024955,6.388749663600213
24.87294132370877,6.5521012019480445
25.34520768770786,6.652720566942203
25.354703344025626,6.606664189790664
25.40502214856765,6.55639462650898
25.086075601693718,6.441565560621311
25.550842664935434,6.562887913204659
25.750123839711698,6.57682738876648
25.925396200528777,6.682193963489291
26.291956626410578,6.613600904008609
26.58114030875838,6.790746726410638
26.306979172467013,6.767292660524523
27.404487227844534,6.768618803588306
27.467157636946617,6.768415620404231
27.21438968088316,6.7448599159214355
26.956855010031642,6.707120927667502
26.77644485669024,6.705783405749474
26.81496057717493,6.6397651331233005
26.93512246154467,6.610896385483053
26.866434574351764,6.706222026311153
27.219797133891305,6.66998202543193
27.654021974563385,6.68110910821579
27.845326913483568,6.718961231820106
27.665951562419963,6.685290325256451
27.640956695109292,6.9196076725841
27.81115605080652,6.957794989127636
27.875975319454398,7.019770704092653
28.256033966226962,7.114432963773631
29.323273012931796,7.19453023280801
29.22466468789197,7.208068612024229
28.82418495976658,7.118049300466296
29.259509882226723,7.116421511823747
29.55697512962351,7.127195831784441
29.316090524908905,7.066645505332226
29.868366483764337,7.048209525750492
30.128819623584153,6.99335358783812
29.572443504230296,6.9013372110562345
29.20050445411937,6.941893598506485
29.40830707112162,7.030355662851613
28.53541458815357,7.012749696546211
27.989703912739614,6.859296179261866
27.831032300402583,7.018588920711472
27.569401061871996,6.9730561895677905
27.817040998061277,7.007265251300248
28.416184112527585,7.0580908637641935
28.34981728109991,7.0866925343101235
28.663916016966994,7.106070960382779
28.29976629444706,7.111150025798544
29.03213954234895,7.109371005883602
28.962153576008255,6.975275861670388
29.079111015824996,7.075537673395674
28.90607708364671,7.20107093106238
29.65747553149091,7.277187336779898
29.951499459066767,7.3498151756726395
30.22253456067829,7.435334807167826
30.000238636282962,7.538022735635208
30.397821963897023,7.548080915314156
30.611562455037408,7.515658437267404
30.5531011545907,7.506566049019211
30.347947222564333,7.56457975623914
30.167703262017156,7.569640751845321
30.293440879092447,7.538413563804105
30.16544050034493,7.482343003530269
30.266852635219497,7.373948193754165
30.016145866637835,7.5022795487166904
29.687984077166735,7.517827429859734
29.3817974251444,7.400955883391917
28.756249377203023,7.450356553971122
28.326331822906777,7.464840274946658
29.238087671090454,7.565753834907005
29.513820935649935,7.675778318480178
29.63479262164634,7.655322601753824
28.09519794213067,7.514715103889667
28.334413072311953,7.419795335865339
28.253553259572058,7.360391062806517
27.990513743539044,7.405647624608414
28.820243148162707,7.5905422456467395
28.095458769730282,7.492016365497307
27.757531112355142,7.577034613530058
27.696270101659024,7.462154043727152
28.238194649727966,7.543261516855288
28.99661062727327,7.583711004964638
28.896278269829693,7.507040739821458
28.64502727491339,7.350996121514816
28.55345749723469,7.50582350123634
28.303797005392383,7.62405803505794
28.85499298560435,7.66469305644241
29.272788452577807,7.812605463718123
30.000930028800234,7.92221299746913
30.54701619855963,7.829997196789949
30.709065418635692,7.81269707363629
29.940941572503686,7.626972196778299
29.944842427770283,7.484138211902769
29.369982233080314,7.369093802980008
29.049326957148196,7.482874944206221
29.40436517691583,7.5337112504882064
29.803603362425335,7.502382091662539
30.30232077370681,7.435275085489272
29.902348133773604,7.4314279311280576
29.19375632268204,7.291096448158196
29.03580498486264,7.246542195987242
28.48626593330065,7.291300557107506
27.99335207998864,7.283251667120607
28.179485320209494,7.240794530870056
28.8037611326796,7.325339918282817
28.488156777380162,7.3447792706780985
28.100174058389978,7.23466607943207
28.25608361356967,7.217493572387803
28.01666423957198,7.148788657247811
28.05620904946136,7.2492188574246335
27.422223228079126,7.2466165240561935
27.4611199634143,7.189965289870769
27.889955236522745,7.199251565795196
27.469305185719083,7.2277458973514035
28.374850541863694,7.2899908750345785
27.827133930083573,7.06005924819342
27.363433085207088,7.022843330664482
26.78395954806106,6.918424650740608
26.63844914729183,6.93021334896188
26.764889133348746,6.934683955845683
26.903649029360842,7.124015761549845
26.947488443473905,7.256757840392368
26.942353541386197,7.1839719896145855
26.199370260838588,7.048033206235242
26.01986055774831,6.99554707435557
26.24299229673695,6.889739111205255
26.118664124624765,6.868535447982367
26.439808405977583,6.952770624621626
26.462199084668242,6.9058285362190395
26.567283272329103,6.941615509494208
25.94876531597648,7.01068365106167
26.365303986680686,7.017568564124188
25.46881274341024,7.010142921891271
25.904916157401626,7.041351213517259
26.15028485711566,6.979145797737448
25.797210065068263,6.935110752567072
26.0460154149992,6.996002957511855
25.43029137087386,7.086443559085407
25.05776451097543,7.070955594496541
25.16502040154522,7.180702374411874
25.112872916715418,7.231566604134934
25.017939640853665,7.337123992147455
25.379470781253943,7.302036981140163
26.430885673351767,7.419310514151966
25.51139480681686,7.3303341999872895
25.5791599643124,7.404873453550762
25.18449007263513,7.30632804818817
25.128639638807368,7.425411819518689
25.717318825454516,7.517107525671784
25.841652310307587,7.5613083042122895
25.670182635549633,7.582618495249488
25.34284648942614,7.610699497389439
25.59679395960108,7.666775747500327
25.510192791498095,7.476842078000325
25.338153860581883,7.526547486386511
25.52829934370935,7.581681685667897
25.5871466721663,7.596677705973439
25.313398229640807,7.538373182630397
25.288087987470195,7.597152918606137
25.826557650340668,7.6505943682155895
25.875930507909633,7.713932173186372
26.159319965501012,7.5995022759762705
26.477560315623734,7.559218341793826
27.944401983931005,7.611968793967173
27.88626877645954,7.575011827059907
27.45593062541475,7.53682200228346
28.065064434029452,7.53928949262562
27.483487743104696,7.49611649059558
27.85118409959255,7.460101252981536
27.598536823191967,7.416124330205643
27.983036626465868,7.37898385073374
27.929480330903722,7.324168690302919
27.404134050375674,7.3775626410577075
27.017566885676175,7.325729628440781
27.43633668217072,7.353614556223646
27.35737717820406,7.279296495931336
27.781083245685313,7.201638673908797
28.09157221282784,7.412501971860075
28.340069025770823,7.490939035382631
27.52127287028473,7.4556302393275
27.803799316063003,7.463078022395135
27.961158753863376,7.42590617347724
28.314302063400238,7.397016111342509
28.97482443334757,7.422236244351221
29.221385078647696,7.483245620649143
29.657465877791935,7.478658032399868
29.40629521662922,7.44565022602428
29.168715661195733,7.3177612718833345
28.903204358793392,7.268191595023104
28.633427815434974,7.283737736066431
28.476795883471183,7.285502721607757
27.932259618878817,7.302827971039047
27.637613551231034,7.288575144120593
27.403737609470532,7.274199561761418
27.366059696333803,7.199758607979436
27.016577090184043,7.279921226536152
27.427356306644235,7.325824593056403
27.20774844966482,7.371938209295128
27.12157494189266,7.40175452601209
27.65890801070206,7.440890428761245
26.857769372595694,7.401475729376669
27.09115772577163,7.385027864741566
27.56956887370257,7.441003560527511
28.27224414111183,7.44105132952212
28.102885533918855,7.355198149415416
27.847337638995075,7.417408337267138
27.46026370374185,7.483471228768651
27.116983909420966,7.45698066861365
26.485716794435,7.418513223054191
26.412557407385254,7.32313063194153
25.44910942513215,7.413261815222509
25.385939021518034,7.3678998012373995
25.506404330912893,7.373609500018463
25.841258153120794,7.447125606392227
25.82976569046194,7.363790236916524
26.093248588598648,7.479643539281812
25.766872656213444,7.3041302671926625
26.436964441988454,7.259882520306018
26.0880609651942,7.264259466234712
26.533322534491404,7.1991545168218805
26.477221686705807,7.2547111926808645
25.990350873416965,7.100241212652587
26.624381356601543,7.107489282474327
26.794398224320922,7.172348475407128
26.506850828169444,7.039610969152672
26.52038869822707,7.040032415948963
25.991384096051185,6.939598821578914
26.20199223432604,7.083971792970631
25.97249236995065,6.966137915230458
26.045543900091438,6.854029724977634
25.65337351118435,6.764077741489841
26.09337116586423,6.690963480055962
26.613709575796207,6.695121795691225
26.98648116215368,6.8982650457093575
26.443242859708636,6.872265153439971
26.619025082083155,6.965217278800145
26.52633116217612,6.926253222055418
26.617859099936414,6.977541585339291
26.41339243219846,6.787049614286761
27.17824920537299,6.873041340143429
27.260307142450653,6.95242275114713
26.89658289761267,7.077635567656525
27.33063207765086,6.961161695078434
27.496694120165724,6.972236396597679
27.763626524981095,7.104505785743797
27.604088492739294,7.076530172162233
27.419047611944116,6.951381689343217
27.464288353042452,7.009785447829284
27.159425384940857,6.921808782050976
26.920604151347863,6.919418299232885
26.758443716820803,6.901731673773076
26.63168263704683,6.936716146541329
26.997067768046886,7.01673651596402
27.6413252796044,7.097959827340866
27.732622461316417,7.049282455334219
26.898421007022115,7.051732480659101
26.906641070384133,7.022243942481607
27.06537019776502,7.082012961120171
26.19408029682164,6.923198885863961
26.42710613608636,6.855764400077479
27.00267047701947,7.088423260838525
27.197105653735598,7.042634498880851
27.16046389481374,7.158081085573103
27.197946963791562,7.086850565085109
26.906786107342256,7.0770535038001166
26.770903647012933,6.94137433307762
26.756031167991786,7.007323165109919
26.41677179478979,6.8542581405970795
26.731401421716445,7.013867321038949
26.903514911581105,7.237151689771055
26.719121902360715,7.25352006453422
26.81105977632044,7.16055101372296
26.923047311450162,7.186985682621124
27.14067708842171,7.325711945997567
27.69917557421152,7.26191342204572
27.963376223053142,7.273810672897894
27.716960383319247,7.27933843807603
27.73661280358466,7.34927510090026
27.476370917825502,7.364799145374745
27.905080031349247,7.5029716813606795
27.899215939285966,7.495709119132015
27.567529492167836,7.357366662973611
27.749842107461344,7.434270706859758
27.60866386269723,7.483175202847333
27.437940843726718,7.460015610064381
26.736612511104035,7.420323293540999
26.331428258218793,7.350885962843927
26.38598526505765,7.341794428328782
26.669303770789448,7.473180365861464
26.330349182297724,7.579314310045067
25.77955967740855,7.646670085350177
26.084012955566386,7.639595504318345
25.95510711619434,7.591773904188205
26.323980934115106,7.612406002061306
25.969576951618585,7.449066331137178
26.036951405470713,7.471332701924381
27.52905536768252,7.6582840849487095
28.51580577093448,7.606272566367612
28.304798576721275,7.712569558320755
28.319257763564305,7.723764497812812
28.768544052011386,7.822183558369888
28.449375861914458,7.775891044448304
27.99339490098599,7.699220472869819
28.03072867962684,7.659774983550979
28.371450449546675,7.584743518315238
28.069444937975927,7.51805942929689
27.995359363700395,7.610559023604351
27.831722573413675,7.821419267963788
27.787402107107855,7.750367945598802
28.31535101415169,7.876628982006288
28.84379769164472,7.767499554037829
29.417087457090535,7.641248938064734
29.295869138015952,7.734846601456478
28.174728237618375,7.676647272533005
28.765387984255455,7.672169501711015
28.879253220489492,7.575842440054964
28.80475038792465,7.6125379190211655
28.736368714617964,7.535631587600523
28.902925841530514,7.580252002345291
28.954375802287572,7.707338016362791
28.397582354441976,7.633736706105092
28.278147171842676,7.61633542864337
28.10774199041677,7.595713737117126
28.751726059238493,7.466145104332516
29.16470997202342,7.365919964384263
28.96463559724054,7.3956986279759525
28.587485463546233,7.388357045262412
28.69873834303207,7.608759636960538
28.478170850433585,7.615641967835543
27.82347696521207,7.68860914620195
27.719633707450246,7.653133477672124
27.819710201904915,7.614033434117769
28.141927696461178,7.545230475604131
28.105011448431807,7.6880927020542424
28.366495207586862,7.624622722495423
28.417383704718635,7.4757195717688765
28.164119692902958,7.201256695230203
28.261078132080822,7.356542572397639
28.598018338128263,7.230938232801367
29.326310887774657,7.388261665150308
29.50275308045786,7.387187330054178
28.945121969943138,7.30899773550604
28.478968442639484,7.185910377063959
28.243294788416424,7.134550567796028
27.92321346975724,7.199919657670847
28.08916842963854,7.110354069729788
27.850233125286785,7.207515999031273
28.22803645287533,7.209460452121473
28.326945978058323,7.13828191073241
27.648307989141532,7.163995158057572
27.739867111063795,7.07083629410841
27.75905870844615,7.061296501650491
27.827833115321592,7.1603042007832105
27.88840499373162,7.283831569440068
27.687654778271668,7.121521377286812
27.55199744611614,7.174018151891466
27.23926907250876,7.120991802235855
27.168900613649445,6.935365075320626
27.31991051680523,6.9831253387667385
27.308849110987143,7.0577139000527405
27.814359939795278,7.041740699588553
27.544336859958115,6.930844111609996
27.73655991966559,6.971210961317261
27.65549621661405,6.932960714835871
27.113570403760633,6.946391228403007
27.158043592768422,6.968273498004352
27.75876577234665,7.060347030317545
27.673214452737426,6.99627714031244
28.227047677946807,7.151835566330697
28.631694490592334,7.134023703156359
28.4307012321237,7.0682354331617665
28.674071252241824,7.121349080051915
28.37120934410285,7.1525160745033505
28.347641373539023,7.231414266785618
27.90854483851622,7.19277590356166
27.302147475608518,7.195449257757598
27.408338211737956,7.221376138605112
27.745214368362326,7.2453298643878465
28.50180499184309,7.292503603364062
28.054786580316804,7.362235848558897
28.101165358902392,7.416646588659026
28.176969489416724,7.466856812498872
27.833902843307882,7.326669341203174
27.548041155603965,7.2455883091637165
27.178761909036403,7.180264054079418
27.162292952309162,7.068735224018503
26.69376909714943,7.064192111959597
26.692405064578814,7.0225452508355755
27.480144364118487,7.035508694263898
27.478056664502684,7.126074490836143
27.236482435902328,7.158239918937106
27.43911044185926,7.110542166769923
27.405980474973685,7.080331786787478
27.780832715304445,7.118946831766533
27.923810824494904,6.991328872541068
27.738707218712428,7.034982024260426
27.3766053357256,6.912185715185997
27.3794207951058,6.907902203822406
26.79799517549327,6.864587428980744
26.3607509564035,6.754358363805352
26.388318483062264,6.736080638785024
26.768163805949484,6.761932581883406
26.699595475094544,6.746496271538928
26.601722493971685,6.759356455606432
26.919878824239316,6.806769663463929
27.136919046503532,6.857266521640966
27.498524532123287,6.898535037446527
27.743888404419867,6.8591630832423744
27.289278248836432,6.78085092066044
27.127298206345223,6.809998016151416
26.66352160210136,6.691204555647312
26.434637684078332,6.607267221845321
26.746508734516322,6.715741245403348
27.062333563732217,6.546679788925857
27.257034991199173,6.673491108602741
27.40655528867224,6.680264853820929
27.3269689802392,6.681068268394286
27.31238806059496,6.591399609115781
27.083324173152157,6.680781339944996
26.77164299488771,6.566762532488132
26.72427341130035,6.602526656108423
26.49940905799624,6.621873463605574
26.14072537618148,6.571357282814346
26.58943525937309,6.628902455873287
26.074506807174586,6.642648209820384
25.669994802463496,6.551104207557657
26.433650038811354,6.705717465324082
27.6583985874953,6.799039911968346
27.500342925956065,6.832674311447804
27.37966408117944,6.779523664859962
27.179978183603556,6.808857742700123
27.35213070013673,6.757518470026941
27.497532087718348,6.644588452394057
27.437599046349078,6.694631859176839
27.62898869068332,6.7477955111744485
27.998604824314686,6.7564610385116675
27.886641415632525,6.800913732660574
28.380230651376014,6.772778982448543
28.162979698828472,6.804882426699961
28.674575069505902,7.024878795635159
28.10426728453928,6.911959599711751
28.23453650484698,6.987944257761988
28.46094934214471,6.909380580773959
28.489595312574526,6.915038509473308
28.37074439870537,6.971606733310443
28.22395694356443,6.8693750213926315
27.931505455843766,6.91455372861745
27.827815064391164,6.753618154361712
27.844733371693863,6.735581071279525
27.177047872565637,6.753457525093345
27.605549756997796,6.974430188450563
27.577537842064764,7.027923847585315
27.92112756130234,6.9906282029112
27.904901017312994,7.039374513361945
27.509005862918833,6.918998693636114
26.93175815374867,6.86947681858627
26.71150514087042,7.018917027974808
26.98973578118542,7.169326028644702
26.537091697085557,7.133323614570941
27.574684724883674,7.097617954755373
27.671610498048896,7.098955172912733
27.20196747324901,6.973610159718068
27.40967946033979,6.982084774127786
27.552945932252886,7.049924711140105
27.60451975823942,7.218889948103217
27.484411947549876,7.261750091847501
26.80764302921673,7.247313772094914
26.349394159217088,7.17070825240059
26.87828078340772,7.171140590131709
26.882186816860326,7.2397316254301725
26.569073322312413,7.2101350561962825
27.08946104779175,7.42258661776213
26.39990532593648,7.273699060412897
25.923262097109742,7.2477684788120955
25.727060837945924,7.281656217362082
25.079717069281255,7.321654441608604
24.839867695128536,7.239161670859036
24.96327299019215,7.361026159672304
24.036836237998145,7.317686345646947
23.85810128918234,7.253538293262668
23.561948583267775,7.078913791276007
23.894319081054384,6.956932096193966
23.881122021746368,7.017038730707549
24.08623817091556,7.153614948983251
24.11832330929537,7.159675043615904
23.715413286274593,6.996474197183681
24.067312850994334,6.9352987557802335
24.268838469494817,6.992480266374364
24.311188904886556,6.983206902414549
23.74176171018665,6.8967503990369865
23.534504215816593,6.920183884831153
24.102120966683376,6.922649435389399
23.706239609672732,6.792912257231321
24.011331009161072,6.859493146644564
24.34563226139064,6.9952989027809105
24.05037090381887,6.801978506912891
24.755816430177667,6.9679492584203055
23.918518557375705,6.834977789414516
23.58754179739287,6.8236423787800495
23.447542010187796,6.7178467639339665
23.388591792725585,6.762941970912549
23.76365153664848,6.7500928607242185
23.512655021551648,6.656591223152525
23.53316511711389,6.692078041839204
23.622220438288867,6.711849683541095
24.3166093992965,6.834894697321649
24.145467227036608,6.8463660681245155
24.253932336061673,6.983247410338063
24.241483260008895,6.965332896988629
23.876386800376146,6.982900589249341
23.486450241944148,6.891135096462219
24.365967107106638,6.99735714947507
24.44220319820806,7.059934032042351
24.909825284595534,7.105123382865351
24.429730378267255,7.050579315105787
24.1109136953315,7.011822310182177
23.979802655102645,6.931216556328547
23.741786721327514,6.941217288725181
23.380935772306664,6.90338152461315
23.42215179830779,6.830478443513278
23.548755649129394,6.736349058343128
23.819704525843324,6.794388160396032
23.83199510804231,6.756630513945422
23.71971134176598,6.781383546203603
24.183702674812814,6.934750860015005
24.814626331020893,6.869531899476983
24.433486639434953,6.855461396213577
25.03627380116984,6.936707148913649
25.163583672932077,7.09277894450828
24.85806002448825,6.94357907127506
25.30811506403536,6.963709395420242
25.47222016365537,7.018231346544068
25.485791778004856,7.17887817649892
25.392396400251293,7.239898893040471
25.494185362129922,7.248436398881246
26.02120376023161,7.338473879572708
25.683336253810857,7.265424972377354
25.909239512127503,7.155435734387637
25.83093071136522,7.189678125378087
25.758839564491293,7.224016938239664
25.443718461112287,7.081463779496706
25.589706221476188,7.215550108632255
25.46547102002532,7.340416766923688
25.108968001383527,7.364469096413806
25.66222194645,7.344850437769059
25.92431912007881,7.295171602892323
25.87076265065302,7.454501143859651
25.37762089755223,7.437325089659433
25.49808080870099,7.389794153422677
25.357502604824912,7.424310290819246
24.91751612376459,7.416451515140264
24.834343660549255,7.4487390861845295
25.212534718626124,7.516748186522466
25.42528950499278,7.417372293193577
26.07038857413179,7.644039526205096
26.181120903218563,7.722821966978969
26.693920675164076,7.940261223253442
25.548566612694522,7.830861424930797
25.63562178707965,7.7311764022094716
25.5533988432221,7.559261025282345
25.410719715070336,7.533008402565975
25.932838713115775,7.5837963088920075
25.26460749910598,7.505388957648539
25.436144117212418,7.431760579241924
25.313579742701318,7.335985485620777
25.48514739584964,7.229180012689712
25.341554452623257,7.2190976247481675
24.910013348692,7.25603020479158
25.260115015660052,7.366157871683288
25.399373234575787,7.33138953203862
24.773642455762754,7.245722676732607
24.243682330412796,7.398110381089523
24.57290611427631,7.4565296559915435
24.347222311963066,7.536861834521794
24.06221965008114,7.507818824408544
24.37915508039177,7.540429074443354
24.322375449863973,7.554332146254601
24.46934610551172,7.575904364744496
24.171985171563694,7.551416336488456
23.77582960820589,7.495125676260714
23.2814021294589,7.423042481629428
23.115888649759384,7.371554681103336
24.107074497019394,7.618842017035141
24.06063151737948,7.54672447350662
24.301704942004722,7.485442143252818
23.569288589695756,7.228555869638939
23.655750439445715,7.218688814773199
23.792824575694816,7.291066757276042
23.76491018503105,7.4221566718046414
23.57617849872423,7.3887579973655235
23.614529401596233,7.541650332019869
23.344327213983213,7.438110759896249
23.46753582363745,7.417595549317627
23.411088315825722,7.369361100857267
23.70341608206268,7.424352920718504
23.708516387960522,7.531184194332139
23.88982560130482,7.45423933040466
23.42764310469672,7.338095992100479
23.569755591587693,7.311789315583704
23.26789127736581,7.281391251712476
22.766321476589674,7.300018336362214
22.686364030197005,7.383215908239876
22.762700381940846,7.489915399245818
22.88003123652502,7.473634297781199
22.45793548936291,7.523330375000734
22.352086848970472,7.498020976737673
22.19626817718416,7.474509698516538
21.748778502102212,7.5457445210865774
21.81691273660236,7.563469048832686
22.085032300381265,7.555524118739344
21.88918809418088,7.516710172165609
22.16731546749318,7.564270327004936
22.631417330618316,7.665627865419479
22.650705036965554,7.634952578510482
22.50000620949858,7.3662614038547
22.19689995664646,7.205426505635718
21.97887190088971,7.219854905089723
21.79800147713602,7.397579720828808
21.713592203084733,7.28188626841765
21.39017407172978,7.171973978238375
21.359862840574184,7.083542831181629
21.524509844597258,7.141061134462823
21.678811221477957,7.224412924642682
22.178311593230795,7.331774553463798
22.541383485182354,7.32067354809409
22.36223589119946,7.298925718548841
22.116094827073127,7.253782020619559
22.019159924949527,7.192610929394789
21.919210352242832,7.112380528417697
21.93121875228737,7.0983828225583805
22.04110998382233,7.020697246760081
21.83254091624838,6.914193429934744
21.90959327253377,6.871595988730834
22.267328201408887,6.756859437960578
22.183780375774564,6.769789455083687
22.497906890395402,6.816759681709837
22.316638071734566,6.794431532648542
22.689225389064983,6.7674384020156575
23.002379301864348,6.753024084329613
23.125587031255364,6.701376865914114
23.11126218049861,6.743569946906594
23.25555399244831,6.717456940823549
22.566238260007648,6.805778852737324
23.236221644450886,6.866744732359057
23.357205913915823,6.835788620175736
23.83871424926629,6.887100351197011
23.191655915926496,6.997424361115859
23.740062495138023,7.056200821907321
23.848280986211186,7.051323548347611
24.144866943630838,7.017042529575117
24.089178215224514,7.096290809962169
23.353284760883913,7.163482748854681
23.15658984252758,7.162158181200939
23.140375964341345,7.135649599342167
22.989768840719687,7.153568379446643
23.542657667673296,7.042863081725994
23.699823877630322,7.1742656170787855
23.833150631315878,7.211751937184374
23.86189690734726,7.14375389381406
23.417987127169912,7.104819528656275
23.89204620523896,7.054002229262919
23.9573027993654,7.133133744468004
24.025203407299063,7.142726630952672
23.618726132322564,7.242762209240438
23.328752892988483,7.233116466542795
23.415395078091006,7.276852444877372
22.98753561467236,7.300803057413001
23.259659700803798,7.312996931951244
23.353890823300716,7.271764006375838
24.070462877461697,7.358512559942047
23.798673017215215,7.385663615871628
23.876536363956077,7.414904472217649
23.818059868743067,7.503955083017024
23.95368890780901,7.549379906686331
23.574308943567114,7.550442860411743
23.824858855168472,7.682969620453491
23.565434950353595,7.764205099716049
23.900396937385697,7.777215703105304
23.67818494510215,7.702370177423592
23.51484564869381,7.725834041835054
23.23145199129524,7.7610191360779375
23.15276516319786,7.772843075653058
23.124585211674088,7.8186755569973005
22.659227657555864,7.848418883000013
22.709048978266065,8.049184767568525
23.326317988626222,8.082325814901616
23.477693983967345,8.047199992833228
23.59916443149816,7.968759927675063
23.88956664790956,7.98114797034867
24.123119444997922,8.060447232335356
23.96491819639873,7.9717419554597955
24.033009635229476,8.054049459817373
24.120128786063937,7.985822327092753
23.920856559443557,8.015221518441702
23.648932906293314,7.839766934525243
23.557326799322336,7.878461347512706
23.9055022823909,7.953020845767275
23.145771114609836,7.853291653290946
23.216552032232954,7.784539397142728
23.65627614144756,7.869039444414303
24.08156228102137,7.890467085413337
23.990902312071018,7.96126422776811
23.99481682823421,8.002981338582
23.876014592179473,7.94719550847538
23.725673115397427,8.077578822634372
24.010781686923394,8.176658708710187
23.533467845659562,8.261802449604762
24.416732941972366,8.359325785334246
24.64116635829328,8.280566372761093
24.97166806009634,8.37625562383647
24.83851503202914,8.371482463469716
24.736647248138958,8.376109314123756
25.033969009422602,8.452551609870929
24.65913986600119,8.323617075812917
24.784444557463544,8.481028240723177
24.818557011532913,8.407906280216508
25.259909609201404,8.315110121914755
25.471773651181586,8.314939434485236
25.687568343777585,8.298674893222735
25.249490091736053,8.317535854469016
25.346780282940134,8.295689628563903
25.42146862052789,8.363586905088015
25.02091819761303,8.283733562678414
24.769749261248876,8.401010139709241
24.62638003468553,8.376915634162327
24.299785209347192,8.349566387630526
25.03385363306107,8.453451673493648
24.899874848545245,8.543282139834885
25.22514427272776,8.44163270138065
25.130790791381248,8.514995451209415
25.37450181882117,8.554073026562856
25.316125357008715,8.44878669270242
25.93455379594993,8.595370928930624
26.563335303894416,8.64147804989288
26.46707023887077,8.680544922577097
25.855899167306564,8.526903763190244
25.82651026685031,8.549210234395762
25.49462231848684,8.522429708861074
25.82026912046841,8.713247789500345
24.698297205408814,8.688288122720351
25.260169494531315,8.767530378953673
25.64925924961346,8.931496778889727
25.931924244959017,9.040011654492954
25.771977419900974,9.001405754436894
25.559566476700823,8.977971390522137
25.908288173326454,9.00606683963445
25.470121193105726,9.095221952300134
26.49755558487963,9.165617497075395
26.805746478004558,9.332996845542137
27.29777218168325,9.328982563698874
27.56158229542255,9.40497635203533
27.56441078362538,9.447263516837292
27.12120791154316,9.480598878903708
27.532729305615682,9.329747610781483
27.6341912550162,9.307555631427842
27.249569067017173,9.298448727746976
27.323797721010635,9.32704917384833
27.26152980794373,9.314745190590218
27.379353396494654,9.30550573197589
28.023493330965195,9.189601932602725
28.114053972919113,9.179375807147528
27.202057831642957,9.105011669214463
27.40887520517953,9.074751548252285
27.454993719227367,8.980775683539918
27.64207454768741,8.983356496877818
27.540532483912216,8.913904350651928
27.383957066137835,8.868967927645262
27.541080065721733,8.76641690609596
27.067037205677185,8.616518157518957
27.167758348856548,8.654499600088387
27.101732834074678,8.652261872727692
27.482826504608635,8.742590999237967
28.019962709200854,8.82601343951639
27.96703807079573,8.95300048041591
28.496418034461378,9.028243114884578
27.860695069683,8.850908759047392
27.596587923508686,8.83136697830882
27.06041880769751,8.905240738568438
27.807163043096004,8.954103508524353
28.08713579125721,9.028844032466116
28.22620415853067,9.025636019016702
27.88858722008867,9.00635454717438
28.015209829508454,9.095046891522939
28.521816034796746,9.05801214890968
28.57022758812509,9.243511186697182
28.697709437060794,9.326520923334368
28.676149558363342,9.478272626013974
28.806618164906833,9.572043907076408
29.558426966433267,9.49959307402803
29.190677534589675,9.553088278844704
29.637325864209863,9.468686464646334
29.823521886737964,9.38974309879966
29.930894071651718,9.31196166497768
30.117982135521757,9.261459347587694
29.952808899452588,9.202783345519398
30.51979095429245,9.279924806069058
30.66074834521472,9.465358401629796
30.670577246387165,9.635364222501986
30.70675191808036,9.73750884831936
30.209933040065383,9.79890853171509
29.20350847247127,9.53435049734323
29.057989287268946,9.453328383906028
29.620449818129842,9.584103978293186
29.752095215964697,9.588628150028537
29.886777936250972,9.671885659723257
30.454522384257196,9.607872514686612
30.802666961984624,9.525315735011905
31.331435093265615,9.61651855518126
31.801855653737764,9.56092411083748
31.960763500619553,9.440534286087809
32.12428086864509,9.494251932033928
31.86474533538124,9.401790320362794
32.02083035703879,9.361254533805377
32.62166184031778,9.48180702944633
32.3886038892758,9.516192010859628
32.79606771472443,9.50796684571822
32.98139009950906,9.461004894896002
32.29109711894438,9.461142519330043
32.67468995324684,9.448431889019881
33.28510038957751,9.565966277067746
33.05962177188321,9.51527997753395
32.5627663793534,9.45841405356249
32.88085668677383,9.58550307775194
33.31174409646401,9.679981185258214
33.258047751329464,9.65844746558445
32.94159592960856,9.745356438257074
33.67426523909364,9.676629660748645
33.4479664180543,9.641716079381123
33.532481788882045,9.738917675675308
33.17628566223611,9.67840566891508
33.53051821073137,9.815896662554273
32.53583396801713,9.844100429682173
32.39590676785859,9.830163133826602
32.08940139572117,9.767338018146626
32.10284189356626,9.940236705244079
32.08785310832182,9.833445709311004
32.82625662913192,9.754225513269315
32.58034399946775,9.697100998083357
32.52986989105117,9.640050035746942
33.5522709027426,9.797187167164255
33.48563156663862,9.714131238589006
34.02152428651112,9.741903949348321
33.25782202367598,9.550065749387205
33.047600280073375,9.697194306347926
32.85902928879494,9.797157945314444
32.282305293691344,9.831326579479247
32.0213924560307,9.840465815468702
32.41925413523824,9.758127918747705
33.44277887473525,9.817450145739375
33.21218554888277,9.712754335546002
33.713182729076905,9.863858229394916
32.69609692530351,9.807937351066911
32.550310275724684,9.905483734167804
32.28367011735381,9.96676061250381
32.1619987220477,10.143330547129782
32.65212892249094,10.03758408026164
33.16736124683929,9.97572034311504
32.47739580995006,10.092194144917812
32.51454788959861,10.199234277663784
32.92681442051095,10.440542790629632
32.32324922669084,10.275062041966615
31.922650989218347,10.258180820190216
31.676698136806657,10.4579957838238
32.28433704894421,10.500829958933796
31.707434727194826,10.442290056948497
32.097287769276235,10.490127740634497
32.43806807426831,10.5153897147084
33.55943926265655,10.343619922530015
33.85297482750959,10.514921684197953
34.15595909076511,10.606218831152066
33.96858707533765,10.601520884873326
33.40814372459534,10.484988996811508
32.439387667909955,10.278354117400784
32.48724116963026,10.270132565864367
33.041737219829436,10.26302092976729
33.37547919324502,10.323546942134529
33.32030417645815,10.2006587625473
33.646374362927006,10.347823530241527
34.48148416196351,10.38122255634456
34.2033944871964,10.54814121400052
33.95006219050052,10.460730461507787
34.2169647237449,10.363465356829318
34.222157411891494,10.34879290340536
33.31941133291498,10.213550622874932
33.35182901755793,10.195048744362646
33.31762414019107,10.237564616059062
33.83506061990331,10.281494433434755
34.2006890998851,10.062152770518066
33.863216794135035,10.024504223346895
33.99083790784817,10.165881941297856
34.337655181220605,10.285688233602647
33.958860529105195,10.252422933099893
33.41858357313267,10.283829386791044
33.27664914826578,10.145427130450816
33.216868104920245,10.23498144586046
33.494514422832005,9.921732009592686
33.312936284565666,10.031507223199737
33.55866420537629,9.996219354859397
33.66933784392747,9.991223080913812
33.66455602110395,10.09216582531252
34.06753665173195,9.993158318099928
34.41238123015492,10.079443272733997
35.038083085605386,10.09724626520047
35.62496475804623,10.29302191923131
36.12156631017858,10.297272656949701
35.71543982175893,10.368143176569845
35.55453065585435,10.414701070040925
35.22170968605835,10.46069303739073
35.104116367941984,10.356062649581125
34.21645312880578,10.129215549631509
34.685234880702204,9.985618641920686
34.775960113443375,10.016565593927515
35.308939644138455,10.055406445902857
35.96861991471622,10.075819725475307
35.9546693285803,10.170464166728141
36.20258420872613,9.881594190013537
35.893822997889316,10.163282496975633
35.60506059023765,10.200406571073298
35.51201677981062,10.089490572206369
35.64796428381648,10.03143024036503
35.22336959232672,10.067528563881833
34.33589898276213,9.982379428271877
35.22535934447888,9.725018594431122
35.08469261870918,9.933928613011592
34.71746927637001,9.897556655589714
34.60800826142499,9.947103039784865
34.34375066229501,9.939539439895274
35.067601526807685,9.943632898351703
34.44062134544866,9.874461754619462
34.6399845113605,9.873416527780895
35.24851308368856,9.814644143794158
35.59704988348572,9.938860729811935
36.27586994342022,9.897533170651508
35.472950858638924,9.818658129117761
34.60193400324259,9.915323687784243
35.36322654472532,9.88942680659944
34.92194824631995,9.845397265321342
35.147221343682155,9.848544643027939
35.63075153324911,9.933360235262198
35.389862730706916,9.881523586711893
34.73508323621358,9.719498033155665
34.94962523427889,9.946856749435273
34.91885201430597,9.901382315231363
35.56555937779338,10.04819809496145
36.21024009441132,10.094341613772825
36.56992559655013,9.967002184784858
37.18372697167622,9.989479269709175
37.08035292301103,9.848286266201264
37.2615571562634,9.9974947748507
38.381765415638064,10.346260609896305
38.302287762156816,10.425780078892577
38.079646804593274,10.408985800299064
38.429499726857486,10.30549371843341
38.51032916444251,10.30492039964332
39.47454506694447,10.559941026506104
38.32332872014877,10.470321455297944
38.277296992502585,10.515558965214925
38.11603603545529,10.256259826255375
38.730741460102465,10.505632252216945
39.77042499393302,10.483084803970186
40.30388243573101,10.645182302487218
39.292243531146234,10.39771226861677
39.9388489940763,10.275983311575143
39.40583305939639,10.390529356235117
38.9517524684979,10.304159953461363
38.59336475908578,10.354472651251527
38.92974978950842,10.315458023895173
38.341141973092654,10.105165254070041
38.16747819180087,10.340387335789572
38.188156511641914,10.299543887704708
37.430993612551084,10.133219942233419
37.915625831370726,10.153478027604864
37.69121971533061,10.269496382341536
38.23759978543078,10.301469291601938
38.634936059765245,10.306501810670559
39.07920474381955,10.127377658578071
38.64576018291452,10.081534154549768
38.681614754396314,10.202995060101209
37.630559547916114,10.18803075538577
36.913698065766404,10.220942254316311
37.17428459645247,10.490798112898354
37.55850151775256,10.548197524864337
37.62292286695647,10.599634066103999
37.45203123579551,10.536917958469843
37.27933792223641,10.633096491683402
37.70186637526058,10.521177226485277
38.22919844620807,10.62644316855828
38.62732430662128,10.720851969603553
38.11879859830358,10.718825796949199
38.071002601476515,10.738791066577054
37.710769905223536,10.741163839564683
37.659908999011535,10.663217060038132
38.00715454820892,10.860411559604804
37.321679212475495,10.78021872288149
37.65319348056185,10.733878436605938
36.63795920977375,10.647506903001242
37.63043993470714,10.80099950355183
37.9456858184161,10.722018029973064
37.56136217617247,10.719686972865388
37.7469320532469,10.961222380247365
37.62927642616135,10.862772712439439
36.996259942379275,10.838474861215493
37.17126363786917,10.782324500396737
36.36343054045731,10.677428570673474
36.046442333971484,10.704501057012166
35.81161131482251,10.829972744437743
35.80851030717258,10.892202764188847
36.512595611417865,10.834736362011101
36.77323473976794,10.76384292392593
36.256433476207754,10.913819406071225
36.00434527025899,10.774844819045656
35.98302359601787,10.742677336716257
36.80783930980484,10.90932354824876
37.88006811125088,10.982563309648084
37.970442737774775,10.992473939830829
38.16533429329496,11.114693799684554
37.717162299648315,10.888209299561973
38.38858804225874,10.911089993980811
37.56062055919484,10.71358652660205
37.36408231065947,10.617896789905325
37.68510231134751,10.517066303575428
37.70760202935834,10.597599298542143
38.045145946089626,10.771093268144183
38.97528302269634,10.804328428288962
39.49399021668851,10.983644011531553
38.411496253105256,11.029549393768777
39.54965364671401,11.107382236987185
39.99274318114613,11.027522112894813
39.77916358062656,11.156527200622444
40.47525331971801,11.109857021341066
42.561856601590854,11.210798575836726
43.080530089689496,11.331080526848737
43.53778249536745,11.447843663953886
43.253831796700545,11.277387305370643
43.49324635153796,11.45040423950441
42.66982425555431,11.376390232819404
42.531124874616076,11.626146418855605
43.09972472240217,11.687668364275268
43.18721018206152,11.9399111185529
44.14830157111226,11.992539816140024
43.60178768129636,11.932936760747651
45.16006942736509,11.840967038230678
43.70121267796832,11.932339120715474
44.09616426530633,11.862061708097155
45.57008144904337,12.1557390187587
45.597104179772025,12.235230592715663
45.9802644297555,11.923010380682397
45.16672266380933,11.78285273472869
45.06316051059705,11.54964006416556
45.05044566555416,11.550380033177193
44.67873667182297,11.627044869954004
44.84143992820951,11.456755508298265
44.220748995947034,11.382240852214563
44.3395675297126,11.376654005538006
44.02040586939016,11.299110649111416
44.17221115874605,11.496708611064422
42.95507156223536,11.558018077568013
43.94552536082907,11.644672871031272
43.62036815815881,11.504662932367411
43.65051696772046,11.751774453087247
42.46888556784364,11.713339314490579
43.072239153314825,11.715455195487376
44.19222469796031,11.814235011779445
44.962736572206325,11.856323422143543
45.39484609489687,11.967059944271094
44.69732781799525,11.90589673535634
45.12960940223155,11.73008461867884
45.086990697192576,11.740529883724099
45.34807374009788,11.612729149452694
45.63258335972114,11.56561257303974
44.91547736550375,11.75285251214415
46.018525571082236,11.835738017340484
46.71724268784646,11.72124536553411
47.07310290971204,11.710417431976733
47.25575178944163,11.797068869065013
48.48930096526454,11.8304257154472
49.35502084216748,11.980086933416137
49.41798592110156,12.203176748901335
50.290085049741684,12.246875445622836
50.4168438012552,12.148250709081013
49.26545319524833,12.338810817951916
49.27191149343855,12.431489379603695
49.28988802855815,12.21075375951649
50.278511128393795,12.27245835643816
49.587096138693845,12.290715827209524
49.28274660826663,12.239551263459765
49.01738180916835,12.208502855696828
49.32320967454424,12.39577626082011
49.208504729223925,12.341915894839211
49.57942199001824,12.574147800832925
49.648719416360294,12.328350391388602
48.34972740891713,12.121525206349066
48.62434237270767,12.211034675318839
49.06220019347209,12.158794406779052
49.205755785622124,12.229625521974846
49.32236492106678,12.325755967096066
50.110232137774545,12.285952476293193
50.69702816530034,12.514187721848446
50.0228974741622,12.452795937054738
50.07447969456252,12.589205690156724
50.050784893981884,12.810788066539367
50.55382579437403,12.454336666896385
50.59204632719262,12.503848776918513
50.65878897692129,12.648321989995495
51.38789316532768,12.597555623863217
49.84157240899062,12.598748343686365
50.606648285974835,12.596700040208537
50.622893116103015,12.412232112287343
49.73219206554565,12.41517242358262
49.68664490694059,12.53504034719648
50.08227167359224,12.436672726448212
49.65494129009843,12.334732958423205
50.370568102161045,12.48847764400509
50.82966895325478,12.47863146928467
50.88931749462259,12.659326613815269
50.548542603269624,12.617481433688639
51.634309746222925,12.862890349923054
51.88555134488459,13.069885607590955
51.81602191703554,13.187451886815165
52.36776520717544,13.119396460387584
51.55922221975895,13.184126260196397
51.96459840319777,13.148045731959357
53.3118157192715,13.2263809249365
52.86027354687461,13.302294515130683
53.205330520309495,13.345129121356429
53.15728121162705,13.454724731541772
53.26230428646949,13.453245964384543
54.76464560270795,13.501024878608725
54.811215118298186,13.54460610194601
53.61438063062241,13.569218613408253
53.35380688740499,13.568986975213328
54.66281031688034,13.478908674877708
54.52876608669394,13.528383567879962
53.556115601451175,13.718247080802099
53.70496292526937,13.79072878513843
54.59337190280222,13.922834108212259
56.2092738030114,14.065641955567743
55.3612814928497,14.114217696248229
55.444702593345276,14.217551765713367
54.15776538479015,14.15104782652746
54.70842915922768,14.397476231531833
54.58644729458049,14.50073911895731
55.20144764845135,14.601138113115999
55.498303407515856,14.451454533349645
55.04305106187203,14.587904383346181
54.34106751422324,14.51354608325056
54.42865601653613,14.668081305687226
53.44246360303649,14.694934247771487
53.19907557472411,14.725443781182365
53.44169747031555,14.739674424817863
54.05115600497149,14.90307402884692
54.13956102653751,14.867379765191776
53.93345711797416,14.982951931453547
53.554984882830674,15.011233417356841
53.5085793451663,15.121882600662115
53.31390237985913,15.147034796673704
53.701504631102246,14.925768527709375
53.56720569527772,15.017829236012242
53.23286702498258,15.040455110157955
53.26048382967096,15.081203435516441
51.96482610249865,15.037867727789864
52.961445086180206,15.223014758749548
53.40553771138251,15.450159743406664
53.87609324605658,15.458872859437186
53.94459746338626,15.415255916160868
54.46128135717327,15.650280754136283
55.65348554337916,15.723914757417988
55.860758878955494,15.801148976413824
55.46315809932527,15.99791675166675
55.141713370998886,16.001725242537955
55.15377000606455,16.302405822934915
54.54120947400071,16.45193976192173
55.63508863290824,16.081285101146765
54.730331928081874,16.063206267562116
55.49054842085238,15.913032139803244
55.027216878315755,15.821391811773356
55.97552581337959,15.769966142985592
55.555533181406076,15.77793573089021
55.403063436749186,15.617137857394875
55.00720445242343,15.703060007933713
55.77282977923253,15.756878895073363
55.48461754419524,15.797458357993925
56.08837563408938,15.678239671083979
56.450460620252606,15.819798135765069
57.15236489829808,15.99569692273393
57.67656441858379,16.44792721439443
58.04713808474947,16.528441583051617
56.92800500949053,16.149712353044706
58.16944042770217,16.308647991702575
58.84423293407756,16.16961746614958
59.28461656292215,16.253544844919528
58.85250126236471,16.28344231990888
58.927521080423546,16.365608261578803
60.06472872727856,16.359690688964765
58.55214815752081,16.239203904657433
57.41883783608747,16.071410371716564
56.24560040881053,16.026194683929518
57.90766453745632,16.133760417187506
57.39761443417201,16.12412423106647
57.13777214350878,15.99775672530903
56.98372402035393,16.215067268581002
57.30470090979207,16.125930158772615
57.84777583258481,16.024730532401616
58.918433010363714,15.947372234431226
58.65976742321682,15.969089021832945
58.667962362632494,16.14888143979882
58.850329318742105,16.34277001381024
58.66037357504376,16.41871150229918
59.42205000036989,16.50803212964444
59.15090691952022,16.6287818929891
58.76299995677221,16.82964486372772
57.67794458397954,16.682422387144623
57.4176763853975,16.49273409845505
56.944886411620764,16.201078241304465
57.853494928557296,15.921863566743102
57.63743536288049,15.963233683038336
56.39463392991172,16.02582788160739
57.05449892463829,15.991765453346437
56.35936718761176,16.072222710715085
56.05200336604828,16.17215479389909
55.53390112382282,16.28744127466322
56.4228528056153,16.45055267524549
56.78778944311392,16.768029516814487
56.61605809956502,16.723765816193385
57.25691262784571,16.87903326894189
56.99608822040735,16.798002476963305
56.0967521262324,16.73183567727698
55.59386662685774,16.867731644161022
54.736563981832,17.091923491967943
54.94959264737452,17.076999061936046
53.40454292649887,16.90076650141248
53.59617512871028,16.72069403441796
53.17711835000745,16.415738520671837
52.61234907877513,16.450658268538394
53.2243621242025,16.619584698196263
54.551241562067815,16.72442071328927
54.03854584391096,16.47342383591226
54.707584329659866,16.355748794178275
53.97597027005633,16.701576074816757
53.70587418871643,16.669612853154966
52.66603334450393,16.543793539906773
53.28064801005954,16.387828572073843
53.6646147656951,16.378410826370573
53.42502591075206,16.550492635021122
52.210001093549046,16.63084633316133
52.836606943642046,16.684648540618593
53.8541115242589,16.820080132382948
54.39204779741654,17.083714914749013
55.0147335295948,17.1484601679454
56.12204136579962,17.4165448809259
56.23106908250593,17.689110300093475
55.84398199615617,17.651254269398635
55.564688218057704,17.56444346025404
55.95577271740954,17.761995113909474
55.64162343556928,17.72807752036891
55.09058064826386,17.616885558438494
54.604555715383164,17.516729319219028
54.91063920844927,17.714708414459448
55.30091792104663,17.850820151851696
54.77883666233873,17.534984465674675
54.58702052329704,17.6914841900345
54.500860214516415,17.757976423082965
55.711256656454516,17.796465856955393
55.69317521425984,18.017603894517002
55.47557022121488,17.931746362673486
54.31442940717335,17.968515938611446
53.611304050235056,18.079867956105613
54.96378102385946,18.256291410435143
54.20133509554802,18.26081488181644
54.173413052283124,18.335406382030847
54.86706597627124,18.364131657498437
56.51162645316022,18.33264201279353
56.43671155782184,18.505087164959182
55.591476912386284,18.258654649265758
56.349024309841866,18.364206657617924
56.44406049718295,18.139949993782498
55.46918956575421,17.966770002834345
56.222308832893404,18.23153547066663
56.69070040619548,18.468242277398925
58.11001579926204,18.461185864704337
57.86014554383885,18.39749678195924
58.694240485112054,18.663727689634886
59.020550067074595,18.675240414664973
58.25506457322378,18.59394207364309
56.57662492446489,18.512952744307263
56.40037800033431,18.518343316531375
56.92340795435112,18.75224585267172
56.33983753012169,18.933868358775424
56.310508640653,18.68372213605053
58.11547594190145,18.808042569087124
58.06649017080716,18.96378855631355
57.05485538179268,18.70354320299887
57.37370614847625,18.72355192975535
56.994691373505376,18.70420441057655
56.8748606481003,18.40508716340602
57.73192074039222,18.376550976796057
57.79296132044104,18.372378747615855
57.4104824608811,18.28846995632535
57.05190248410676,18.136771431116685
57.21572375320197,17.947906546842226
56.8031739847067,17.618753056280863
56.54627620964337,17.613051308860207
56.28384785492588,17.527002889809083
55.31460447952044,17.798721138125366
54.90704362441984,17.752922374218556
54.14186966716724,17.463608274729374
53.88570601351884,17.16155316723803
54.91411134456287,17.73278407278598
54.17429299229854,17.50110354540251
55.18813239338605,17.37362403766022
56.85154866239531,17.380294492531192
56.845876014507304,17.35411583146604
57.479737610251284,17.333888010158876
56.59865145506601,17.46591061412499
57.22598476247989,17.681231432453735
56.58844850553402,17.375410107278963
55.85848593329602,17.282062406045352
55.43084293433024,17.19057984284577
56.32845431517999,17.171434870039413
56.69362106433985,17.511126350144373
56.8671654207001,17.130899192762396
57.10738719909306,17.245268491181367
56.62850776334265,17.568855616123404
56.53768372593308,17.549912369263584
55.45584858311,17.647091789944835
55.4432440412888,17.7700467166754
56.67248930713228,17.58451040382915
55.60242830842562,17.36838088231504
55.32876817382993,17.398663089640035
54.797138321793255,17.434558974882332
54.22937279515836,17.358291820281032
54.53567738027842,17.16704217576754
55.9360015549884,17.403348536010483
55.460371220676784,17.17921674351607
55.70302604789216,17.116632604982453
55.88405124435667,17.097338353952065
56.53624453055697,17.064872928104613
56.700398336648234,17.14279673373696
57.11592192578224,16.957593278424607
56.561623724861775,17.222942108961
57.06097560425139,17.362952276840733
56.49958815708944,17.254500487098582
56.58374774235121,17.370086030371418
56.28278579141687,17.18199475541576
57.56165617456997,17.748332596971796
58.67966216191039,17.604398022969658
59.099534609535176,17.81203381350502
59.65905664417141,17.841714947841954
59.563185622578615,17.779513834415116
59.534250208776356,17.81039983833424
59.417966461477654,17.988365456221448
60.02689784395717,18.296579273234872
58.93527991246848,18.15828313013496
58.67285379331402,17.936192329811863
58.78712792640977,17.96315429491167
58.07922415276172,17.770183774524444
58.12026600823303,18.022308556187355
57.508953014729414,18.20705788914061
57.00262500541809,17.97708040032148
56.57121769224255,18.18742078396145
56.45492234399702,17.96522270361543
57.609418502277954,17.936448175055176
58.18840528749783,17.99891611014603
57.269870470400406,18.156625330251238
57.01335599996541,17.8325371565488
56.53484073684665,17.988980899935218
58.684533453208296,18.601605113985237
59.13968317226266,19.15004399885129
57.81302108511675,19.078622070417055
58.901819789766726,19.09857893225993
60.39223175583399,19.106433116990225
61.315202034672176,19.245294214229997
63.01136489339242,19.23549500060797
62.94000644762412,18.866053918044745
62.17073671432728,18.680871622199774
60.35081504654774,18.608646150199846
58.981669634095915,18.277872855899005
59.913582729016596,18.37932584212098
60.20799363932111,18.28961173707173
59.638737526844764,18.20907668326026
60.72640365052077,18.24014007211982
61.0021656768474,18.247197336063635
61.21525218779054,18.145615871839016
63.6027923716792,18.205751652005926
63.28327493029509,18.22186587729773
61.66850595965064,18.182958022438516
60.77660584406886,18.23556956224253
60.17200877330474,18.143322597605916
61.14782488002097,17.99980826162883
60.32564422680585,17.898062850615503
58.99478286321177,17.504662348866475
58.99365490169506,17.66560649855308
58.51090937928178,17.57747062927663
58.48622797831081,17.75320797916984
56.15543490908625,17.51448549054848
56.11169021856716,17.43942232893549
55.541646307656045,17.12986814655637
55.33934875865478,17.22516632100728
55.559204429620905,17.48888484698471
54.437611432559095,17.14397615511222
54.780186637420066,16.950434611979183
54.70734053852417,16.820661295116242
54.02431842935166,16.806193090145566
54.133460275544,16.76373232891354
54.97795234796222,16.433072253350176
56.31124763418065,16.40177779623875
56.629818052521706,16.599799672338698
57.45866397844163,16.774739300108426
57.798295983743564,16.898913116920923
57.32697916855746,16.38469497615506
57.05298951927239,16.39649329242709
56.14739807713312,16.139934540586808
57.58060298385246,16.143739181630018
59.00358290483502,16.210625760987707
59.167762222529404,16.216418056671458
58.819793036387345,15.995417667210788
58.979252076411576,16.173415484952443
58.902947261710146,15.853082628351576
57.43637841414283,15.525348240434536
58.311340425299825,15.694338786636495
56.47568055992631,15.424001548478934
57.075080806400315,15.120743826851538
57.81486298619919,14.772928799329344
58.06394212193748,14.940805147034355
58.68654949703626,14.856180672171424
58.64405491690479,14.982779743553026
58.49814900349084,14.53030464435456
58.407773825878074,14.54116955072536
56.60254492821584,14.496137857888106
55.91339728149023,14.384724972762399
56.54022313070646,14.694351171922914
55.39366065783522,14.615515648456055
55.57202290107744,14.678951870693359
55.345488975465194,14.87378912917951
56.71848432128213,14.947295672716585
56.42198051884081,15.180087286885435
56.914171129628144,15.189713155916158
56.17137729531307,15.193886601152663
54.50958241985528,15.104576174017298
54.47900082561927,15.391218862758974
53.29191355978576,15.279728033779206
53.74056450190736,15.744085594064261
53.51543736243392,15.936532036520624
52.99094560730004,16.389993207432383
52.64310964992209,15.9314899377355
53.00211567837175,15.872030838197078
53.832412025470326,16.116429763076006
53.36127069884255,16.208744962173842
53.94875134631164,16.379490971364113
51.9669707150165,16.23888126748883
53.355729325369715,16.535496065391772
52.10003644422984,16.212612719827373
53.75468045187993,16.239203901655547
53.28548964943961,16.30159272151815
52.424514282303086,16.294907814402702
52.545993137450665,16.23008287989875
51.46054731442373,15.894362715200268
51.42081272186001,15.624699465589343
51.14404897591152,15.224004088215338
51.03600880136772,14.80695200402278
51.2702948543913,14.865651179835861
51.76802447050911,14.720313248493191
51.416488147957004,14.633897552056883
50.09849095973576,14.807495749918909
52.12983104046891,15.310709893454048
51.82941800116274,14.92502216676711
50.58584243159396,15.143608827086414
50.68185363860751,15.141612674624914
51.44204345108243,15.339713484202012
50.63505502087481,15.198810855007698
50.60216400327841,15.147654687819433
49.527891070953814,14.872114911217789
49.75126965847167,14.822721403855184
47.35524165345273,14.642744848097085
46.70378236379911,14.76116069361659
47.05421287742237,14.911540003253263
47.56311885973397,14.6930471666595
48.08776822651633,14.686522590300031
48.41240133090523,14.67056710924737
49.58794691542722,14.80787548200415
49.18138524251961,14.776517363744148
48.3788194589663,14.893883391542289
47.10411764396391,14.896003750850877
47.519678487632625,15.189859359694564
49.398424751791765,15.458527875005789
49.35207095009104,15.27948025838928
48.98137749061948,15.364943894467622
48.8850214566158,15.268461824373126
49.489217000516014,15.711579583950083
48.44472605771643,15.451502322481451
47.409811876692494,15.141400569393937
47.722643487251226,15.114781186899451
48.22046373283564,15.419827947431989
47.14844726431819,15.053661953979962
47.23761889535168,15.053087405931928
48.48037598294011,14.86194576485283
46.90374391294048,14.625017232939214
46.82771160646981,14.906304384171305
46.16817628678596,14.842680798294683
47.81375697191804,15.00689573689012
48.85519019167788,15.193402061595538
48.34658519250363,15.351076613452973
48.36569150697845,15.423199110952876
50.58163539387292,15.669576308859417
49.05110896816361,15.310176544928579
47.381111009143844,14.821512349166888
48.84909253884896,15.509491595279178
48.51209502793817,15.485910803902113
47.84848745143486,15.178538534280042
48.33007880869363,15.413414315301644
48.82369825873391,15.69782405144593
48.057508814674875,15.559884820306925
46.94717138220154,15.176559794400008
46.525932849905395,15.372931630227416
45.10887307276881,15.213469109712063
44.01519418672184,15.150848971992303
43.411825731483646,14.703327652082182
44.259945244534855,14.552159219809552
43.41424569689916,14.266539919837085
41.74715413582266,14.105291160737004
41.13633086874877,13.917900620825275
40.66783929473464,13.991456629462704
40.070700517018615,13.749207961406777
41.77502511649964,14.13726173204848
42.99461191634089,14.2646281483677
42.73364960698166,14.367844985556816
43.39614874341248,14.375719747089562
42.88570780557428,14.601987253097665
42.3662851845638,14.926651119822063
42.361423948153785,14.66117948518233
40.56922700229984,14.567856759030944
41.902167783277505,14.756761348363657
41.67049364168262,14.287952626251435
42.26535700429497,14.578833273158187
42.36910005124572,14.542176440489634
42.50736763018197,14.385661554919574
42.97942573050011,14.44803522713522
42.79482763098787,14.399019476848478
43.40071869241133,14.623596729343799
43.69136105567697,14.553795236490942
43.91303759416732,14.702929773899434
43.7178820092342,14.670019751970154
42.498205625146404,14.152906748995642
41.829188888977896,13.957173585206515
41.99646204805301,13.895404481228171
41.47790246428402,13.927521075644911
43.008003685988385,14.226995420078586
43.05650330540536,14.110074479899636
44.24749602377691,14.092927519749507
44.334249055509964,14.241610068438552
44.29714655624956,14.33485254532931
45.09298409490948,14.520234238332526
44.751054541260515,14.421930566887145
44.86783335472375,14.594732491650532
45.40183770124121,14.745934986796334
45.30909832670632,14.747056212659203
44.59933459921065,14.907673161452326
44.02816626599952,14.883391697895533
43.732203433223766,14.770904643632255
44.34738879800964,14.831769412548619
44.52438203170682,14.642701153325616
44.12170192590619,14.7842155709393
45.56036717951146,14.808593717835231
45.32686568079586,14.639457716036796
46.189777092648214,14.694870477048426
46.687491999381905,14.74603767616549
46.87493889124028,15.032450582956265
46.90710083092819,15.104095144940274
47.053904513471984,15.111291009283862
47.85031985896413,15.320798079532162
47.37373377922376,15.451854409552963
47.08766825723206,15.390907694538171
46.66292671449939,15.539198087573434
46.641188840610475,15.417259406901852
47.30986938810136,15.451917629015542
46.91480146560225,15.39482671215391
46.22350942812499,15.416411864025354
45.57817131638587,15.364041601597366
46.32282275407338,15.241580044010325
45.31898339319338,15.104314751849534
44.82575673398822,15.29389115380572
45.06054173572894,14.914094200595768
45.52828093042372,14.73479195804529
45.9242674024934,14.742382110486767
44.891029071083295,14.572257882603699
43.147314310656334,14.419118463797643
42.66095634868352,14.321325005256773
43.04710636129557,14.178075530466467
42.83578791493555,13.99703941984752
43.2182331392442,14.021687596538996
43.17084785193519,14.211116486275904
42.82313185458142,14.596862679363001
43.17292030023664,14.615098667469754
43.04796087894598,14.677251462515576
43.39957373536568,14.631439050202726
43.67462031521261,14.762585693603997
44.997037285436484,14.904938933265392
45.323255678919686,15.151118008391249
44.87505162816327,15.316960995244095
45.27328964449666,15.217627103863897
44.80776195544927,15.128697833735592
45.17384676623636,15.268464958861976
44.520541012333794,15.368916024838162
44.75945887394531,15.420482551548675
43.69206370175005,15.471733065548497
42.62932543792666,15.148691615578182
41.82202758819289,15.136272838925088
41.74871587853547,15.143554406473065
41.290426272319856,15.234617387553365
40.81245238880025,15.329947839671872
40.79647078738001,15.49264194048132
40.99879260439208,15.273334377629313
40.52038734088552,15.01570700886577
41.33610746684599,15.319422964448982
40.83920972618289,14.975483291702888
40.34774023144453,14.579073491677217
39.71635986506179,14.332652715341192
39.755226437162435,14.832866199963611
40.0811895009736,15.203849567894231
40.42713589463414,15.749047025271395
41.47839314537957,15.7121538399711
41.49134366151672,15.401540577409625
41.20461430933832,15.372754842633338
41.29306122503835,15.77256837528271
41.50170491551696,15.893937187633096
41.22259880065335,15.808572579047992
40.878775192314954,15.820081756308305
41.75291673970893,16.082386276499513
42.111708302657355,16.358512595358288
41.87802037352171,16.539466016009865
41.7985766078422,16.626017919481846
41.62535722024738,16.422972138804553
42.97411011208489,16.463437415590832
43.08425020371032,16.532933724338406
44.434274319788145,16.618362943056134
43.9575041661185,16.67639919807611
44.08641156917837,16.63469770769235
43.79329741206368,16.516095859811205
43.951062973382044,16.578397141958984
44.42322123620967,16.482161987000758
45.08128020131256,16.72698960214183
44.82138017570129,17.070272038410526
44.55204456233276,17.262331723368245
44.27518468305298,17.56358345336474
44.113989882388914,17.597199487535896
44.65452936919882,17.625072273947737
44.532049430388646,17.29567359231776
44.54667946204517,17.31377370570312
43.6426365227052,17.048644472827135
43.45535212739022,17.05999024314361
43.182258507961386,17.119193701173696
43.473018192953006,17.227063451156177
43.64187159384985,17.15263378848013
43.72624206864632,16.967704998247854
43.03970331662242,17.05834187742931
43.250595942591225,17.207600549534593
43.62565104222644,17.250517202986305
43.76280851879311,17.36760429344668
44.682941924029095,17.46505001446293
45.359971651054636,17.295876081142616
44.96549083319289,17.21155271377987
46.16855065306245,17.235967819958205
45.80011123271839,17.08091061358565
46.12156055583759,16.947880452659128
45.80952803616438,16.958884082213885
44.9016621360368,16.850535651679667
44.755398049117034,16.83612112007175
43.99998919745637,17.011959732031503
43.45913848636236,17.18413882068312
43.27160386700518,16.895908945791845
43.21595680513042,17.15978206920215
42.8265331398206,17.326898337735365
43.39954625411717,17.432311814452376
43.67099454063583,17.54486158759733
43.17289245794908,17.405308525529303
43.07066221773669,17.343548462917813
43.63222621698915,17.54500944353223
43.833573859892454,17.359982431752
43.52343832727269,17.321057081289204
43.294624983126546,17.647249662508752
43.01253514151922,17.405444146146
42.97665844557973,17.52026393399242
42.59132656559013,17.343649474352965
42.75570787431789,17.37717866267153
42.32556411000038,17.295765140813998
41.18993383028643,17.04452008082622
39.11123073720105,16.744081234586766
39.322682061896984,16.47277118745079
39.05323194114508,16.291415395206965
39.028510899471776,16.218592121466042
38.99864764797899,16.15204005221036
39.11903551526555,16.157315167293447
38.994614795411735,15.823491018171348
38.73153290749134,16.01105884402791
39.145759328073154,16.05414328856904
39.41960147901551,15.907701385709657
39.80072253823897,16.022543002637107
41.00683843134459,16.161076996851087
42.03893157125255,16.23423007576795
41.823722443970055,16.44262349681516
41.021606649618086,16.225822040248218
40.99589756720995,16.339012911524506
41.33715192179062,16.775728131133377
41.03312653668903,16.557394430128586
41.49506406738929,16.54843379408685
41.573219448890725,16.84351979217877
42.00854125829861,16.780599878930257
42.7399510031307,16.6196949946999
42.074572683634045,16.390324562978822
41.57083527131903,16.034263690103003
41.50078757265748,16.469106103763046
40.732761353665005,16.10364015791645
40.162448035197926,15.845109465578473
39.77774762445367,15.626406248769268
39.3855253820695,15.62697015685953
38.32968460186499,15.590276606267505
37.62835864065403,15.28720511236766
37.62329980652185,15.384512822358197
37.778979091154895,15.39068047012353
37.837535137132,15.123230235542888
37.84008917707097,15.08656579620052
37.64792502490653,15.097557570837859
38.18573297157346,15.004664917872699
39.11581937986919,15.156019750777608
38.88096218698404,15.162368474654945
38.70692626407672,15.067822685273955
39.09644116702234,14.850791469407042
39.27376221925909,14.728215026651318
40.11183665451827,15.013053595871982
39.61108879811879,14.8013651144287
39.687502609324085,15.210154810243582
40.303554563099034,15.484204386445503
39.20636359611575,15.451744325545857
39.55895392874692,15.732144110373163
40.641829345834275,15.855138643874783
40.26406662862233,15.744899097206618
40.09993753759596,15.67225000994118
40.314432916969466,15.818773252738676
40.06658874179659,15.856680228704507
39.95613286053325,16.022362052936455
40.78385126746411,16.09472470234668
41.34830905923181,16.29814226381134
40.972088573931636,16.472664771148004
41.36642155613391,16.787736332008297
40.88093308953855,16.480707840405323
41.002633090201726,16.511426993347172
40.890007351204524,16.494512552376523
41.35302660889888,16.26306333677326
43.31946633549316,16.570126728877906
44.05361277135904,16.809719496170835
42.799710258795244,16.891053586827578
42.18551114768974,16.725822110363307
42.04907026326519,16.55328993569471
41.299012684224046,16.577891005498905
40.60704597677972,16.5519645051743
40.659961462098316,16.65363214301964
41.09155429776664,16.814127411308053
40.76555917492143,16.688174109552843
40.6585273061789,16.70695660139942
40.6914819105474,16.51335426316857
40.96623847829636,16.68137224908071
40.73952101233657,16.496161801315928
40.25680472107661,16.477209421405956
41.02143217761932,16.397327743529548
42.317496550507784,16.365244882888774
41.65134449224514,16.49134798718842
40.71045829524385,16.461578856662264
40.16831371917255,16.22684710603127
40.667699426480524,16.305223804601926
40.64084956465411,16.260417552381657
41.57265691164977,16.512667154626126
42.325110751834394,16.771978795874954
41.61061855401392,16.601564262416524
41.471416014377425,16.35778558035846
41.6371029483582,16.501665586899527
41.33851458529749,16.49172522088345
40.95686353268127,16.42026929696178
41.00703059698797,16.765727256797437
41.29458489178569,16.70122612832006
42.46377870692592,16.935846266675988
42.763606156512154,16.741442472203033
41.90043941787215,16.806921846111585
41.526117486275204,16.782186539606325
41.831902281588796,16.741526153263177
40.982423670672745,16.84855762847118
41.514976808020876,17.078978178123684
42.22796646325385,17.11587384282244
42.331344886347956,16.985223549020905
42.73503120279992,17.09795880103554
43.1902133323277,16.94369828719105
43.64233853072692,16.8972660352831
43.764788555354414,16.77250456384623
43.97094907294397,17.079234163914084
43.10227978156579,17.007686330644916
42.874302028591906,16.49990140037468
42.94476765563302,16.483917376236942
43.55029488372837,16.58580348079141
43.74777020430289,16.93354454225614
43.94732282757877,17.054681205212834
44.72321838459346,16.90742491138689
44.990363572340435,17.09812410387747
45.82164859819067,17.529026648209
46.23274735354802,17.947430485366883
46.57478403540879,17.82467054983797
46.03016967356134,17.563731921309895
46.65452321680409,17.354374629501514
46.68522426859994,17.133912483232436
45.645082007898715,16.91516122527004
45.260817808090394,16.646854125506863
45.00326477673448,16.54384586486952
45.45442163469594,16.235246816774968
45.8996211004087,16.395658952485157
46.19154617703252,16.35884171363241
47.443094561515025,15.959503909944743
47.36153054195004,15.65596227055838
48.10011036549495,15.813287456007568
47.63737734204635,15.92781297847062
48.49642296975315,15.78069485158427
48.69319394593035,15.560755257263148
48.11721744787453,15.3923536189133
47.6128932607632,15.530654184618774
46.70321870318596,15.522921588077422
47.57882288968375,15.51356713479215
47.661296297987356,15.577768398282227
47.83576736291756,15.81167002409917
49.16770510673474,16.245044216790674
48.15354200327695,15.892752017318214
48.14541464132343,15.798451107230184
48.4246442684795,16.001812744623134
48.34003083304092,16.12382231612284
48.928327520610765,16.44848966341966
48.90031838650484,16.519009014339108
48.32035177387265,16.294159840426097
47.86267209753109,16.403979552214157
46.564233628292534,16.491628803838854
47.12737766175536,16.238575646755194
46.71225050740932,16.159023483917377
47.378501289825216,16.203278253077883
47.23546145394076,15.916401581538883
47.26006446423794,15.543953188289152
47.62473033627082,15.771591549409042
47.17967332978703,15.814747373717527
48.02280203802496,15.811880857096115
48.741310113439994,16.09747346080783
49.48354917963077,16.46976525523595
48.86526248823702,16.86161922343741
47.90072434238304,16.568023725822922
48.83921680380918,16.472567781253545
49.33765602156317,16.756946199317316
48.39265692083627,16.95773546608253
47.34217569397476,16.93920307251372
47.42661576787007,17.086099427726424
46.294380878863976,16.640173648623914
46.86543711628926,16.874734787925007
47.66193136502232,16.920762161877455
46.68123667857196,16.866682847795257
44.98998939462823,16.562352765849354
46.245168204269085,16.539063633165867
45.75186715888751,16.10781466785547
45.950469630499214,15.880025153410937
46.65011864184299,16.09537615552738
45.92392971878861,16.0976915226628
45.177374252650736,15.98575888819818
46.1690102155495,16.204400718407214
44.75296566701504,16.01859667932659
45.310512347534726,16.20328628409092
44.10186384913177,16.172202465508857
44.68323540321714,16.183969795206185
44.23684090310048,16.448316053882166
44.86241599622397,16.830859797554872
45.09346013726261,16.894808811532318
43.253497618086556,16.611853087095326
42.91015335586159,16.463186640441126
42.442863986632936,16.197609475701334
42.518433193105885,16.22723496866543
42.1126295944244,16.134082816934477
42.44137291620509,16.0247464275642
43.499103656858864,16.317474074855337
42.277415258918936,16.131637413481364
42.282554432402215,16.18823236023478
41.19903868439381,16.60440442557038
41.23106975369877,16.524649466923297
40.86605797455343,16.44196508528457
39.81417733093882,15.553850744145091
39.040571597757264,15.297893998250057
39.181737776419645,15.153712504622975
37.85435330320025,14.84815571699482
37.08990872966885,14.812495082889892
36.24527578994645,14.325310524984019
37.045111337453434,14.578733510840438
37.47051146298727,14.703158149730415
37.94558340566839,14.7716547854815
37.71771396858567,14.776797847850624
36.97086171125006,14.573512352129434
36.26272542662106,14.494724879148597
36.024089320188445,14.30174597364673
36.356062286167244,14.245447666429573
36.176697700866725,14.117921493207097
34.86169355552229,13.994719272869563
35.170683347494794,14.0861020739779
34.6767185955158,14.140877305183617
33.77096696393298,13.701346294925296
32.69532459251699,13.780743546445626
32.299936246127636,13.641894240333684
31.307930552996233,13.438502432797366
30.587311163958766,13.39426175798502
31.113117096896897,13.385261938543609
30.773472756090765,13.047829276311901
31.283413998414584,13.009919037202803
30.8570695237108,12.952698377486634
29.86374397827266,12.945945035165373
29.005228678596897,12.490875937868513
29.38634131283996,12.738899407143675
30.086037381594384,12.634133671147847
29.867928844403284,12.629623226675573
30.281586078354973,12.688226001042244
30.33415305904307,12.646986853236065
29.756593943926706,12.464938569999715
30.054127183929207,12.487649604847984
29.281157453575617,12.199446808758212
28.660322970981472,12.292808243723579
28.477229694173452,12.523004229487565
27.771287356674044,12.422140422668976
27.90821254274538,12.72744479010638
28.311136509557613,12.809913720406321
27.618542671587825,12.741385760127459
26.77560745775371,12.629718658612664
25.781049707069766,12.55355734151903
24.938089729060664,12.452303804162355
25.002445707246082,12.143637877652742
24.222186674217504,11.945671702594717
23.927532114076804,11.892735406017334
23.81936126310484,12.126293322750714
23.885400080989935,12.229596018760397
23.671478205170615,11.839456191083416
23.516698918744602,11.779453237773003
22.792702894363185,11.418757497173566
22.433343695222973,11.277581839878408
21.91165747106907,11.238757781580748
21.753516677921382,11.094625017880702
21.71795580812032,11.240263225905645
21.824073442579383,11.358826254762217
21.679998403304563,11.246098133699252
21.857147449854015,11.515843139981033
21.1895122296001,11.322764527137803
21.148318220820727,11.219109340975647
21.156240341327205,11.306314225456
21.0118452444501,11.39008994442324
21.505003662076746,11.52699320661014
21.425727088598745,11.400514396883525
21.911619407122654,11.570519386632855
21.761811073907765,11.401057225301265
21.577140715563154,11.534374805882578
20.840880334610475,11.325218185007703
21.041599159189026,11.302708006148503
21.32728450172788,11.21524252233166
20.803234378509426,10.965105284596937
21.161330762356855,11.122410303488047
21.371426437729756,11.167384147824547
21.08410262589056,11.067104389405959
20.46316609059278,10.960668287926104
19.730285769854753,10.702849020764397
19.307291170876088,10.399702898736281
18.723743847904217,10.30317971381247
18.684764661321246,10.367042639227142
19.440335781691825,10.445505395214274
19.22091057589101,10.426975809676518
19.443444680466985,10.377031414954475
19.24885119304077,10.3231447009978
19.317513498016346,10.577975820081203
18.49483614479505,10.583821968145319
18.224347348209598,10.534677064641585
18.290005053663805,10.436748446796564
17.911149030449515,10.228298068813476
18.674843517624172,10.219741510404537
18.658309033475508,10.019885952169487
18.920279653871198,10.035660240718371
18.487859633562053,10.08688683824295
19.065980023441767,10.2248701736419
18.76644458346249,10.300973839892684
19.049121616151087,10.54748870835297
18.985715726661365,10.639547861246873
18.78510652466512,10.665810437682937
18.9827612130855,10.760193978772502
19.357497432936878,10.927187235833372
19.14560828693004,10.858239027706654
18.711703624467134,10.785559669311946
19.011398508639502,10.910041719346447
18.814736662401447,10.785130096697626
19.600833252208695,11.04689713876607
20.11206267204338,11.573340856425368
20.053037602262627,11.776590145923809
20.33881435550139,11.665250793668646
20.10503766981957,11.57679742579246
20.339863963102914,11.701877848737427
20.680472203037194,11.927176148510712
21.043703943386678,11.737758724197937
21.215777247590317,11.957584578868282
21.02969509378832,11.871552660787803
21.68999742140956,12.060864145166883
21.74016961761068,11.817558366982727
21.920313498997565,11.878622354986062
21.876695743081758,12.070665976448216
21.51329920307152,12.363730959787011
21.544800519713277,12.357712209216878
21.05383096975125,12.207672764653026
20.874108801989447,12.061680338908587
21.178549792052916,12.359951314297
20.77282790794179,12.46668597837733
20.505646514592556,12.414231016054325
19.964868776176502,12.173986333071882
19.435913136744986,12.046233672333003
19.48177893877264,12.178114507922983
20.076361129738657,12.397632375501674
20.68448557253776,12.712392132414577
19.887002334469766,12.637456575999842
19.425092063801262,12.553460922275534
19.354899147603156,12.573887089562588
19.146053293496266,12.44840956345753
19.402926145978206,12.361551641816412
19.180638830018555,12.395135881782583
19.135915324947604,12.211729358310413
19.68419432451977,12.379655893982145
20.01961566883878,12.30964956119694
20.899776577052947,12.52730700419162
20.8774114944508,12.269793018740257
20.913501426297714,12.313733960211108
21.033723032165476,12.489110233597964
20.96759042730033,12.320510478174704
20.75221797335904,12.137590466700923
20.32507535829821,12.126873616231455
20.76162886309628,12.244925685384576
20.25971954831088,12.366619842294439
19.896506576393605,12.37162772446629
19.189553827235873,12.171722562301658
19.28699558831988,12.006646128755083
19.492286657472167,11.915246294851388
19.804293066419252,11.932787821090052
20.1796927747398,11.836490389869514
20.43584093296732,11.787232758041723
20.492039782346396,11.90385400564059
20.18227102208497,11.85436183843201
20.270441237813944,11.929625743751537
20.145716925443505,12.024716318977559
20.402454468742913,12.068838091705935
20.434976761267258,11.954583539513559
20.008543890739446,11.862353702652012
20.232899213100378,12.114778646959616
20.190259347723458,12.107084044610675
20.43235274130738,11.866339451688857
20.39512877796145,11.846430005161217
20.482248226875804,11.93394364861547
19.745207471840853,11.734060013367978
20.07259134494312,11.72637535419752
19.62017818592019,11.90653879150458
19.61823266391249,11.856313363845693
19.550171665768172,11.717943467812825
19.88313341486293,11.633162085358807
19.672084373503985,11.902037722938726
19.834323604293115,12.206369596533623
19.642921550393456,12.19570859387696
20.104203783358475,12.421301891211124
20.23441807273094,12.373737553837332
20.213493944262055,12.494387210824746
20.345898167840147,12.705519626659925
19.955636388529555,12.672252302405182
20.486232570321658,12.85487348368326
20.48460783006164,12.896519233198175
20.30889974847777,12.803455404770085
20.129138446044582,12.992918091695632
19.825664159171495,12.804036656052572
20.396174555953365,12.765989528847351
20.97462392366623,12.79220192041512
20.918844887832723,12.757374805530882
21.535995864280626,12.970234499398872
21.795755994759627,12.916957237065448
21.525828938238355,12.719981273737767
21.44654463115066,12.601404151422258
22.109771343106868,12.725737961102373
21.66732294731272,12.835994186286095
21.702882133391487,12.90633799020744
21.950389926214083,13.138395638467
22.229506961812703,12.92459388027731
21.36035958743138,12.97089028982729
21.73696750624887,13.110123531273478
21.376805526800798,12.95693267806204
21.863512425578072,12.83491588667633
21.54046963632923,13.171976210177705
21.347484726481586,13.043050647687425
21.788895213974524,13.26054868434378
21.21772000902729,13.24703053292838
21.46727420088282,13.161815349729315
22.054198569908703,13.005944812508417
21.554729863177705,13.190262681143421
21.684508389103,13.183227995804566
21.236250040498696,13.023271738287567
21.12231677058472,12.992167412647348
21.56070904680219,13.33746583583468
21.415258602699147,13.424254440160114
21.44490469091147,13.56434336700605
20.883413559119678,13.290982240155737
20.568910549768265,13.22252429472945
20.616328589912825,13.510825071231274
20.381090150669593,13.341844163780854
20.741707866520702,13.19562513904608
20.755429822082657,13.19222175770114
20.41819551677759,12.916409793077635
20.29609932675353,12.944120576598113
20.356774370930335,12.933961839430195
20.679851339777557,12.954586834106609
20.43467649371497,12.714424420426097
19.817688780568673,12.851335883251565
20.012217870841795,12.885474272956913
19.75371806227801,12.912540188464549
19.661324761946407,12.880956006805478
20.034177786841045,13.062717788574334
19.822317234803283,12.809552895598635
19.699692173027007,12.897063953729608
19.66957516259104,12.742511938812896
18.925522371071924,12.58083168782652
19.756957667375172,12.684242958202075
19.48821193690172,12.760733589224019
18.876776551078287,12.543978030024219
18.523821042451672,12.577383454652704
18.435073886354576,12.670380609017595
18.503610316740563,12.63217448522493
19.16304853747696,12.979458594134945
19.591903071799617,13.106548102999302
19.694750671133658,13.001829584058724
19.55461065793664,12.855278648615913
19.464848009464394,12.992506033669015
18.889505435514614,13.029607649778384
18.47785888565357,12.7846329125864
17.925161367917013,12.53627370775211
17.43218120717199,12.244891058829376
17.33687316615084,12.228103585824282
17.193024570006788,12.202989710841964
17.11054000787359,12.087641720448037
16.972590215674618,12.030903251265048
17.092540466601516,12.342712519946287
16.76072406383316,12.253133312492675
16.632682036448788,12.429406195227497
16.87605246182966,12.5107837124292
16.857406978338204,12.559632608709688
17.055463938017976,12.771874565137447
17.878512277421176,12.993390039539225
18.17365151621298,12.943707596223827
18.053479366672516,13.071305264378648
17.758184060228828,13.0326879776696
17.25060148534284,12.864086704741153
17.356228749617472,12.800717188326827
17.93355031047209,12.989398128263014
18.381103473670883,13.648392713499739
18.608705706137684,14.037438783284804
17.568822838069323,13.564391800759365
17.47533225077409,13.442766594874504
17.521882466058596,13.36608265820374
17.497104650258045,13.694281419033384
17.420930103879545,13.378977068452079
17.63041292101554,13.193062506177485
17.50717623632611,12.968649785254387
17.643770307622695,12.677112722111168
17.572437628288895,12.544818582186966
17.472518577575713,12.652273348038788
17.492300271581094,12.501109122775771
17.71350545140641,12.816176125149376
17.840733822751307,12.8871473601616
18.291278949528024,13.036102144488781
17.804615095872272,12.787852978611859
17.6603361508132,12.892553916082656
17.717596255868504,12.759874603962047
18.109679746251803,12.725025362603066
18.528934900524014,13.000668730209863
18.0521253851968,12.945075703844937
18.507254452833372,13.072330332505826
18.746743442637108,12.985153762048002
18.676976466563836,12.92235495486346
18.830909343932614,12.997545274398162
18.882524954181974,12.930616214975165
18.796945682526083,12.825603527057062
18.996485682337,12.977819233587093
19.438405830674025,13.114437631085524
19.31374410731549,12.92511374837398
19.074162432936625,12.896373877241825
18.84151120840958,12.879981504858211
18.71441807194957,13.05315881101901
18.735093468409545,13.30518744935891
18.66755046360462,13.469925584158137
18.630536416774685,13.648747074272551
19.176354179684008,13.593502566158847
18.368250932627866,13.315583505159138
18.03233618674694,13.07590648313501
18.090699183918673,13.177103231107035
18.663868095567167,13.473597170885407
18.219220020110647,13.195319205495778
18.189153487919867,13.327308624560333
18.015451957895365,13.12701609883214
18.05317335234985,13.297730236123176
18.191962842152442,13.185589673851881
18.241609023292327,13.205472281876265
18.05187493632136,13.040598943264797
18.195500540478207,13.290079543683627
18.0902200678779,13.349413718364046
18.38817738447714,13.331778213560028
18.07403327677401,13.292780366495862
17.757465532900962,13.49030730102744
18.210523852202158,13.709961799118325
18.117664364700474,13.40213997569171
18.69687658052103,13.759554947536671
19.04712050768934,13.985087680837031
18.852291390172503,13.910508591716338
18.623059283355108,13.839798660351965
19.07870581967103,13.949663166324646
19.4412236774753,14.105747314504818
19.771505067285922,14.197701973324056
18.94011864730264,13.789649343229911
18.827432653929026,13.710264304082378
18.432150974758706,13.497515492262186
17.993240215777487,13.445168244930626
18.53549580260452,13.490475701117019
18.771123128989288,13.633085034527893
18.75674486978499,13.481709681607272
18.250763683505703,13.372679314606618
18.5108961802435,13.550361378377408
18.004004287270973,13.344103353424703
19.075698068245778,13.79640876932082
19.267193363638558,13.895622643033615
19.48251988220265,14.184788137586457
19.97305251192343,14.241919018790018
19.874325776219077,14.15219719514
19.786461672377214,13.921040841017424
19.010500544987664,13.695308509988186
18.684476498169165,13.396029772018917
19.155981576643413,13.437262838320315
18.357216230735983,13.221250804213794
18.29900624785009,13.243736504683136
18.048550780146513,13.19601419788288
18.0517414662974,13.356607162592406
18.026281499201954,13.617557575262813
17.722520081582108,13.475276599955825
17.686173168498012,13.37902900224386
17.737245440926745,13.388168019917677
17.92558836644427,13.60396562260369
17.463987731448253,13.447449671938838
17.84238007342614,13.563835519581291
17.571004745965624,13.230670726354022
17.400633892591017,13.212753692090043
17.39784525749262,12.858194228099093
17.34666216058958,12.9221784461516
17.36650656370326,13.201634005574181
17.49526027699396,13.108519171955342
17.780383350636157,12.909036862843962
17.519561061674146,12.90646441834548
17.38493119990237,12.789587232715109
17.344348872589435,12.724701991084538
17.28013431012526,12.84331037353358
17.11715686943664,12.745358715765393
17.191723052839883,12.756699335373785
17.379054146918715,12.929188397118693
17.162473047899166,12.951581631334914
17.459985720063866,13.023218491933008
16.91909529551429,12.761596755387076
17.544660647773522,12.815592608516724
17.43461130437208,12.98109042869429
17.56462505131272,13.096959613170032
17.21509590679751,13.035951981494113
17.438275428861232,13.07377358681928
16.844850409603087,12.681482928155557
16.259062872730976,12.647463487147325
15.850160039537665,12.711754535679564
15.814233231663057,12.720199849193525
15.395246602955911,12.48146378057606
15.198527035789498,12.695824114204756
15.170077337673602,12.922757028454145
15.203026847960299,12.75216049214835
15.273529649402448,12.818661975594424
15.238236613812933,12.750160383840642
14.903206868916223,12.65877912267278
15.349577562840471,12.797532139626645
15.429084113272364,12.745029880636036
15.308045622565153,12.725882328704595
15.663530992970621,12.939733512685601
15.745570528183988,12.87154582835342
15.701416525532375,12.870397711110185
15.830817197172177,13.05707125586915
15.399058492879345,12.851603639581846
15.666711506765527,12.934096555781586
15.511250833123542,12.876204080572304
15.327803453207675,12.828340117477028
15.198848582578941,12.916197872400376
15.202746653595248,13.128962783424981
15.826340952282827,13.2598329035695
16.401789398847544,13.593220051277966
16.543799015092546,13.491308732394291
16.632237333341163,13.324191035553717
16.72411235748784,13.262055591918106
16.17709645355173,12.853672638740083
16.021476286426417,12.721969346542524
16.35557312709216,12.955546792203908
15.949165792043566,12.869517785151153
16.2878795216141,13.22425813448771
15.789553357439498,12.998803729460088
15.647512479296962,13.026530381971108
14.868904250092848,12.719316816693555
15.141790952725167,12.747919653011959
15.47434732233081,12.975966588354426
15.654781496122144,13.054236712828404
15.373525952476747,12.738350252127793
15.023812935774467,12.450946006798658
14.986465873977641,12.224491429943821
14.116133965810612,11.891123699166672
13.98208333382341,11.790322197987857
13.95314124379685,11.467697570808054
14.155270995023711,11.536558778980663
14.321511436427818,11.495953029048229
14.719127002172597,11.58396325617185
14.503468157467955,11.229071311494993
14.418132714144466,11.227733504944267
14.4904638372066,11.325659430387645
14.370824543539966,11.227071399500279
14.487848745069956,11.351148519126422
14.544630249216633,11.340480258368526
15.122043662498596,11.781240187114886
14.860175705405824,11.60549508046672
14.64607145081915,11.680341969537238
14.202974321468071,11.421889985132086
14.200513191564603,11.651217217370522
14.176526636079961,11.616802074357679
14.195512211916444,11.653548830783288
14.289207784527703,11.721541478616363
14.354410926893712,11.793742833708846
14.542341287113171,11.86581208021391
14.415327075212984,11.837197922386393
14.829706524123859,12.068676698836653
14.260687261078193,11.782413840669832
14.124765546723573,11.455208633059398
14.023056397210945,11.329162446680064
13.928749469913253,11.47798445998581
13.834840465338772,11.291717230343018
14.110294233637767,11.574546073500322
13.945657932324728,11.547929682041241
13.986068465930048,11.486428408549031
13.728971509659875,11.22882950340023
13.82269856243599,11.370585250585957
13.57780057984818,11.25188934387369
14.019880444166203,11.17540476250052
14.070311791709646,11.096632198332118
14.160881828845897,11.270699653868927
14.035708213823106,11.290053636625291
14.153787865043565,11.207493593630454
14.406674773753673,11.37778622075952
14.661518868976115,11.453797727390624
14.18001484659716,11.251669774654255
13.850245297969508,11.310834533263177
13.330751928358158,11.315659765216049
13.068943959833238,11.133456547579957
12.83156360231501,11.180793661896304
12.724882575870305,11.177241007298646
12.922041722490457,11.16102495155963
13.055430719993888,11.051891093781089
12.90336135256515,11.015348363649679
12.531884522302914,10.90952978435261
12.641365394582303,10.643230197192793
12.97250971114541,10.564073275472339
12.941356734677989,10.768073054435572
12.799379276329505,10.699068667650064
12.628260120433918,10.699227196240225
12.39813934542768,10.519529040532367
12.243051071468598,10.654289437770469
12.292931776799303,10.497376643231828
12.227952590801348,10.371172332815865
12.32435527616382,10.410684659384843
12.034359543976182,10.284850971994516
11.648674410865421,10.2414313991318
11.605909276941382,10.35171906012139
11.619376177093775,10.102294335072589
11.243326875375084,10.074376626922602
11.23864138238093,9.891259484867179
11.253844793884294,10.109183917569164
11.263681196418851,10.134625994318938
10.942519564338019,9.976793270046787
11.190028907335378,10.401477048579947
11.104670712887348,10.17445218081358
10.640068569175767,10.116732125559086
10.682950647665603,10.12976948300312
10.656655018950556,9.986799653706974
10.333605226128256,9.832963730832475
10.398834243951562,9.907178607565305
10.313252609988027,9.821372891804197
10.493408123828994,9.772139117272257
10.645166547212764,9.944171977518698
10.51818459041108,9.850596769811855
10.790601304275732,9.963446221643107
10.802150420311289,9.88842096864712
10.550807070987613,9.868219401601829
10.494103669762897,9.767282045916632
10.730653503450645,9.869171263199137
10.790632682471061,9.890667476070995
10.841782082066644,9.928844693578768
10.9070375406964,9.904328659537521
10.78515806328759,9.909590008806951
10.62185625820227,9.95566216565146
10.576507394772452,9.871213670816967
10.77714515943531,9.98124872717557
10.861033969778214,10.022839967787192
10.762162331620557,9.926758250074112
10.791521370451171,10.081024306722137
11.005043072659197,10.144647615130149
11.07810509876372,9.98064606383326
10.799754265086893,9.811323058615178
10.582067597851106,9.816640027894797
10.674303399512045,9.84196332958514
10.59042381560647,9.692556624127677
10.580993186430232,9.972519843917217
10.935890455196871,9.885905495772564
11.050548665150123,9.963901717133735
11.06860523886589,9.942706777925396
11.041014867433294,10.026599697050889
11.22983169233841,10.030676541678202
11.1278370227076,10.01676575644804
11.215891420590175,10.141408335575269
11.112164842502807,10.040381241319961
11.25443757853582,10.16266039464685
11.115344582113021,9.972718916996623
11.065512092857826,9.95885348967196
11.090138820770827,9.909360273769249
10.915210560173549,9.789597480480356
11.051847320811886,9.812420694286121
11.089947890323725,10.128629419311313
11.27610768506639,9.95542612850435
11.112944997207407,9.789734839447377
10.95893157656233,9.626218103853999
10.934381419303373,9.723406238412354
10.925748660363338,9.693316656475352
10.759620136263269,9.774709900494416
10.509104964993341,9.892279225270919
10.349250656445404,9.88901440350641
10.406865860735595,9.854530870726723
10.391962843684743,9.972622684953766
10.392800974283505,9.935457930146804
10.219570928012638,9.918110477291053
10.062625903795821,9.828136755495063
10.037063492504362,9.799216467100718
9.8624121379339,9.672171794958473
9.890048409158181,9.687424965704759
9.967513175794988,9.66128650061149
10.130706198093195,9.844999715533257
10.220365192446556,10.007730192349248
10.24186238483002,10.017675615375635
10.379638086883885,10.08635074417697
10.06628872982834,9.945981353424695
9.853950494917033,9.868161402586013
9.806209943240903,9.726518613735502
9.966322508834017,9.89098660208486
10.244309887127704,9.836088904040617
10.085397952441884,9.864576848230497
10.09737308523994,9.93982892544695
10.024650363033018,9.937329018876348
9.873699165671876,9.895212597439151
9.795842796402946,9.76569125310108
10.037605447965447,9.795246460956058
10.037456354210384,9.779076711088466
10.092691729771039,9.840017933636668
9.944213612863903,9.753487409261151
9.771778539200303,9.533010464672168
9.795867923398017,9.719649407170353
9.52763768965455,9.753620470816626
9.421588442113574,9.92754762231229
9.308297419922486,9.842401683341677
9.261979745492582,9.87894237057207
9.291230042302246,10.03500980868078
9.541961311458218,9.977370044961502
9.420053907542206,10.172119573016067
9.686053878926153,10.043984066649292
9.89258093220171,10.011692107261016
9.822228406478306,10.09549846914346
9.955888641612528,10.226719014108358
10.007245815900793,10.262614610680778
9.891729751946807,10.071470312082967
9.733987680671744,10.130191380810926
9.572326846061095,10.060023269619432
9.545154542637272,9.761696345212842
9.432641846174148,9.567587848833396
9.446958556263066,9.586281742359812
9.617959753157427,9.897612913868292
9.623462847184024,10.033555863518849
9.690690594689555,9.869387569191534
9.799945686335223,9.912047511615434
10.039084239003573,10.005849832691055
10.085288288256333,9.973511986470205
10.240105102783515,9.859389862212643
10.060705827667384,9.82935628356984
10.338005541156596,9.915302444587626
10.338844953542683,10.002934329243669
10.408959275953228,10.094561555236373
10.453990306240165,10.128492499479979
10.306647667835326,10.120341886448891
10.139722350677022,10.255264137042886
10.190657148765254,10.189429408331812
10.203702584239565,10.156435616832317
10.404960527538025,10.08952118072363
10.273770955011896,10.057977639514649
10.245102655079474,9.92828467424067
10.234110928383064,9.891934621044177
10.257282421364648,9.865302393734128
10.124428572877385,9.88053730639549
