iter,loss,mean_terminal,std_terminal,avg_turnover,avg_gross_lev,gap_l2_pen,mean_utility,mean_lower_gap,mean_upper_gap,lr,val_loss,val_terminal,val_utility,val_turnover,val_gross_lev,val_gap_l2
1,-0.1361001603433496,1.2064653255641091,0.38891800018847605,0.06800705173630991,1.6872926230394065,0.049987043828112865,0.13615153666588642,0.14779680917683993,0.1575442252654059,0.0005,,,,,,
2,-0.13137183948844233,1.2204515023896267,0.44267536851331274,0.07242425127277047,1.6759529586577153,0.05049118944925708,0.13142531605555982,0.14774017879442383,0.15783800516703667,0.0005,,,,,,
3,-0.17365281782069958,1.2616875212307859,0.4320483806229751,0.07559284388798782,1.6556792416851596,0.0526171163185989,0.17370769720622364,0.15037313800653243,0.16034018517127238,0.0005,,,,,,
4,-0.13642222145688482,1.2227941751405513,0.4362986312335066,0.07213966910322325,1.6813158277425313,0.04996059776126826,0.13647560405569148,0.14672642875740843,0.15740808004127005,0.0005,,,,,,
5,-0.10519527276993208,1.1825455384359413,0.42300815990967205,0.07537296449348804,1.677473625502376,0.050324304045697876,0.10525023723147431,0.14690012711628014,0.1575395341574356,0.0005,,,,,,
6,-0.08761154470693201,1.1550502390567996,0.3818554112017361,0.0805774197242277,1.6633531385567817,0.051094360683580364,0.08766897789178654,0.14763923940496637,0.1578078842780341,0.0005,,,,,,
7,-0.1615320553489367,1.2321604372641883,0.3762986178838477,0.06799983771429828,1.6971383639347712,0.047321727471772476,0.1615834998687079,0.1430407413241772,0.15404196912668291,0.0005,,,,,,
8,-0.146124442060863,1.226181088800994,0.4146190006705824,0.06399738465398827,1.708999673485165,0.04721262943781655,0.14617400287621923,0.14285421393400394,0.1542017967829514,0.0005,,,,,,
9,-0.10830884044599702,1.1928460807869623,0.48338054790820173,0.07623885936690944,1.6852435256126241,0.04752038694349096,0.10836428751480605,0.14284100577239978,0.15367876792431662,0.0005,,,,,,
10,-0.12521148184989045,1.1955399074542654,0.39406520899078473,0.06470620021880301,1.7217377542932764,0.04539295318124833,0.1252615062570746,0.1398115671388423,0.15196493667472333,0.0005,,,,,,
11,-0.12859300474029547,1.204594080911901,0.4127719153879683,0.08334152186751845,1.666053603138435,0.049756319050494734,0.12865183360045113,0.1458171026162483,0.15543326348417655,0.0005,,,,,,
12,-0.10505010854224692,1.1732175127946551,0.3949199853179072,0.08003434451158947,1.6805194485656592,0.04686261951156419,0.10510739953518347,0.14151834949229175,0.1522740831299959,0.0005,,,,,,
13,-0.13928633028232365,1.2208504552579906,0.4308325871247234,0.0750192758231448,1.6912216187464622,0.047523915387571294,0.13934122737557658,0.14266674766333673,0.1531109712319017,0.0005,,,,,,
14,-0.11419612975426255,1.1854232737281674,0.3983949894542989,0.0706230066913266,1.7083765183242239,0.04452449497153589,0.11424897026774118,0.138100615711148,0.15013115421315099,0.0005,,,,,,
15,-0.10689266354200698,1.1798093052197514,0.417639683114861,0.07172776880591472,1.7050391963935718,0.04540466942958301,0.10694603186506817,0.13955517127277592,0.15089096949099076,0.0005,,,,,,
16,-0.10679545044716551,1.1648533725493162,0.35282433305890676,0.06663624336098956,1.7176403165417176,0.04420142606439506,0.10684638698627208,0.13756395813105549,0.1497007192070442,0.0005,,,,,,
17,-0.11534892415170175,1.1899266858424546,0.4169522100367683,0.07870676749681518,1.6867683235421258,0.04630775961294789,0.11540560829628171,0.14091325349262546,0.15075540977162494,0.0005,,,,,,
18,-0.12360655673780088,1.1949456620166181,0.3913741155797252,0.07419941411319395,1.7043016441764913,0.0446920446242465,0.12366114638174547,0.1384565007214415,0.14948473473053792,0.0005,,,,,,
19,-0.10022414873880414,1.1668045277866956,0.3995792393398406,0.06952668343491689,1.7140434070179364,0.04530366141030896,0.10027650555120587,0.13947179203077859,0.15009957037617963,0.0005,,,,,,
20,-0.12387004020058538,1.179752632679971,0.3341524186038922,0.06915183238678095,1.7173466038459941,0.04430149867490777,0.12392223259780397,0.13794295457098116,0.14898385568796646,0.0005,,,,,,
21,-0.10719989400228896,1.179172377270907,0.4073776642771804,0.0670739513337365,1.727741041187207,0.043636356695060496,0.10725114475193467,0.13686173150143588,0.14819134249549598,0.0005,,,,,,
22,-0.0650734715764758,1.1330180535192353,0.39868766894276264,0.08259595639287862,1.6994786926046963,0.04385803968909862,0.0651322029219952,0.13723088909857273,0.14705133359959205,0.0005,,,,,,
23,-0.10130331042181934,1.179439050468609,0.4423328865016305,0.07753246114444672,1.7100722440208695,0.04314340950040081,0.10135960880892676,0.1361145956165799,0.14650101279378366,0.0005,,,,,,
24,-0.13107530521678826,1.198090246464096,0.38120016973236753,0.07137400187301712,1.7178455529893193,0.04238730199049702,0.13112859454627457,0.1350298088038693,0.1460313712608477,0.0005,,,,,,
25,-0.17897820269942216,1.2596832973362218,0.39955264926077044,0.06444530662130721,1.7304585643025083,0.04282847673578652,0.17902815822314322,0.1359263740132355,0.14658292975055814,0.0005,-0.14507754141003731,1.2384470180210565,0.14513023684475682,0.06999743025899414,1.727885358241033,0.041786600759712036
26,-0.1532569154683571,1.2509945792698174,0.48831725965300776,0.07405440382666859,1.7160036865729076,0.04206779190467064,0.15331152338505522,0.13446880016787086,0.14478385207550187,0.0005,,,,,,
27,-0.15839571073286546,1.2471512228361918,0.4584634985090252,0.06917765203582592,1.7266718400395664,0.04198807140803912,0.15844798615799782,0.13434049795696462,0.1449601642844538,0.0005,,,,,,
28,-0.18463141965228297,1.2960131118754263,0.5192447216610204,0.0718419681178035,1.71790028437669,0.04279459908361351,0.18468494758517648,0.13581891348394592,0.1453003511088352,0.0005,,,,,,
29,-0.19132121436349336,1.28759572443252,0.4682383366023773,0.06256028630233117,1.7423053909782826,0.04121160581770926,0.19137032967661247,0.13298510075574116,0.14455517634420573,0.0005,,,,,,
30,-0.13251191376212113,1.2122881663685805,0.4281780064571059,0.07474446866936206,1.7196281117275451,0.041596911668204326,0.13256689824668977,0.1335012829083338,0.1438323769555439,0.0005,,,,,,
31,-0.11585714421579477,1.1861192128105333,0.40015022448486787,0.07651697937474758,1.7129728846318635,0.041843887904502414,0.11591295087320751,0.13386754928048983,0.14388460836838884,0.0005,,,,,,
32,-0.12438729539319852,1.203125496415357,0.42286586723047453,0.07769725225206324,1.7180398477219412,0.039988617347010175,0.12444372430397524,0.13023592621301877,0.14191589121265058,0.0005,,,,,,
33,-0.13761946014687937,1.230756493504612,0.4644772123157402,0.07037710906835451,1.7386854042585715,0.03970692023784621,0.1376724326246585,0.12964621810732632,0.14213484018188688,0.0005,,,,,,
34,-0.17157133686012088,1.2568740928874693,0.44172623488269763,0.0759092421140531,1.7177514427494782,0.04197449247252001,0.17162688874053011,0.13412893142786583,0.1435132561711152,0.0005,,,,,,
35,-0.08590861242197181,1.1631125009998338,0.43629033280663987,0.07949864799424017,1.7254310864625428,0.03932995454187661,0.08596600935637898,0.12860421947825,0.1411430415248259,0.0005,,,,,,
36,-0.13993970455231394,1.2236680920706504,0.43602064323696155,0.0718549853521037,1.7326009943522642,0.04035724029252302,0.13999336162733642,0.13073312563044298,0.14230367601961894,0.0005,,,,,,
37,-0.15916043054641194,1.2393097721873036,0.41393820317796254,0.07343535212679592,1.7300479299561773,0.04025076320930572,0.15921485120940698,0.1305471904763477,0.1418627009274723,0.0005,,,,,,
38,-0.09626411712663668,1.1754330299291074,0.41479957389551125,0.07718852014410338,1.7336808758259905,0.03787129877450078,0.09632042690845473,0.12542016230323347,0.13993194794155622,0.0005,,,,,,
39,-0.11918638114730697,1.196944863586899,0.4361873073254798,0.07540621285773116,1.7337635063325454,0.039167996077979376,0.11924181356875994,0.1282834782708857,0.14052740709988198,0.0005,,,,,,
40,-0.16321996045245685,1.2684885209981096,0.4780613907047507,0.07489929444123641,1.7312852964463046,0.03878399313879779,0.16327511079257334,0.12753097278822245,0.1398957100548694,0.0005,,,,,,
41,-0.1278923997979959,1.2150645120618464,0.44839100587971364,0.0749697845204848,1.7398735412671946,0.0382983783183082,0.12794766640945202,0.1263902010399084,0.14012934836086333,0.0005,,,,,,
42,-0.111777167178713,1.1870565501787067,0.41727761517131706,0.07875846300825368,1.7348748686571964,0.03814714447467078,0.11183427663034842,0.1258867382692266,0.13943940551383321,0.0005,,,,,,
43,-0.09904128899037402,1.1661517101349328,0.3879478363957091,0.06904418370531643,1.7568606148963295,0.037880524125582085,0.0990937584936169,0.12497676567949487,0.14008930071026376,0.0005,,,,,,
44,-0.15587805656736342,1.2703639097859913,0.5243156260671241,0.07307928159146834,1.7462298669836358,0.038353992186700124,0.15593244204675086,0.1262674074592508,0.13956899635708112,0.0005,,,,,,
45,-0.19868939111272294,1.3071249671513674,0.49260481557002,0.0707337127430396,1.7458905516665848,0.03852837421051289,0.1987426021583532,0.12657624649309504,0.13991576813855874,0.0005,,,,,,
46,-0.11867370180824666,1.1929992853786326,0.4063988408074501,0.07564773408664997,1.7410516722001108,0.037561427429802,0.11872931180628629,0.12417939822839491,0.13890771266827778,0.0005,,,,,,
47,-0.08667887580237552,1.1640302220529841,0.4373683485630044,0.0830493805155995,1.7380337738315617,0.03740691236277684,0.08673815489949524,0.12385932377672444,0.13834090545737512,0.0005,,,,,,
48,-0.17981646941959367,1.2656671232572243,0.44084136323244383,0.06840595352969775,1.7567201116365858,0.03636375906968291,0.1798686032350656,0.12129555576973074,0.13853114052112556,0.0005,,,,,,
49,-0.12255487722597985,1.1992989698672496,0.4263477361279922,0.07239122071581333,1.7535405119627332,0.037801002867731574,0.12260898625148607,0.12443700293827442,0.13918973894071762,0.0005,,,,,,
50,-0.1443735612931387,1.252164812734143,0.5437174927444566,0.08213479123455264,1.7329341706444648,0.03752126658330449,0.14443233324312824,0.12400791963448507,0.13779687254453313,0.0005,-0.12204503935632456,1.202983977374304,0.12210320715449552,0.08072921215165403,1.7442864139808016,0.03603279553001665
51,-0.17011494220195167,1.2588176820123786,0.4232251391449299,0.07720140161214675,1.7417602398598537,0.03646394011076582,0.17017132514455746,0.12142272096864891,0.1373286654054242,0.0005,,,,,,
52,-0.17566045092722327,1.2615201662562057,0.4425351816762267,0.0703945254293023,1.7562048336759974,0.03678222488984128,0.17571357806052357,0.12191519048635238,0.13810634416814319,0.0005,,,,,,
53,-0.10022436836592079,1.1664511507446569,0.38190155190289765,0.07403283597896498,1.7607352455725518,0.03714202573691588,0.10027936355662335,0.12262456900348342,0.13810965091636648,0.0005,,,,,,
54,-0.1460126949669226,1.2396402300707106,0.4825822937270574,0.07096786872648733,1.7644961092598237,0.03545415445644353,0.146066178403923,0.11847028923679132,0.13726594716159668,0.0005,,,,,,
55,-0.14223714960626385,1.2289045229998532,0.4494399850459727,0.08039014446246118,1.743864747801016,0.03755009441006833,0.1422951588269172,0.12374320829287883,0.13737605865221475,0.0005,,,,,,
56,-0.1982839966144393,1.3162121426535196,0.5266386120558755,0.06786041659427121,1.7660486868175913,0.03609892042117749,0.19833594829880885,0.11994694287556809,0.1372432616736542,0.0005,,,,,,
57,-0.09983518832040678,1.1760580001931173,0.43341158103783184,0.07025810159954154,1.7764138496327382,0.03478629005893835,0.09988842937260345,0.11625548577687755,0.13725312034080964,0.0005,,,,,,
58,-0.06915661087139699,1.1457597445842616,0.42317652090813473,0.08472258364339758,1.7470441704163266,0.03639038227579336,0.06921680650874562,0.12030384491221893,0.13649014031440623,0.0005,,,,,,
59,-0.13830990895086323,1.2237702300597717,0.4419365519065461,0.08179569048245713,1.7433952118308245,0.037173416247973726,0.13836861248238524,0.122430051217088,0.13654765107212233,0.0005,,,,,,
60,-0.1791951480286119,1.2827919700246944,0.49407471160815714,0.071106681916213,1.7665209715705075,0.036651162078627446,0.17924873309090647,0.12065922234326065,0.13730618881389645,0.0005,,,,,,
61,-0.1282868881743665,1.197993302654172,0.3982993985813503,0.07991231545554844,1.7583744639626433,0.03671939375157171,0.1283447952706714,0.12075946227970617,0.13695598701424666,0.0005,,,,,,
62,-0.13794057551167202,1.209358152166383,0.38740421414504583,0.066340118477298,1.7830235356453576,0.03581599198170787,0.13799193396618692,0.11787313621864015,0.13772387095955466,0.0005,,,,,,
63,-0.18183901964936078,1.2788110983066467,0.45544152733921417,0.062207307005835946,1.7901231888039415,0.03523816940268133,0.18188837691644574,0.11613589785255216,0.13780533710944498,0.0005,,,,,,
64,-0.12567451424191095,1.2139314154447658,0.45026862332496254,0.07850949679326655,1.7583905926996686,0.035858222256817965,0.1257317114784572,0.11797451873547063,0.13644658318064073,0.0005,,,,,,
65,-0.11867560941477655,1.213023199349659,0.4918013245023114,0.07857813149168442,1.7649101403570986,0.03624333459202671,0.11873291001527189,0.11865996055902474,0.136673045420374,0.0005,,,,,,
66,-0.13651116857312434,1.2199519807515085,0.4367430258765337,0.07811797509376797,1.7631303362917798,0.03628884744673834,0.1365682217525086,0.11852736494685309,0.1367250794215405,0.0005,,,,,,
67,-0.16722088120342643,1.2495248765593059,0.42439872766736253,0.07194479758678532,1.7766760885416084,0.03610022006153185,0.16727498136530583,0.1174400809120974,0.13732450950750202,0.0005,,,,,,
68,-0.1789657503077527,1.276705006699297,0.4804378061851168,0.06293330123299898,1.794977413781373,0.03607332789920298,0.179015527465786,0.1167956206119285,0.13832268244073492,0.0005,,,,,,
69,-0.1390323622967587,1.2271364046745696,0.44676920317839675,0.07520319185864473,1.7685133797166,0.03696953034751106,0.13908801872178866,0.11912571381600998,0.1372786744442165,0.0005,,,,,,
70,-0.15161603307614163,1.255962291065791,0.5223371830475187,0.07730753661399388,1.7663031649515344,0.03657219356759976,0.1516727155980338,0.11792143677253449,0.13703574527914458,0.0005,,,,,,
71,-0.14985699429362145,1.2434429329232992,0.46720031027128983,0.07941610442219278,1.763618151454164,0.03722465199652099,0.14991471077386703,0.11919083799672493,0.13709593869625902,0.0005,,,,,,
72,-0.09098539573166442,1.1687199017357734,0.41852077779101793,0.07689201669226155,1.7737901666197267,0.03591033022312567,0.091041938744979,0.11515372733559981,0.1372955538324688,0.0005,,,,,,
73,-0.1480801954252932,1.2472370858378143,0.48659325069995624,0.07714155557108346,1.7688705065840504,0.03592395823090751,0.14813681414772684,0.11534419603092387,0.13659955297393195,0.0005,,,,,,
74,-0.17687582267926555,1.2719264126509766,0.4503451235321711,0.07399395734837255,1.764198246526652,0.038717154058074355,0.1769308488119456,0.12191230016890262,0.13683119747936806,0.0005,,,,,,
75,-0.1737928666434272,1.274170936213989,0.47473553655718115,0.06927158292355387,1.7854171437187676,0.03501302468576739,0.173845706736573,0.11206026190148657,0.13748471756652222,0.0005,-0.09221028264812699,1.1551087249494283,0.0922676510117647,0.07850896129741422,1.7741145329795471,0.0372737659235126
76,-0.18727767523783878,1.2680487752135579,0.40677926542091164,0.05967034301346393,1.7997549315076848,0.03677239790197036,0.1873258756826396,0.11541447379720182,0.13894994133576033,0.0005,,,,,,
77,-0.13525381067765585,1.222311383277876,0.4599078686452566,0.07427188278985772,1.777259407972004,0.03820262285461749,0.13530910123935902,0.11864542933526886,0.13765018996804648,0.0005,,,,,,
78,-0.15673108552468829,1.2300056006455864,0.3909758053207065,0.0768562184050263,1.7708234986220686,0.0408226131390418,0.1567876300950084,0.12385866846999108,0.1374931123344258,0.0005,,,,,,
79,-0.15844453648777557,1.2535716157863597,0.48539335376212356,0.07625190733632377,1.7729649287858027,0.03937287655626621,0.15850078581949717,0.11971664376154559,0.138037307338627,0.0005,,,,,,
80,-0.21988253148026654,1.3072126966822923,0.40044920491731434,0.06631563713421929,1.790136550613671,0.040683613989390674,0.21993399750047976,0.12129251381976819,0.1393325918195431,0.0005,,,,,,
81,-0.19794200385932337,1.3002461917111727,0.463794341601075,0.07692451474220571,1.7648019545245583,0.04363932151409676,0.19799855052945486,0.12697071215056238,0.13778627767780194,0.0005,,,,,,
82,-0.12529869616143288,1.2172152677808183,0.4529296511236562,0.07193027115144367,1.783786617549906,0.041704778328889164,0.1253529162109674,0.12167800615201008,0.13907939248901618,0.0005,,,,,,
83,-0.15673664455455882,1.2387966211956696,0.4054096836075913,0.08271564755501287,1.7654647684927687,0.0435379427959994,0.15679609240544923,0.12472865010714845,0.1378071437849778,0.0005,,,,,,
84,-0.16293582254393207,1.2495308105663614,0.4316820779380939,0.07448723935910291,1.7801752411943423,0.045992607454578054,0.1629913278420981,0.1280436630710719,0.13915849393501212,0.0005,,,,,,
85,-0.10863691330413898,1.2054006489684133,0.5043715002498614,0.08072342018048964,1.7676256242432302,0.04333873722680362,0.10869538465784391,0.12263381237775228,0.13887937396981476,0.0005,,,,,,
86,-0.21998076256229748,1.3212632998617648,0.4617433279433103,0.06226605824184232,1.796168854310583,0.04378159369324867,0.22003029509589847,0.12213797613747908,0.14008955304803866,0.0005,,,,,,
87,-0.12761473621574995,1.2295166733221703,0.49775531692092007,0.0803345958789804,1.7699512296553177,0.04315453272404726,0.12767303457131324,0.12098421038110593,0.13938713210548198,0.0005,,,,,,
88,-0.11603577510652062,1.1873986708103887,0.4016564956175337,0.08311228319205272,1.7577254935223827,0.04897783845241596,0.1160953982814364,0.13191063528716823,0.13962775870263705,0.0005,,,,,,
89,-0.13784052564048088,1.2239680249766463,0.4481026737896491,0.07315966621500083,1.7845001596469572,0.04450513499340086,0.1378953955265348,0.12242673128888999,0.14115860188550816,0.0005,,,,,,
90,-0.14481141507569587,1.2311358835706245,0.4481887384557167,0.0804347317825745,1.7715277258069675,0.043921196727173116,0.14486978693081248,0.12175357504107462,0.14054718966961957,0.0005,,,,,,
91,-0.19558558946719218,1.281925705230402,0.40685518760310335,0.06535674114068096,1.7953382069481165,0.04402796498942532,0.19563666149948192,0.12078842727515698,0.14293788207589478,0.0005,,,,,,
92,-0.15232737008450697,1.2336163922174501,0.4245387600827476,0.07345210101485163,1.7816000109794907,0.04569134022765142,0.15238236904852648,0.12371694179932735,0.14220328565108398,0.0005,,,,,,
93,-0.15939207837813488,1.246132239422974,0.4345513505653149,0.07705041937004768,1.7746669349381003,0.04743287895463536,0.15944882458595883,0.12685351683242907,0.14225478083726512,0.0005,,,,,,
94,-0.15801155918569906,1.2318540769614672,0.39883476962381165,0.0664242062278031,1.799736241961058,0.042353927875372926,0.15806319219051135,0.11634444272392351,0.14452508367851005,0.0005,,,,,,
95,-0.09020715270290901,1.175345425730188,0.46415636642227853,0.08053558153638922,1.771454389308428,0.04436994210699625,0.09026557873699136,0.12026194333540693,0.14346552813644436,0.0005,,,,,,
96,-0.1595525381624918,1.2632381426420292,0.5026938093661417,0.07328736826054807,1.785563158395708,0.04730498128530282,0.15960751052801883,0.12439119341786423,0.1448438839933307,0.0005,,,,,,
97,-0.17489948155621843,1.2816363694925057,0.4967169770246207,0.06539694124282527,1.795836348059125,0.04535470325713686,0.174950591937353,0.12007383348415518,0.14594721904664085,0.0005,,,,,,
98,-0.14592391816861489,1.2410866500258488,0.48342204651211645,0.08068260259937385,1.770895081521801,0.047841188364098806,0.14598244683261344,0.124686819022717,0.14535222205705955,0.0005,,,,,,
99,-0.1638712208395632,1.2688570217015922,0.5154231727407803,0.07465620148801225,1.777155597353429,0.05279652405455466,0.16392684846152128,0.13314592185022026,0.14596034549372508,0.0005,,,,,,
100,-0.17624196257397237,1.286791732458822,0.5263871626829038,0.06541404567319256,1.8005223334605882,0.04661420660335329,0.1762931409622096,0.11948096600700991,0.1495406374884032,0.00025,-0.1101245984049807,1.1856524004434716,0.110185853171962,0.08616564918418482,1.7674285946892874,0.049765644233176295
101,-0.10171306892003049,1.1802360796034859,0.43992287335167296,0.09101242049931652,1.7566015853744723,0.0518982034319896,0.10177666012816822,0.130408779852159,0.14702507960701222,0.00025,,,,,,
102,-0.1421067970574455,1.2206414459163688,0.43567663295175446,0.07337150123734919,1.7870713390502972,0.048287849826828,0.14216183639995292,0.12225085845835926,0.15035603452430177,0.00025,,,,,,
103,-0.13499597652764034,1.2237719573815236,0.45617589309281475,0.07385361545980444,1.784113404833633,0.048678878066465855,0.1350512312581992,0.12242443672698165,0.15059961554816995,0.00025,,,,,,
104,-0.13574042418658258,1.2375536043051756,0.5110308673082519,0.07814578121920726,1.77683894503288,0.04909299374688799,0.13579775639657998,0.12334538071181364,0.14979902995574285,0.00025,,,,,,
105,-0.14173283866928038,1.235677173173391,0.4644780636752937,0.07193374724899274,1.788057760423643,0.04706280908595124,0.14178715674859999,0.11857148994596717,0.15160359080959437,0.00025,,,,,,
106,-0.13905866558753807,1.217899215160025,0.4134676649267157,0.08036125224325243,1.7694894206948464,0.05044778974418662,0.1391170455857641,0.12485344939188203,0.15094417498492488,0.00025,,,,,,
107,-0.14628241158490618,1.2267329413138506,0.42543161043591027,0.07498664571790714,1.784034933703944,0.04818080327125612,0.1463382270651349,0.11933681601005683,0.15297460184103517,0.00025,,,,,,
108,-0.1185509296995641,1.2093075930758737,0.4774162340031934,0.07695059522860495,1.78963939783266,0.049052059407646745,0.1186077919117508,0.11985249930082575,0.15390391597968128,0.00025,,,,,,
109,-0.15329256773977973,1.2355920916939038,0.4270359465777608,0.06957968318540926,1.7941064668588023,0.05073074964569737,0.15334580595353747,0.1223241308502375,0.15525532864378977,0.00025,,,,,,
110,-0.12275041501676023,1.2093237917435595,0.4583502122670906,0.07243938734331484,1.7903186629097028,0.051297482412021984,0.1228050508718851,0.12296742704317234,0.1552097612696547,0.00025,,,,,,
111,-0.15948600707432325,1.2410281029871306,0.42033166104201164,0.070035215376253,1.79313258944584,0.04980824254745081,0.15953945409033135,0.11948998245999123,0.15580749769559837,0.00025,,,,,,
112,-0.16806473857515433,1.2420110843674284,0.3884081910497338,0.06959635837454207,1.7918035772754128,0.05095906308994039,0.16811796438074522,0.12123523639309959,0.1569293973272981,0.00025,,,,,,
113,-0.15436288828325695,1.235625189511364,0.41194147013096366,0.07702728153186283,1.7783981244698346,0.053579450243642676,0.15441972169977,0.12603753445360427,0.15612932177075495,0.00025,,,,,,
114,-0.12534738996773642,1.2151068341332172,0.44506907860626443,0.07432833462650942,1.789051467199923,0.05245867512460018,0.1254029692364729,0.12267945685274981,0.15804790699073534,0.00025,,,,,,
115,-0.14557179500433676,1.230763514049038,0.4503961852619238,0.08208127726801974,1.7717347291523962,0.05670357882027897,0.1456311200260505,0.13108588999528992,0.15652195455920154,0.00025,,,,,,
116,-0.12340682940016412,1.2223271231554778,0.4926584929326521,0.08061629341006635,1.777276962466415,0.05328197623791988,0.12346544313625621,0.12317685895977472,0.15885513248587113,0.00025,,,,,,
117,-0.17076291528407786,1.2639949807732558,0.45098218599936896,0.06228510424302406,1.8104383445466201,0.049820429927687926,0.1708126604239441,0.11422701752514275,0.16317567212524847,0.00025,,,,,,
118,-0.1462955779822166,1.2354640125611118,0.4502864814580004,0.07889546513543935,1.7792372222666348,0.053103567538642996,0.14635334912268236,0.12106154986026169,0.1607410798178351,0.00025,,,,,,
119,-0.17846952970378538,1.2606910459009968,0.4142643232066235,0.07094283846431615,1.7917513001311,0.056755203249307704,0.17852348618805136,0.12648100641814158,0.16256266885804949,0.00025,,,,,,
120,-0.13100301688698684,1.2105055122830783,0.4190668584007963,0.07117512617672977,1.7990884399329485,0.052725096751623055,0.13105712258544205,0.11739896077392087,0.16535836029232254,0.00025,,,,,,
121,-0.08286635021140339,1.1554515763207838,0.3999694141981498,0.08610986364035841,1.7635263220605748,0.05709834905756389,0.08292761138993474,0.126779016166483,0.16212730865517,0.00025,,,,,,
122,-0.1507676898536587,1.2449628449456998,0.47975370034946485,0.07814722600425567,1.7747410913741262,0.058473886600739794,0.15082509561644059,0.12817375947003623,0.1636766763489997,0.00025,,,,,,
123,-0.15256713372187516,1.2405859474701764,0.448991817978111,0.07947496581299299,1.7782219821718992,0.05806280172946571,0.15262523405262068,0.1258586813106037,0.16573825657451075,0.00025,,,,,,
124,-0.19582360550675657,1.293791275778435,0.4658348714692253,0.06464782611332295,1.807590096630787,0.05483118240247551,0.1958745536326036,0.11663230871387892,0.17054581997240859,0.00025,,,,,,
125,-0.14036340655097287,1.2371314396155246,0.47311501140153506,0.08476384112805149,1.765307268818312,0.05817123161236743,0.1404240232565412,0.12540757956099796,0.16622303282952888,0.00025,-0.08750575761461966,1.1739412139279546,0.08756758997645116,0.08709992567479646,1.771116220607305,0.057123678801252305
126,-0.16678382757995314,1.2691309846654284,0.4788186296243186,0.06760503607775423,1.8037923779490872,0.05630999666560276,0.16683623112173818,0.11811212658771791,0.17146855239914605,0.00025,,,,,,
127,-0.13310548853865525,1.2204343760705272,0.4749105328276398,0.07401119404879544,1.7895793958783286,0.058876762622204155,0.13316097869726468,0.12345493813562006,0.17059726487743485,0.00025,,,,,,
128,-0.12808459197414612,1.2246298058915885,0.48218441876888385,0.0753826783951379,1.785009813554159,0.06068129605318849,0.12814074022443978,0.12633447090166972,0.17029510956765978,0.00025,,,,,,
129,-0.14605491765607814,1.2225097842278339,0.40524423987217295,0.07363037620908279,1.789412690001434,0.05895390793053598,0.14611021651016204,0.12271873970420993,0.17182741637939014,0.00025,,,,,,
130,-0.18712422071376653,1.3000374783719983,0.5300631300032569,0.07318478651103039,1.7838225387343316,0.0599310373791175,0.18717925064278315,0.12341865996673883,0.17217205473046604,0.00025,,,,,,
131,-0.1061063999292161,1.1740264480561238,0.39202716335375676,0.079813328749925,1.7782702385286693,0.05991144974903883,0.10616468841047386,0.12328108932063148,0.17252359053598465,0.00025,,,,,,
132,-0.14682203551401857,1.2364018646831179,0.45195287295840725,0.0721686059836257,1.7970003888266892,0.06054907175681942,0.1468766953116162,0.12276502810434271,0.1740986507885383,0.00025,,,,,,
133,-0.1706368299046872,1.2754011356736024,0.5029328565927351,0.08043867270522148,1.7724367263162892,0.061071331745962305,0.17069538432162046,0.12481809398729551,0.17227459464394745,0.00025,,,,,,
134,-0.14642058018799942,1.23376375307218,0.4528556527408501,0.07552469460232873,1.7863134004185717,0.06093730068048617,0.1464768150423116,0.12249840960153663,0.17550078614786202,0.00025,,,,,,
135,-0.14493770455246086,1.2361804361519986,0.4612316813433906,0.07165364246478739,1.7950366834763627,0.06082477957609848,0.1449920899883238,0.12098033122756947,0.17671291625411623,0.00025,,,,,,
136,-0.14355541867452537,1.2397753865111447,0.4738989010970795,0.08093179351444794,1.7702200096692104,0.060632904697634174,0.14361419310042628,0.12154265052244798,0.175487510435064,0.00025,,,,,,
137,-0.19543764521548515,1.3007260636716893,0.48873964538618414,0.0729854453996146,1.7853877696444347,0.06353192014998335,0.19549262713508292,0.12566940578314226,0.17692112943527283,0.00025,,,,,,
138,-0.15301794105043073,1.2555117184359985,0.493885826841263,0.07332039270095098,1.7888575271867042,0.060692316593655815,0.15307309674521902,0.11873140123371823,0.1791863547284555,0.00025,,,,,,
139,-0.14190131335113138,1.2202625859988814,0.4264185341195768,0.07195007353280625,1.7977133031686803,0.06252490651193943,0.1419558907699946,0.12014835259449366,0.18149617382529462,0.00025,,,,,,
140,-0.18108096876414642,1.2727820008263784,0.435702682100659,0.07134748774188138,1.7889894708824872,0.06268419794948066,0.1811351592447057,0.11943751357890228,0.18258524089403472,0.00025,,,,,,
141,-0.1236692351542076,1.2053019432783505,0.431228963479299,0.08293524323773513,1.7714739044510903,0.06582100114922086,0.12372907572488248,0.12651966568128015,0.1801677450684925,0.00025,,,,,,
142,-0.14225567456732469,1.2149204482811136,0.38799948601301354,0.0791519836635243,1.7738700490642394,0.06750206141855881,0.14231366428026127,0.12847579057650887,0.18112296826330335,0.00025,,,,,,
143,-0.1370325203192495,1.2433379118811207,0.5176050137492183,0.0710709860866148,1.7934930216846214,0.06615223552328314,0.1370866522648649,0.12260780493174027,0.18553728174713477,0.00025,,,,,,
144,-0.19650528376470963,1.3086671069233615,0.49806696091380714,0.07084271227201788,1.788005926286917,0.06711416834752695,0.196559256321792,0.12307316886926199,0.18648941328373198,0.00025,,,,,,
145,-0.1492959991976772,1.2361679705824389,0.4464985194550987,0.06713282073684132,1.8025342762206513,0.06747098051965145,0.14934826566061304,0.12174595124158552,0.18924547743730957,0.00025,,,,,,
146,-0.11923341106616203,1.2065160319341524,0.45693928350118906,0.0763412580156308,1.7849341360182935,0.06733147929157733,0.11929010435132295,0.12146822154842589,0.1885657484563943,0.00025,,,,,,
147,-0.17228536388294763,1.27896289531622,0.527277086585865,0.07038104197837267,1.7925353100553159,0.06867897140755563,0.17233916654675144,0.12059703436799782,0.19282402032891754,0.00025,,,,,,
148,-0.16067600609041607,1.2673740994844938,0.5267855228295625,0.0759019605586435,1.7839822201616258,0.07131737283586193,0.16073251006662537,0.1258965715761507,0.19137731583469703,0.00025,,,,,,
149,-0.20444644527730677,1.3290637015466347,0.545721501965236,0.0700396493996511,1.7861824552464036,0.07315911113922033,0.20450005851767042,0.12733467898038334,0.19370095184366287,0.00025,,,,,,
150,-0.12028289120477076,1.2053214276548172,0.4414145815112177,0.07496217373967659,1.7874994376857973,0.07065154766433826,0.12033895380149406,0.11872770074713827,0.19731187703367759,0.00025,-0.08865304128216248,1.1576384559518642,0.08870817531179354,0.07289819363117403,1.797394396389162,0.0710988851601794
151,-0.09315524551935325,1.1779439063695125,0.4548123866805399,0.07862555620227031,1.777021095222616,0.07288619272084029,0.09321305737033381,0.12273520384158315,0.19728286932267894,0.00025,,,,,,
152,-0.12637434138937803,1.2182673660456087,0.456753802789739,0.08192680806481702,1.7733959662188588,0.0768118085998038,0.1264338068711586,0.12905913042957132,0.19700601121966485,0.00025,,,,,,
153,-0.18176302693357416,1.2840840948950256,0.47172315441908225,0.07253806532839144,1.7792067384077197,0.07755348970585846,0.1818178635685195,0.12708348916368106,0.20111892281755506,0.00025,,,,,,
154,-0.15339344097630406,1.2296851075030728,0.3891935857629574,0.08357743884429791,1.7581782863726092,0.08135975871427698,0.1534536250761771,0.13564847469111352,0.1986835046097178,0.00025,,,,,,
155,-0.1480320352291899,1.2522892758423292,0.5207773811520415,0.08158470687947224,1.757129908318019,0.0808722953438252,0.14809120760466624,0.13086419603560606,0.201803183261044,0.00025,,,,,,
156,-0.19802172647535787,1.3189213192572944,0.5359286738671272,0.07224496390432578,1.7847261982050022,0.08029515175101692,0.19807649917080958,0.12327357490419905,0.20951372472541954,0.00025,,,,,,
157,-0.1798149029430069,1.277996176897354,0.47918424245654667,0.057733760615352875,1.8187033529343448,0.08038564784783862,0.1798627607133224,0.11465972249394789,0.21876393537223682,0.00025,,,,,,
158,-0.159489706455556,1.2492813423115825,0.44295503789056145,0.07588282885835228,1.7716549863191156,0.08552673660120057,0.15954621968721433,0.13094923352374016,0.2105244192830003,0.00025,,,,,,
159,-0.11547084666665831,1.2022808199996975,0.4661041060261243,0.08305263531493416,1.7549853449046187,0.08642600324312538,0.11553078709779727,0.1332781286212827,0.20890162336506218,0.00025,,,,,,
160,-0.19411448222044408,1.299372083297381,0.4934861662658482,0.0689303225009722,1.7785105018544765,0.08727001807460391,0.19416760518689385,0.12933823020612265,0.21505355014320898,0.00025,,,,,,
161,-0.15045106432869043,1.239574788310037,0.439650597111801,0.06961970001545902,1.784949942339483,0.08761185890745118,0.1505045997967106,0.12828725803579055,0.2168353817795583,0.00025,,,,,,
162,-0.1411801921545422,1.221014813026158,0.42201105490757823,0.07455843503927051,1.7753604216412069,0.08878727339528643,0.1412361128490122,0.13133527857271268,0.21588920701154476,0.00025,,,,,,
163,-0.1543298239362874,1.2631598212955202,0.5215347642370525,0.08080965781144106,1.7538873313577614,0.08946059714027724,0.15438866224447811,0.13567140510556847,0.21219605351616325,0.00025,,,,,,
164,-0.12085125052305233,1.1918640855818765,0.40901578320168674,0.06839700999376928,1.7889021537128225,0.09223560826168271,0.12090426040566896,0.13560442078539875,0.21778863327550618,0.00025,,,,,,
165,-0.16344621713529162,1.254528730463162,0.45989341612761253,0.0609185517963937,1.7980465042423885,0.08838995849786213,0.16349554077581724,0.12296776691869513,0.22450576058941563,0.00025,,,,,,
166,-0.11911764305842668,1.1944778848511801,0.41597979654404205,0.0802347475320377,1.7570063015499455,0.09200081343415509,0.1191762505033425,0.13842798127684253,0.21411755732717758,0.00025,,,,,,
167,-0.1770979626857851,1.2780389944753359,0.5116224361459506,0.06686437480115785,1.7812436990080924,0.09233431025331315,0.17715013065327828,0.13444912057244507,0.21959068201505183,0.00025,,,,,,
168,-0.1446233741105548,1.2134382800315735,0.3815082434601364,0.06865307477222783,1.7811221318995338,0.09106562438495878,0.14467642252550378,0.13112204487737805,0.2208422264125808,0.00025,,,,,,
169,-0.14414288059055727,1.2432787363499211,0.4881168790311925,0.07583617570954879,1.762365999236816,0.09207856408387818,0.14419934312404525,0.13674321897998665,0.21701411197237994,0.00025,,,,,,
170,-0.16028714553008022,1.2463243783860811,0.43794206660163965,0.06422175903491338,1.7863717796965912,0.09050605936631556,0.1603380251879883,0.1273267874663127,0.22457181386114386,0.00025,,,,,,
171,-0.18621024178183113,1.2862720490803576,0.4637518471950515,0.06568150785692242,1.7715183415386981,0.09313532448769263,0.18626172907241983,0.13535850736211677,0.22154708120609973,0.00025,,,,,,
172,-0.08815901407133728,1.160302242840629,0.41994310577938687,0.07693107819048531,1.7533893717710323,0.09126504327539188,0.08821592615458299,0.13490160407849894,0.21863600847363568,0.00025,,,,,,
173,-0.19259201968481865,1.2812102639867518,0.42250405040471867,0.06272402936273334,1.7805720434748609,0.09305915433642578,0.19264211801147813,0.13337674504021507,0.22326076221361782,0.00025,,,,,,
174,-0.13713663443840418,1.2145338373224603,0.40564115900446884,0.07005561849999883,1.7641495156206322,0.09316829699425869,0.13719023542578035,0.13664557847054037,0.22113050380239335,0.00025,,,,,,
175,-0.14669020717137318,1.2408583610607287,0.5059938763704724,0.06649299171386977,1.7713733238910638,0.09233912786649838,0.1467420907917477,0.13359041246864978,0.22250598032140367,0.00025,-0.14263330246189876,1.203634336853665,0.14268265036160366,0.06110827645503388,1.7884698349436912,0.09090631279372158
176,-0.11314795305037972,1.177785600437511,0.37648939999074454,0.06983286182476109,1.762398552408776,0.09295535329367145,0.11320142302034912,0.1367176578445486,0.22085781236398716,0.00025,,,,,,
177,-0.07792190350734161,1.1537784092918049,0.43957716005177966,0.07269865724406577,1.7564688112308624,0.09202629957478764,0.0779767377870717,0.13461139748453763,0.22205837571518455,0.00025,,,,,,
178,-0.19251937979488545,1.284714079168166,0.4568317727633512,0.05848691839992808,1.7723657816057052,0.0941998714065013,0.19256728891061553,0.13588782012185552,0.22534028394080458,0.00025,,,,,,
179,-0.09755999985305923,1.1739122556040569,0.41659143786379155,0.08287450146127703,1.7227630161928136,0.0940440186424264,0.0976196051741382,0.14523190208771136,0.21541489407525027,0.00025,,,,,,
180,-0.1798744778783431,1.283986767024699,0.48492692527223563,0.07019159193997185,1.7385079587554566,0.09590476921702004,0.1799279178015928,0.14469855978127905,0.2204081046962365,0.00025,,,,,,
181,-0.19565159932059806,1.3002768254389396,0.4784468017033388,0.06395876509262864,1.7470540267040393,0.0960314837603449,0.19570200955824898,0.14377388910975378,0.2219499183318882,0.00025,,,,,,
182,-0.1556216432579693,1.2478491266555833,0.46601527236629525,0.07233729403983571,1.730587635199151,0.09801713773545936,0.15567609795271853,0.15190571504899195,0.21706323277724301,0.00025,,,,,,
183,-0.19543281449350186,1.2933981943202437,0.46587395157335293,0.06228730500361661,1.75394378641951,0.09659561246568157,0.19548246353999255,0.14371380736521555,0.22324783538442228,0.00025,,,,,,
184,-0.20431728864709375,1.3006253260328227,0.441002105435303,0.06209211956758047,1.7578424280808926,0.09695072885581651,0.2043668826384469,0.14423398171072743,0.2235448430129191,0.00025,,,,,,
185,-0.19707507086812776,1.2840131272782604,0.40989678283789516,0.06386917813034132,1.7559622135273727,0.09859901992213982,0.19712555106952742,0.1490078003006632,0.21999943330605234,0.00025,,,,,,
186,-0.16028559519236196,1.238140837361498,0.3991366367232991,0.06973380080579666,1.7484061118593965,0.09624853108840238,0.16033890863919437,0.1445129461652225,0.21980302537609242,0.00025,,,,,,
187,-0.16680547255293982,1.2527060442379916,0.42094536300605456,0.06554030195331356,1.763917062594249,0.09465850745433423,0.16685682845961694,0.13739276156766544,0.2243465777253777,0.00025,,,,,,
188,-0.12341240203102352,1.2106492243997542,0.44566141888680477,0.06869363716188782,1.7605027390573238,0.09484456034293579,0.12346530232259847,0.13905069139566906,0.2219091120819665,0.00025,,,,,,
189,-0.1927016353043211,1.2999497730583107,0.49314419859100095,0.06720259266125789,1.764074736647496,0.0937919209926239,0.19275381526722812,0.13478239679217965,0.22364170820603474,0.00025,,,,,,
190,-0.17831901670519076,1.2602324335015183,0.4084674616776139,0.06675998347777731,1.7733487609574516,0.09383012181368051,0.17837106848575734,0.1336288878268218,0.22490608785265345,0.00025,,,,,,
191,-0.15511936601707527,1.2196978740807345,0.3709100570200345,0.06308311546930459,1.7794574698475851,0.09492558456575748,0.15516965140535405,0.1349254750988753,0.22548625812864467,0.00025,,,,,,
192,-0.21986478896307435,1.3372885112119173,0.549652387899474,0.07172155245194178,1.752793998472656,0.09582887395155568,0.2199191359680246,0.14081706825993762,0.21961183015363273,0.00025,,,,,,
193,-0.1404058643775392,1.210255878040519,0.38451104121638463,0.07283236159140005,1.765810638372389,0.09424298036465065,0.1404608810945223,0.13492915057300464,0.2229215784088679,0.00025,,,,,,
194,-0.19365591717964076,1.3124592295774165,0.5199128750470081,0.06301256512509218,1.7878763476813022,0.09227895729702718,0.1937062250152531,0.126843986608573,0.22787324478328733,0.00025,,,,,,
195,-0.18399860678457194,1.2615201678704588,0.39747513580639937,0.0684542061187769,1.7695030644159637,0.09715750075797941,0.1840515004932831,0.14175974600882257,0.22114187877615904,0.00025,,,,,,
196,-0.15649882895423825,1.2379636988416078,0.4332151208327083,0.07679492975552649,1.7453292258660897,0.09851012226860612,0.15655566481259733,0.1485593348066106,0.21666358592579657,0.00025,,,,,,
197,-0.1832850312575239,1.2548940825126795,0.3673638272861753,0.0625423924147462,1.7852647324203246,0.09494269683207181,0.1833351045280238,0.13334082867729286,0.22658340408612726,0.00025,,,,,,
198,-0.15983799491598538,1.2496541421305407,0.4422662761084904,0.06651658925426296,1.7769986175024224,0.09630078712964699,0.15988998620465883,0.13799200457490762,0.22414019269141636,0.00025,,,,,,
199,-0.1997456905897727,1.2860060900113837,0.4146592408061357,0.05798524208295263,1.7876360931987851,0.0956024069993223,0.19979351559581615,0.13357490649303871,0.22869257057548817,0.00025,,,,,,
200,-0.17665384809066584,1.274770005540312,0.45372854423311015,0.06730151412726763,1.7668590052562565,0.09571922651228577,0.17670612463004715,0.13664406848867555,0.22487453602435126,0.000125,-0.15770426914386274,1.2378085459720842,0.1577549310089883,0.06382067071743408,1.7796551446645865,0.09549783201984617
201,-0.15008913631493062,1.2547788806429767,0.5209505287208005,0.06938970460898713,1.7675742382332087,0.09673321597046769,0.15014247424177712,0.13992443068065746,0.2237848276655272,0.000125,,,,,,
202,-0.2391389121564191,1.3417593027088874,0.4627420653284695,0.052317516169048006,1.7995241046783415,0.09816924633763921,0.2391840478480138,0.13808579403997895,0.2289333566364488,0.000125,,,,,,
203,-0.1750624571419492,1.2766337544210797,0.49383591415492556,0.0663833732095563,1.762707980038347,0.09647203318060021,0.1751142406286862,0.1395167979693761,0.22380350999975557,0.000125,,,,,,
204,-0.15025952088225908,1.2325996952218996,0.41740513577868266,0.06422098324500719,1.7735304277923458,0.09593766196988654,0.15031032605477918,0.13615241759293256,0.2267403285803496,0.000125,,,,,,
205,-0.12157540918516957,1.198234779705629,0.43832784642713163,0.07366338848550458,1.757820482671934,0.09802874285178795,0.12163079937166756,0.14434745171985386,0.22158637231311737,0.000125,,,,,,
206,-0.1821833338465612,1.280048351007891,0.4518089330798985,0.06644588878011289,1.763385270885834,0.09875308796256993,0.1822351781745398,0.14428900374825465,0.2232622486602749,0.000125,,,,,,
207,-0.19209055827413357,1.2894540106330517,0.46271744311057666,0.059596391892276765,1.7716491725835821,0.0976988546814385,0.19213904995035236,0.13988527995379574,0.22613482675618748,0.000125,,,,,,
208,-0.14352172421770726,1.2230845556551355,0.41768965385394563,0.06477999669157482,1.77081198231859,0.097057040104991,0.14357279290627728,0.13947644752464888,0.2256232406814983,0.000125,,,,,,
209,-0.1832785518875666,1.2708964100361433,0.41518144869384516,0.06888305564599852,1.7590529900734666,0.10074795390615493,0.18333159142482935,0.14951887249408002,0.2208285601427855,0.000125,,,,,,
210,-0.1388255218038533,1.2290705869696406,0.45302759643815527,0.07374012589027756,1.7526786418613076,0.09567852089043702,0.13888087543842592,0.1384801060403126,0.22330915323798456,0.000125,,,,,,
211,-0.15208988790243505,1.236970378208123,0.4307641539826694,0.07449930696471939,1.7499312537195166,0.0988502666906281,0.1521456253711215,0.14660671732305655,0.2205220176104098,0.000125,,,,,,
212,-0.1541235833826703,1.2284534673304934,0.4114551829862886,0.06427133241811803,1.7717004837107166,0.09768005692858903,0.15417441285428574,0.14031185070993266,0.22496204689362892,0.000125,,,,,,
213,-0.17598385033476338,1.2594301379576431,0.4273345663242381,0.06460585148072047,1.764676608830488,0.0991217351695847,0.17603479124394378,0.14437308131862808,0.22315631567112265,0.000125,,,,,,
214,-0.1609172544229137,1.2543636469660029,0.463543176246958,0.07046728509560003,1.754810482786659,0.10003289265167344,0.1609710364992159,0.14746801994602668,0.22128319614875872,0.000125,,,,,,
215,-0.17096430746828445,1.2513541407906499,0.4206493302570837,0.061603775438677205,1.7760582939424905,0.09739418618907472,0.1710138438808051,0.13792564061522522,0.2267250870326898,0.000125,,,,,,
216,-0.17601279065815698,1.2848738441825103,0.518348167708914,0.06753961119721386,1.7573774281505172,0.10202302303577268,0.17606515446826745,0.15217414551733793,0.21994332466442845,0.000125,,,,,,
217,-0.13810051382264302,1.2246561694313847,0.45594656204674555,0.0630330395779502,1.7745039998892442,0.09465242211385541,0.138150721906652,0.13173215264174587,0.2281263953182291,0.000125,,,,,,
218,-0.10082632984804217,1.1778716189036227,0.4244051213981745,0.08228914029067053,1.7375154364810232,0.10100787009687733,0.1008858596512533,0.15403575005813552,0.21581573955900468,0.000125,,,,,,
219,-0.09993005322051232,1.176120776906037,0.43930195818131945,0.07217151170694758,1.7639302410619595,0.09779575198688235,0.09998475623629627,0.142155547185139,0.22276904339442302,0.000125,,,,,,
220,-0.14347953677946648,1.2405275172686006,0.4980427151044543,0.07110863536072623,1.7583663889901788,0.10091198344064184,0.14353368388087118,0.14942205117211133,0.22037897402187473,0.000125,,,,,,
221,-0.13224428228520055,1.2104759167258883,0.42958194581535974,0.07621127896590532,1.7485744066213007,0.10178533102809428,0.13230089152205998,0.1529063354750213,0.21783819840191043,0.000125,,,,,,
222,-0.1281372907111478,1.209002013639116,0.42226840987264247,0.06639261750955397,1.7726874992542831,0.09899063868115454,0.1281892038012819,0.1429502996295997,0.22359000710552282,0.000125,,,,,,
223,-0.2074791055061952,1.3025052637836683,0.43741020471854214,0.058990166832842625,1.778560596175228,0.10092505201117563,0.2075273954460935,0.14546118239813993,0.2244526198698829,0.000125,,,,,,
224,-0.13017801197378237,1.208985432220481,0.4044096354488509,0.07560239045870118,1.7443637161183005,0.10165332348334734,0.13023427333940774,0.1526782500492132,0.21838294809909586,0.000125,,,,,,
225,-0.18391686234781426,1.2636988408683854,0.41024202542212646,0.06519167341991132,1.7614831147002121,0.10155936022024925,0.1839680886092734,0.14886268170103534,0.22170709427118296,0.000125,-0.18758243179097478,1.2771781300593645,0.1876315119485416,0.06046200629984421,1.7853651072950798,0.09955033439584898
226,-0.11051633680356567,1.1906936035511886,0.46377531159909074,0.07025869328057945,1.7578001656825357,0.09928111870900459,0.11057003696304987,0.14464428559132017,0.22204478849870996,0.000125,,,,,,
227,-0.15291512889277936,1.2234584508988857,0.37568804017792573,0.06644510230386483,1.7632110358606767,0.09831004428349173,0.15296696665473275,0.14161965822496708,0.22356824876024017,0.000125,,,,,,
228,-0.11222039465976888,1.176289422835432,0.3664558916714306,0.07287431626440964,1.7565420410578634,0.0995003047026482,0.11227539224135868,0.1456774058075969,0.22134095434677495,0.000125,,,,,,
229,-0.12182248036290831,1.2110922838765839,0.45199149777316633,0.07915741255878311,1.7454156940746064,0.0998755496595493,0.12188051198162506,0.1480277455742602,0.2191370927742393,0.000125,,,,,,
230,-0.11268617652110952,1.1951274835561967,0.4271405013341213,0.0771962385321607,1.742872830811936,0.09728236455369002,0.11274317619232926,0.14199454441438952,0.22101008385970694,0.000125,,,,,,
231,-0.20526631974249016,1.29857531573301,0.4328971460099119,0.06523718249524096,1.7571476448172654,0.10035087404897308,0.20531751331892642,0.14548789914421686,0.2228168126573489,0.000125,,,,,,
232,-0.1683267891233753,1.2717599293155493,0.5001219918500983,0.06249763244094073,1.7689046429434807,0.09800953794264089,0.16837670708140462,0.13948171807077525,0.2252782203977279,0.000125,,,,,,
233,-0.11185063039239357,1.1686598488326911,0.3447965925008479,0.06584065344477988,1.7744622152649618,0.09706238727708204,0.11190226596514138,0.1366564701691405,0.22643817675519573,0.000125,,,,,,
234,-0.14474199951525363,1.2275581259833637,0.45870974569476936,0.073619069909687,1.7447129287771574,0.1061521544979844,0.1447973177010412,0.16178788558184024,0.21546008973495118,0.000125,,,,,,
235,-0.1198575474430041,1.1942256068804609,0.4115914592913445,0.07171376127670867,1.7533899331615643,0.09843706060818165,0.11991192259358015,0.1428024089372004,0.22239148144297297,0.000125,,,,,,
236,-0.1547632901694515,1.2376532561317666,0.43163051290821336,0.06404239287609814,1.7685710103962762,0.10062438598089174,0.15481400331985334,0.1463090621894852,0.2230146865626459,0.000125,,,,,,
237,-0.15437038341874032,1.2306460654299665,0.41519259594624564,0.07218939112345271,1.74621776996023,0.10541764471410349,0.1544249944684488,0.159035708387329,0.21727558098179037,0.000125,,,,,,
238,-0.19041095320389256,1.2770307044659979,0.41201535025444286,0.0697452878674947,1.7523657364159853,0.10170532729845709,0.19046436655846344,0.1485716830514803,0.2212649020914873,0.000125,,,,,,
239,-0.10373388746674558,1.1810023260337952,0.4330061579996057,0.0715236050247543,1.7540283478385144,0.10432130819686375,0.10378823276581833,0.15665337336621132,0.21836457589776515,0.000125,,,,,,
240,-0.15546877668079015,1.2528175858241073,0.4655471765809368,0.07095685893710366,1.7482785369342881,0.10479134025771311,0.15552278580903062,0.1569837718259519,0.2178790573346306,0.000125,,,,,,
241,-0.1936573086283258,1.281157082303282,0.41912616532706226,0.07000633661220237,1.7456776437396377,0.10614815563440577,0.19371083005462564,0.15917952795813994,0.21747751907253055,0.000125,,,,,,
242,-0.1617708301407565,1.2464135287739047,0.42963627413064986,0.06671214390964336,1.7629879375461923,0.1025172739488677,0.16182284126482627,0.14913298406834258,0.22207322445784847,0.000125,,,,,,
243,-0.18858631516026086,1.2847116219244823,0.45408012007435644,0.06574166778287992,1.7590680502361455,0.10153987633591591,0.188637792073418,0.14746374885569669,0.22238001118632433,0.000125,,,,,,
244,-0.11474640455981513,1.1811599301510545,0.3712761836907937,0.06797568666726264,1.7579978858770473,0.10131023844627042,0.114798985484392,0.14801207489928078,0.22105644219221093,0.000125,,,,,,
245,-0.12159787429520495,1.1929444966949259,0.41638275679535575,0.07947620159019192,1.7362357246074454,0.10349057949796836,0.12165600965904111,0.15543299462030222,0.21634051945019894,0.000125,,,,,,
246,-0.13296234604956617,1.212356803972975,0.43186722777079833,0.06563562304504415,1.7609279938911828,0.1017562761462534,0.13301379070378905,0.14782699927187537,0.2216890918581363,0.000125,,,,,,
247,-0.15616244352388287,1.2287140267897758,0.39972632031082345,0.07093807817870286,1.7552544097397869,0.10277887350282969,0.15621649289580464,0.15096610061948845,0.21933841667746112,0.000125,,,,,,
248,-0.10412572785990856,1.1753515234891634,0.39207333713505027,0.07998088711994311,1.734215507009092,0.10423002501509457,0.10418410275878877,0.15633793263007223,0.21581328375788292,0.000125,,,,,,
249,-0.18562805014902886,1.2662859546001557,0.4012472923967486,0.05861511101383346,1.778666482476186,0.09928755877423812,0.1856761372449483,0.13869940062214964,0.22682582931294976,0.000125,,,,,,
250,-0.09201366051940704,1.1728104866463887,0.45792344998498713,0.07680524099943414,1.7505737068313723,0.1013466874384025,0.09207058234384943,0.1482688663769383,0.21939461664874338,0.000125,-0.18436995896965988,1.2920340153779093,0.18441990107270653,0.062404272494666374,1.772221893185312,0.10177478674507048
251,-0.18555151286188515,1.2836507222077693,0.5324115630626645,0.06383652151440779,1.7709250856836527,0.1040783818744026,0.1856021811573179,0.150345917422644,0.22153128280840978,0.000125,,,,,,
252,-0.16832736036537133,1.2555254895438952,0.4281381576406275,0.07145261873749348,1.7531196296715783,0.10177112535503241,0.16838163558229033,0.14686419373265563,0.22086923111665893,0.000125,,,,,,
253,-0.17753419657949682,1.262866919145167,0.42377833188747943,0.07032594487385856,1.7598914059493014,0.10438559853115832,0.17758800232197858,0.15106226381784627,0.2203044583018669,0.000125,,,,,,
254,-0.15132248512846663,1.2347022852322036,0.42598248590432813,0.07848819105859993,1.7437939240923508,0.10282400258456556,0.15138019540326275,0.15044815104988357,0.21767849377064985,0.000125,,,,,,
255,-0.1849706341510662,1.2774568784074563,0.4357262282677391,0.06870024379593276,1.7554852093599158,0.10485668540888413,0.18502358769191185,0.151817052009914,0.22012808071623063,0.000125,,,,,,
256,-0.20457596020297314,1.3137760062990131,0.5059637323464162,0.07230498225061671,1.7488464802360832,0.10935085316583515,0.2046306946674325,0.16226390484122274,0.2159909971981928,0.000125,,,,,,
257,-0.16459707145689273,1.2408254876361449,0.4055116027190313,0.06491856485765535,1.768462379059465,0.10251179165549856,0.16464824048102866,0.146085154268898,0.22242741641621588,0.000125,,,,,,
258,-0.10785066333126919,1.1860378143202732,0.4253557470569327,0.07301532874518435,1.7549852944172408,0.10121955609666977,0.10790573304414694,0.14546228891264618,0.22046961567741535,0.000125,,,,,,
259,-0.10683728482575477,1.1712377359772195,0.3799524381315991,0.07275284765440235,1.7627657997609998,0.1047012674682198,0.10689233592025427,0.15163166291438998,0.21982028771442036,0.000125,,,,,,
260,-0.13083933827549876,1.238095227947531,0.5487440562350833,0.0706544271419206,1.7596497055263411,0.10141233593838789,0.13089327610948437,0.14482431474991353,0.2217629958723863,0.000125,,,,,,
261,-0.16625075684134816,1.2536233971235167,0.4258093388604417,0.06773149148472651,1.7596194604930298,0.10521959005004067,0.166303270977596,0.1521374003251647,0.21984324070816444,0.000125,,,,,,
262,-0.15356874024319583,1.2426438909426265,0.4445542170624303,0.06661101498992228,1.7680804985275413,0.10250916761533585,0.15362075164735217,0.14566576224875288,0.2227475296157203,0.000125,,,,,,
263,-0.1478410049003673,1.2300015448531547,0.42528143047972294,0.07334981302506986,1.7498992864320495,0.10784586500144758,0.14789625725839417,0.15844652576808987,0.2165818944114499,0.000125,,,,,,
264,-0.18449266490397853,1.2839784438757063,0.48079424967459705,0.07240660899354912,1.7442540260169976,0.10980074738702296,0.18454740875620934,0.1634383339096191,0.215333439150314,0.000125,,,,,,
265,-0.14268803225479365,1.2271446200474543,0.4370261154239487,0.07172879063992693,1.752538573032941,0.10331222347507357,0.1427424551580787,0.14799559583709418,0.22048799652676684,0.000125,,,,,,
266,-0.08349192915105133,1.1609228126142122,0.425020935137541,0.08825260977151372,1.7220412278739265,0.10911203021373506,0.08355436698851797,0.16507394544805837,0.21188579973627245,0.000125,,,,,,
267,-0.18999567286730834,1.2802262842636656,0.4316911314504448,0.06846045609206444,1.7595163014458632,0.1122825982237346,0.19004862108435108,0.1650751051442791,0.21738769214514542,0.000125,,,,,,
268,-0.18299969043280584,1.2910539084711599,0.5130206407655307,0.06502121140318659,1.7663688061562142,0.10624801241850645,0.1830509272066932,0.15288112481194036,0.22131456495261442,0.000125,,,,,,
269,-0.13611167467903473,1.2064492041306276,0.3845087141058164,0.06939235531611229,1.7603755599721636,0.10495333104512493,0.13616502414560291,0.15061052555491622,0.2217226481524265,0.000125,,,,,,
270,-0.16474862102563376,1.2545280126237681,0.4492384513421104,0.07310695962241423,1.7387514388335343,0.11194858205974087,0.1648036815056539,0.16704959073010997,0.2151110717357487,0.000125,,,,,,
271,-0.1634085673189054,1.249921746444656,0.41824634799594135,0.06990444449265282,1.7544489696447312,0.10746325178637328,0.16346213866336604,0.15571203568935554,0.21970447968997228,0.000125,,,,,,
272,-0.1450049953530113,1.2338909034854257,0.450951111967409,0.06915092531062646,1.7577133811517944,0.10535377761396336,0.1450582014872543,0.15152857625830907,0.22162855568678802,0.000125,,,,,,
273,-0.14161216023198048,1.226801032968873,0.43842312338661005,0.06974641574805437,1.7466219988869547,0.1064070641539598,0.14166556373048494,0.15552114800884975,0.2186032401611553,0.000125,,,,,,
274,-0.13021629200684054,1.2203675686110913,0.4595231165209617,0.0703583251115654,1.757653909625521,0.10738329990756823,0.13027012154149162,0.15627655322384715,0.21953589995039793,0.000125,,,,,,
275,-0.16014908974890366,1.247242595313765,0.4418624428614854,0.0697769790066133,1.7459329548873233,0.11074551710641307,0.1602025450231269,0.16343663965115343,0.2173434989972714,0.000125,-0.1575655607662877,1.2472592155725204,0.15761627466647676,0.06418966965535344,1.7570292927606173,0.10487724337883383
276,-0.16662846179997381,1.243200255453155,0.4069850243617019,0.070412503057212,1.7453632430647898,0.11058461509661087,0.16668222753008405,0.16261276066074248,0.21822925357131867,0.000125,,,,,,
277,-0.14277137698994105,1.236854827603619,0.4828091959994587,0.07121580349774168,1.7470522761159164,0.10656601585643113,0.14282552107460963,0.15552640838631854,0.21900742496630018,0.000125,,,,,,
278,-0.16806606169346322,1.2588448758085784,0.44161123689798587,0.06360488090365804,1.7640779453752284,0.10686128159846761,0.1681165735261848,0.15247177589892041,0.22219562616286376,0.000125,,,,,,
279,-0.16554843554272963,1.2657206975658948,0.4794451571997975,0.0672898183672084,1.7516006249451972,0.10856977249784353,0.1656006821558877,0.1580545575415653,0.21904626164291058,0.000125,,,,,,
280,-0.15106879871329193,1.2388256516714224,0.4350384590522973,0.06434701233381765,1.7631166206573288,0.1027692583828316,0.15111963107824924,0.14565463332222658,0.22397448770651984,0.000125,,,,,,
281,-0.14405929406862383,1.2409245361131616,0.5016946542777261,0.06895203303876221,1.7524875043091437,0.10871660583382833,0.1441123821262446,0.1578293015789008,0.2198588751229853,0.000125,,,,,,
282,-0.15755947584753321,1.2859380728846157,0.5809107988010257,0.06685106303566753,1.7537015584134372,0.10491992800939379,0.15761148759391527,0.15036559233427854,0.22139423917127063,0.000125,,,,,,
283,-0.19078479236959578,1.2678611857712432,0.38601734211640315,0.055026036390459825,1.785837833563687,0.10421012756991616,0.19083120586740235,0.14443175348504644,0.22699222667695923,0.000125,,,,,,
284,-0.15800815447646613,1.243562954997477,0.44253328473009695,0.07339708052275142,1.7408739493596652,0.1177233612822125,0.1580634389898339,0.17544772531199818,0.21394399057104196,0.000125,,,,,,
285,-0.1323667226952036,1.2035509946722232,0.408060638378663,0.07007144526858519,1.7502018122836536,0.11056761562447442,0.132420366112117,0.16094429611548844,0.2179958303310197,0.000125,,,,,,
286,-0.19629944794758547,1.2895046601313678,0.43747732485368435,0.07125621433336243,1.74307522478412,0.1151484002346708,0.19635365829100232,0.1697021497191098,0.2158618598582682,0.000125,,,,,,
287,-0.16141651407544916,1.2335041300970455,0.36975541088821656,0.053599355619001136,1.7949087431100645,0.10158071429504807,0.16146227864783272,0.1383834851858563,0.22892498591432914,0.000125,,,,,,
288,-0.146984684362219,1.2353019323146726,0.4765380393219132,0.06925252846297109,1.756850816787572,0.10883882534237743,0.14703796752287185,0.1562010778064853,0.2206975722663106,0.000125,,,,,,
289,-0.1486694102587628,1.248946171761504,0.49444563264732905,0.06805430469734156,1.7655602922623743,0.10531246494745827,0.14872214613868356,0.14894336062503813,0.22215941796734323,0.000125,,,,,,
290,-0.10241056989548344,1.183785974639061,0.44623349804394685,0.06792953921098671,1.7694296612762137,0.10399528268103664,0.10246326891452852,0.14612704323075093,0.22314618904702888,0.000125,,,,,,
291,-0.18606734862846608,1.270150460986616,0.4074797277043459,0.06323140423220502,1.7755322673970475,0.10576803506874889,0.18611777733360685,0.14704337322690472,0.22438990489700295,0.000125,,,,,,
292,-0.13334373763505467,1.2127722956359515,0.4236378075540569,0.06483845195810645,1.7731922867414311,0.10716796776974982,0.13339496046357882,0.15065659723076108,0.22348495898902143,0.000125,,,,,,
293,-0.1493583577822425,1.2289091405801762,0.4300193011978696,0.06527601621881234,1.7737845759648545,0.10669990726114989,0.14940980063518416,0.14989212184349424,0.22310573445424264,0.000125,,,,,,
294,-0.15838449168017027,1.2460211223942244,0.44526074948097444,0.07015181083573395,1.755408575787966,0.10928106961083253,0.15843821448204215,0.15668413399543807,0.21977864540041434,0.000125,,,,,,
295,-0.129904772127172,1.2179625251105497,0.45957294001671584,0.06959811103986102,1.7642672975009206,0.1076683828481829,0.12995829053949542,0.1526669672781766,0.22087195196107634,0.000125,,,,,,
296,-0.1357924005409621,1.2271468899432967,0.4745659071744134,0.07217472331136116,1.7553019437585538,0.10743281949623874,0.1358471152502503,0.15346100913537755,0.22058198710056723,0.000125,,,,,,
297,-0.1920706160701156,1.2949754722786175,0.46183049911915003,0.06266335225206335,1.7739949116387923,0.1114928140743183,0.19212080262349876,0.1579276571441868,0.22186705662247616,0.000125,,,,,,
298,-0.1243101244004885,1.206157935506919,0.4275486545738892,0.06939503860607621,1.7643372433835398,0.10639764814149198,0.1243635292687068,0.1496638170273797,0.22255195068907124,0.000125,,,,,,
299,-0.20970069716071016,1.2912964076259847,0.39268622011003745,0.05236536439989686,1.794759951820586,0.10598500080813172,0.20974588729243637,0.14407316070746173,0.22869320593810927,0.000125,,,,,,
300,-0.1702105773030057,1.2747230150717404,0.5058661842510714,0.06777772288299969,1.763598764299708,0.1096614909633914,0.1702631987669998,0.1560547600225695,0.22123594458592744,6.25e-05,-0.1361493561031451,1.227440630621833,0.13620585248621236,0.07591705278860042,1.742801417326968,0.110984249969917
301,-0.13782305135643136,1.2306261383948762,0.4509548677746053,0.07343307592221587,1.7473292720934106,0.10998916618933352,0.1378783410787753,0.15891096761467485,0.21842534130071595,6.25e-05,,,,,,
302,-0.12158523046780942,1.194097799126976,0.4007314793321426,0.06917872118318041,1.7569500543704408,0.10841330093882831,0.12163847346195408,0.15453752488429312,0.22115881624617273,6.25e-05,,,,,,
303,-0.20435439929564841,1.2881626497588128,0.4047049720725446,0.061771491449439594,1.7736886955337274,0.11279464517501511,0.20440414987478023,0.16047634036111375,0.22184292781201803,6.25e-05,,,,,,
304,-0.19917779514174258,1.2851567850188266,0.411271927538752,0.06367378617004327,1.770475667842332,0.1124134171441906,0.19922846092567748,0.15988405134238332,0.2211041752451256,6.25e-05,,,,,,
305,-0.1699903856834848,1.2522690732488118,0.4138409624510847,0.06399392576206936,1.7727261653198143,0.10722592676925038,0.17004118216728673,0.1498126562322994,0.22365231202217223,6.25e-05,,,,,,
306,-0.11914961473814568,1.2116081011277955,0.48176299929606065,0.07519177961366194,1.7476802857282343,0.11258257414347397,0.11920581325655125,0.16483135809179053,0.21677412995780565,6.25e-05,,,,,,
307,-0.15254389144305786,1.238075408787643,0.43839594829345907,0.06947257585515121,1.7566648663497657,0.11109587512769725,0.1525973053384002,0.15940160777895673,0.2204342124003939,6.25e-05,,,,,,
308,-0.14413851511612571,1.2293025014092183,0.43113236423631723,0.06957304519874057,1.7565312350428322,0.11212947187725775,0.14419198824579427,0.1618215124633251,0.21928157996359932,6.25e-05,,,,,,
309,-0.21214859922000423,1.3166612254595296,0.48198631949878606,0.06753095553013236,1.7589743045653616,0.11223545449371986,0.21220107679535988,0.16019329620629758,0.22056369216798188,6.25e-05,,,,,,
310,-0.20189037723875924,1.3015104626285368,0.45556523845103286,0.06387553422084158,1.7648542107948408,0.11175947322009552,0.2019410811427098,0.15942434631109464,0.2208922957883333,6.25e-05,,,,,,
311,-0.17608842513234796,1.267667432664693,0.43609008604934685,0.07279266889009463,1.7413510170479949,0.11658751947082073,0.17614340085215818,0.17094427476176066,0.21616439619483968,6.25e-05,,,,,,
312,-0.12576255070594036,1.1963950216781294,0.390710829951813,0.07084445357449523,1.7564608992406034,0.11217458110737216,0.12581665928753108,0.16208200529957925,0.2187918960912,6.25e-05,,,,,,
313,-0.1620919353984827,1.2702538761191575,0.5069394308026288,0.07237224142431269,1.750068288994151,0.1071886627376619,0.16214669408871218,0.15277918061951706,0.2206023866408346,6.25e-05,,,,,,
314,-0.1673641332864629,1.2707233015310169,0.500090322656367,0.07279561411759719,1.7453851887214316,0.11393909163151866,0.16741912433632522,0.16580328619300627,0.21731320758641945,6.25e-05,,,,,,
315,-0.13205094462080397,1.2348433912967793,0.4991764763590124,0.07651533282092873,1.7407119383195233,0.11052595545018348,0.13210771466615212,0.16053424795409257,0.21811801409297754,6.25e-05,,,,,,
316,-0.14911606595782578,1.2331790453799567,0.43309199959938915,0.06897508800278335,1.754264258602786,0.10968948914107408,0.14916919303930465,0.15738943022219526,0.22080078930712532,6.25e-05,,,,,,
317,-0.11860353016630666,1.1983505739286684,0.44832705135811807,0.07506092972689866,1.74418427892277,0.11121854118192638,0.11865961465937117,0.16141118916741073,0.21762726358196668,6.25e-05,,,,,,
318,-0.1687616786928714,1.254592613817143,0.42955632599060234,0.07241260825309971,1.7478393652871018,0.1167086268787084,0.1688165304769196,0.17089268530536791,0.21656533163625533,6.25e-05,,,,,,
319,-0.11683455054760011,1.1932467506878328,0.4211228808649393,0.07195289622977978,1.752791934019712,0.11099166012323455,0.11688916483165643,0.1608110203415069,0.21866906195713973,6.25e-05,,,,,,
320,-0.14014156023880142,1.2265870057413433,0.4556021987542903,0.07285557016846256,1.739755929913157,0.11121237696215239,0.14019649770695441,0.16240127394264697,0.2176556464619934,6.25e-05,,,,,,
321,-0.19927793141316413,1.299630426650363,0.47482809189669917,0.06324445425413015,1.764464732326052,0.1117922741473053,0.19932831621035596,0.15986271605513386,0.2212701652645992,6.25e-05,,,,,,
322,-0.1899504595238269,1.2753866296639915,0.4102921667445885,0.06708128476846645,1.7553856904230385,0.11228763554235643,0.19000267689947078,0.16168482392457,0.2201417247903257,6.25e-05,,,,,,
323,-0.17944312321245948,1.2659999347171182,0.440411754178397,0.06654686296752989,1.7551250610587459,0.11566759771317162,0.17949510457053097,0.1668003233764636,0.21972200346495532,6.25e-05,,,,,,
324,-0.13887779786781915,1.228853506198183,0.47293606904925534,0.0736816445692683,1.7437247394948026,0.11512765486630466,0.1389332272140474,0.16888176405016886,0.21704514349145532,6.25e-05,,,,,,
325,-0.16438085685454087,1.255147101915448,0.45231148684882416,0.06689465588455842,1.7561496907604792,0.11279158328812713,0.16443299359522362,0.16265768200625683,0.22019195113611026,6.25e-05,-0.21226583125578172,1.2994899914636562,0.21231527630012237,0.06136423963996827,1.7648357233688108,0.11145672869762105
326,-0.13138379886694668,1.2376892630507932,0.5295906820636715,0.07767746938709644,1.7312501171489811,0.1153123530490077,0.13144110322634223,0.1713254867439578,0.214627045154905,6.25e-05,,,,,,
327,-0.14230137116523067,1.2207636845227006,0.4131891547017602,0.07279236961280316,1.7410175552330074,0.11078311106471443,0.14235628535670003,0.16136971950059384,0.21836559591467175,6.25e-05,,,,,,
328,-0.15144255473688406,1.244700786853477,0.4632952026288775,0.0707081033536941,1.7420747185494538,0.115556312953661,0.15149648509887595,0.16993303645460273,0.21724430295942632,6.25e-05,,,,,,
329,-0.16062058063579057,1.25229400599455,0.4818882992542906,0.0669366425597088,1.7503234995482786,0.11219009943453923,0.16067267409306024,0.16217747214602946,0.220292120694693,6.25e-05,,,,,,
330,-0.10768568993891453,1.1904834218837688,0.4395227137940911,0.07867376733754962,1.7290106992918033,0.11368320299121659,0.10774345376160614,0.16879429098629153,0.21431882934286334,6.25e-05,,,,,,
331,-0.14912249682536638,1.2284544276041456,0.45414945239765336,0.06887357797576193,1.743615384605444,0.11519724883144628,0.14917552174068863,0.16856985390426732,0.21824451777404136,6.25e-05,,,,,,
332,-0.1297917507707263,1.2195585288847146,0.4508298255634663,0.07526256937961485,1.7341919549092917,0.11648959457688157,0.12984788887091098,0.17324048057525715,0.21510534130077447,6.25e-05,,,,,,
333,-0.19777201356841245,1.2872180343491233,0.4203237765032401,0.06719177511271718,1.7483551612464323,0.11471175275649272,0.19782424012510885,0.16710007480651257,0.2187547305396688,6.25e-05,,,,,,
334,-0.11907032433509938,1.198009290492399,0.42823371543731864,0.07495728724385861,1.7316678991855106,0.11818438920083812,0.11912630150160518,0.17639238144605657,0.2140298717442022,6.25e-05,,,,,,
335,-0.1369165371669808,1.2125536216230666,0.41102300212171583,0.06900628329416825,1.7464872262100835,0.11240917590344278,0.13696962927264902,0.163732742474184,0.21942810491417017,6.25e-05,,,,,,
336,-0.13580486973110534,1.2074006587717938,0.39024369367689743,0.06423267124037757,1.7574965838202188,0.10772263208608762,0.1358556382588846,0.15385983805224884,0.2230805230402342,6.25e-05,,,,,,
337,-0.1218612521994174,1.2131657003538345,0.4759724021152359,0.07424350576009774,1.7363997246969523,0.11178863346708046,0.12191685583587908,0.16472657566087068,0.21742600295662712,6.25e-05,,,,,,
338,-0.13314824258748453,1.2224467224293434,0.466684311580881,0.06993341517083299,1.7397427442851292,0.10807691462575544,0.13320168749165903,0.1573006565942428,0.2207656840408791,6.25e-05,,,,,,
339,-0.176070454928074,1.2700590475821594,0.47687720629246766,0.06099497306752142,1.761402376943962,0.1060768554321779,0.17611962720693153,0.150018391781356,0.22519843149134045,6.25e-05,,,,,,
340,-0.1272544118576352,1.191007427436174,0.3803640264456577,0.06694137084206565,1.7551004523973797,0.11189773912312341,0.12730655252497144,0.1615217516826159,0.22107320366614036,6.25e-05,,,,,,
341,-0.19086276755201623,1.2785590582487307,0.4147441205407019,0.06037237341862015,1.7561129838279506,0.10683249846343587,0.19091158319354845,0.1518847937874056,0.2246576648788447,6.25e-05,,,,,,
342,-0.20814029841289214,1.300748342792386,0.4508071333306011,0.06368419376206791,1.7585447677983448,0.11106234209254864,0.20819083658087206,0.1600217187146629,0.22182691980190045,6.25e-05,,,,,,
343,-0.18751749830200426,1.2888870280813638,0.48433552609798025,0.06382394170371494,1.750531744747585,0.11279087237744549,0.1875680434990274,0.1635082687242608,0.22103555482440743,6.25e-05,,,,,,
344,-0.14109020431087543,1.2207190190874182,0.43507227932521864,0.06885533284118554,1.7466025334752893,0.11241385210870146,0.14114322214115188,0.16349235322404523,0.22004439371742265,6.25e-05,,,,,,
345,-0.17099949002483603,1.2783972309968605,0.5199350891036388,0.07745367853677881,1.7221748528469882,0.11894331987740318,0.17105662804583163,0.1786182036239485,0.21272275400390817,6.25e-05,,,,,,
346,-0.1675087183993869,1.269958062802321,0.4723564391851498,0.06719041463395184,1.7461977386695908,0.10656157408443676,0.16756084119983145,0.15319823399486582,0.2219685246422617,6.25e-05,,,,,,
347,-0.19620489406788094,1.290802185904564,0.4384989982351188,0.05973434931922965,1.7609258917812678,0.10878312609854962,0.19625345833271934,0.15495406150777363,0.22428103967945795,6.25e-05,,,,,,
348,-0.1082318618701381,1.1952483904472206,0.4547590641592868,0.07911823044582034,1.7144975717125743,0.11160519842834979,0.10828968201306242,0.1665782457800551,0.21546419506011982,6.25e-05,,,,,,
349,-0.1295590888408119,1.2094295608905394,0.4298650736133564,0.06490106018396952,1.7496781900084337,0.11569975645360704,0.12961019315036848,0.16939296917745966,0.21967044685378775,6.25e-05,,,,,,
350,-0.2213387406252197,1.3193878294351018,0.44192013239362016,0.05907688820271892,1.7633612401562262,0.10651493550428275,0.22138697783107764,0.14953566186312794,0.22621234600186216,6.25e-05,-0.19696498379926164,1.2881616558225444,0.197015071726509,0.06257050127295634,1.7639604773991948,0.11630718368959495
351,-0.14578017837534185,1.2243186955270187,0.4296776910630239,0.06529805596539098,1.7510370270933766,0.11243535059467924,0.1458314621271014,0.1635515181444443,0.22067130050965522,6.25e-05,,,,,,
352,-0.11413044716147885,1.1925401148613544,0.41471119398424733,0.06295379750065384,1.7639916162508196,0.10857030161676727,0.11418064967940786,0.15541761870771584,0.2233007453802371,6.25e-05,,,,,,
353,-0.15749990616685577,1.229329310338541,0.38205505998032313,0.061327169661591824,1.7587551264495833,0.11070469892147336,0.15754926434994027,0.1586350000966654,0.22284539681225363,6.25e-05,,,,,,
354,-0.1341472962575122,1.2245819452721949,0.45596532533088086,0.06784925712775122,1.7539902226693185,0.10530252433169797,0.13419981381354612,0.15037052601515782,0.22317228757198643,6.25e-05,,,,,,
355,-0.11556964899228844,1.2107479027960295,0.4738352399189677,0.08042119230652478,1.7219470124231346,0.11447628990574021,0.115628223821465,0.17011981797372933,0.2151380064937762,6.25e-05,,,,,,
356,-0.12061474907015848,1.2015885812902516,0.4430475497338899,0.07017785566667638,1.742250045477255,0.11336638384043034,0.120668394162285,0.16614611490100678,0.2187409248954871,6.25e-05,,,,,,
357,-0.15696084457867104,1.2424932009084713,0.4201674403995328,0.07032425625691335,1.7341090917696427,0.11314764875708164,0.15701447927420475,0.16544580192311706,0.21856000070330445,6.25e-05,,,,,,
358,-0.1228723162262535,1.1953818141731865,0.4019569445976116,0.07240050836549355,1.7345464251435725,0.11614614307118043,0.12292702340611841,0.17202856099108088,0.21668915202583566,6.25e-05,,,,,,
359,-0.16650706460047543,1.253755649292905,0.45147146492199836,0.06660312194164267,1.7453797591721334,0.10636881856191172,0.1665588836472236,0.15199904922381277,0.223515320292125,6.25e-05,,,,,,
360,-0.15491357151175011,1.2312994345404566,0.41433171379357414,0.07153721735381191,1.7325217391866463,0.11344874560178198,0.15496779982527492,0.1668152625394048,0.21862283243846298,6.25e-05,,,,,,
361,-0.19153614661454776,1.2879438436726716,0.45073915260499314,0.06293134743034441,1.7505197926908318,0.11088565106169984,0.19158622634270048,0.15945654585756797,0.22256201706280215,6.25e-05,,,,,,
362,-0.1499047930391009,1.2402845576311359,0.4480986353093727,0.06911184874731194,1.7472636077685593,0.10914184336732283,0.14995791301798594,0.1573230478994741,0.22169174061661465,6.25e-05,,,,,,
363,-0.17831387885889785,1.2566796581828132,0.40789795548587493,0.07445303418660733,1.728829738095546,0.11918666066477861,0.17836958553997875,0.17767009543060358,0.21519635641136875,6.25e-05,,,,,,
364,-0.20984129292333617,1.304037082029602,0.43382662114641535,0.06284799466223114,1.750990978435939,0.11462989641572251,0.20989137312941586,0.16592314548444795,0.2213270206322459,6.25e-05,,,,,,
365,-0.19914996799148288,1.2971126554830712,0.4727917476023435,0.059026486947662445,1.7574498525106685,0.10732779661184903,0.19919812901144793,0.1520692596224255,0.22553009141251412,6.25e-05,,,,,,
366,-0.17735485774702425,1.2745431238499096,0.46244462181034174,0.056535246007609785,1.770722321984763,0.10886357419253888,0.17740192122898987,0.15350512134867794,0.2263913264040746,6.25e-05,,,,,,
367,-0.19385980033151606,1.2929699659783318,0.4660886278156206,0.057848979024650984,1.7603643767240325,0.11066859535145532,0.19390743515074915,0.15833929974459504,0.22474210685052587,6.25e-05,,,,,,
368,-0.08414808384228524,1.146692072825768,0.37667123166940863,0.07145504466421035,1.7373078871194003,0.11600315518041962,0.08420234447504034,0.17162555748354424,0.21825506422212476,6.25e-05,,,,,,
369,-0.16118767708476933,1.2298232619623861,0.37708680076821177,0.0659163526007564,1.7436971607513718,0.11357572004482688,0.16123920798987768,0.16543294771014344,0.22086012659899504,6.25e-05,,,,,,
370,-0.2546024292784387,1.3773503716013988,0.5006158940760091,0.060546447785529686,1.7424035461729062,0.11806965801035721,0.25465130723437335,0.17241549522976674,0.22066858828695168,6.25e-05,,,,,,
371,-0.17157832441283855,1.2708022253296112,0.4531724805613131,0.06931707574877258,1.7276889637121813,0.11406109923646068,0.17163140045134245,0.16854305281434323,0.21833328266353264,6.25e-05,,,,,,
372,-0.16624763226323802,1.264596505125422,0.47010648778421915,0.059933028100150734,1.7579144870745234,0.10526373871810889,0.16629623055954604,0.14883904151364818,0.22629146008266215,6.25e-05,,,,,,
373,-0.17709431434168216,1.2691765411117586,0.4547968595345416,0.060112725873816955,1.7562422122073307,0.11465992267755108,0.1771430797259679,0.16560222020946153,0.22228738948704244,6.25e-05,,,,,,
374,-0.2186565356074724,1.3271161261211653,0.4890286105783362,0.06608183821891633,1.7362789259143263,0.11864163646064002,0.21870812573220555,0.1747820115981129,0.21858550506187718,6.25e-05,,,,,,
375,-0.09389181837044261,1.1586813098089013,0.3830347413344873,0.06809404117412034,1.7424388907032626,0.10899591454982734,0.09394437973908218,0.15823063597541479,0.22282166366297657,6.25e-05,-0.20808291997803718,1.3101292367839916,0.20813304477537545,0.0630144849974273,1.748910184253608,0.11284529969900252
376,-0.12614900712371413,1.19453367829795,0.39286621450327114,0.06612700998234688,1.7421955288105906,0.1084242711430925,0.12620057682670482,0.1566185644111708,0.22392304446141217,6.25e-05,,,,,,
377,-0.13762593465434073,1.2146835118085906,0.3964228244712808,0.07361643615110001,1.7192368685172483,0.1195265688205682,0.13768113050678965,0.17921156565133364,0.21573700269485374,6.25e-05,,,,,,
378,-0.1553301935514307,1.2389074460941152,0.43699666091390865,0.08006536726217861,1.7071165124379941,0.1266755513509486,0.15538856415569968,0.19416170291885998,0.2095406840915436,6.25e-05,,,,,,
379,-0.1610849298843444,1.247845837523037,0.44847383090972315,0.06244855636819409,1.7479809441665015,0.11139577297144865,0.1611347479296999,0.1616262266123995,0.2231177439512814,6.25e-05,,,,,,
380,-0.12793387651614763,1.2003996938932548,0.40824022885005196,0.06961840634708441,1.7335803787711588,0.11684976318405474,0.12798719002074074,0.17347356680400827,0.21877264088953102,6.25e-05,,,,,,
381,-0.12479392509803608,1.1867175396530392,0.362120524078364,0.0665091383080833,1.7308887399490092,0.11457114639114785,0.12484563426605352,0.16950041895993745,0.22053359928153976,6.25e-05,,,,,,
382,-0.1372101404512293,1.2263120243344239,0.4736440979948631,0.06766027272328921,1.7417960341763061,0.11170580900252151,0.13726250560602277,0.16341439797708096,0.2209877500232698,6.25e-05,,,,,,
383,-0.13901675365394234,1.2241549509233218,0.43330699138843276,0.07292132608167617,1.7155270149568729,0.11617536326634817,0.1390715313407654,0.17396362106945146,0.21689701045942203,6.25e-05,,,,,,
384,-0.1471049859858107,1.2169101725342912,0.3772786847430114,0.06755706054907272,1.724580104908941,0.1155908671722985,0.14715716622580605,0.17158375633507478,0.21965036149167683,6.25e-05,,,,,,
385,-0.1508530501497335,1.2211643937061645,0.39071698664717097,0.060499938345214915,1.7422672548992728,0.11631176325861897,0.15090188590908765,0.1705949922024898,0.22238179519677204,6.25e-05,,,,,,
386,-0.1461892380296534,1.223821476231287,0.4251885235341606,0.0625303041089241,1.738027757099625,0.11537993324626389,0.14623903725861126,0.1698841228195826,0.2215890636784791,6.25e-05,,,,,,
387,-0.15851421432664778,1.2526417938440355,0.4719168793852985,0.06060523293823497,1.7433291915870774,0.11163273249246529,0.1585630665623577,0.16199536920750973,0.22378237752684382,6.25e-05,,,,,,
388,-0.1610692016007907,1.2334470208314574,0.40062658704033977,0.06001712153662613,1.7468046106107205,0.11482027543637534,0.16111782641041947,0.16819382961111837,0.22257562348894816,6.25e-05,,,,,,
389,-0.14158088961652898,1.2170538049962079,0.39793634196351035,0.07054191472465318,1.7180191309344377,0.11635081177301579,0.14163450427331842,0.17418613421859125,0.21839250466239135,6.25e-05,,,,,,
390,-0.18572686736915248,1.2823390732217075,0.46120408381708694,0.06455162095897399,1.7287295176851405,0.11964562882724838,0.1857776269310971,0.17823004479955992,0.21882923056967812,6.25e-05,,,,,,
391,-0.1931635353511439,1.2786377459477578,0.42114417674173005,0.062114259918412754,1.7249351095137873,0.11572543547044743,0.19321299908655298,0.17115908517960307,0.22172782346864722,6.25e-05,,,,,,
392,-0.15000629903871576,1.2375147214063063,0.44745815060095584,0.061921107993132274,1.7338362320087293,0.11503436497986366,0.15005574829868223,0.1696101696931624,0.22209339529652117,6.25e-05,,,,,,
393,-0.09067461689663282,1.1782448693023633,0.4586105588651833,0.07923461151556381,1.6961544674699474,0.12018213109879108,0.09073239756837628,0.18397406013807202,0.2147665990036853,6.25e-05,,,,,,
394,-0.18194483873842726,1.2646626563121006,0.426309621320041,0.0631679594625604,1.7267977917964372,0.1202817778810293,0.1819948935138553,0.18024303382896817,0.21868329002586134,6.25e-05,,,,,,
395,-0.12564539184818538,1.192188537594815,0.3883918525359382,0.06497865644055348,1.7228332737093157,0.12308096747588175,0.12569634031881752,0.18643820409317374,0.2168276009635699,6.25e-05,,,,,,
396,-0.135313756518435,1.2120989825132376,0.4181560595185454,0.07646135681754246,1.69275245976827,0.1209923860498231,0.13537012464530193,0.18636935848817843,0.21393578380892087,6.25e-05,,,,,,
397,-0.16527071689386305,1.248756417168205,0.4102613061955335,0.06646450440191612,1.711720288643846,0.11721225809122893,0.16532223847153135,0.1761667465986813,0.21937667025148908,6.25e-05,,,,,,
398,-0.13354969001086764,1.2050389612356258,0.41068652068311573,0.060501470677365526,1.7308693581723713,0.11520432661894864,0.13359840148305424,0.17090463937005906,0.22243345687537408,6.25e-05,,,,,,
399,-0.15212731246783548,1.2295156220631671,0.4016032628735218,0.06106519188044282,1.7235556704555908,0.11665840822678968,0.15217624720456252,0.17418783234146448,0.2217008535372525,6.25e-05,,,,,,
400,-0.18157763259921844,1.2659502709019446,0.41393174492441215,0.060896411455608264,1.7248481360600483,0.12013496494294704,0.1816265306359563,0.17980011429638224,0.2197939920929955,3.125e-05,-0.23097733435752696,1.3213389787685925,0.23102801073267903,0.06469176164712999,1.712694264373165,0.12035516847698127
401,-0.14182979308984928,1.2240114017240358,0.4187543068132379,0.07084084147315833,1.7016713041028528,0.11864739534865669,0.14188341669758037,0.180876762915413,0.21678131171016218,3.125e-05,,,,,,
402,-0.18044978552110752,1.2692751555193875,0.43359850939260375,0.06020715903175775,1.7239087330941543,0.1215329559704561,0.18049834351751406,0.18223031039528256,0.21936828935628355,3.125e-05,,,,,,
403,-0.1309564656456058,1.2129576022186912,0.44084429329851305,0.07407280590795803,1.7002527129546539,0.12239758067200213,0.13101172855149606,0.18789902560624566,0.21466712599229643,3.125e-05,,,,,,
404,-0.18548980752395927,1.278546647705532,0.442241705056379,0.06351371682171374,1.7133688098243642,0.11566315122130541,0.1855398547019806,0.17342544329850285,0.22041423627736706,3.125e-05,,,,,,
405,-0.16954513001593655,1.2457213847814126,0.38839968074459114,0.06491741811317286,1.7157193074955415,0.11979954346015814,0.1695959439135027,0.18063334436069642,0.21851622339670768,3.125e-05,,,,,,
406,-0.1840033717713518,1.2631985076753485,0.41099458384091275,0.06128366029011831,1.7245611372834417,0.11820215737614181,0.18405244123444342,0.17614719213074626,0.2210839339972811,3.125e-05,,,,,,
407,-0.1758945129296477,1.2599114163201992,0.43643217728790207,0.06117353148523774,1.7268712676222568,0.12034433308322043,0.17594357185139736,0.18031183535663503,0.21885742997889426,3.125e-05,,,,,,
408,-0.16153087670996474,1.237819494014874,0.4171944615159926,0.06600410831569037,1.7178451300130746,0.11503425924901835,0.16158220755801522,0.17180671807021342,0.22079982138988535,3.125e-05,,,,,,
409,-0.1877079544120384,1.2848954952180138,0.44958355071091444,0.07265329383486036,1.692426886513471,0.12192905727857505,0.1877624246183938,0.186698367216638,0.21497413549852185,3.125e-05,,,,,,
410,-0.1440823984943964,1.235245805243523,0.47326168716495753,0.06378187207392838,1.7236065094303155,0.11699532273657398,0.144132695448755,0.1742022007097359,0.22045125167907836,3.125e-05,,,,,,
411,-0.12751735772896436,1.2081352043675113,0.4315560358467104,0.060708810473320676,1.7305582425381494,0.11125291881801647,0.1275661302458146,0.16353186702774367,0.22404665977332255,3.125e-05,,,,,,
412,-0.20090471427083598,1.310394099403037,0.5056902324869967,0.0586493075732475,1.7366102479258447,0.11496741777213394,0.2009525547012796,0.1688748259345635,0.22262185120736377,3.125e-05,,,,,,
413,-0.1210600498495119,1.1802496812400456,0.3498164164161487,0.07230653276718563,1.7045812647877137,0.11924618833096334,0.12111444139042667,0.1815252513425641,0.21603583906935092,3.125e-05,,,,,,
414,-0.18536928306627795,1.2742099684703623,0.4282016761056525,0.06245344184828117,1.7253796841463283,0.1154478783460762,0.18541891806282704,0.17053806711518493,0.22134017960877955,3.125e-05,,,,,,
415,-0.20571342367923026,1.2991586761921754,0.4351259739133754,0.05894272320280183,1.7299381108379401,0.11867598399100494,0.20576138118177995,0.1754850996627961,0.22177875583059892,3.125e-05,,,,,,
416,-0.1867988925757369,1.268253159758986,0.40179560867879216,0.0609986802581079,1.734781039571565,0.11785105991045106,0.18684791823686078,0.17341238218069288,0.22179862457499638,3.125e-05,,,,,,
417,-0.1799950421760254,1.2758652569810165,0.47344100919629706,0.062354800274288455,1.7252698774850193,0.11547494842114267,0.18004462702442162,0.17065086429986653,0.22177205333161765,3.125e-05,,,,,,
418,-0.1757135849125932,1.2645700089572536,0.43515268867961565,0.06712432099768947,1.7111638161562261,0.11937020003483301,0.17576545241325398,0.17961273269576744,0.21826453232293647,3.125e-05,,,,,,
419,-0.14285683154149015,1.2147368409861525,0.3986825300910625,0.06578521214782183,1.7273479888554617,0.11652336873902273,0.14290816286114,0.17229942692383857,0.2205066570440351,3.125e-05,,,,,,
420,-0.15532677098465872,1.2449591790042134,0.44898467185081464,0.06729229197100858,1.7204893014257303,0.11630656896267604,0.15537878508934813,0.17233554941605211,0.22057115546477823,3.125e-05,,,,,,
421,-0.22008556150250014,1.3175929141514442,0.45728101528495685,0.060635617879818055,1.7294830944894128,0.12163290639510513,0.22013439047144887,0.1803906849361474,0.2201202621828117,3.125e-05,,,,,,
422,-0.16069495034515702,1.250076548494981,0.4560682278017881,0.06898903361873099,1.7213411315143392,0.12061246331912286,0.16074786439791472,0.18047172932692895,0.21761109234637271,3.125e-05,,,,,,
423,-0.180026031156086,1.2694284668041433,0.4471743819457635,0.06651638559718337,1.7205082650706227,0.11755193000345812,0.18007766995083538,0.17440201385015414,0.21975582883493203,3.125e-05,,,,,,
424,-0.1348371151265793,1.2022473350225644,0.3663398754176197,0.06182463462334645,1.7381087920383855,0.11365236617094285,0.13488654505547304,0.16597338377095072,0.22362000212792935,3.125e-05,,,,,,
425,-0.19034758648615724,1.2974244943859605,0.5019134997294595,0.06170849969691204,1.7389316965180213,0.11661980756718265,0.19039699625104653,0.16967688187173166,0.22302680565393662,3.125e-05,-0.16548203508933138,1.2432402035744405,0.16553614505273087,0.07164988105245779,1.7111422427838208,0.11736004454305096
426,-0.14636263656759474,1.230880042046676,0.43904289896668514,0.06394451275931635,1.7389915866391128,0.11596218476134328,0.14641315836168842,0.17022682860114288,0.22117994583511535,3.125e-05,,,,,,
427,-0.10925630408570522,1.1518291311859779,0.2955691762387239,0.06277618744398392,1.7360679966814807,0.11733779615298898,0.10930622623735556,0.17283520075124167,0.2218724740307092,3.125e-05,,,,,,
428,-0.16146266068938225,1.2447428153808044,0.42384293615681595,0.06664774450466233,1.7289494271766737,0.12105072477525042,0.1615144845631541,0.18016350007897788,0.218519502868891,3.125e-05,,,,,,
429,-0.1537281816629748,1.2400114199009449,0.4516850815777622,0.058099826341105686,1.7470952308960173,0.11206482947313523,0.15377582317674904,0.16106581480032264,0.22614899601793875,3.125e-05,,,,,,
430,-0.1181985783410141,1.2029484143182325,0.4542086039546519,0.06967530716708789,1.7255209858031626,0.11624908060505904,0.11825183369526172,0.17152344233063183,0.22016332174638162,3.125e-05,,,,,,
431,-0.13143030727196148,1.199575036159244,0.3875436529246032,0.07118610651095475,1.7150098234240287,0.12026453967063017,0.1314842530688479,0.18060563549758823,0.21733256552434754,3.125e-05,,,,,,
432,-0.13114821813089608,1.2088561881818383,0.41594753906872894,0.06338474444360961,1.737204026902493,0.11419686997834169,0.1311984245120867,0.16631869521130851,0.2228397828059856,3.125e-05,,,,,,
433,-0.11351818829395924,1.1834736735700648,0.3848663605969833,0.06815491528855067,1.7284467364396527,0.11550884891832891,0.11357070530745707,0.17027144470081323,0.22060319148499366,3.125e-05,,,,,,
434,-0.14756645056519047,1.2306919092473811,0.43734968547851794,0.06344123340203747,1.7344577296631183,0.11158423976203974,0.14761663160158572,0.16202814918688602,0.22459655510258536,3.125e-05,,,,,,
435,-0.12137506375818566,1.1796712566492498,0.34366127323301326,0.07074519377998471,1.7135450060826565,0.11912078050893393,0.12142876301294156,0.17859966313133135,0.21796795216085085,3.125e-05,,,,,,
436,-0.21004525396453588,1.3075316194772828,0.446403377103649,0.056650334396214225,1.7418370488346113,0.11097557874598153,0.2100921072580098,0.1587082440343329,0.22619034965043572,3.125e-05,,,,,,
437,-0.1284015772916857,1.217423516676635,0.47718248609513597,0.07329819021751735,1.7144475087820394,0.12014236224948577,0.12845657228550478,0.18028931548952354,0.2159061161935273,3.125e-05,,,,,,
438,-0.21459739081616913,1.3215499327349267,0.4802064986490641,0.05601119678789335,1.7502871446131654,0.11416423756600252,0.2146440409283849,0.16366409871310583,0.22564407009721632,3.125e-05,,,,,,
439,-0.21496884421655157,1.2982970744199949,0.40427876465356694,0.060134702081892574,1.729757842661736,0.11806482274638425,0.21501738979424656,0.17346383706027538,0.22137829441070098,3.125e-05,,,,,,
440,-0.14534512435513286,1.2336362771380314,0.45020007565753983,0.07346546324715822,1.7186728467026122,0.11864190968220863,0.14540023023432028,0.17726689862880068,0.2164711262179521,3.125e-05,,,,,,
441,-0.14368070862967183,1.218981908882421,0.4027682551334817,0.06611882705355397,1.7210301059386972,0.11772508147228447,0.1437321555950727,0.1748184606063985,0.21985512664339987,3.125e-05,,,,,,
442,-0.19803918474854484,1.2831059742031916,0.4199393781589853,0.06523959009801195,1.7187757145200986,0.12037018796594498,0.19809019600261873,0.17915154533053396,0.2187442005955645,3.125e-05,,,,,,
443,-0.18026062846547836,1.273017848352745,0.4613647309899179,0.060738832881231816,1.74372195750745,0.11942961835563222,0.18030962939767758,0.1745977779441345,0.22210249245826563,3.125e-05,,,,,,
444,-0.23229103096908782,1.3459470018007922,0.4882152311702344,0.05612262547595867,1.7451553733999576,0.1169268385293943,0.23233771310394508,0.1691133556351006,0.22453803807901174,3.125e-05,,,,,,
445,-0.12310542765886452,1.2012881727326241,0.41934193328562447,0.06352102730126406,1.7407307626399289,0.1110131214549539,0.12315570561135614,0.15958927828996844,0.22532278741492273,3.125e-05,,,,,,
446,-0.17942823425583876,1.2553009862818971,0.3837331224009742,0.060437992336782924,1.7410980920090107,0.11684520761264942,0.17947703268500337,0.16999022583433002,0.2221178247674766,3.125e-05,,,,,,
447,-0.21015650866604924,1.3081756011787047,0.4645819806549678,0.06332780940296226,1.7277805342532282,0.11754490000869769,0.21020662582509336,0.1726802807861994,0.22141983948874328,3.125e-05,,,,,,
448,-0.13151309430286234,1.2161242412751427,0.4741065262102049,0.0655019558179344,1.731476583686707,0.11478806034475751,0.13156430792721163,0.1681396238417716,0.2224761595759911,3.125e-05,,,,,,
449,-0.15762566585441978,1.246983412622623,0.44394344579405765,0.06863870275388972,1.7196380434892848,0.12285846315292644,0.15767841017086318,0.18397863762138522,0.217271795940059,3.125e-05,,,,,,
450,-0.16410745083297443,1.2684738890508545,0.4917317667180681,0.06068697390714495,1.736980213024422,0.11505157948788694,0.1641563146378531,0.16680637008602575,0.22395406558725933,3.125e-05,-0.14923227071975853,1.228242277365988,0.14928742963465702,0.07377168234790815,1.70502596622568,0.12228140622556347
451,-0.13531760475215776,1.2102430190005928,0.4030404016284973,0.06829278012215062,1.720667455423565,0.12000348606820949,0.13537015785163375,0.1785553299394228,0.2186131189904862,3.125e-05,,,,,,
452,-0.17773634985028824,1.2735129698159449,0.4735783403779961,0.055034509895653096,1.7492030221479282,0.1145376440954091,0.17778250451189848,0.16488260460278722,0.22516063324713093,3.125e-05,,,,,,
453,-0.17550042115861764,1.2680971671642196,0.4706467656675278,0.06178945945751367,1.7329980595516319,0.11714251995250818,0.17554981729414143,0.17118089603444236,0.222889103984016,3.125e-05,,,,,,
454,-0.1994755913642069,1.2891798886024843,0.4451296206395465,0.05779671710662367,1.7451721112757417,0.11543885318495084,0.1995230958324048,0.16648868872904898,0.22407205704066874,3.125e-05,,,,,,
455,-0.1490640318145773,1.2294835013830498,0.41700015335275753,0.07409300584321382,1.7050519965260493,0.12475154650810469,0.14911937635292927,0.18936102634933105,0.2145341548601447,3.125e-05,,,,,,
456,-0.1824708880093357,1.26608481949491,0.41317348803455095,0.06064287895715234,1.7456986279181643,0.12081268622858565,0.1825198745619557,0.1767893896669075,0.2215522271673508,3.125e-05,,,,,,
457,-0.19115868550946274,1.2888131458590852,0.48142897095783194,0.06997494421283743,1.712947438316668,0.1241188155229562,0.19121204364410757,0.18674030404721773,0.21504847614911085,3.125e-05,,,,,,
458,-0.18648132989462374,1.271950267270439,0.4146421575988235,0.06782290319382919,1.72176951096321,0.11714849700154234,0.1865336305263003,0.1727036760344996,0.21977132522653034,3.125e-05,,,,,,
459,-0.14361992378225572,1.2295450403058676,0.44527791702963687,0.06647815914511329,1.7249062401422808,0.11969021869865193,0.14367160882641666,0.17719612844066143,0.21980319600084663,3.125e-05,,,,,,
460,-0.19943604747783245,1.2946847217803183,0.4325272052106606,0.06016170478211038,1.7344346663458183,0.1184458900485712,0.19948465713578747,0.17298861625109774,0.2216512074355913,3.125e-05,,,,,,
461,-0.161868359243198,1.2449766546606185,0.42607288015382005,0.06637072622795664,1.7288831935498854,0.11503630583056698,0.1619199838013058,0.16856852090385865,0.2217356650487298,3.125e-05,,,,,,
462,-0.15074522442986865,1.234126132663264,0.43687690779043026,0.06623205481722723,1.7241956484635654,0.11949872910613525,0.150796777401053,0.17697152462701427,0.21940903656855443,3.125e-05,,,,,,
463,-0.1763690124020544,1.2706492028107967,0.45480678634922467,0.07118122479494414,1.707125680002017,0.12669379511807105,0.1764229412092031,0.19159317146478652,0.2147692369844055,3.125e-05,,,,,,
464,-0.1887031727850521,1.2754933141453433,0.41899368298013684,0.0542029660775836,1.753044750429245,0.1152131863369525,0.18874895684745857,0.16504287962783404,0.22512343482871028,3.125e-05,,,,,,
465,-0.17062822542623018,1.2587277482711832,0.46637162396532156,0.0648837442281536,1.7276457377121788,0.11885297734722566,0.1706791322854948,0.17514399613301818,0.22082833531039145,3.125e-05,,,,,,
466,-0.21691198799210742,1.3143585469747694,0.42846121798124676,0.05867121066518374,1.7462727853068352,0.11424245282467277,0.21695992874982134,0.16392222174328075,0.22507426819373894,3.125e-05,,,,,,
467,-0.11996095765915724,1.2069303626223777,0.4513468687082018,0.06708618125513673,1.7394210825668381,0.11871926868997537,0.12001308215329737,0.1744771106022593,0.21994575600933747,3.125e-05,,,,,,
468,-0.18095305489492297,1.2592863153824345,0.4023094042906773,0.05295623279260291,1.7598380386910475,0.11226448089246702,0.1809982540365151,0.15898919439715165,0.22836595084714845,3.125e-05,,,,,,
469,-0.2304359174543571,1.330598534313134,0.45075942923047024,0.062353549531821276,1.7423083849945047,0.12205931284710887,0.23048573790610144,0.17858663708338013,0.22061608580377076,3.125e-05,,,,,,
470,-0.16922613919818458,1.2508535417299327,0.415737072956921,0.0654888065022272,1.7339217947872338,0.12046446656727958,0.16927742746404922,0.17739902537409505,0.21988528243125582,3.125e-05,,,,,,
471,-0.1852931511091743,1.2700331598170491,0.40980801981974174,0.06013757003525946,1.7330340551385075,0.11811206472922438,0.18534173135539062,0.17321637848951235,0.22246797163677234,3.125e-05,,,,,,
472,-0.10646268626498787,1.1836905102386175,0.4192541629521745,0.07402118389308877,1.713295202849859,0.12078039726846032,0.1065180376129356,0.1808323400665806,0.2171641132427231,3.125e-05,,,,,,
473,-0.1482788829872056,1.2314389188048223,0.44520165717405863,0.07161551263957815,1.7169496722116033,0.12688415033296133,0.14833312908175084,0.1913163630996796,0.21478919669124324,3.125e-05,,,,,,
474,-0.21717809473206307,1.3203995101823887,0.45850638203267824,0.05500947783323158,1.7507099275635656,0.11317279393788512,0.2172242382981947,0.16127092839185198,0.22626973755668836,3.125e-05,,,,,,
475,-0.14716364102943827,1.2324234760278725,0.43484432290745995,0.0699306255115799,1.7232605233819447,0.12144445889195335,0.1472170533920168,0.18070107113286307,0.21723933901630044,3.125e-05,-0.15263584534080415,1.2411149818022507,0.15268591559281494,0.06299678159997661,1.740427748469096,0.11675837261192296
476,-0.11524583339883293,1.2001025494514255,0.43989846157323975,0.07103637677049443,1.7159604618649205,0.11909067147474199,0.11529970209855157,0.17731003346526392,0.21810673766259392,3.125e-05,,,,,,
477,-0.16742757971409405,1.2575627858162253,0.47788509910037885,0.06673316830647538,1.7228747710789927,0.12414462472335147,0.16747941649220532,0.18479209932405655,0.2183613169307555,3.125e-05,,,,,,
478,-0.16139788828252466,1.2455069907526,0.44339104777958066,0.0668241799787507,1.7294340469408314,0.11735791815910801,0.16144976829216504,0.1718544890288746,0.2204874304122574,3.125e-05,,,,,,
479,-0.16915496219260712,1.249027025488186,0.40533558861932206,0.05491542527814065,1.7553980663385247,0.11502305513025893,0.16920112411646088,0.16458097310142888,0.22578672326308624,3.125e-05,,,,,,
480,-0.09163835453807687,1.1560103538773139,0.3875747920646295,0.06531271956428833,1.7380522086168688,0.11999810892285956,0.09168959140103441,0.1767610980342158,0.22033051841683993,3.125e-05,,,,,,
481,-0.1460331369784825,1.228318560104583,0.42919534482635363,0.059202037102233845,1.747779149194967,0.1134485026211837,0.1460813502735518,0.16263558751522394,0.22560609510541318,3.125e-05,,,,,,
482,-0.12669849671540542,1.2069506724372938,0.4478605929296415,0.0725223704016345,1.7143092623124945,0.11933679027864638,0.12675309436113213,0.1778742195244819,0.2182693436995423,3.125e-05,,,,,,
483,-0.15592889920197223,1.2384166507231238,0.41710177154943595,0.06403090318877908,1.7304734097958008,0.1191020036300258,0.15597941040770089,0.17574323498680286,0.2203271789658827,3.125e-05,,,,,,
484,-0.20271726685790714,1.298531728661954,0.4395487468970825,0.05971383702563104,1.7409944651416165,0.1186999490653127,0.20276572072056204,0.17254541205530521,0.22265085159265446,3.125e-05,,,,,,
485,-0.19725610472470334,1.3033167312420013,0.479648207436048,0.062316346514753325,1.7343781385306665,0.11805860457701103,0.19730578726539177,0.17255709084013446,0.22171654646174982,3.125e-05,,,,,,
486,-0.1685324014973359,1.256506260887403,0.4407749278805568,0.05968049164501224,1.740913222899875,0.11806852141732493,0.16858083156060158,0.17134641118075902,0.2234171764022627,3.125e-05,,,,,,
487,-0.1187736812592609,1.1796500094620792,0.3636299973617787,0.06712721182258484,1.7226035607630763,0.1192382208798331,0.11882566328298866,0.17651850965643098,0.22022178351180716,3.125e-05,,,,,,
488,-0.17411146659380564,1.2801699287688486,0.5337004274466847,0.062091531746187374,1.7363586039016257,0.11877022710372176,0.17416106364798878,0.17419850009556742,0.22101820276960032,3.125e-05,,,,,,
489,-0.12873187256824525,1.2257249731102036,0.4887937548182534,0.06676275207209503,1.7319394770325167,0.11741837431003663,0.12878374752279476,0.1725343430885995,0.22082415061099037,3.125e-05,,,,,,
490,-0.16356962983228973,1.2482335053892493,0.4313878452519337,0.06684218117516327,1.723659344063993,0.12350644403885812,0.16362152258075835,0.18395149935709343,0.21887460797781744,3.125e-05,,,,,,
491,-0.15782280302139856,1.2507832897531257,0.4546147458553772,0.07126590694354783,1.7103243302015088,0.1224510591039096,0.1578767637287634,0.18331163433447345,0.2171706581758439,3.125e-05,,,,,,
492,-0.15907331253062065,1.2421555805036908,0.44444099115449737,0.0585119604013424,1.743122254296992,0.12207366745847796,0.1591212204700389,0.17870744986546966,0.2224674127787814,3.125e-05,,,,,,
493,-0.21384852796550693,1.3005204992690795,0.41257105916774783,0.05973682063463401,1.7410451082045553,0.1181411506705192,0.21389698823841302,0.17198075535508078,0.22298283571752445,3.125e-05,,,,,,
494,-0.16670442675273436,1.2511949302067373,0.45319047317284294,0.060128938550144756,1.7433505270732526,0.12232856251127809,0.1667531480129053,0.17897150740737675,0.22169199919872296,3.125e-05,,,,,,
495,-0.17498444504119876,1.25941497073652,0.4175459965956125,0.05871679880415301,1.738049683957843,0.11678533932079768,0.17503235179083362,0.16990430444687699,0.22380093541430685,3.125e-05,,,,,,
496,-0.1391453417073907,1.2173229578000297,0.4204728358949198,0.06731688306953992,1.7241826780992757,0.11985004042795107,0.13919744047611074,0.17785136820041103,0.21938300945751582,3.125e-05,,,,,,
497,-0.16396956025375067,1.270353132749545,0.5086293563590999,0.07296630668036438,1.7042734207442427,0.11899431949746114,0.16402427608449327,0.17880399421391618,0.21722285113385797,3.125e-05,,,,,,
498,-0.16830567421914705,1.255046909846718,0.43441803720543615,0.05680387138343056,1.7429965486581338,0.11552208224558723,0.1683526613411478,0.1668730840516498,0.22484726662849053,3.125e-05,,,,,,
499,-0.17221543623239716,1.2712267608573073,0.47782998043040076,0.06327781616556451,1.731974156047314,0.11556540750181774,0.17226555053611547,0.16861604930166085,0.2226940791649879,3.125e-05,,,,,,
500,-0.16637909165821488,1.2522229024334384,0.4276701684108328,0.06627393775087381,1.718445406967972,0.11656706930807303,0.16643057875185302,0.17151900155400523,0.22108662671619425,1.5625e-05,-0.1811579913690079,1.259737156986549,0.18120724970257013,0.0613168162056181,1.7387252004696219,0.12126734547251475
501,-0.17181314015877813,1.2711847647138224,0.4840442319797047,0.0655561999221227,1.7307725326332088,0.12040005875721332,0.17186442998465315,0.17733175987645286,0.2193840996039692,1.5625e-05,,,,,,
502,-0.18365622188892275,1.2741314569027593,0.44841639512662945,0.05961038339883301,1.7375996631642543,0.11881981045996495,0.18370459127535838,0.17338573185475586,0.22294430460296177,1.5625e-05,,,,,,
503,-0.1343275023193055,1.2116625648906059,0.43414544142894224,0.06742919159523791,1.7255493939139117,0.11804382947084677,0.13437965284733694,0.17413882961325305,0.2205999470099125,1.5625e-05,,,,,,
504,-0.15234598882746092,1.2399483529488706,0.44778727945468166,0.06583261690751671,1.7322494438038336,0.11723952735407431,0.15239740002562624,0.17164193733817776,0.22157780713543918,1.5625e-05,,,,,,
505,-0.16702488579287547,1.2498350430306426,0.4343496761255214,0.06019471732933797,1.7422713501945841,0.11827424595533934,0.16707358860750166,0.17206922090242466,0.2237047003598968,1.5625e-05,,,,,,
506,-0.17907061532253768,1.2768480576876122,0.4578617827504793,0.06369465576068821,1.7279151249818359,0.11850747618154747,0.17912092687642966,0.1737035497262941,0.22197225609951365,1.5625e-05,,,,,,
507,-0.11980449085412462,1.184767971737867,0.384976034186875,0.06693413249226557,1.7270848271718462,0.11492989837728718,0.11985637806762622,0.1686276789904047,0.22194025462539632,1.5625e-05,,,,,,
508,-0.14114746966514097,1.2117567571156067,0.38926264847986974,0.06900523577831622,1.7206419642355688,0.11808007804957821,0.141200359503453,0.17493389185805633,0.21960166773530526,1.5625e-05,,,,,,
509,-0.18873916371927146,1.2764638944220428,0.4244958793408282,0.059828833927443856,1.7397051589358627,0.11277579615012179,0.18878760294578606,0.16165607414115302,0.22506523566998476,1.5625e-05,,,,,,
510,-0.15630955697310212,1.2596889220233853,0.4954564771831658,0.05954767396359202,1.7411142795266557,0.11195244068094654,0.156357861477286,0.16071697005973706,0.22621525668682874,1.5625e-05,,,,,,
511,-0.10912598011094532,1.179413874289176,0.40786596626663674,0.07559780027963003,1.7019585592125586,0.12468119840842465,0.10918204540866136,0.18929852769622368,0.21401946060163085,1.5625e-05,,,,,,
512,-0.18045187785763792,1.2767932145052436,0.46820486703338315,0.058364394185304674,1.7413797351753397,0.11571776968934308,0.18049963102977917,0.167225090909429,0.22486455234522776,1.5625e-05,,,,,,
513,-0.21252418163449993,1.3179802226246962,0.4868405232227246,0.056119904318456995,1.7506172935251127,0.11590966690622775,0.2125709068562635,0.165764134089814,0.225529816123126,1.5625e-05,,,,,,
514,-0.1922582714829546,1.2884065428177824,0.4536334993180786,0.06116721922263629,1.7318940551788762,0.11815566761775882,0.19230735558979387,0.1731319831885293,0.2222647176420226,1.5625e-05,,,,,,
515,-0.16725463784614758,1.2760386467927494,0.49737266840778754,0.06669182762382708,1.7210388218843105,0.11642555507718975,0.16730635840372912,0.17073480397896523,0.22136787494411028,1.5625e-05,,,,,,
516,-0.14946509033740019,1.2248187909668757,0.41399465899239835,0.05685610237288645,1.7480685436030297,0.11023762886041508,0.1495121014503113,0.15658900127047468,0.22828667264708064,1.5625e-05,,,,,,
517,-0.17537704815664934,1.2659007846841477,0.45399387755700077,0.06496944494203127,1.7293125311561313,0.11851623281542407,0.1754280111667601,0.17430513211446164,0.22088227748441544,1.5625e-05,,,,,,
518,-0.18877917444634001,1.2810602115616692,0.4471687699898033,0.05627929521492102,1.7471572288878876,0.11231663191903027,0.18882590883255554,0.16035903084220593,0.2265548943177093,1.5625e-05,,,,,,
519,-0.14436535386193877,1.2181969880442398,0.40457151174683764,0.056331446031844534,1.7527808894838404,0.11311093890584475,0.14441217850323862,0.16126108446625104,0.2275196730407076,1.5625e-05,,,,,,
520,-0.1832262096459451,1.2599432310938141,0.40576346486457754,0.059881134061799034,1.7448907297355436,0.10815816380262006,0.18327468070191139,0.15334138641530223,0.22824958399028716,1.5625e-05,,,,,,
521,-0.11933295485020774,1.1991892223652432,0.43192003958776126,0.07553039882815549,1.7115284234790988,0.12030457332209002,0.11938903837958983,0.18095376596183385,0.21651064071074982,1.5625e-05,,,,,,
522,-0.10751163010027114,1.1716790626106524,0.3820091008326382,0.07037757716238555,1.7215772369301034,0.11917121412345494,0.10756522637336285,0.1761381983296248,0.21904772843592268,1.5625e-05,,,,,,
523,-0.2095779793143327,1.299945981497134,0.44476459295225806,0.05970094818797915,1.740870711907876,0.1166315376946456,0.2096264048109227,0.168672894319426,0.2240910448409117,1.5625e-05,,,,,,
524,-0.172557467355113,1.2639847937349813,0.44094567192288286,0.06727334444589164,1.7299121002782805,0.11527393058330336,0.17260955588764454,0.16777205684604996,0.2217091130756994,1.5625e-05,,,,,,
525,-0.22518125059963962,1.3391973400477428,0.4946456476625377,0.060170601954974035,1.7354451308634555,0.11553956807155348,0.22522984574760646,0.16629745421641512,0.22411164303470013,1.5625e-05,-0.13821082861277373,1.2163407063919025,0.13826666987842132,0.07498708656668313,1.7110341083218485,0.12373812810374551
526,-0.16198617221763745,1.2474984567077274,0.4442579663034543,0.07538619180095152,1.701035756751907,0.12720917938564008,0.16204214776289932,0.19267122716141333,0.21403911142839965,1.5625e-05,,,,,,
527,-0.16095583466383867,1.2442630713557634,0.41967539455496233,0.05984782320181209,1.7422900411168016,0.11867178789941166,0.16100436819372976,0.17200960460838843,0.2230990489065967,1.5625e-05,,,,,,
528,-0.1359461399699187,1.221314022859834,0.43895476647591414,0.06573948411957323,1.7374141953535571,0.11586058154187995,0.13599754245974743,0.16814941227420166,0.22270026629253353,1.5625e-05,,,,,,
529,-0.1307496362535594,1.2240159443661942,0.4746493760343962,0.06197026361559432,1.7395197877595996,0.11175912262651674,0.13079913417447103,0.1606551632003868,0.22548892113027197,1.5625e-05,,,,,,
530,-0.11277487444995749,1.188336246156195,0.4240891885182947,0.06845764932633286,1.7332809754142295,0.11573391794935267,0.11282759342355426,0.16906508487987396,0.22104484579129483,1.5625e-05,,,,,,
531,-0.12218290661748282,1.1894588910602746,0.3956051918040229,0.06747592466285268,1.7330596176875215,0.11476115928376729,0.12223512278758397,0.16756055410723467,0.2222660581335573,1.5625e-05,,,,,,
532,-0.1563295579388287,1.2403852052774498,0.44017631468067564,0.06173773623317386,1.7495478754388603,0.11506627089493637,0.15637907294840864,0.16570293552464146,0.22436472627226142,1.5625e-05,,,,,,
533,-0.15359609604355617,1.2338356083593272,0.42881250908481133,0.062938858689032,1.7345969427284942,0.12072596548711614,0.15364611870198286,0.17678936218595484,0.2215542592822943,1.5625e-05,,,,,,
534,-0.14771807349021912,1.2258950360877152,0.41421859634057223,0.06612243141467963,1.7327122070692362,0.11339942993838954,0.1477695958222965,0.16456320430066063,0.22350687686662396,1.5625e-05,,,,,,
535,-0.15195247729416314,1.2340976570174713,0.4274038569476776,0.05916101196050271,1.751282071033884,0.11462422217978124,0.15200071686307554,0.1639938293988185,0.2254391140935126,1.5625e-05,,,,,,
536,-0.14149016674686637,1.2179307385338531,0.41563551704356494,0.05952774945297322,1.746341202950826,0.11649142485922956,0.14153855894787096,0.16821857361676554,0.224706366443279,1.5625e-05,,,,,,
537,-0.20681950039695934,1.3104639657766355,0.4841768475553035,0.06070272863951834,1.7454398199856183,0.1151315911612105,0.20686845747539057,0.16557441639668447,0.22424060952423558,1.5625e-05,,,,,,
538,-0.1751703448488906,1.2604625655954198,0.4396332599002105,0.07044076117308967,1.7146396084210793,0.1277960067369709,0.1752239895856287,0.19186747902172635,0.21553124252666808,1.5625e-05,,,,,,
539,-0.17879445420217652,1.268618961337014,0.4213317041800785,0.06162063524264139,1.7415176743426013,0.11675424932418114,0.17884384723903451,0.16843031002757372,0.22378890726928272,1.5625e-05,,,,,,
540,-0.17702806064830595,1.279231522824778,0.4934565827168032,0.056642404048057454,1.7498292245455018,0.1141034359874833,0.1770750211769353,0.16269155655185244,0.22659315729715285,1.5625e-05,,,,,,
541,-0.16834218376364016,1.271055447591487,0.48238486432952105,0.06817237437228263,1.7250667074700243,0.11844284515963492,0.1683947050463526,0.17380060055331625,0.22006185401904474,1.5625e-05,,,,,,
542,-0.1713950872345572,1.26525843266618,0.4542999081528476,0.06508137508752863,1.7297137128461881,0.11983908351006627,0.17144612345006452,0.17540650975195335,0.22061014003158497,1.5625e-05,,,,,,
543,-0.09321379946478603,1.156113721824411,0.3841273959416061,0.06355625145313966,1.7386332018445236,0.11198747857466759,0.09326408379731677,0.1611410940681669,0.2260441382128927,1.5625e-05,,,,,,
544,-0.21869266063392878,1.3117186950344002,0.43839266871957233,0.060118569976961175,1.7438186261350763,0.11943555597236731,0.2187413524607383,0.1726994855696345,0.222720117874958,1.5625e-05,,,,,,
545,-0.18037240544940114,1.2619153435580583,0.41656003160680066,0.06090071481334955,1.7457664116521054,0.11742595926274867,0.18042148773051697,0.16901661989512012,0.22340044974935303,1.5625e-05,,,,,,
546,-0.15866939940433694,1.2481881307719696,0.4566962588509488,0.0630493018527533,1.7357659697706775,0.11478969926894886,0.1587194296119537,0.16623660441390403,0.22377041205275022,1.5625e-05,,,,,,
547,-0.1410126371972348,1.2244767172591087,0.44961239185703594,0.06292763531934822,1.7394434933752607,0.11526351891816927,0.1410626480850174,0.16622600936046744,0.22454874195055946,1.5625e-05,,,,,,
548,-0.09319569948870618,1.1712314959301406,0.4435803111313136,0.0674039241510306,1.7300040117837145,0.11630362037294462,0.09324786452710326,0.1702480512788711,0.22156102684344275,1.5625e-05,,,,,,
549,-0.17943396378028884,1.2702745346997215,0.45565911591797026,0.06653481866145358,1.7361435579998479,0.11610420099178445,0.17948575366720945,0.16846600479800178,0.22224670070484376,1.5625e-05,,,,,,
550,-0.19589856919868595,1.2926117712081355,0.46052959673762794,0.0568543326439849,1.7508066368085422,0.11389786359419518,0.19594564341001197,0.16224500755579213,0.22656306163240514,1.5625e-05,-0.16607781163323126,1.2487801909883054,0.166128144382814,0.06360070378745666,1.7345550111827448,0.11868475772089795
551,-0.1755126011137319,1.2673672441650323,0.4538184332064687,0.06109071499910704,1.7485460743802617,0.11492958857308615,0.17556178122786095,0.1644310355673825,0.2251114183933862,1.5625e-05,,,,,,
552,-0.14113012660084728,1.2299508804705734,0.4702166285629083,0.060375546025625844,1.7479869514438917,0.11364118356119635,0.14117893065521014,0.16219542401182238,0.22640298372511816,1.5625e-05,,,,,,
553,-0.10473474780356168,1.162225320354885,0.35569015917369584,0.0661775527295045,1.7394854544836909,0.1166620035581884,0.10478639805450685,0.1695267112234482,0.22312587718796614,1.5625e-05,,,,,,
554,-0.17248521366906897,1.2592680365105067,0.43784067482473754,0.060965748324460084,1.7429389255978749,0.11759666437583993,0.17253430189913094,0.16991032579930443,0.22360438326333268,1.5625e-05,,,,,,
555,-0.15539675366960826,1.2447543399367191,0.4438418184636773,0.07369072817446001,1.7099179685676118,0.12484819710743544,0.15545194669535223,0.1869793670108701,0.21578914884203196,1.5625e-05,,,,,,
556,-0.1705151053441759,1.2619244355878574,0.4505695809526206,0.06110421184643344,1.7419806614023094,0.11971373132997828,0.1705642743940265,0.1743021849122662,0.2228302888807541,1.5625e-05,,,,,,
557,-0.12116116346011567,1.2036935067297803,0.4462923831328984,0.06910629241798785,1.7199195565047853,0.12225851188370186,0.12121413838700855,0.18193621293746257,0.2172184264589737,1.5625e-05,,,,,,
558,-0.12010506231576032,1.1942010351762296,0.4001848916181399,0.07097980075125773,1.7195656784034083,0.11873228638932534,0.12015893519578391,0.17542137457667614,0.21912778857416249,1.5625e-05,,,,,,
559,-0.20237908395117649,1.3101694262478754,0.47761501512356536,0.06654075096621445,1.720844229850735,0.1172400243698023,0.20243073516920176,0.171105842441664,0.22118661152531155,1.5625e-05,,,,,,
560,-0.20090906021446892,1.3037219045178703,0.46607159951601773,0.0666316512187297,1.7220037827082404,0.11963432672750254,0.2009607924211726,0.1757886236605825,0.22009894361918791,1.5625e-05,,,,,,
561,-0.1659450064997229,1.248934692595364,0.42323801549131324,0.06537492291323845,1.731665518453846,0.1257692414469671,0.16599626830877853,0.18602030419667998,0.21904278706640207,1.5625e-05,,,,,,
562,-0.16169306289046506,1.2577688562029383,0.5016809847574857,0.06668213375921611,1.7319414691250645,0.11744308603839779,0.16174489780289633,0.17096761520154283,0.22171322259010634,1.5625e-05,,,,,,
563,-0.15100260433122256,1.2369078396150712,0.42739150282580474,0.06695153381609903,1.7314604204374575,0.11794529115939253,0.1510545741552466,0.17185299446207242,0.2223733596574094,1.5625e-05,,,,,,
564,-0.10627496228399805,1.181718947479093,0.4039301941964717,0.06765307824677795,1.7323622480907723,0.11470366479673752,0.1063272594822503,0.1666320343983706,0.2233465871781714,1.5625e-05,,,,,,
565,-0.11090987497214166,1.1940925149393835,0.4374021107521886,0.06902046931744336,1.7341105252025777,0.11560073817699089,0.1109628823194342,0.16845509380305324,0.22164324899042187,1.5625e-05,,,,,,
566,-0.1968780663109253,1.292696296279195,0.43950337541306045,0.06369486709583479,1.7342236618962033,0.11553760141786157,0.19692841135710637,0.167150018885599,0.2228636604971027,1.5625e-05,,,,,,
567,-0.15084771056698265,1.2367467822082392,0.45415725004713564,0.06293423173378697,1.7384254436385582,0.11370687604364038,0.15089769900604638,0.16335938452527812,0.22448314218287305,1.5625e-05,,,,,,
568,-0.13164932901546117,1.2151417837688157,0.437394949650715,0.06042983343117117,1.7465396399184887,0.11243172738558259,0.13169813364584976,0.16006178736523063,0.22663340328227094,1.5625e-05,,,,,,
569,-0.12121284456425035,1.190678872662911,0.375361398032327,0.07102641347691477,1.7166587245420826,0.1226859769530873,0.12126675121800376,0.18257618240443113,0.21768970199250254,1.5625e-05,,,,,,
570,-0.1656045137327286,1.2491687670940532,0.4228965480525607,0.06710181455904617,1.7341174674694582,0.12186111569875867,0.1656566244258398,0.1789549594673426,0.21955623886288564,1.5625e-05,,,,,,
571,-0.14738779135039587,1.2424706571319377,0.46869305989274934,0.06723582333650502,1.7330518987243746,0.12060560681784242,0.14743994583711953,0.17711533497211046,0.21970735407080344,1.5625e-05,,,,,,
572,-0.1750727226623025,1.2576777073035494,0.4137301639732362,0.055914123548973696,1.7519722020941013,0.11167489987115457,0.17511931619509663,0.15751589071697564,0.22823021658710946,1.5625e-05,,,,,,
573,-0.16941481622004229,1.2478938375544337,0.4199859871459852,0.06233910823576795,1.7373144605216897,0.1221449919409292,0.16946458036868478,0.17785181370904568,0.22179911643286493,1.5625e-05,,,,,,
574,-0.17869870285418546,1.2794576207999033,0.49330680727649706,0.06309154020574276,1.7499788988785574,0.11510632779968505,0.17874889947655512,0.1643401155112976,0.22454424005217055,1.5625e-05,,,,,,
575,-0.1823050868240856,1.292708595181284,0.49883592069328614,0.05724667951434084,1.749779460873313,0.11281074838905586,0.18235233606593537,0.1594137100639152,0.22712822081993023,1.5625e-05,-0.1817818137443295,1.2725635124205295,0.18183265556265982,0.06475993847845479,1.7286817842885034,0.11750312482086174
576,-0.15692627122972147,1.2398551197947882,0.4098085378980466,0.06419443292828977,1.732685212473592,0.11572905358521852,0.1569768525888462,0.16744162052985034,0.22377739412296688,1.5625e-05,,,,,,
577,-0.13541609080881206,1.2199868899181383,0.4461386973206506,0.06480882349959853,1.7441232380631206,0.11336045977718753,0.13546707005754025,0.1623450139575554,0.22480362492408826,1.5625e-05,,,,,,
578,-0.17915701105105764,1.275897539928903,0.46895754020059616,0.061887801923126096,1.7390079973440513,0.11471526818879701,0.17920649218467458,0.16470153118339742,0.225168528628778,1.5625e-05,,,,,,
579,-0.20870807117576545,1.3281640537413393,0.5467305260750333,0.057691372704268155,1.7520344653939934,0.11255718907316792,0.20875556277866225,0.15914088262833442,0.2265303475109517,1.5625e-05,,,,,,
580,-0.19594094256360267,1.3138617048399168,0.5384009827505114,0.07126310404192754,1.7157457783918069,0.12083966043328626,0.19599493997001188,0.17942750334435895,0.217593314280216,1.5625e-05,,,,,,
581,-0.21244773390623,1.3111105778894832,0.46095954596853106,0.060461635724094444,1.7419982888349104,0.11532203398776178,0.21249653792732026,0.16490446933225536,0.22498684175047876,1.5625e-05,,,,,,
582,-0.20154660753558556,1.2941397174208111,0.43093359068792536,0.06487882002019046,1.7310589408224417,0.12020535726481338,0.2015975595885765,0.17535708652182183,0.22140749261305293,1.5625e-05,,,,,,
583,-0.17099739050571547,1.2458802102640978,0.39739137334191443,0.05577478051737805,1.762689784814362,0.1162331406034874,0.17104406712522835,0.16448131631290544,0.22645391039202972,1.5625e-05,,,,,,
584,-0.14757584312976024,1.2353687209941984,0.4504502512830121,0.07234332858524906,1.7164792795756036,0.11695576607341336,0.14763034914450934,0.17208932663810322,0.220229700011688,1.5625e-05,,,,,,
585,-0.14788198296460486,1.2220572397551146,0.40340009897733137,0.06076756906711636,1.7451933951994092,0.12046660926170508,0.147931023349183,0.17450737208868627,0.2220955981690091,1.5625e-05,,,,,,
586,-0.1900250579858872,1.2867450104224962,0.45130521302526344,0.058783334269387366,1.7502069477644389,0.11598891487726809,0.1900731116116483,0.16527022622650372,0.22541608120775003,1.5625e-05,,,,,,
587,-0.2165329226190641,1.3196652895465182,0.47612332124640205,0.06703274741874514,1.72615258495011,0.12647156889674138,0.21658496523431192,0.1872936887063744,0.21696614937870848,1.5625e-05,,,,,,
588,-0.14687268192504385,1.2227214374304043,0.41257414586250424,0.07021265240944222,1.7242440766860696,0.11984953614149624,0.14692622918737686,0.17631832078351342,0.21979806819766495,1.5625e-05,,,,,,
589,-0.14252661796504068,1.2265841747946729,0.43124844957009223,0.0659378094399527,1.730099487975337,0.11819046256186719,0.142578069769266,0.1726230927102665,0.22176420597057037,1.5625e-05,,,,,,
590,-0.1427966024967947,1.2170213996454682,0.4069415743885923,0.06595970141425464,1.7303054528244646,0.11587950244367884,0.14284804419705452,0.1684903804973088,0.2230220441488404,1.5625e-05,,,,,,
591,-0.1126841422441327,1.1775396468904786,0.38317478618535505,0.06524668818068358,1.740430169021595,0.11735645757836334,0.11273534345448902,0.17002473897788967,0.22290739082442146,1.5625e-05,,,,,,
592,-0.18724115849951078,1.284688099438435,0.4499035363001431,0.056922523553001855,1.750976768484736,0.11559194176084742,0.18728828544838977,0.1644409988904495,0.2261667525363057,1.5625e-05,,,,,,
593,-0.1543069771442391,1.234403876581546,0.43553280252176435,0.06482858840847633,1.7373202711905433,0.11736466064485324,0.15435793828776168,0.17037306262675653,0.22242354235571618,1.5625e-05,,,,,,
594,-0.14958411567908944,1.2456878481506837,0.5052968383670126,0.0613094146359531,1.7485647941014066,0.11828759431913038,0.14963343891029163,0.1707408450802418,0.22384587589640764,1.5625e-05,,,,,,
595,-0.15163291776880555,1.2392659597795188,0.4546608828917698,0.07041080939446837,1.720995804319334,0.12277644642838717,0.1516865608960103,0.1825116197915427,0.21705883232881068,1.5625e-05,,,,,,
596,-0.21217598163172088,1.3077630226601997,0.436292313212511,0.05799086219638194,1.7463850301308141,0.11488420548690548,0.21222358975517527,0.16412930366830697,0.22558934425112206,1.5625e-05,,,,,,
597,-0.15013683099638325,1.2259966738573833,0.4169939269989605,0.06841018218335063,1.7274089996510105,0.12230027695676425,0.150189533180241,0.18083998291819858,0.2183720306992561,1.5625e-05,,,,,,
598,-0.20227618423687804,1.287329448882204,0.4209621469767545,0.056783332171993245,1.7533678936442347,0.1145409787587994,0.20232325499168807,0.1619844622602002,0.2271946656140237,1.5625e-05,,,,,,
599,-0.11036162892214285,1.182539222776065,0.41702120927907005,0.06661792601107568,1.7346801089890076,0.11310197611056616,0.11041341570599941,0.1627115293206915,0.22413082976936552,1.5625e-05,,,,,,
600,-0.19679721786304905,1.2964468616357845,0.46050667291279357,0.06406160392640214,1.7319780587461469,0.11545945939754841,0.1968477230401937,0.1662686125451972,0.2236071043940667,7.8125e-06,-0.144312342091583,1.226697060658754,0.14436608981800259,0.07076166814555142,1.7149388113866346,0.12175042329547679
601,-0.17418326537267026,1.269900062312425,0.4629212319035075,0.06375270091931212,1.737730496653473,0.11810964893139123,0.17423370012458572,0.17135188561140058,0.22174209168292353,7.8125e-06,,,,,,
602,-0.15572278585663452,1.2422744359537607,0.4398604149940574,0.06887708501602684,1.7294539746289175,0.11923744046121945,0.15577571131329346,0.17428693422972216,0.2199405186230557,7.8125e-06,,,,,,
603,-0.20526129039874547,1.3117907933887885,0.4977466116071901,0.06286902361784533,1.7333479954221518,0.11918697936869599,0.2053112502603023,0.17272764270322488,0.2220023013330938,7.8125e-06,,,,,,
604,-0.22593943761600135,1.3239309903210117,0.4281520839317185,0.060243644484045754,1.7383572002647145,0.11795627045424581,0.22598812257295062,0.1696206321252332,0.22407361743858356,7.8125e-06,,,,,,
605,-0.2021121999812499,1.2918431338018075,0.4426998717178592,0.05966166214280249,1.7448935077654584,0.12003405261180299,0.2021606800879251,0.1730737542563598,0.22340979207334932,7.8125e-06,,,,,,
606,-0.1927192528266844,1.2818621515713855,0.43562463854310074,0.06662377022679752,1.7337884074656045,0.12427699360451727,0.19277114536580847,0.18243548568847914,0.21913901495954513,7.8125e-06,,,,,,
607,-0.19840886195050927,1.2959450194821662,0.4689719813525335,0.060314712728063304,1.7412690561993123,0.11548705202854342,0.1984575868679556,0.16541843111242654,0.22504695747609793,7.8125e-06,,,,,,
608,-0.21018763242905444,1.313980067010922,0.47433996584247295,0.06311551996523859,1.7345126132629685,0.11895325607919274,0.2102377248477305,0.17235329327555382,0.22214938265406547,7.8125e-06,,,,,,
609,-0.14928695558426142,1.2329721708769146,0.43846285857218115,0.07084564709933999,1.721831418211482,0.12095807600467688,0.14934080630275326,0.1786259817774253,0.21831826883159117,7.8125e-06,,,,,,
610,-0.18912723751791674,1.2911468644005022,0.48213216430854633,0.05834475248851463,1.7460316968415672,0.1174364884597134,0.18917504457601403,0.16835949596741695,0.2247242415364707,7.8125e-06,,,,,,
611,-0.1363641610328359,1.2188680712024025,0.43627157744284073,0.06585940378596543,1.7387460110023936,0.11663979143731684,0.1364156445927533,0.16874636194757733,0.2223014352731168,7.8125e-06,,,,,,
612,-0.18152741437280648,1.2905048582905414,0.4989307724195248,0.06651342443044295,1.7323394285281097,0.11857682633854398,0.18157918024757036,0.17251928172897266,0.22147120021980482,7.8125e-06,,,,,,
613,-0.18227483699327612,1.2907328343742153,0.5034286291097838,0.05437280207213296,1.7604119958583029,0.11153002813150176,0.18232074281455213,0.15615973526786703,0.2289824182324421,7.8125e-06,,,,,,
614,-0.17459384867759092,1.2452039356210465,0.36629117271980766,0.061948765807732536,1.7439848962729518,0.11303704029255005,0.17464339327986042,0.1608583091924993,0.22642181783652443,7.8125e-06,,,,,,
615,-0.15306439282811168,1.2325052775759027,0.4173073698412392,0.06270168317571843,1.7463125580572583,0.11975241984994536,0.15311440431947862,0.17317860341283903,0.2227726072051902,7.8125e-06,,,,,,
616,-0.16164693204608702,1.2361983389629152,0.38535025135608514,0.05696485980973068,1.76022698054638,0.11251740326261535,0.16169414191983,0.158409903742104,0.22818291943794725,7.8125e-06,,,,,,
617,-0.18233657151348115,1.2673786903816828,0.4255175194117639,0.06169959426204225,1.7435458914532895,0.11376061684960831,0.1823859943756952,0.16190349948972957,0.2262991223371164,7.8125e-06,,,,,,
618,-0.12966899057269732,1.2001069987899027,0.38804552561642297,0.06642532262317882,1.7353142600316944,0.11413599747539777,0.12972069773658396,0.1645547557559605,0.22352738292629398,7.8125e-06,,,,,,
619,-0.20261075427282396,1.3056660106013573,0.4621166726089923,0.06291050215534205,1.7389996071951512,0.11912423723902729,0.20266079076234594,0.1723743665784628,0.2227561667316048,7.8125e-06,,,,,,
620,-0.1862460293871286,1.2682831571973023,0.4258547736549509,0.05949244846343772,1.7486108912319813,0.11890882599084351,0.18629445080853257,0.17083876986163476,0.22421183330977493,7.8125e-06,,,,,,
621,-0.17450200363123447,1.258010751183666,0.4222929468167292,0.05980014299542015,1.7518272404937743,0.11209200572135924,0.17455054289519434,0.1582981355026834,0.22732388990931576,7.8125e-06,,,,,,
622,-0.11846331762806729,1.18449234840178,0.3893505510459359,0.06476986640078197,1.7439242016720344,0.11791017617639024,0.11851432090504618,0.17052460200113673,0.22355040391570252,7.8125e-06,,,,,,
623,-0.1488044889586561,1.2279111059054093,0.42057899889576655,0.062149995292559664,1.7458847341634816,0.11565138900914985,0.1488541793175341,0.165648750956488,0.22516108027422346,7.8125e-06,,,,,,
624,-0.15092228547602646,1.2215861594098603,0.3960019719353179,0.06868253583648218,1.7351172830333075,0.12006353312693138,0.1509751785521063,0.1747890193602209,0.22110570808022406,7.8125e-06,,,,,,
625,-0.15965129923234306,1.2566338764102571,0.47430673187775296,0.06443667350842622,1.7342866623829896,0.12012770746766249,0.15970206171279577,0.17530636506360903,0.22100155210130454,7.8125e-06,-0.20104374920203208,1.2940527851778225,0.20109505512858272,0.06552334424285626,1.728571974504792,0.12585346841571796
626,-0.1268838675057701,1.1992728893705484,0.3981942731410757,0.061408464493792204,1.7461844583182469,0.11540125562327552,0.12693318759515643,0.16516926790301445,0.22525198484917852,7.8125e-06,,,,,,
627,-0.1477773090434026,1.2269314591939375,0.42471548655495933,0.05858756918080878,1.748059225797615,0.11811452827565633,0.14782526456553374,0.169910160418131,0.2249924530032402,7.8125e-06,,,,,,
628,-0.15110483810370284,1.2411418853893976,0.4564625543347262,0.06754869881327491,1.7272747503993129,0.11480580023496505,0.1511570332586158,0.16657183050766172,0.22264294144952113,7.8125e-06,,,,,,
629,-0.1298549342968949,1.2080426350356568,0.425520741517511,0.07161750175086018,1.7217827103670138,0.12712134405057893,0.1299092320883145,0.1904978537542158,0.21603741038613752,7.8125e-06,,,,,,
630,-0.10852870796848665,1.192328924060923,0.4599075591060236,0.08347386626173464,1.6926843740836448,0.12022146644606699,0.10858857396002283,0.18149566375619886,0.21472408037425533,7.8125e-06,,,,,,
631,-0.1860101214234806,1.29130380439725,0.46978413365856947,0.06405515673879998,1.7335232826664013,0.1183004153308867,0.18606066723883,0.171207689333819,0.22225046581805713,7.8125e-06,,,,,,
632,-0.12843975377519445,1.2067363458100595,0.4276308352768486,0.0704858193427109,1.7276135238401065,0.11707290023713401,0.12849344354910655,0.17086679472790933,0.22137404135785443,7.8125e-06,,,,,,
633,-0.15423980178453167,1.2320248183471585,0.4089432273011888,0.06387539625113646,1.7320210599201462,0.11712033910547846,0.1542902308966475,0.16991281422265297,0.22310728132532592,7.8125e-06,,,,,,
634,-0.1253873302304263,1.2116999476050787,0.442368031325078,0.06762303550218815,1.7265698347612113,0.11493363377177787,0.12543955678286278,0.16692703701590267,0.22290906483907902,7.8125e-06,,,,,,
635,-0.17622578567123298,1.269244414761014,0.46023369205378034,0.05684313118533202,1.7548780558685881,0.11602233849810434,0.17627291624076932,0.1648656558293803,0.2263179775356896,7.8125e-06,,,,,,
636,-0.21762443496560271,1.320250771856981,0.45725159806655374,0.056427608866024305,1.7577342624358843,0.1145875250777883,0.2176713719879109,0.1616196687046969,0.2274157770560588,7.8125e-06,,,,,,
637,-0.09703777323902303,1.1686073079294097,0.39812745936256794,0.07362936335889092,1.7173301116045308,0.12245167581087063,0.09709298573857665,0.18271158711047902,0.21696555566342568,7.8125e-06,,,,,,
638,-0.1925743116255481,1.3179329333418246,0.5702066518787009,0.059610614101400373,1.7430626742068398,0.11243689811385597,0.192622671928322,0.15994099969283287,0.22617520376070516,7.8125e-06,,,,,,
639,-0.11024389574162911,1.1909959381881292,0.42880860363087026,0.06725669191489263,1.7335667252710958,0.11495694011109911,0.11029600932424038,0.16729684719924592,0.22292763761546514,7.8125e-06,,,,,,
640,-0.1838964330494514,1.2823141458054501,0.4684855327070293,0.06659571808499704,1.7319295127605532,0.11781199885410226,0.18394822832361005,0.17110747759393152,0.22142557360429446,7.8125e-06,,,,,,
641,-0.1941395975223049,1.2858168018653875,0.42681569075558706,0.06318385576589919,1.7333551634205429,0.11905317393836952,0.1941897135335614,0.17297106538746704,0.22231997819307597,7.8125e-06,,,,,,
642,-0.149812330257946,1.2318172262242777,0.443701680382613,0.0710238885989561,1.7261201103331523,0.12242146526634716,0.14986632761800145,0.1809072236991796,0.2190221716834307,7.8125e-06,,,,,,
643,-0.15235868864212115,1.2473903382143459,0.47161402838515354,0.0679201716375,1.7338366310211468,0.11683328488557836,0.15241115542709896,0.16944939153257427,0.2220736907800353,7.8125e-06,,,,,,
644,-0.1242644915135839,1.2035971040049356,0.45001675544434633,0.06605248505412151,1.737373248803411,0.11895107976037682,0.12431608099939659,0.17345235455101846,0.2216330016191329,7.8125e-06,,,,,,
645,-0.14116195921690988,1.2143146283268642,0.4031015290026161,0.059481948687696955,1.7512026856947447,0.11374439459086973,0.1412103496620566,0.16231142732067488,0.22626146755322296,7.8125e-06,,,,,,
646,-0.13943358270220274,1.230080675627057,0.48372322385215943,0.06888424866481371,1.73085250444923,0.11716032528306336,0.13948650495483247,0.17061507987257707,0.2215264381049492,7.8125e-06,,,,,,
647,-0.20559950511991587,1.2943414921104726,0.420756766557355,0.058923243937694006,1.7465137618258284,0.11868244012647859,0.20564761870390424,0.1702055896310111,0.22442636387927373,7.8125e-06,,,,,,
648,-0.2144059127246265,1.3112271676593479,0.4456035398243636,0.06395724597675134,1.7300612391957277,0.1221062542122745,0.21445641302254898,0.17870080556350612,0.22038022043413746,7.8125e-06,,,,,,
649,-0.18016947098147884,1.2739662082107746,0.4574006267516634,0.06293703780678403,1.732082433073311,0.11825654142291961,0.18021944289012726,0.17186306827147124,0.22235619485068236,7.8125e-06,,,,,,
650,-0.14745218734427148,1.209062647556176,0.35394076114606793,0.06714213978456626,1.7321308933465778,0.1221195797667835,0.14750430091889488,0.1789390957692021,0.2204143547434569,7.8125e-06,-0.2643588211700544,1.3851741120980035,0.2644068275951669,0.05859640536807137,1.750631460386972,0.12019078246363935
651,-0.08141607585225079,1.1636147856044234,0.4520834505692813,0.07559559464793306,1.7184638248879898,0.11531520329667098,0.08147221143985661,0.16921193364959275,0.22054548273555358,7.8125e-06,,,,,,
652,-0.15965884754098972,1.248060079879719,0.44818437291531454,0.068509367953185,1.7212381874260076,0.12277759856043974,0.1597115423828262,0.18228437707798248,0.21796087452218327,7.8125e-06,,,,,,
653,-0.14661710207120693,1.2280521007965888,0.44683608506743727,0.060644205639150864,1.7453283436511162,0.11485700043770111,0.14666602602746742,0.16462340434231781,0.2250901977334094,7.8125e-06,,,,,,
654,-0.13099747909928755,1.2134480863968533,0.43987175695730796,0.06061216227711065,1.7499317886996981,0.11176901129690484,0.13104640218842606,0.15850673226620335,0.22706791787050262,7.8125e-06,,,,,,
655,-0.2130543346624356,1.313556314196227,0.4624762033815752,0.06580806748770573,1.7306505923309667,0.11935517114909955,0.21310573875381422,0.17374972275504894,0.2218461597609574,7.8125e-06,,,,,,
656,-0.21327932447028836,1.321831468283191,0.47694379842709417,0.05924868472125918,1.7413649918183025,0.1141323165610871,0.21332750378573279,0.16279127409911437,0.2257917029506691,7.8125e-06,,,,,,
657,-0.17000220321319615,1.2419128811183886,0.384603607925689,0.061868949450232545,1.7429983877346151,0.11854430293220586,0.17005175311482792,0.17154040338545495,0.22315867493734526,7.8125e-06,,,,,,
658,-0.13777119874554453,1.2124553065200359,0.41889830622867474,0.07205959263060954,1.7171157992329555,0.11835649846037681,0.13782558326483674,0.17458260762055,0.22006927614218466,7.8125e-06,,,,,,
659,-0.10346134756081751,1.158445564547418,0.34756682805666045,0.06110805345077418,1.7480037713329035,0.11288667184130541,0.10351051049197466,0.16105515340703014,0.22663053569147107,7.8125e-06,,,,,,
660,-0.2063209450263962,1.310294119272386,0.46276507776287557,0.06605854249155449,1.7330454658265388,0.11678031351766135,0.20637247255543545,0.1688386300449815,0.22249728193458146,7.8125e-06,,,,,,
661,-0.17173544152894415,1.260593856026086,0.4248186100951144,0.05690356038468597,1.7505370373434004,0.11538243931397682,0.17178255250390306,0.1643130021959845,0.22634726357889706,7.8125e-06,,,,,,
662,-0.17245419846229465,1.2579610828022916,0.44332625329894365,0.06290682249797759,1.7372640415875171,0.12301260467357643,0.17250425464000624,0.1801116924416074,0.2206988600942686,7.8125e-06,,,,,,
663,-0.20858042601003662,1.3098656015091579,0.4656581311142449,0.06256423695954622,1.7357743122149967,0.11729246966582037,0.20863023879633522,0.16922898911497036,0.22300913250384588,7.8125e-06,,,,,,
664,-0.20447641935849548,1.2968738137327767,0.4308841473713081,0.05602637083345741,1.7497507184919758,0.11877499693656834,0.20452311780106647,0.16990434266542426,0.224736508789812,7.8125e-06,,,,,,
665,-0.1343900175419802,1.2178438756718077,0.4429688327144088,0.07021560470348649,1.7227181249245773,0.11893579878422551,0.13444354188356905,0.17534933374392744,0.21991273870863465,7.8125e-06,,,,,,
666,-0.2063760839925265,1.309298417575596,0.4613476061185832,0.06578624752601211,1.7340447635086078,0.12136605056928916,0.20642753122443028,0.17704870250385818,0.21996646363333755,7.8125e-06,,,,,,
667,-0.1673996854227367,1.2490430058984228,0.41149780439724976,0.06103810311630706,1.7364822107223166,0.118381965984793,0.1674487531160619,0.17151968385681615,0.2236012982105506,7.8125e-06,,,,,,
668,-0.1366563025679871,1.2042193363395615,0.3822323207106681,0.06551593629416276,1.7274929294786716,0.12028800273030585,0.1367075383454563,0.17671873481019912,0.2206680584924682,7.8125e-06,,,,,,
669,-0.12496836339411697,1.2012916083630065,0.417687980007868,0.06620842293219967,1.7352143414182637,0.11470457080109281,0.12501996679470528,0.16579628141330915,0.223221403174046,7.8125e-06,,,,,,
670,-0.15353920561296397,1.2396010873691885,0.42808898486636765,0.06898173364476592,1.7224743516056424,0.11972509214123184,0.15359211847422383,0.17638555811482556,0.21964170248420387,7.8125e-06,,,,,,
671,-0.16835374726906094,1.2580718544205445,0.4494149814114741,0.06194583776776855,1.7448345008735613,0.11314939002541843,0.1684033000268538,0.1607889647925006,0.22563244566263527,7.8125e-06,,,,,,
672,-0.20562350403181795,1.298383327893102,0.4345878029873629,0.06515486598150214,1.7309162649895158,0.12167640246636172,0.20567460739148324,0.17811511682567566,0.219814479364297,7.8125e-06,,,,,,
673,-0.1774090975174507,1.2648821197621687,0.4359786516038861,0.058689406704229584,1.7485761324040467,0.11285414357271069,0.17745705652356258,0.15997899778345093,0.22731344337236759,7.8125e-06,,,,,,
674,-0.16446720948878268,1.2495519289266044,0.4225144872933594,0.06702771233186196,1.7256018520712872,0.11989221546314399,0.16451917828562396,0.17578653487951493,0.22029397542074863,7.8125e-06,,,,,,
675,-0.14405027862155492,1.2249296568723613,0.42609180689466375,0.06187951831579503,1.7354561423122423,0.12064737631470554,0.14409977941589908,0.1760815154145406,0.22196740630842804,7.8125e-06,-0.2750913563346084,1.3803881730817682,0.27513590861047,0.051483574916033566,1.766309610110878,0.11473923024802196
676,-0.11412584943346929,1.1894643108137077,0.421005496818318,0.06811609254384923,1.7280844267088107,0.1176802439707074,0.11417836512644802,0.17263225537261512,0.22071004031634195,7.8125e-06,,,,,,
677,-0.14336299617840065,1.2390901575117357,0.47984173251877743,0.0745867875537643,1.7051650079250291,0.12245382860841375,0.14341856576054285,0.18367336282444735,0.21593616896238313,7.8125e-06,,,,,,
678,-0.1790870293470593,1.2618347948328479,0.4148068068638914,0.06608174318788672,1.72739703002682,0.12273734113807283,0.17913857156236487,0.18061136037046763,0.21974373720302923,7.8125e-06,,,,,,
679,-0.13972492212305493,1.226067982875843,0.4515521236506806,0.07096939382029963,1.7206699347726935,0.11829112402124575,0.139778796430553,0.17409628864703774,0.21961772830224366,7.8125e-06,,,,,,
680,-0.13688761015393905,1.2120833032426046,0.41578224844915646,0.0693185044278948,1.7229010923849746,0.11935338856295115,0.13694069195096248,0.17528549317225167,0.22046053594890982,7.8125e-06,,,,,,
681,-0.15068177342798691,1.2438422377746612,0.46127985598305654,0.06233732502083354,1.7428451278489014,0.11365015744421623,0.15073150704335025,0.1621589207838868,0.22583813962206634,7.8125e-06,,,,,,
682,-0.19356347898704906,1.2916803640688779,0.4661466580869134,0.05927671284870725,1.7497910876623097,0.11787168667450841,0.19361179397121678,0.16899665579495618,0.22404431036553596,7.8125e-06,,,,,,
683,-0.16801043867088483,1.247664376915011,0.4147963637036778,0.057684817353863244,1.7520826511942507,0.11373718457292249,0.16805793927791943,0.161169432756538,0.22774520548172783,7.8125e-06,,,,,,
684,-0.13987832077934484,1.213589335388424,0.4094139966721237,0.06641829196608523,1.7344009820417747,0.12266864841403852,0.13993010062163244,0.18044059876363988,0.21979451150632717,7.8125e-06,,,,,,
685,-0.092467970250074,1.1780728831920773,0.4548669819757588,0.06893657118357954,1.7328533537748125,0.11353348583586292,0.09252090240406191,0.16447290999248063,0.22310598192132103,7.8125e-06,,,,,,
686,-0.16494942961708628,1.2559354862473189,0.45935615620324993,0.06464944765794868,1.728604274723073,0.11905439975323451,0.16500023092766003,0.1741898718896641,0.2212908347518643,7.8125e-06,,,,,,
687,-0.18866036501809075,1.2884156690257278,0.47221694190081803,0.05972147275840009,1.7386972729050647,0.1175682718534928,0.1887087884099175,0.17020467674906659,0.2240078056434219,7.8125e-06,,,,,,
688,-0.20481878824806976,1.307429200975687,0.4585102518753285,0.06055767519586682,1.7417574338801787,0.11828665594361745,0.20486766752656596,0.17059941810974122,0.22340845467792841,7.8125e-06,,,,,,
689,-0.14320000695794277,1.217448778207123,0.4054700649528669,0.06763475486015133,1.7241737953372251,0.12180719153913228,0.1432522841452416,0.17954638293179473,0.220127733190204,7.8125e-06,,,,,,
690,-0.12319041893339924,1.2077851089755045,0.45861649279986877,0.06668083479857842,1.7334795143516966,0.11783141526217297,0.12324227246009467,0.17173273711858417,0.22213864406806924,7.8125e-06,,,,,,
691,-0.2050552795245291,1.3111142764360262,0.4866852706505725,0.06553283728618356,1.733122129740649,0.12129326219351161,0.20510659009709153,0.1769099288051735,0.22054636187990836,7.8125e-06,,,,,,
692,-0.15476613173607012,1.2469875979671519,0.46456197764358864,0.06329389923117021,1.745280917860915,0.11468029210404783,0.15481637829778536,0.16433379697850367,0.22453036321708347,7.8125e-06,,,,,,
693,-0.19296076951074126,1.2730843372830112,0.39250137351542014,0.061793753644832805,1.741153617796828,0.1199084029069272,0.19301027700777068,0.17393445452994655,0.22210043783325017,7.8125e-06,,,,,,
694,-0.15872654418275267,1.2434743711470468,0.42056105163534613,0.062515959796857,1.746076110804886,0.11344926733400676,0.15877639741643249,0.16160480017279688,0.2255435510695108,7.8125e-06,,,,,,
695,-0.14602712045383437,1.2359309060586603,0.47540263341574224,0.0663534735631498,1.737125223084543,0.11531998289248996,0.14607882164267572,0.16677879133281082,0.22296590981719916,7.8125e-06,,,,,,
696,-0.1773198162926604,1.2839210510124959,0.47292507679686685,0.06988330566343437,1.7233185774252497,0.1215869705745354,0.17737320700097206,0.17915788062550936,0.21861150845921212,7.8125e-06,,,,,,
697,-0.16040650902143383,1.2333744319730802,0.37117219548679287,0.06464426533900536,1.728983781336234,0.12000449386873661,0.1604573210368554,0.17579534502020466,0.22161409714974767,7.8125e-06,,,,,,
698,-0.17735533545326074,1.2609753111817545,0.42851624908857555,0.06015053115629436,1.7463168873739336,0.11321711474526369,0.1774040060588601,0.16080855336651517,0.2269757748680445,7.8125e-06,,,,,,
699,-0.1151403990058854,1.1864158767915445,0.4297705774131995,0.06486915757218234,1.7366066084888596,0.11550766263274233,0.11519135472738272,0.1670305466691979,0.2244403278594718,7.8125e-06,,,,,,
700,-0.16679940541861116,1.2515373525006575,0.4317768522250374,0.06479356629378948,1.7424925999867562,0.11590124295205709,0.16685038614018743,0.16633486398574449,0.22409372971298386,3.90625e-06,-0.18400695194973277,1.271800457343709,0.18406022038684627,0.06971171441674717,1.722380645957263,0.1188773445605968
701,-0.20247142924877448,1.3061625043200868,0.4668844953383817,0.0614483152996102,1.7382479292396382,0.11765464726518365,0.20252071243218936,0.16935079941347997,0.22408821014064073,3.90625e-06,,,,,,
702,-0.21126033829152926,1.3235160035250764,0.5079821737451736,0.0702381497660338,1.7162256767377162,0.12746050651036933,0.2113138942282448,0.19006830753371523,0.21576316205293292,3.90625e-06,,,,,,
703,-0.16200468062756118,1.2549676321825913,0.4776071008811033,0.06499279291748411,1.729285949953887,0.1160918247481664,0.162055630801767,0.16876609167506537,0.22232107018122485,3.90625e-06,,,,,,
704,-0.1815564955716029,1.2662105259324279,0.4476080571903575,0.05976071148678422,1.7478444742593953,0.11591778178076387,0.18160501354990669,0.16586603584035975,0.2250804681309842,3.90625e-06,,,,,,
705,-0.2374766810436666,1.3589110027951463,0.5334550905180682,0.06255536101510602,1.7351825120138686,0.12239592383533959,0.23752653450853264,0.1783858335879497,0.22074801911392655,3.90625e-06,,,,,,
706,-0.14292191782115082,1.2276375479582695,0.431549872184866,0.06592228169925357,1.7382521826566308,0.11715084795843236,0.14297343299230658,0.1691910510609369,0.22311599888359557,3.90625e-06,,,,,,
707,-0.16292185787811905,1.2518569497733352,0.4381339651736675,0.06495092387998619,1.7325306452280183,0.11847865168109079,0.16297284343302815,0.17244041556102652,0.22213175871241975,3.90625e-06,,,,,,
708,-0.06279056717069631,1.1158613950332916,0.3479629657852488,0.06666629831145982,1.736181672190239,0.11554678298509752,0.0628424176044038,0.168100064532503,0.2230814010943706,3.90625e-06,,,,,,
709,-0.17614112058568604,1.2756496179073809,0.47277302403301846,0.05599441080127297,1.7533439840586573,0.11168910199631472,0.17618776812194725,0.15720712438461906,0.22792519900004982,3.90625e-06,,,,,,
710,-0.16142613988656995,1.2545370761097752,0.45753055088640976,0.0708835690228956,1.7159864260899789,0.11860618921212748,0.1614799275972344,0.1748060954423699,0.2192763889898376,3.90625e-06,,,,,,
711,-0.18239608538676774,1.267303654186358,0.4207075922730167,0.06341573693796938,1.7346526084148377,0.11726632107915096,0.18244631244453166,0.1692946160308694,0.22349883425075026,3.90625e-06,,,,,,
712,-0.08415715562572647,1.1529970660671753,0.39058443532435483,0.07156850653652869,1.7141545107282559,0.1187101613942241,0.08421126852571596,0.17577616087364756,0.21926036624504042,3.90625e-06,,,,,,
713,-0.15040682451396054,1.231281469917231,0.42454876611476466,0.06499833251329926,1.73619141761274,0.11919555446502464,0.15045787754993797,0.17351751413448147,0.22160280003151772,3.90625e-06,,,,,,
714,-0.12455107256014847,1.1970051002290154,0.4113450847561135,0.07578535831879432,1.7164518499713526,0.11971464560486597,0.12460732690426365,0.1776746839730221,0.2174563650632012,3.90625e-06,,,,,,
715,-0.18245142084521476,1.2833053266351098,0.48112384822287124,0.06361395961860754,1.7369185271958474,0.11453661255379712,0.18250174237642156,0.16427006628797303,0.224769065316305,3.90625e-06,,,,,,
716,-0.13972924754031063,1.2263892511315382,0.4375410595221717,0.06601144004353882,1.7319311210363153,0.11782636615502205,0.13978075083520433,0.17097098129353533,0.22201506874013077,3.90625e-06,,,,,,
717,-0.14670959563892894,1.2375638000608569,0.4911101324687731,0.06807377199173124,1.7350644449823664,0.11573497580826164,0.14676214051913272,0.16812637255097312,0.22196993828686556,3.90625e-06,,,,,,
718,-0.15982578753793536,1.2548714544398825,0.4678795541285652,0.06252844424874074,1.741639909899782,0.11526591164774871,0.1598756208182752,0.16574007464625665,0.223855267887887,3.90625e-06,,,,,,
719,-0.2048771659034298,1.3018920613067226,0.4620158496445539,0.06799250974014867,1.7245066417959458,0.12395476984575543,0.20492964677241632,0.18242989909971963,0.2193127034475082,3.90625e-06,,,,,,
720,-0.12463079271781885,1.1964084052493933,0.40779811739095634,0.06849871598490959,1.7285864712320342,0.11942211931401366,0.12468352216171676,0.1752304982054559,0.22066144842560792,3.90625e-06,,,,,,
721,-0.18067463052558638,1.2693615862344445,0.44114723994285904,0.05646297213563366,1.7521051135556664,0.11320656936656436,0.18072151512848345,0.1600918429497618,0.2276603100229596,3.90625e-06,,,,,,
722,-0.16389653477351288,1.2480847378105067,0.44633196611238957,0.0628559748883975,1.739673717976539,0.11969246424349488,0.16394655642277928,0.17378904009369686,0.22310008884118465,3.90625e-06,,,,,,
723,-0.1775998549868826,1.2772853702498508,0.48941388249755463,0.060519836422754034,1.746913860648902,0.11338119057841606,0.17764871785560626,0.16068627822731407,0.22621746050184943,3.90625e-06,,,,,,
724,-0.19335932778048712,1.296381406330308,0.4897887156673777,0.06481875135195092,1.7311100254543828,0.11988579579891188,0.1934102471143756,0.17474648725577746,0.22148190860768627,3.90625e-06,,,,,,
725,-0.16270383595055973,1.2543570083430358,0.45369983935744496,0.05799398165771987,1.7544682761136345,0.11640785455375358,0.16275154170269526,0.16535144566436205,0.22610144702930832,3.90625e-06,-0.17417722176903142,1.2668839988846348,0.17422908240749596,0.06674521949962733,1.736766705501741,0.11203616597100464
726,-0.1471239634837878,1.2374246727825544,0.46986686786541804,0.06438129028372719,1.7362363527979154,0.11293619477011962,0.14717464585440534,0.16181950357106495,0.22441492710997007,3.90625e-06,,,,,,
727,-0.17852374524885645,1.2615598897543947,0.4180595217118812,0.0626782086394248,1.7438216803994853,0.1165140284334232,0.1785736877102645,0.16761257015402314,0.2239484707612758,3.90625e-06,,,,,,
728,-0.14410702517809157,1.227256088815363,0.42733833854388703,0.0658463238895894,1.7361484844640729,0.11540912919154955,0.14415846391617293,0.16638602247085832,0.2234174894325831,3.90625e-06,,,,,,
729,-0.13012114434388897,1.2130240130070322,0.43059874933801806,0.07433626672465829,1.7100375128262413,0.12196272805796288,0.13017663247966016,0.18249211670546206,0.2167273172496902,3.90625e-06,,,,,,
730,-0.1554253834975009,1.2371391961014022,0.4307659499468634,0.06400018353107213,1.7378969714412098,0.11553909071493351,0.15547591794988802,0.16646657397743986,0.22362526056876716,3.90625e-06,,,,,,
731,-0.11279084290085037,1.1765219211243267,0.38414949259702025,0.06647770296691369,1.7283372185991648,0.11620812787247661,0.11284252720579854,0.16901558004738504,0.2228131360456036,3.90625e-06,,,,,,
732,-0.13183223605801592,1.2013309393819434,0.37948111379111704,0.06589418104007663,1.7355905737591653,0.11603372036651508,0.1318836993914772,0.16803633493618142,0.22284322730542394,3.90625e-06,,,,,,
733,-0.14126452640207873,1.2173289280957655,0.41498590669882945,0.06278694373928523,1.7357231959483679,0.11821881661201838,0.141314459294074,0.1715600677103493,0.2238630818697267,3.90625e-06,,,,,,
734,-0.16839410054203896,1.2604979758564123,0.4542110013610835,0.05826648062553409,1.7443083372726784,0.11691507391770545,0.16844184601646364,0.1679305695681259,0.22553415528759124,3.90625e-06,,,,,,
735,-0.16714847157869572,1.2585600873019165,0.45148310994095975,0.06415003487499685,1.734268455158131,0.12112095263990136,0.1671991004902112,0.17640788047316003,0.22163762496377817,3.90625e-06,,,,,,
736,-0.14560133338853137,1.2343323241242654,0.4232075248884035,0.06732210764758878,1.7205595135074652,0.12059105484906303,0.14565340594803872,0.17746327910578819,0.22052208050763142,3.90625e-06,,,,,,
737,-0.11106564069280694,1.1801773638026491,0.39877233013392155,0.0677189701789919,1.7270725151398723,0.11994742649063417,0.11111797037731275,0.17620981893206947,0.2206657963126097,3.90625e-06,,,,,,
738,-0.10622715040603242,1.188654184297281,0.4212658354302169,0.06744218319518169,1.7294096809179393,0.11377289922491941,0.10627930332343144,0.16498680749317296,0.22339744568714895,3.90625e-06,,,,,,
739,-0.2321303824187255,1.3271806001225177,0.42733565184610317,0.06011768381087923,1.7333806842790065,0.12196696064842924,0.2321789947370802,0.17749558637375706,0.2225873540182525,3.90625e-06,,,,,,
740,-0.1831555733209177,1.278043248003103,0.4629593140514466,0.06429942106182542,1.7385237461935916,0.11765191579580714,0.18320628478806852,0.17010369750906615,0.2226812870088054,3.90625e-06,,,,,,
741,-0.19744141798752984,1.285654722575597,0.43861299265455844,0.06423230976578279,1.7343102241757409,0.12388143706401061,0.19749211605902514,0.18118969386476277,0.21989854361574124,3.90625e-06,,,,,,
742,-0.20039986405931995,1.318311411908629,0.5158290590521151,0.06379191438163107,1.7323317804846305,0.1187816863771092,0.2004502711511794,0.172377807760549,0.2225494272862107,3.90625e-06,,,,,,
743,-0.1643562119345853,1.2570229565827755,0.47506211978072965,0.06842485390592486,1.7251155365832058,0.11952607719461415,0.16440887077767605,0.17588022879918663,0.21988697747800096,3.90625e-06,,,,,,
744,-0.18279287412300282,1.283669493979792,0.4800362068855686,0.06150409559498185,1.7397241001730348,0.11745786355390898,0.18284219799043758,0.16928334917578874,0.22389203774677635,3.90625e-06,,,,,,
745,-0.1768596348807127,1.2827674729149858,0.49607118181679427,0.06771583068957063,1.7270226389510264,0.11852370524902081,0.17691194825949952,0.1732514346383206,0.22060426660252405,3.90625e-06,,,,,,
746,-0.2230433632355811,1.3299490666405338,0.48446356883232494,0.06709228644540033,1.7198393377227608,0.12229971639143901,0.22309533076934496,0.17982584206753727,0.2190084615833231,3.90625e-06,,,,,,
747,-0.158395411477856,1.253183226737571,0.47883570228246547,0.06417266703137273,1.7359970618013305,0.118489486914395,0.1584460426768588,0.17257809132304003,0.22232899277106832,3.90625e-06,,,,,,
748,-0.17482901856378255,1.2670800167863345,0.4537016662227423,0.06540329487878549,1.7293554097390738,0.12026791136237625,0.17488021644443297,0.1755392405752812,0.22082857064708394,3.90625e-06,,,,,,
749,-0.12003815709329002,1.2183516673275858,0.4901262828518705,0.07317501934074422,1.7174034621975864,0.11809847214394462,0.12009309962230383,0.1739659355046375,0.2185654219487183,3.90625e-06,,,,,,
750,-0.1907052035186072,1.2902073118234938,0.4667876353429079,0.07148551947844978,1.7124798635863085,0.13352445872316773,0.1907594063215695,0.2017101365796571,0.21266872374811874,3.90625e-06,-0.21308433332341134,1.3208026779875413,0.21313798960911162,0.0704890692957389,1.71765483910885,0.12352026613366195
751,-0.18655268762133181,1.2911747272836385,0.4856793433457049,0.06533127737104218,1.7361392425270261,0.11643634928867999,0.1866038790159355,0.168132736096846,0.22242629535284159,3.90625e-06,,,,,,
752,-0.18950661301656818,1.2700171858670013,0.39971404558758206,0.06333942749272563,1.7352461979627072,0.1182715944249223,0.18955681790823842,0.1710000932551731,0.22300117298771088,3.90625e-06,,,,,,
753,-0.19252067733409847,1.3013786744550815,0.50557643352324,0.06690002953677292,1.7201338300558298,0.11676836747257135,0.19257249637084217,0.1704794634991466,0.22094015174251597,3.90625e-06,,,,,,
754,-0.1452853001575082,1.217045907115537,0.39759811035236164,0.06710395884192069,1.7291423292947288,0.12189746153329317,0.14533736253483745,0.17938634241212856,0.22065283767167188,3.90625e-06,,,,,,
755,-0.18292994585820632,1.2788608633013385,0.4744833838453673,0.060524682357902274,1.745082985016233,0.11932101082364617,0.18297885223934363,0.17205159810065823,0.22310827570720326,3.90625e-06,,,,,,
756,-0.13832291788102685,1.2366621195520957,0.49896223359295266,0.06681268766816965,1.734172737610126,0.1158649702255888,0.13837482460193928,0.1676439835445617,0.22282146756025456,3.90625e-06,,,,,,
757,-0.11445956970629861,1.186773687295147,0.39419544004963536,0.07430566263623356,1.7089956763903884,0.11933708162892318,0.11451500586519693,0.17796138100620765,0.2176057190541842,3.90625e-06,,,,,,
758,-0.19419778166521295,1.3050401962742553,0.5053549289231244,0.06117747148480621,1.749273261622284,0.1168392969458461,0.19424703152654105,0.16692423323270122,0.2235434821304747,3.90625e-06,,,,,,
759,-0.20742438588929957,1.3046521586568152,0.44904980703439745,0.05811767286635328,1.7515447382125935,0.11622896579714606,0.2074721224627728,0.16565299022403313,0.2253009059851424,3.90625e-06,,,,,,
760,-0.13830558592031042,1.2220294416905837,0.43228585565926964,0.06952385943076941,1.7292336387256073,0.11920500158335448,0.13835883223642892,0.17450656559621613,0.22088476634820148,3.90625e-06,,,,,,
761,-0.1660060592693558,1.2576017106138204,0.44940658434053954,0.0632541647504182,1.7416027693214307,0.1179118263796433,0.166056281497688,0.17042796741043553,0.22309086710772502,3.90625e-06,,,,,,
762,-0.15070809259587997,1.2409185873600939,0.5011470201691637,0.06382283748197631,1.7378570006804475,0.12085041017252028,0.15075859108872952,0.1758624260392176,0.22183786983334008,3.90625e-06,,,,,,
763,-0.13506330045364978,1.2187950934509029,0.4377057336445158,0.07857395754536817,1.7020371150958544,0.12613937971683756,0.1351208691973706,0.190735656297898,0.21262228982515818,3.90625e-06,,,,,,
764,-0.10015423935307795,1.1720880112521879,0.4056038408868666,0.0741058764482499,1.7120448624742577,0.12059080690864724,0.10020961864799591,0.17932335266648602,0.21762102851160314,3.90625e-06,,,,,,
765,-0.17653340607148435,1.2814242263615965,0.5034195042588505,0.061194220790652024,1.7472573274055518,0.11243472952592523,0.176582600102449,0.15955874420180674,0.22713281376469696,3.90625e-06,,,,,,
766,-0.2075879712190919,1.2988128778150205,0.44236115380340824,0.0667157535893883,1.7274933169249116,0.12165067628722447,0.2076398205358187,0.17846374914221946,0.21991050057230668,3.90625e-06,,,,,,
767,-0.1911422122714818,1.2914265591757907,0.5013521637716455,0.06058310697488191,1.7491727410931257,0.11347506836898508,0.19119113030306384,0.16088582765958614,0.22716457104021504,3.90625e-06,,,,,,
768,-0.18885507223896808,1.2829157628137833,0.4466608910613851,0.058731390013248175,1.7461859421680352,0.11913237798750488,0.18890309111717626,0.17182074655243704,0.22400576988584964,3.90625e-06,,,,,,
769,-0.15111939635150218,1.2465741680365707,0.47622786997943756,0.06697189870661635,1.7327183298599318,0.11834671524896218,0.15117139295130655,0.17222819686349922,0.22190155995358385,3.90625e-06,,,,,,
770,-0.11186241527160998,1.185214703416916,0.4155182795848605,0.06911667593839808,1.7244240491211875,0.11757663640598473,0.11191539361643443,0.17207677215303208,0.22087620282895148,3.90625e-06,,,,,,
771,-0.18616364874566232,1.2745787800645425,0.4233727168731718,0.07053762226669905,1.7171334162246537,0.1241632399737229,0.18621733052335765,0.18399456280538012,0.21798623112500265,3.90625e-06,,,,,,
772,-0.1418811789645657,1.2239389730866863,0.4362206806951683,0.06823962069482471,1.725980769773757,0.11970777394388943,0.14193375566035032,0.17570210766743471,0.22043048367725027,3.90625e-06,,,,,,
773,-0.19539585911505739,1.2925652814911688,0.4562671667080998,0.05382425043953258,1.7598207361720135,0.11125610286499005,0.19544148200866754,0.15479207622202895,0.22943383741797682,3.90625e-06,,,,,,
774,-0.19950415537626967,1.2981081092354243,0.44991569623146244,0.060521652121841935,1.7481431352006354,0.11528336953884538,0.19955305046737798,0.16436403182826984,0.22479893470708515,3.90625e-06,,,,,,
775,-0.14208759753123096,1.225325535619641,0.43881591298554673,0.07025882632952696,1.7272656698026956,0.1183757918701477,0.14214118335901244,0.17333244079532603,0.22033757266828452,3.90625e-06,-0.16563137380935872,1.270006225721613,0.1656878189712279,0.07619063313294104,1.7045806708132627,0.13040385945756672
776,-0.17725642922895607,1.2734800952259955,0.4719924673832724,0.06404782281301796,1.7385785147564556,0.12102349662309164,0.17730704916047635,0.17579589019132139,0.2217466641454428,3.90625e-06,,,,,,
777,-0.18499610484065043,1.2817295701526912,0.4557852797397569,0.06915068553976819,1.7202185910079126,0.11871062835957423,0.185049069475614,0.1745253994048568,0.21932768294068616,3.90625e-06,,,,,,
778,-0.17361898415016314,1.2888258608121033,0.538982946686229,0.06058414054944811,1.7475420337842134,0.11802026935420638,0.17366793184346924,0.16972750081646149,0.22424861589808542,3.90625e-06,,,,,,
779,-0.17381401350229583,1.2635951599869115,0.4509666113232578,0.06662765220178013,1.7271725095614188,0.11843221424209877,0.17386578337563474,0.17282986616437734,0.221262467039258,3.90625e-06,,,,,,
780,-0.13144449352479465,1.2024858339424007,0.40027073973320987,0.06783447230049627,1.728594867131783,0.11794249448359609,0.13149687613456104,0.17191764037630386,0.22154755959883504,3.90625e-06,,,,,,
781,-0.21802580391272341,1.3340828049978424,0.48423716449343013,0.055207748631161666,1.7616426579877698,0.11268935583247747,0.2180721511071772,0.1575560561433187,0.2280782707137634,3.90625e-06,,,,,,
782,-0.20587438229825253,1.3199766610605754,0.5366383816740653,0.06620858907478464,1.7292799294819454,0.12369438389322218,0.20592601633592367,0.18190003642897845,0.21949767388135932,3.90625e-06,,,,,,
783,-0.15058005896998966,1.2423046060593417,0.4615405374529821,0.07139122865379993,1.7226324661101347,0.12299039040743534,0.15063421081288172,0.18232379072780686,0.2172810487230959,3.90625e-06,,,,,,
784,-0.15085447681480282,1.2404558311521439,0.457241315571324,0.07160161927459975,1.7219676720924206,0.12509342692922276,0.15090874823543032,0.18576333063968728,0.21760498345970775,3.90625e-06,,,,,,
785,-0.16409004588235399,1.2569682477442976,0.45715228020348864,0.06780465521211851,1.7259120756015232,0.11867594641484071,0.16414239409018017,0.1735629158152293,0.2204027288717819,3.90625e-06,,,,,,
786,-0.14220050117400204,1.2165887281522896,0.41330996134124465,0.07085243600118689,1.7235638055547653,0.12454194453990425,0.1422544084495036,0.18483408458511597,0.2178491471139505,3.90625e-06,,,,,,
787,-0.11508276705565347,1.1895134767849749,0.4167638331942654,0.0680126224990901,1.726014407544148,0.11983657306065862,0.11513523187670907,0.1761588326203582,0.22055639277280537,3.90625e-06,,,,,,
788,-0.16145088414272835,1.234358126883373,0.38195393952845674,0.060633986766360955,1.7406714777778969,0.11413787476771262,0.16149974922963697,0.16309669884417438,0.22645279127980028,3.90625e-06,,,,,,
789,-0.156785425894648,1.2346721435151733,0.40889451410984295,0.062031551512791494,1.7391240436845257,0.11546787352785098,0.1568349875895765,0.16591689954798944,0.22544098574795857,3.90625e-06,,,,,,
790,-0.173053473010571,1.2579479107693703,0.42807795284221495,0.060975711693012524,1.7444034485796598,0.11345271687566309,0.17310253942807208,0.16150940665599325,0.22593989155592423,3.90625e-06,,,,,,
791,-0.15249184263429533,1.2425359021135332,0.4566169365007099,0.06570422395573935,1.7323696261940245,0.11789150206628868,0.1525431973575558,0.17120011091496026,0.22296281416526273,3.90625e-06,,,,,,
792,-0.11381669904755254,1.1792475578436181,0.3692552254680812,0.06772633553864721,1.7260444633137408,0.11561599763340158,0.11386897881993134,0.16834546051382143,0.22294286051434065,3.90625e-06,,,,,,
793,-0.1843633476412799,1.2672489593601792,0.40983352116250754,0.0631811305714948,1.7349024581938028,0.11728629919629924,0.1844134600941396,0.1692990835991845,0.2236335156620215,3.90625e-06,,,,,,
794,-0.12973366950255694,1.205496398616664,0.40355992704328997,0.06900710987289246,1.723704230299199,0.12103673252084057,0.12978662046712158,0.17861305815899065,0.21966182514153743,3.90625e-06,,,,,,
795,-0.1496865066916805,1.224180902094404,0.3947013661725786,0.06925829132845654,1.7229070487102303,0.12307986155416964,0.14973959570644738,0.1821474353130621,0.2183113902537297,3.90625e-06,,,,,,
796,-0.10988029516170499,1.1740622951031399,0.38000229093502036,0.06885559599199362,1.7313886744011229,0.12108877815348973,0.10993324773422652,0.17819166628812483,0.22045386649632612,3.90625e-06,,,,,,
797,-0.18666239033845128,1.282300733675625,0.45844297052216265,0.06425586766008975,1.7336736150882497,0.12210218337291961,0.18671307603026596,0.1784434085537841,0.2206793866889752,3.90625e-06,,,,,,
798,-0.09126072200153013,1.1606024839978335,0.41960632563587336,0.06889795316558503,1.7260563227665555,0.11626603391719025,0.09131359420167977,0.1704535798388206,0.22177295405088732,3.90625e-06,,,,,,
799,-0.17900908986275094,1.2634401256509293,0.4307734296412218,0.05601328212870467,1.7542834576657333,0.1183664824975769,0.17905582300321693,0.168577147596223,0.22554245158539515,3.90625e-06,,,,,,
800,-0.15940066634850103,1.2305552908920845,0.3940102236275452,0.05811071839382578,1.7494531904786146,0.11521501026560498,0.15944836838970539,0.16412881498345225,0.22640070685607466,1.953125e-06,-0.10407492661187642,1.1796167100345887,0.10413571381929569,0.08514426498943378,1.6863704009788112,0.1351370914747747
